BRANCH_ID,BRANCH_NAME,CREATION_DATE,CREDIT_LIMIT,ACTIVATED,STATUS,STATUS_NAME,DELINQUENCY,LAST_STATEMENT_DATE,PRODUCT_NAME,JOINING_FEE,ANNUAL_FEE,LEDGER_BALANCE,AVAILABLE_LIMIT,LAST_PAYMENT_AMOUNT,LAST_PAYMENT_DATE,TOTAL_HOLD,GENDER,DOB,ORGANIZATION,CUSTOMER_TYPE,RIMNO,CLOSURE_DATE,OVERDUEAMOUNT,NO_OF_CYCLES,FIRST_REPLACED_CARD,SECOND_REPLACED_CARD,THIRD_REPLACED_CARD,Card account status ,CUSTOMER_ID
2,Giza,2021-01-31,20000,A,NORM,Normal,0,2026-04-23,Classic Credit Card,0,1000,4543.14,15024.07,2216.91,2026-04-13,754.87,F,1961-02-13,Elsewedy Capital,Primary,100000,,0.0,63,,,,NORM,1
4,Mansoura,2024-10-01,5000,A,NORM,Normal,0,2026-04-27,Cashback Card,500,150,-378.0,4349.03,112.62,2026-04-16,313.57,F,1982-09-01,Ministry of Health,Primary,100001,,0.0,19,,,,NORM,2
7,Luxor,2021-02-12,15000,A,NORM,Normal,0,2026-04-17,Gold Credit Card,0,300,8986.76,5708.42,2053.53,2026-04-11,16.78,F,1975-04-06,El Sewedy Electric,Primary,100002,,0.0,63,,,,NORM,3
7,Luxor,2021-02-12,15000,A,NORM,Normal,0,2026-05-01,Cashback Card,0,300,7282.35,7452.06,1189.82,2026-04-07,1235.6,F,1975-04-06,El Sewedy Electric,Primary,100002,,0.0,63,,,,NORM,3
7,Luxor,2021-02-12,15000,A,NEW,New,0,2026-04-17,World Elite Card,0,300,3945.5,10691.79,1158.35,2026-04-14,1101.96,F,1975-04-06,El Sewedy Electric,Primary,100002,,0.0,63,,,,NEW,3
9,Ismailia,2022-03-31,10000,A,NORM,Normal,0,2026-04-24,Cashback Card,200,1000,7609.22,1918.03,2692.14,2026-04-13,384.8,M,1965-08-07,Ministry of Health,Primary,100003,,0.0,49,,,,NORM,4
5,Tanta,2020-08-11,10000,A,NORM,Normal,0,2026-04-27,Cashback Card,200,150,7357.12,2373.29,2753.81,2026-04-16,773.78,F,1963-07-31,Microsoft Egypt,Primary,100004,,0.0,69,,,,NORM,5
10,Suez,2019-12-02,150000,A,NORM,Normal,0,2026-04-18,Platinum Credit Card,200,1000,19106.84,130558.18,22695.94,2026-04-30,1406.47,M,1988-06-25,Elsewedy Capital,Primary,100005,,0.0,78,,,,NORM,6
1,Cairo Main,2021-07-16,75000,A,NORM,Normal,0,2026-04-16,Titanium Credit Card,100,500,25182.98,49788.96,20742.75,2026-04-11,1270.83,F,1996-02-10,Talaat Moustafa Group,Secondary,100006,,0.0,58,,,,NORM,7
5,Tanta,2020-10-07,150000,A,NORM,Normal,0,2026-04-25,Platinum Credit Card,500,300,85854.38,63880.02,32615.96,2026-04-30,890.26,M,1966-04-06,Ministry of Health,Secondary,100007,,0.0,67,,,,NORM,8
8,Zagazig,2018-07-12,10000,A,NORM,Normal,0,2026-04-24,Cashback Card,500,1000,9244.1,367.93,2118.12,2026-04-04,877.63,M,1964-01-29,Banque Misr,Primary,100008,,0.0,95,,,,NORM,9
9,Ismailia,2024-03-16,5000,A,NORM,Normal,0,2026-04-22,Cashback Card,200,300,3358.5,1204.25,791.25,2026-04-30,1985.91,M,1971-04-12,CIB,Primary,100009,,0.0,25,,,,NORM,10
1,Cairo Main,2020-12-14,150000,A,NORM,Normal,0,2026-04-28,World Elite Card,200,1000,108876.81,40963.17,24323.06,2026-04-10,469.87,M,1992-05-22,Orascom,Primary,100010,,0.0,65,,,,NORM,11
9,Ismailia,2024-09-19,50000,A,NORM,Normal,0,2026-04-16,Business Credit Card,200,300,5515.04,44446.05,12278.23,2026-04-27,1337.31,M,1960-01-10,Self Employed,Primary,100011,,0.0,19,,,,NORM,12
2,Giza,2023-06-14,10000,A,NORM,Normal,0,2026-04-23,Cashback Card,100,300,444.02,9315.74,1806.87,2026-04-07,492.5,F,1992-10-30,Ministry of Health,Secondary,100012,,0.0,35,,,,NORM,13
2,Giza,2023-06-14,10000,A,NORM,Normal,0,2026-04-30,Classic Credit Card,100,300,4216.2,5511.49,1348.75,2026-04-07,703.71,F,1992-10-30,Ministry of Health,Secondary,100012,,0.0,35,,,,NORM,13
5,Tanta,2022-03-10,100000,A,NORM,Normal,0,2026-05-01,World Elite Card,100,0,40147.23,59635.42,960.78,2026-04-21,1843.18,F,1977-11-24,Government,Primary,100013,,0.0,50,,,,NORM,14
10,Suez,2018-01-30,10000,A,NORM,Normal,0,2026-04-28,Classic Credit Card,200,0,1879.54,7662.71,759.2,2026-04-30,664.11,M,1969-11-17,Orange Egypt,Primary,100014,,0.0,100,,,,NORM,15
9,Ismailia,2024-05-27,200000,A,NORM,Normal,0,2026-04-16,Business Credit Card,500,500,65319.3,134487.6,7010.65,2026-04-11,1022.0,M,1965-12-07,Self Employed,Primary,100015,,0.0,23,,,,NORM,16
7,Luxor,2023-03-28,5000,A,NORM,Normal,0,2026-04-22,Cashback Card,200,0,1744.03,2940.41,474.14,2026-04-20,299.38,M,1978-06-10,CIB,Primary,100016,,0.0,37,,,,NORM,17
3,Alexandria,2020-01-22,30000,A,NORM,Normal,0,2026-04-30,Classic Credit Card,500,1000,21829.82,7969.23,1570.71,2026-04-25,1987.95,M,1978-12-04,Freelancer,Primary,100017,,0.0,76,,,,NORM,18
2,Giza,2020-08-26,15000,A,NORM,Normal,0,2026-04-18,Classic Credit Card,500,0,13977.15,812.84,2771.51,2026-04-29,1332.41,M,1993-10-20,Amazon Egypt,Primary,100018,,0.0,69,,,,NORM,19
8,Zagazig,2022-09-29,150000,A,NORM,Normal,0,2026-04-17,Business Credit Card,200,150,140776.42,9093.69,10244.91,2026-04-25,1434.54,M,1972-10-17,Self Employed,Primary,100019,,0.0,43,,,,NORM,20
6,Assiut,2018-07-25,200000,A,NEW,New,0,2026-04-27,Business Credit Card,100,0,96990.64,102673.9,31536.86,2026-04-23,1606.97,M,1962-07-25,Self Employed,Secondary,100020,,0.0,94,,,,NEW,21
2,Giza,2020-08-21,75000,A,NORM,Normal,0,2026-04-20,Platinum Credit Card,0,500,44979.7,29717.39,8781.23,2026-04-26,1293.8,F,1990-04-15,CIB,Secondary,100021,,0.0,69,,,,NORM,22
2,Giza,2020-08-21,75000,A,NORM,Normal,0,2026-04-18,Travel Rewards Card,0,500,43623.19,31006.99,4201.11,2026-04-17,1965.91,F,1990-04-15,CIB,Secondary,100021,,0.0,69,,,,NORM,22
2,Giza,2020-08-21,75000,A,NORM,Normal,0,2026-04-30,Classic Credit Card,0,500,20881.68,53931.86,6045.42,2026-04-13,1119.12,F,1990-04-15,CIB,Secondary,100021,,0.0,69,,,,NORM,22
4,Mansoura,2022-06-10,15000,A,NORM,Normal,0,2026-04-26,Classic Credit Card,0,500,6227.15,8309.82,3177.15,2026-04-04,820.84,M,1971-11-30,Juhayna,Primary,100022,,0.0,47,,,,NORM,23
5,Tanta,2021-11-30,10000,A,NORM,Normal,0,2026-04-29,Classic Credit Card,500,1000,5582.41,4415.56,1196.37,2026-04-29,297.29,F,1965-12-10,Elsewedy Capital,Primary,100023,,0.0,53,,,,NORM,24
9,Ismailia,2019-03-01,15000,A,NORM,Normal,0,2026-04-18,Classic Credit Card,100,300,12072.95,2499.37,2865.14,2026-04-29,150.94,F,1973-06-06,Talaat Moustafa Group,Primary,100024,,0.0,87,,,,NORM,25
5,Tanta,2023-06-25,30000,A,NORM,Normal,0,2026-04-28,Gold Credit Card,200,0,-1857.82,27688.64,752.29,2026-04-29,859.38,M,1982-09-02,Orange Egypt,Primary,100025,,0.0,34,,,,NORM,26
3,Alexandria,2022-12-15,150000,A,NORM,Normal,0,2026-04-24,World Elite Card,0,150,89896.07,59667.43,13900.75,2026-04-21,77.49,M,1993-04-01,Amazon Egypt,Secondary,100026,,0.0,41,,,,NORM,27
3,Alexandria,2019-06-07,5000,A,NORM,Normal,0,2026-04-16,Classic Credit Card,200,150,4146.7,418.66,1281.32,2026-04-26,1454.36,M,1979-04-12,Juhayna,Primary,100027,,0.0,84,,,,NORM,28
7,Luxor,2019-09-26,20000,A,NORM,Normal,0,2026-04-21,Gold Credit Card,200,500,11667.14,8254.72,4933.54,2026-04-01,361.8,M,1987-11-03,Orascom,Primary,100028,,0.0,80,,,,NORM,29
7,Luxor,2019-09-26,20000,A,NORM,Normal,0,2026-04-17,Titanium Credit Card,200,500,5137.37,14525.24,3423.67,2026-04-01,1373.04,M,1987-11-03,Orascom,Primary,100028,,0.0,80,,,,NORM,29
7,Luxor,2019-09-26,20000,A,NORM,Normal,0,2026-04-18,Classic Credit Card,200,500,-813.52,18799.62,1189.77,2026-04-27,1983.71,M,1987-11-03,Orascom,Primary,100028,,0.0,80,,,,NORM,29
1,Cairo Main,2023-04-12,20000,A,NORM,Normal,0,2026-04-17,Gold Credit Card,100,150,14256.68,5543.39,5319.78,2026-04-29,118.24,M,1998-07-07,El Sewedy Electric,Primary,100029,,0.0,37,,,,NORM,30
1,Cairo Main,2023-04-12,20000,A,NORM,Normal,0,2026-04-16,Cashback Card,100,150,12024.54,7599.96,394.35,2026-04-27,186.41,M,1998-07-07,El Sewedy Electric,Primary,100029,,0.0,37,,,,NORM,30
5,Tanta,2018-10-12,30000,A,NORM,Normal,0,2026-04-18,Gold Credit Card,200,0,4964.07,24716.26,3218.4,2026-04-30,539.47,M,1998-10-09,IBM Egypt,Secondary,100030,,0.0,91,,,,NORM,31
10,Suez,2018-06-06,10000,A,NORM,Normal,0,2026-04-22,Cashback Card,200,500,3813.01,5976.73,2367.17,2026-04-23,1664.1,M,1971-11-28,Military,Primary,100031,,0.0,96,,,,NORM,32
5,Tanta,2022-11-22,5000,A,NORM,Normal,0,2026-04-20,Cashback Card,100,300,3504.63,1288.42,210.22,2026-04-17,121.74,F,1961-12-28,Government,Primary,100032,,0.0,41,,,,NORM,33
5,Tanta,2022-11-22,5000,A,NORM,Normal,0,2026-04-23,Travel Rewards Card,100,300,510.43,4240.03,735.52,2026-04-03,159.06,F,1961-12-28,Government,Primary,100032,,0.0,41,,,,NORM,33
5,Tanta,2022-11-22,5000,A,90DA,90 Days Delinquent,90,2026-04-16,Business Credit Card,100,300,-421.91,4323.92,1315.82,2026-04-24,686.72,F,1961-12-28,Government,Primary,100032,,2252.8,41,,,,90DA,33
6,Assiut,2019-05-26,30000,A,NORM,Normal,0,2026-04-26,Gold Credit Card,200,500,25358.25,4394.98,2847.85,2026-04-01,118.67,F,1989-10-03,Government,Primary,100033,,0.0,84,,,,NORM,34
7,Luxor,2019-12-14,200000,A,NORM,Normal,0,2026-04-26,World Elite Card,200,300,121352.2,78207.0,9819.04,2026-04-05,1525.4,M,1990-05-20,Cairo University,Primary,100034,,0.0,77,,,,NORM,35
6,Assiut,2022-12-15,100000,A,NORM,Normal,0,2026-04-24,World Elite Card,0,300,80534.28,19266.04,28242.7,2026-04-07,40.94,F,1980-11-09,El Sewedy Electric,Primary,100035,,0.0,41,,,,NORM,36
4,Mansoura,2020-03-26,15000,A,NORM,Normal,0,2026-04-17,Gold Credit Card,0,500,8378.06,6123.8,2713.93,2026-04-15,1409.82,F,1996-03-06,Vodafone Egypt,Secondary,100036,,0.0,74,,,,NORM,37
7,Luxor,2022-06-25,20000,A,NORM,Normal,0,2026-04-22,Classic Credit Card,0,500,14265.3,5621.07,4654.24,2026-04-26,690.1,M,1982-03-05,Banque Misr,Primary,100037,,0.0,46,,,,NORM,38
1,Cairo Main,2020-10-17,10000,A,NORM,Normal,0,2026-04-22,Gold Credit Card,200,500,3500.17,6040.36,1496.66,2026-04-10,1756.31,F,1985-01-01,Freelancer,Secondary,100038,,0.0,67,,,,NORM,39
3,Alexandria,2023-04-29,100000,A,NORM,Normal,0,2026-04-23,Platinum Credit Card,500,150,94697.24,4853.74,28292.75,2026-04-26,1272.58,F,1993-05-11,Talaat Moustafa Group,Primary,100039,,0.0,36,,,,NORM,40
3,Alexandria,2023-04-29,100000,A,NORM,Normal,0,2026-04-25,Travel Rewards Card,500,150,65534.04,34009.2,14424.8,2026-04-05,1322.99,F,1993-05-11,Talaat Moustafa Group,Primary,100039,,0.0,36,,,,NORM,40
5,Tanta,2021-08-02,150000,A,NORM,Normal,0,2026-04-29,World Elite Card,500,150,73659.97,76334.94,20280.7,2026-04-02,43.57,M,1975-01-24,National Bank of Egypt,Primary,100040,,0.0,57,,,,NORM,41
9,Ismailia,2022-08-31,5000,A,NORM,Normal,0,2026-04-26,Gold Credit Card,0,1000,1822.04,3032.17,1476.44,2026-04-11,1157.88,F,1980-11-24,El Sewedy Electric,Primary,100041,,0.0,44,,,,NORM,42
9,Ismailia,2022-08-31,5000,A,NORM,Normal,0,2026-04-27,Cashback Card,0,1000,1491.17,3378.99,181.65,2026-04-14,847.34,F,1980-11-24,El Sewedy Electric,Primary,100041,,0.0,44,,,,NORM,42
7,Luxor,2022-09-13,150000,A,NORM,Normal,0,2026-04-26,Travel Rewards Card,200,500,136264.03,13501.05,34866.76,2026-04-01,568.37,F,1998-04-13,Ministry of Health,Primary,100042,,0.0,44,,,,NORM,43
7,Luxor,2022-09-13,150000,A,NORM,Normal,0,2026-04-29,World Elite Card,200,500,-14722.03,134956.34,21130.76,2026-04-12,723.32,F,1998-04-13,Ministry of Health,Primary,100042,,0.0,44,,,,NORM,43
3,Alexandria,2023-03-30,15000,A,NORM,Normal,0,2026-04-19,Gold Credit Card,0,0,6828.47,8041.01,1190.25,2026-04-19,700.56,F,1997-09-13,Military,Primary,100043,,0.0,37,,,,NORM,44
1,Cairo Main,2022-04-02,50000,A,NORM,Normal,0,2026-04-23,Titanium Credit Card,500,300,2737.82,46876.89,4302.32,2026-04-01,550.47,F,1971-09-02,El Sewedy Electric,Primary,100044,,0.0,49,,,,NORM,45
1,Cairo Main,2024-01-19,5000,A,NORM,Normal,0,2026-04-25,Classic Credit Card,0,0,1953.84,3032.75,1158.26,2026-04-17,142.23,M,1993-08-07,IBM Egypt,Primary,100045,,0.0,27,,,,NORM,46
3,Alexandria,2019-06-02,100000,A,NORM,Normal,0,2026-04-17,World Elite Card,500,300,52046.73,47648.09,8773.78,2026-04-20,1079.75,F,1970-09-13,CIB,Primary,100046,,0.0,84,,,,NORM,47
3,Alexandria,2019-03-19,200000,A,NORM,Normal,0,2026-04-16,Platinum Credit Card,100,0,172439.83,27131.73,37162.65,2026-04-07,418.54,M,1973-12-14,Vodafone Egypt,Primary,100047,,0.0,86,,,,NORM,48
3,Alexandria,2019-03-19,200000,A,NORM,Normal,0,2026-04-28,Travel Rewards Card,100,0,154876.89,45045.09,9812.28,2026-04-10,1588.3,M,1973-12-14,Vodafone Egypt,Primary,100047,,0.0,86,,,,NORM,48
3,Alexandria,2019-03-19,200000,A,NORM,Normal,0,2026-04-29,Business Credit Card,100,0,44799.15,155124.76,58327.44,2026-04-14,638.67,M,1973-12-14,Vodafone Egypt,Primary,100047,,0.0,86,,,,NORM,48
2,Giza,2024-05-07,5000,A,NORM,Normal,0,2026-04-17,Cashback Card,200,0,2102.88,2620.31,875.44,2026-04-06,1271.29,F,1995-09-19,IBM Egypt,Primary,100048,,0.0,24,,,,NORM,49
2,Giza,2022-01-23,100000,A,NORM,Normal,0,2026-04-20,Platinum Credit Card,500,500,41197.27,58617.77,847.78,2026-04-30,1894.0,F,1979-06-12,Banque Misr,Secondary,100049,,0.0,51,,,,NORM,50
6,Assiut,2020-10-02,10000,A,NORM,Normal,0,2026-04-26,Cashback Card,500,300,5703.84,3829.84,1154.49,2026-04-24,887.57,M,1998-03-16,Talaat Moustafa Group,Primary,100050,,0.0,67,,,,NORM,51
6,Assiut,2020-10-02,10000,A,NORM,Normal,0,2026-04-27,Classic Credit Card,500,300,1681.39,7990.22,2288.95,2026-04-24,854.83,M,1998-03-16,Talaat Moustafa Group,Primary,100050,,0.0,67,,,,NORM,51
8,Zagazig,2021-12-24,30000,A,NORM,Normal,0,2026-04-23,Cashback Card,200,1000,-2895.53,26719.97,5457.31,2026-04-29,1477.42,M,1969-07-07,Edita Food Industries,Primary,100051,,0.0,52,,,,NORM,52
4,Mansoura,2022-07-23,100000,A,NORM,Normal,0,2026-04-24,Platinum Credit Card,500,500,43909.53,55591.1,22274.99,2026-04-10,881.86,M,1992-04-19,Ministry of Health,Primary,100052,,0.0,45,,,,NORM,53
4,Mansoura,2022-07-23,100000,A,NEW,New,0,2026-04-25,Travel Rewards Card,500,500,42369.55,57298.67,4892.47,2026-04-10,1240.63,M,1992-04-19,Ministry of Health,Primary,100052,,0.0,45,,,,NEW,53
4,Mansoura,2024-07-10,50000,A,NORM,Normal,0,2026-04-22,Business Credit Card,200,500,38879.64,11022.78,8485.69,2026-04-27,723.9,F,1973-09-25,Self Employed,Primary,100053,,0.0,22,,,,NORM,54
5,Tanta,2020-08-02,10000,A,NORM,Normal,0,2026-04-20,Cashback Card,100,150,8096.84,1499.91,1636.04,2026-04-23,904.75,M,1971-04-11,El Sewedy Electric,Primary,100054,,0.0,69,,,,NORM,55
9,Ismailia,2021-03-05,10000,A,NORM,Normal,0,2026-05-01,Gold Credit Card,100,300,4971.35,4765.0,1199.31,2026-04-26,201.22,M,1986-10-08,El Sewedy Electric,Primary,100055,,0.0,62,,,,NORM,56
1,Cairo Main,2024-03-16,30000,A,NORM,Normal,0,2026-04-26,Gold Credit Card,0,0,8084.93,21757.23,6511.49,2026-04-20,963.35,F,1962-06-12,Banque Misr,Primary,100056,,0.0,25,,,,NORM,57
3,Alexandria,2020-10-31,100000,A,NORM,Normal,0,2026-04-28,Platinum Credit Card,0,150,79487.59,20240.71,22229.49,2026-04-15,722.23,M,1962-04-21,CIB,Secondary,100057,,0.0,66,,,,NORM,58
3,Alexandria,2020-10-31,100000,A,NORM,Normal,0,2026-04-17,Travel Rewards Card,0,150,13507.51,86011.9,2120.31,2026-04-10,1148.26,M,1962-04-21,CIB,Secondary,100057,,0.0,66,,,,NORM,58
4,Mansoura,2024-04-04,75000,A,NORM,Normal,0,2026-04-16,Platinum Credit Card,500,500,-1890.41,72777.02,14425.79,2026-04-04,658.94,F,1965-04-24,Military,Primary,100058,,0.0,25,,,,NORM,59
5,Tanta,2024-12-18,5000,A,NORM,Normal,0,2026-04-17,Platinum Credit Card,100,300,-166.24,4417.84,1124.16,2026-04-03,758.92,M,1985-07-04,Military,Primary,100059,,0.0,16,,,,NORM,60
5,Tanta,2024-12-18,5000,A,NORM,Normal,0,2026-04-30,Business Credit Card,100,300,248.11,4350.58,1202.66,2026-04-05,343.06,M,1985-07-04,Military,Primary,100059,,0.0,16,,,,NORM,60
5,Tanta,2024-12-18,5000,A,NORM,Normal,0,2026-04-17,Classic Credit Card,100,300,1115.38,3579.22,844.58,2026-04-02,112.8,M,1985-07-04,Military,Primary,100059,,0.0,16,,,,NORM,60
2,Giza,2018-01-11,75000,A,NORM,Normal,0,2026-04-30,Titanium Credit Card,200,0,1999.19,72938.19,7325.71,2026-04-14,1749.17,M,1967-01-08,Freelancer,Primary,100060,,0.0,101,,,,NORM,61
2,Giza,2020-08-14,30000,A,NORM,Normal,0,2026-04-25,Classic Credit Card,500,0,3088.35,26604.62,25.17,2026-04-02,1774.25,M,1990-11-01,Cairo University,Primary,100061,,0.0,69,,,,NORM,62
2,Giza,2019-11-11,30000,A,NORM,Normal,0,2026-04-17,Cashback Card,500,0,9066.91,20634.05,1535.44,2026-04-13,1267.39,F,1962-09-04,Military,Primary,100062,,0.0,78,,,,NORM,63
2,Giza,2019-11-11,30000,A,NEW,New,0,2026-04-22,Platinum Credit Card,500,0,18535.43,11110.11,8329.71,2026-04-15,1351.05,F,1962-09-04,Military,Primary,100062,,0.0,78,,,,NEW,63
9,Ismailia,2023-07-16,100000,A,NORM,Normal,0,2026-04-16,Platinum Credit Card,200,1000,71344.33,28566.18,27324.84,2026-04-09,634.52,F,1984-03-22,National Bank of Egypt,Primary,100063,,0.0,34,,,,NORM,64
10,Suez,2021-01-08,200000,A,NORM,Normal,0,2026-04-25,Travel Rewards Card,500,300,136840.7,62985.34,40100.02,2026-04-06,1078.12,M,1960-12-05,Orange Egypt,Secondary,100064,,0.0,64,,,,NORM,65
10,Suez,2021-01-08,200000,A,NORM,Normal,0,2026-04-28,World Elite Card,500,300,117829.24,81948.52,26763.96,2026-04-24,620.96,M,1960-12-05,Orange Egypt,Secondary,100064,,0.0,64,,,,NORM,65
2,Giza,2021-11-26,75000,A,NORM,Normal,0,2026-04-28,Platinum Credit Card,100,300,12273.8,62421.85,18207.28,2026-04-05,1187.43,F,1981-01-30,Edita Food Industries,Primary,100065,,0.0,53,,,,NORM,66
9,Ismailia,2023-02-06,10000,A,NORM,Normal,0,2026-04-19,Classic Credit Card,500,1000,5927.48,3914.73,2035.6,2026-04-06,351.62,M,1961-08-24,Edita Food Industries,Primary,100066,,0.0,39,,,,NORM,67
7,Luxor,2020-02-08,150000,A,NORM,Normal,0,2026-04-27,Platinum Credit Card,500,0,16895.01,132966.01,43463.46,2026-04-01,1533.83,M,1962-06-07,IBM Egypt,Primary,100067,,0.0,75,,,,NORM,68
8,Zagazig,2023-06-09,10000,A,NORM,Normal,0,2026-04-24,Gold Credit Card,100,300,5980.75,3597.35,1351.4,2026-04-01,1331.53,M,1999-07-06,Vodafone Egypt,Primary,100068,,0.0,35,,,,NORM,69
8,Zagazig,2023-06-09,10000,A,NORM,Normal,0,2026-04-28,Cashback Card,100,300,2479.84,7196.63,176.38,2026-04-09,1791.4,M,1999-07-06,Vodafone Egypt,Primary,100068,,0.0,35,,,,NORM,69
8,Zagazig,2023-06-09,10000,A,NORM,Normal,0,2026-04-29,Business Credit Card,100,300,-68.93,9477.13,2370.92,2026-04-24,1306.06,M,1999-07-06,Vodafone Egypt,Primary,100068,,0.0,35,,,,NORM,69
2,Giza,2019-04-27,15000,A,NORM,Normal,0,2026-04-23,Cashback Card,200,500,556.64,14433.89,1598.08,2026-04-27,555.65,F,1980-09-12,Self Employed,Secondary,100069,,0.0,85,,,,NORM,70
2,Giza,2019-04-27,15000,A,NORM,Normal,0,2026-04-19,Platinum Credit Card,200,500,5024.45,9499.92,347.27,2026-04-17,1456.4,F,1980-09-12,Self Employed,Secondary,100069,,0.0,85,,,,NORM,70
2,Giza,2019-04-27,15000,A,NORM,Normal,0,2026-04-23,Business Credit Card,200,500,11040.16,3475.53,3239.64,2026-04-29,469.18,F,1980-09-12,Self Employed,Secondary,100069,,0.0,85,,,,NORM,70
9,Ismailia,2022-04-21,20000,A,90DA,90 Days Delinquent,90,2026-04-17,Classic Credit Card,0,300,14142.72,5856.78,3924.28,2026-04-20,756.98,F,1966-06-27,Military,Primary,100070,,2631.74,49,,,,90DA,71
1,Cairo Main,2021-05-07,200000,A,NORM,Normal,0,2026-04-19,Platinum Credit Card,500,300,57729.82,141848.1,50759.55,2026-04-04,725.51,F,1972-09-08,Cairo University,Primary,100071,,0.0,60,,,,NORM,72
1,Cairo Main,2021-05-07,200000,A,NORM,Normal,0,2026-04-22,Travel Rewards Card,500,300,20441.88,179488.49,38573.05,2026-04-15,167.18,F,1972-09-08,Cairo University,Primary,100071,,0.0,60,,,,NORM,72
1,Cairo Main,2021-05-07,200000,A,NORM,Normal,0,2026-04-27,World Elite Card,500,300,-19429.89,180310.28,36858.47,2026-04-05,482.61,F,1972-09-08,Cairo University,Primary,100071,,0.0,60,,,,NORM,72
8,Zagazig,2020-02-12,20000,A,NORM,Normal,0,2026-04-26,Gold Credit Card,0,300,14451.85,5102.55,2557.35,2026-04-08,234.56,F,1974-06-08,Cairo University,Primary,100072,,0.0,75,,,,NORM,73
3,Alexandria,2018-06-01,15000,A,NORM,Normal,0,2026-04-19,Gold Credit Card,0,1000,8524.37,6043.72,3770.36,2026-04-04,1901.55,F,1982-03-21,Government,Primary,100073,,0.0,96,,,,NORM,74
3,Alexandria,2018-06-01,15000,A,NORM,Normal,0,2026-05-01,World Elite Card,0,1000,11883.79,2667.53,988.78,2026-04-04,643.96,F,1982-03-21,Government,Primary,100073,,0.0,96,,,,NORM,74
3,Alexandria,2018-06-01,15000,A,NORM,Normal,0,2026-04-29,Business Credit Card,0,1000,12261.5,2656.04,2683.85,2026-04-15,1269.89,F,1982-03-21,Government,Primary,100073,,0.0,96,,,,NORM,74
3,Alexandria,2023-04-08,30000,A,NORM,Normal,0,2026-04-19,Gold Credit Card,0,300,1691.39,28207.41,8410.98,2026-04-05,222.86,F,1963-05-10,Edita Food Industries,Secondary,100074,,0.0,37,,,,NORM,75
1,Cairo Main,2018-10-08,20000,A,NORM,Normal,0,2026-04-28,Cashback Card,0,0,8059.06,11511.63,302.89,2026-04-18,794.62,F,1987-09-12,Juhayna,Primary,100075,,0.0,92,,,,NORM,76
1,Cairo Main,2018-10-08,20000,A,NORM,Normal,0,2026-04-30,World Elite Card,0,0,7102.77,12462.2,346.08,2026-04-12,538.39,F,1987-09-12,Juhayna,Primary,100075,,0.0,92,,,,NORM,76
1,Cairo Main,2018-10-08,20000,A,NORM,Normal,0,2026-04-17,Classic Credit Card,0,0,11795.31,7917.63,5129.2,2026-04-15,1217.56,F,1987-09-12,Juhayna,Primary,100075,,0.0,92,,,,NORM,76
1,Cairo Main,2018-08-18,30000,A,NORM,Normal,0,2026-04-30,Classic Credit Card,100,1000,273.14,29439.23,2565.85,2026-04-16,1135.43,F,1974-07-20,IBM Egypt,Primary,100076,,0.0,93,,,,NORM,77
3,Alexandria,2024-11-01,75000,A,NORM,Normal,0,2026-04-29,Titanium Credit Card,100,150,45506.6,29218.65,6100.76,2026-04-17,1725.99,F,1963-07-17,Military,Primary,100077,,0.0,18,,,,NORM,78
1,Cairo Main,2023-03-21,30000,A,NORM,Normal,0,2026-04-16,Gold Credit Card,200,1000,24178.83,5565.53,165.59,2026-04-09,1082.11,F,1996-02-04,Ministry of Health,Primary,100078,,0.0,37,,,,NORM,79
8,Zagazig,2021-05-22,20000,A,NORM,Normal,0,2026-04-27,Cashback Card,200,1000,7850.92,11724.32,3234.95,2026-04-01,511.93,F,1997-12-01,Microsoft Egypt,Secondary,100079,,0.0,60,,,,NORM,80
8,Zagazig,2021-05-22,20000,A,NORM,Normal,0,2026-04-18,Classic Credit Card,200,1000,5312.53,14485.84,3186.17,2026-04-18,1992.47,F,1997-12-01,Microsoft Egypt,Secondary,100079,,0.0,60,,,,NORM,80
7,Luxor,2018-02-03,200000,A,NORM,Normal,0,2026-05-01,Gold Credit Card,200,150,33263.48,166485.41,56328.75,2026-04-23,1745.42,M,1972-04-24,Orange Egypt,Primary,100080,,0.0,100,,,,NORM,81
7,Luxor,2018-02-03,200000,A,NEW,New,0,2026-04-16,Platinum Credit Card,200,150,99674.89,100104.97,53962.91,2026-04-22,1628.75,M,1972-04-24,Orange Egypt,Primary,100080,,0.0,100,,,,NEW,81
7,Luxor,2018-02-03,200000,A,NORM,Normal,0,2026-04-25,Titanium Credit Card,200,150,54535.88,145406.29,59655.54,2026-04-03,769.29,M,1972-04-24,Orange Egypt,Primary,100080,,0.0,100,,,,NORM,81
1,Cairo Main,2022-12-11,5000,A,NORM,Normal,0,2026-04-17,Classic Credit Card,0,300,3315.82,1640.26,1252.93,2026-04-18,1529.44,F,1973-11-09,Cairo University,Primary,100081,,0.0,41,,,,NORM,82
3,Alexandria,2024-01-19,50000,A,NORM,Normal,0,2026-04-26,Titanium Credit Card,100,300,-1527.92,48463.2,2390.71,2026-04-13,1894.9,F,1995-04-13,Government,Secondary,100082,,0.0,27,,,,NORM,83
2,Giza,2018-11-05,15000,A,NORM,Normal,0,2026-04-28,Cashback Card,500,1000,4890.01,9640.89,2891.52,2026-04-04,1281.43,F,1981-01-03,Elsewedy Capital,Primary,100083,,0.0,91,,,,NORM,84
2,Giza,2018-11-05,15000,A,NORM,Normal,0,2026-04-26,Travel Rewards Card,500,1000,5117.21,9719.76,2555.54,2026-04-09,1327.82,F,1981-01-03,Elsewedy Capital,Primary,100083,,0.0,91,,,,NORM,84
5,Tanta,2019-05-22,100000,A,NORM,Normal,0,2026-04-24,Platinum Credit Card,500,300,59369.57,40443.58,17101.79,2026-04-10,938.37,M,1984-01-26,IBM Egypt,Primary,100084,,0.0,84,,,,NORM,85
10,Suez,2024-04-18,50000,A,NORM,Normal,0,2026-04-29,Platinum Credit Card,500,300,36806.1,13134.82,9804.92,2026-04-11,729.16,F,1999-08-31,Military,Primary,100085,,0.0,24,,,,NORM,86
5,Tanta,2019-04-21,10000,A,NORM,Normal,0,2026-05-01,Cashback Card,200,1000,-217.11,9662.24,2421.45,2026-04-05,52.67,F,1982-02-05,Elsewedy Capital,Primary,100086,,0.0,85,,,,NORM,87
5,Tanta,2019-04-21,10000,A,NEW,New,0,2026-04-23,Classic Credit Card,200,1000,5238.48,4609.59,2200.98,2026-04-21,119.97,F,1982-02-05,Elsewedy Capital,Primary,100086,,0.0,85,,,,NEW,87
2,Giza,2023-06-28,200000,A,NORM,Normal,0,2026-04-24,Platinum Credit Card,100,500,149136.1,50831.44,5894.47,2026-04-06,1232.45,F,1997-05-25,Amazon Egypt,Secondary,100087,,0.0,34,,,,NORM,88
2,Giza,2023-06-28,200000,A,NEW,New,0,2026-04-29,Travel Rewards Card,100,500,83847.91,115869.77,5587.4,2026-04-03,1244.5,F,1997-05-25,Amazon Egypt,Secondary,100087,,0.0,34,,,,NEW,88
2,Giza,2023-06-28,200000,A,NORM,Normal,0,2026-04-18,Titanium Credit Card,100,500,71143.15,128435.93,35791.54,2026-04-30,1914.43,F,1997-05-25,Amazon Egypt,Secondary,100087,,0.0,34,,,,NORM,88
6,Assiut,2022-01-09,5000,A,NORM,Normal,0,2026-04-22,Classic Credit Card,500,0,1719.42,2819.49,108.92,2026-04-04,616.6,M,1984-06-03,Microsoft Egypt,Primary,100088,,0.0,52,,,,NORM,89
1,Cairo Main,2021-09-28,20000,A,NORM,Normal,0,2026-04-28,Cashback Card,100,1000,16826.08,2960.6,4335.09,2026-04-27,953.81,M,1995-04-17,Banque Misr,Secondary,100089,,0.0,55,,,,NORM,90
1,Cairo Main,2021-09-28,20000,A,NORM,Normal,0,2026-04-18,Classic Credit Card,100,1000,1194.36,18500.98,979.15,2026-04-30,1777.15,M,1995-04-17,Banque Misr,Secondary,100089,,0.0,55,,,,NORM,90
3,Alexandria,2024-09-07,5000,A,NORM,Normal,0,2026-04-20,Cashback Card,200,150,2424.88,2560.22,1110.57,2026-04-07,1108.74,M,1995-05-18,Talaat Moustafa Group,Primary,100090,,0.0,20,,,,NORM,91
3,Alexandria,2024-09-07,5000,A,NORM,Normal,0,2026-04-21,Classic Credit Card,200,150,3061.29,1811.24,971.3,2026-04-15,1403.33,M,1995-05-18,Talaat Moustafa Group,Primary,100090,,0.0,20,,,,NORM,91
1,Cairo Main,2020-09-01,200000,A,NORM,Normal,0,2026-04-20,Platinum Credit Card,0,150,189677.69,10305.57,3523.19,2026-04-28,129.0,F,1976-01-26,Edita Food Industries,Primary,100091,,0.0,68,,,,NORM,92
8,Zagazig,2022-01-22,150000,A,NORM,Normal,0,2026-04-18,World Elite Card,0,1000,121213.35,28740.47,15639.71,2026-04-13,356.15,F,1994-11-25,Cairo University,Primary,100092,,0.0,52,,,,NORM,93
8,Zagazig,2022-07-04,75000,A,NORM,Normal,0,2026-04-23,Titanium Credit Card,0,0,16921.61,57926.52,20922.82,2026-04-17,1290.54,F,1998-01-03,CIB,Primary,100093,,0.0,46,,,,NORM,94
5,Tanta,2024-07-25,150000,A,NORM,Normal,0,2026-04-25,Platinum Credit Card,500,1000,27600.72,121916.65,15580.63,2026-04-14,362.3,F,1988-01-02,Edita Food Industries,Primary,100094,,0.0,21,,,,NORM,95
4,Mansoura,2023-01-24,20000,A,NORM,Normal,0,2026-04-19,Gold Credit Card,500,500,10580.76,9400.29,60.13,2026-04-03,464.81,M,1979-04-17,Amazon Egypt,Primary,100095,,0.0,39,,,,NORM,96
6,Assiut,2023-04-27,10000,A,NORM,Normal,0,2026-04-16,Cashback Card,200,150,5539.02,4394.03,434.77,2026-04-01,1394.72,M,1966-11-05,National Bank of Egypt,Primary,100096,,0.0,36,,,,NORM,97
6,Assiut,2023-04-27,10000,A,NORM,Normal,0,2026-04-18,Classic Credit Card,200,150,4580.79,5130.58,2551.0,2026-04-25,1012.31,M,1966-11-05,National Bank of Egypt,Primary,100096,,0.0,36,,,,NORM,97
6,Assiut,2019-05-16,75000,A,NORM,Normal,0,2026-04-23,Business Credit Card,0,300,44374.25,30445.54,8341.45,2026-04-24,512.14,F,1990-01-20,IBM Egypt,Primary,100097,,0.0,84,,,,NORM,98
6,Assiut,2019-05-16,75000,A,NORM,Normal,0,2026-04-21,Titanium Credit Card,0,300,-301.99,74436.72,94.13,2026-04-27,1295.91,F,1990-01-20,IBM Egypt,Primary,100097,,0.0,84,,,,NORM,98
4,Mansoura,2023-05-30,20000,A,NORM,Normal,0,2026-04-28,Cashback Card,200,0,6513.4,13348.37,597.92,2026-04-19,421.44,F,1966-12-10,CIB,Primary,100098,,0.0,35,,,,NORM,99
10,Suez,2024-03-30,5000,A,NORM,Normal,0,2026-04-26,Cashback Card,100,300,4187.8,320.86,1208.98,2026-04-23,1811.32,F,1987-07-10,Military,Secondary,100099,,0.0,25,,,,NORM,100
10,Suez,2024-03-30,5000,A,NORM,Normal,0,2026-04-24,Platinum Credit Card,100,300,1398.48,3349.4,323.56,2026-04-15,234.81,F,1987-07-10,Military,Secondary,100099,,0.0,25,,,,NORM,100
10,Suez,2024-03-30,5000,A,NORM,Normal,0,2026-04-24,Classic Credit Card,100,300,375.88,4464.23,1022.14,2026-04-08,294.41,F,1987-07-10,Military,Secondary,100099,,0.0,25,,,,NORM,100
3,Alexandria,2019-08-10,200000,A,NORM,Normal,0,2026-04-16,World Elite Card,0,1000,126720.52,73231.48,12270.98,2026-04-19,1583.2,M,1999-01-07,Microsoft Egypt,Primary,100100,,0.0,81,,,,NORM,101
3,Alexandria,2021-06-30,50000,A,NORM,Normal,0,2026-04-25,Platinum Credit Card,100,150,12109.54,37671.87,8275.62,2026-04-15,1772.96,M,1976-08-06,Cairo University,Primary,100101,,0.0,58,,,,NORM,102
7,Luxor,2024-10-22,100000,A,NORM,Normal,0,2026-04-21,World Elite Card,200,500,-8706.85,90938.42,25700.57,2026-04-20,1440.86,M,1981-10-14,Amazon Egypt,Primary,100102,,0.0,18,,,,NORM,103
9,Ismailia,2021-06-17,5000,A,NORM,Normal,0,2026-04-22,Cashback Card,0,0,4189.58,419.46,256.04,2026-04-02,83.33,M,1989-12-04,Elsewedy Capital,Primary,100103,,0.0,59,,,,NORM,104
5,Tanta,2021-09-05,10000,A,NORM,Normal,0,2026-04-20,Gold Credit Card,100,150,4681.07,5059.23,561.55,2026-04-07,1043.13,F,1972-12-25,Vodafone Egypt,Primary,100104,,0.0,56,,,,NORM,105
9,Ismailia,2021-12-21,10000,A,NORM,Normal,0,2026-04-18,Cashback Card,500,0,5053.67,4512.68,2247.46,2026-04-30,1753.3,F,1997-05-19,Microsoft Egypt,Primary,100105,,0.0,53,,,,NORM,106
9,Ismailia,2021-12-21,10000,A,NORM,Normal,0,2026-04-25,Classic Credit Card,500,0,5717.84,3847.69,2855.24,2026-04-07,761.06,F,1997-05-19,Microsoft Egypt,Primary,100105,,0.0,53,,,,NORM,106
7,Luxor,2019-04-17,75000,A,NORM,Normal,0,2026-04-18,Cashback Card,200,0,21416.23,53314.52,18594.45,2026-04-26,287.21,F,1972-12-26,Vodafone Egypt,Secondary,100106,,0.0,85,,,,NORM,107
7,Luxor,2019-04-17,75000,A,NORM,Normal,0,2026-04-20,Platinum Credit Card,200,0,48155.22,26803.43,9197.29,2026-04-16,1698.38,F,1972-12-26,Vodafone Egypt,Secondary,100106,,0.0,85,,,,NORM,107
7,Luxor,2019-04-17,75000,A,NORM,Normal,0,2026-05-01,World Elite Card,200,0,21644.77,52930.17,14307.99,2026-04-16,1976.41,F,1972-12-26,Vodafone Egypt,Secondary,100106,,0.0,85,,,,NORM,107
10,Suez,2023-11-17,10000,A,NORM,Normal,0,2026-04-17,Cashback Card,100,300,2157.78,7794.49,2713.51,2026-04-21,953.6,M,1977-12-17,Microsoft Egypt,Primary,100107,,0.0,29,,,,NORM,108
10,Suez,2023-11-17,10000,A,NORM,Normal,0,2026-04-18,Platinum Credit Card,100,300,2987.16,6663.86,1527.97,2026-04-09,423.09,M,1977-12-17,Microsoft Egypt,Primary,100107,,0.0,29,,,,NORM,108
9,Ismailia,2021-12-02,50000,A,NORM,Normal,0,2026-04-16,Platinum Credit Card,200,150,7409.41,42370.8,8851.68,2026-04-13,15.8,M,1968-09-11,Banque Misr,Primary,100108,,0.0,53,,,,NORM,109
8,Zagazig,2024-04-28,200000,A,NORM,Normal,0,2026-04-26,Platinum Credit Card,200,150,149845.67,49668.78,19966.27,2026-04-14,1079.25,F,1980-10-23,Freelancer,Primary,100109,,0.0,24,,,,NORM,110
5,Tanta,2018-08-19,50000,A,NORM,Normal,0,2026-04-24,Titanium Credit Card,500,0,33776.66,16185.71,2637.55,2026-04-26,1968.9,M,1986-07-12,Government,Primary,100110,,0.0,93,,,,NORM,111
2,Giza,2024-08-30,150000,A,NORM,Normal,0,2026-04-20,World Elite Card,500,1000,46479.53,103106.65,20380.54,2026-04-07,1690.08,M,1987-08-03,Microsoft Egypt,Primary,100111,,0.0,20,,,,NORM,112
3,Alexandria,2023-01-20,10000,A,NORM,Normal,0,2026-04-21,Cashback Card,0,150,4110.57,5509.6,809.49,2026-04-21,227.55,F,1962-10-10,Edita Food Industries,Secondary,100112,,0.0,39,,,,NORM,113
3,Alexandria,2023-01-20,10000,A,NORM,Normal,0,2026-04-25,Platinum Credit Card,0,150,8731.0,1191.66,507.1,2026-04-30,1569.85,F,1962-10-10,Edita Food Industries,Secondary,100112,,0.0,39,,,,NORM,113
3,Alexandria,2023-01-20,10000,A,NORM,Normal,0,2026-04-19,Classic Credit Card,0,150,7726.77,1934.93,2399.95,2026-04-26,244.05,F,1962-10-10,Edita Food Industries,Secondary,100112,,0.0,39,,,,NORM,113
10,Suez,2022-01-30,50000,A,NORM,Normal,0,2026-04-30,Titanium Credit Card,0,300,18497.32,31223.18,13235.8,2026-04-18,1831.66,M,1967-02-13,Juhayna,Primary,100113,,0.0,51,,,,NORM,114
5,Tanta,2024-10-04,15000,A,NORM,Normal,0,2026-04-21,Cashback Card,100,300,7833.79,6840.11,2723.46,2026-04-22,148.48,F,1971-04-21,Edita Food Industries,Secondary,100114,,0.0,19,,,,NORM,115
10,Suez,2018-12-14,30000,A,30DD,30 Days Delinquent,30,2026-04-29,Gold Credit Card,100,1000,17727.73,12007.63,1367.66,2026-04-26,762.27,M,1991-10-18,Ministry of Health,Primary,100115,,9577.24,89,,,,30DD,116
6,Assiut,2022-01-25,30000,A,30DD,30 Days Delinquent,30,2026-04-20,Gold Credit Card,100,150,13263.35,16371.33,6246.15,2026-04-15,1402.2,M,1960-10-25,Orascom,Primary,100116,,757.42,51,,,,30DD,117
6,Assiut,2022-01-25,30000,A,NORM,Normal,0,2026-05-01,Platinum Credit Card,100,150,333.02,29638.36,3793.58,2026-04-24,720.59,M,1960-10-25,Orascom,Primary,100116,,0.0,51,,,,NORM,117
6,Assiut,2022-01-25,30000,A,NORM,Normal,0,2026-04-21,World Elite Card,100,150,17517.25,12157.5,3736.51,2026-04-25,1253.1,M,1960-10-25,Orascom,Primary,100116,,0.0,51,,,,NORM,117
9,Ismailia,2023-11-27,5000,A,NORM,Normal,0,2026-04-26,Gold Credit Card,500,150,1512.43,3337.53,210.26,2026-04-20,1094.23,M,1997-06-17,Edita Food Industries,Primary,100117,,0.0,29,,,,NORM,118
9,Ismailia,2023-11-27,5000,A,NORM,Normal,0,2026-04-19,Cashback Card,500,150,2557.78,2045.42,2.51,2026-04-13,1525.05,M,1997-06-17,Edita Food Industries,Primary,100117,,0.0,29,,,,NORM,118
8,Zagazig,2022-08-10,50000,A,NORM,Normal,0,2026-04-26,Travel Rewards Card,500,150,-182.49,49369.58,6905.85,2026-04-21,1828.17,M,1961-12-16,Elsewedy Capital,Primary,100118,,0.0,45,,,,NORM,119
8,Zagazig,2022-08-10,50000,A,NORM,Normal,0,2026-05-01,Business Credit Card,500,150,16013.33,33864.43,14597.96,2026-04-14,1015.19,M,1961-12-16,Elsewedy Capital,Primary,100118,,0.0,45,,,,NORM,119
8,Zagazig,2022-08-10,50000,A,NORM,Normal,0,2026-04-23,Titanium Credit Card,500,150,24313.43,25433.78,3916.07,2026-04-06,418.84,M,1961-12-16,Elsewedy Capital,Primary,100118,,0.0,45,,,,NORM,119
6,Assiut,2024-05-25,100000,A,NORM,Normal,0,2026-04-16,Platinum Credit Card,500,150,4104.73,95838.81,5952.12,2026-04-17,1987.16,M,1990-06-05,Freelancer,Secondary,100119,,0.0,23,,,,NORM,120
6,Assiut,2024-05-25,100000,A,NORM,Normal,0,2026-04-29,Travel Rewards Card,500,150,12303.46,87417.01,28583.66,2026-04-06,1430.21,M,1990-06-05,Freelancer,Secondary,100119,,0.0,23,,,,NORM,120
1,Cairo Main,2023-05-23,50000,A,NORM,Normal,0,2026-04-22,Gold Credit Card,200,500,43417.34,6555.25,4566.45,2026-04-14,1396.86,M,1988-10-05,Ministry of Health,Secondary,100120,,0.0,35,,,,NORM,121
1,Cairo Main,2023-05-23,50000,A,NORM,Normal,0,2026-04-19,Platinum Credit Card,200,500,26041.83,23723.68,14528.46,2026-04-20,1025.23,M,1988-10-05,Ministry of Health,Secondary,100120,,0.0,35,,,,NORM,121
1,Cairo Main,2023-05-23,50000,A,NORM,Normal,0,2026-04-29,Travel Rewards Card,200,500,4270.27,45452.07,8342.09,2026-04-29,1621.47,M,1988-10-05,Ministry of Health,Secondary,100120,,0.0,35,,,,NORM,121
8,Zagazig,2021-12-02,5000,A,NORM,Normal,0,2026-04-24,Cashback Card,200,150,1980.75,2787.92,897.58,2026-04-08,209.59,F,1999-09-06,Amazon Egypt,Secondary,100121,,0.0,53,,,,NORM,122
1,Cairo Main,2019-02-10,50000,A,NORM,Normal,0,2026-05-01,Titanium Credit Card,500,150,15288.44,34402.0,6611.48,2026-04-18,434.41,F,1974-04-18,Banque Misr,Primary,100122,,0.0,87,,,,NORM,123
1,Cairo Main,2020-06-02,15000,A,NORM,Normal,0,2026-04-17,Cashback Card,0,300,1847.06,13086.47,2201.95,2026-04-27,1573.1,M,1971-06-25,Ministry of Health,Primary,100123,,0.0,71,,,,NORM,124
1,Cairo Main,2020-06-02,15000,A,NORM,Normal,0,2026-04-21,World Elite Card,0,300,1299.31,13578.44,632.5,2026-04-03,1051.77,M,1971-06-25,Ministry of Health,Primary,100123,,0.0,71,,,,NORM,124
1,Cairo Main,2020-06-02,15000,A,NORM,Normal,0,2026-05-01,Titanium Credit Card,0,300,12247.97,2485.5,2749.65,2026-04-25,829.01,M,1971-06-25,Ministry of Health,Primary,100123,,0.0,71,,,,NORM,124
7,Luxor,2024-12-26,100000,A,NORM,Normal,0,2026-04-26,Platinum Credit Card,0,1000,17479.82,82329.65,3908.65,2026-04-16,1753.63,M,1988-08-29,National Bank of Egypt,Primary,100124,,0.0,16,,,,NORM,125
1,Cairo Main,2021-12-16,20000,A,NORM,Normal,0,2026-04-28,Cashback Card,0,1000,16652.05,3296.49,3448.77,2026-04-23,1868.37,F,1987-07-31,Cairo University,Primary,100125,,0.0,53,,,,NORM,126
9,Ismailia,2023-09-11,150000,A,NORM,Normal,0,2026-04-26,Platinum Credit Card,0,500,126571.92,23393.36,27088.48,2026-04-04,1515.48,F,1995-04-11,Vodafone Egypt,Primary,100126,,0.0,32,,,,NORM,127
2,Giza,2020-09-14,10000,A,NORM,Normal,0,2026-05-01,Gold Credit Card,200,1000,3168.05,6513.33,468.3,2026-04-13,150.32,F,1975-06-20,Cairo University,Secondary,100127,,0.0,68,,,,NORM,128
2,Giza,2020-09-14,10000,A,NORM,Normal,0,2026-04-29,Cashback Card,200,1000,9027.39,884.3,2551.72,2026-04-10,1665.04,F,1975-06-20,Cairo University,Secondary,100127,,0.0,68,,,,NORM,128
8,Zagazig,2020-01-17,15000,A,NORM,Normal,0,2026-04-19,Gold Credit Card,100,0,-322.7,14219.36,1247.62,2026-04-11,164.73,M,1988-05-03,National Bank of Egypt,Secondary,100128,,0.0,76,,,,NORM,129
8,Zagazig,2020-01-17,15000,A,NORM,Normal,0,2026-04-16,Cashback Card,100,0,11351.38,3630.69,2094.41,2026-04-26,313.44,M,1988-05-03,National Bank of Egypt,Secondary,100128,,0.0,76,,,,NORM,129
2,Giza,2022-02-16,75000,A,NORM,Normal,0,2026-05-01,Platinum Credit Card,100,500,14734.13,60241.59,16042.59,2026-04-13,867.81,F,1995-11-09,Microsoft Egypt,Primary,100130,,0.0,51,,,,NORM,131
2,Giza,2022-02-16,75000,A,NORM,Normal,0,2026-04-24,Titanium Credit Card,100,500,8619.91,66037.49,19912.8,2026-04-23,1921.18,F,1995-11-09,Microsoft Egypt,Primary,100130,,0.0,51,,,,NORM,131
2,Giza,2022-10-05,10000,A,NORM,Normal,0,2026-04-21,Classic Credit Card,200,300,176.37,9622.51,562.48,2026-04-26,1948.27,M,1992-08-12,Amazon Egypt,Primary,100131,,0.0,43,,,,NORM,132
8,Zagazig,2022-10-12,15000,A,NORM,Normal,0,2026-04-16,Classic Credit Card,200,1000,11778.56,2933.34,1700.4,2026-04-27,488.51,F,1987-01-12,Freelancer,Primary,100132,,0.0,43,,,,NORM,133
7,Luxor,2023-10-03,15000,A,NORM,Normal,0,2026-04-28,Cashback Card,500,0,4220.18,10742.51,3281.5,2026-04-20,413.88,M,1976-04-18,Vodafone Egypt,Primary,100133,,0.0,31,,,,NORM,134
7,Luxor,2018-05-13,200000,A,NORM,Normal,0,2026-04-27,Platinum Credit Card,200,500,-13843.17,185958.93,12180.87,2026-04-03,586.83,M,1985-06-11,Banque Misr,Primary,100134,,0.0,97,,,,NORM,135
7,Luxor,2021-02-15,20000,A,NORM,Normal,0,2026-04-18,Classic Credit Card,500,1000,4497.39,15183.75,1209.22,2026-04-12,829.75,F,1974-02-06,CIB,Secondary,100135,,0.0,63,,,,NORM,136
5,Tanta,2023-01-02,20000,A,NORM,Normal,0,2026-04-20,Gold Credit Card,100,0,9832.76,10056.09,2303.35,2026-04-09,961.03,M,1991-07-31,Military,Secondary,100136,,0.0,40,,,,NORM,137
8,Zagazig,2021-08-02,50000,A,NORM,Normal,0,2026-05-01,Titanium Credit Card,200,150,26763.12,22942.86,13103.89,2026-04-30,55.33,M,1963-12-09,National Bank of Egypt,Primary,100137,,0.0,57,,,,NORM,138
2,Giza,2019-07-23,20000,A,NORM,Normal,0,2026-04-30,Business Credit Card,200,500,141.4,19787.79,2263.16,2026-04-19,185.05,M,1969-01-05,Self Employed,Primary,100138,,0.0,82,,,,NORM,139
5,Tanta,2023-05-15,150000,A,NORM,Normal,0,2026-05-01,Travel Rewards Card,200,0,66823.63,82852.18,12059.55,2026-04-19,1930.18,F,1977-11-10,Amazon Egypt,Primary,100139,,0.0,36,,,,NORM,140
5,Tanta,2023-05-15,150000,A,NORM,Normal,0,2026-04-20,World Elite Card,200,0,20460.96,129411.2,28490.63,2026-04-19,1021.74,F,1977-11-10,Amazon Egypt,Primary,100139,,0.0,36,,,,NORM,140
3,Alexandria,2024-03-08,200000,A,NORM,Normal,0,2026-04-26,Travel Rewards Card,0,0,130897.65,68957.12,51620.88,2026-04-21,117.31,M,1999-05-20,Orascom,Primary,100140,,0.0,26,,,,NORM,141
3,Alexandria,2024-03-08,200000,A,NORM,Normal,0,2026-04-26,World Elite Card,0,0,140183.18,59359.39,1275.39,2026-04-24,4.38,M,1999-05-20,Orascom,Primary,100140,,0.0,26,,,,NORM,141
4,Mansoura,2023-10-27,30000,A,NORM,Normal,0,2026-05-01,Cashback Card,200,150,7963.8,21736.18,4927.93,2026-04-11,811.94,F,1975-07-10,National Bank of Egypt,Primary,100141,,0.0,30,,,,NORM,142
3,Alexandria,2024-07-06,15000,A,NORM,Normal,0,2026-04-17,Cashback Card,200,1000,7852.9,6721.28,3445.37,2026-04-29,1938.07,M,1986-07-19,Orascom,Secondary,100142,,0.0,22,,,,NORM,143
1,Cairo Main,2024-06-20,30000,A,NORM,Normal,0,2026-04-17,Gold Credit Card,0,500,27968.43,1742.39,1453.65,2026-04-04,946.32,F,1988-10-09,El Sewedy Electric,Primary,100143,,0.0,22,,,,NORM,144
1,Cairo Main,2024-06-20,30000,A,NORM,Normal,0,2026-04-26,Cashback Card,0,500,-2341.7,27457.68,7968.57,2026-04-10,1323.75,F,1988-10-09,El Sewedy Electric,Primary,100143,,0.0,22,,,,NORM,144
4,Mansoura,2022-07-22,30000,A,NORM,Normal,0,2026-04-18,Classic Credit Card,100,500,25585.52,4100.83,2553.97,2026-04-24,691.55,F,1996-02-05,Freelancer,Primary,100144,,0.0,45,,,,NORM,145
10,Suez,2021-07-04,50000,A,NORM,Normal,0,2026-04-16,Cashback Card,0,300,34032.3,15649.47,12474.37,2026-04-10,1569.17,M,1966-06-11,IBM Egypt,Primary,100145,,0.0,58,,,,NORM,146
10,Suez,2021-07-04,50000,A,NORM,Normal,0,2026-04-16,Platinum Credit Card,0,300,2464.6,47533.65,12679.75,2026-04-13,160.67,M,1966-06-11,IBM Egypt,Primary,100145,,0.0,58,,,,NORM,146
10,Suez,2021-07-04,50000,A,NORM,Normal,0,2026-04-16,Travel Rewards Card,0,300,6936.85,42671.65,5090.39,2026-04-21,753.19,M,1966-06-11,IBM Egypt,Primary,100145,,0.0,58,,,,NORM,146
4,Mansoura,2019-02-01,5000,A,NORM,Normal,0,2026-04-16,Gold Credit Card,100,300,825.74,3781.66,1083.87,2026-04-08,230.0,F,1966-04-27,Juhayna,Primary,100146,,0.0,88,,,,NORM,147
4,Mansoura,2019-02-01,5000,A,NEW,New,0,2026-04-22,Cashback Card,100,300,4411.93,119.24,505.67,2026-04-28,726.66,F,1966-04-27,Juhayna,Primary,100146,,0.0,88,,,,NEW,147
4,Mansoura,2019-02-01,5000,A,NORM,Normal,0,2026-05-01,Titanium Credit Card,100,300,-419.54,4300.49,76.38,2026-04-26,1960.13,F,1966-04-27,Juhayna,Primary,100146,,0.0,88,,,,NORM,147
9,Ismailia,2023-08-05,30000,A,NORM,Normal,0,2026-04-23,Business Credit Card,500,1000,8027.9,21736.86,8764.94,2026-04-17,270.46,F,1980-12-09,Self Employed,Secondary,100147,,0.0,33,,,,NORM,148
6,Assiut,2018-07-27,30000,A,NORM,Normal,0,2026-04-30,Business Credit Card,500,300,1378.44,28494.46,3715.48,2026-04-28,1907.87,M,1962-03-08,Self Employed,Secondary,100148,,0.0,94,,,,NORM,149
5,Tanta,2022-02-07,75000,A,NORM,Normal,0,2026-04-28,Platinum Credit Card,100,300,37032.56,37497.23,5874.09,2026-04-29,528.23,F,1992-08-19,IBM Egypt,Primary,100149,,0.0,51,,,,NORM,150
9,Ismailia,2024-12-27,200000,A,NORM,Normal,0,2026-05-01,World Elite Card,500,300,42396.78,157582.62,50162.34,2026-04-17,879.38,F,1972-07-18,CIB,Primary,100150,,0.0,16,,,,NORM,151
4,Mansoura,2023-09-17,75000,A,NORM,Normal,0,2026-04-26,Platinum Credit Card,100,300,-2834.17,71951.88,3766.69,2026-04-19,671.25,F,1987-01-09,Government,Primary,100151,,0.0,31,,,,NORM,152
9,Ismailia,2021-09-05,200000,A,NEW,New,0,2026-04-29,Platinum Credit Card,200,1000,22452.31,177218.48,11292.45,2026-04-07,900.21,F,1966-04-09,Edita Food Industries,Primary,100152,,0.0,56,,,,NEW,153
1,Cairo Main,2021-09-18,10000,A,NORM,Normal,0,2026-04-29,Cashback Card,0,1000,960.45,9025.47,1727.99,2026-04-21,983.57,F,1976-07-10,Amazon Egypt,Primary,100153,,0.0,56,,,,NORM,154
4,Mansoura,2018-07-30,200000,A,NORM,Normal,0,2026-04-30,Business Credit Card,500,150,-13368.15,186437.67,58647.91,2026-04-16,701.99,M,1992-05-11,Self Employed,Primary,100154,,0.0,94,,,,NORM,155
1,Cairo Main,2021-07-08,75000,A,NORM,Normal,0,2026-04-25,Platinum Credit Card,500,1000,36164.31,38558.84,10026.26,2026-04-11,422.57,F,1979-10-13,Banque Misr,Secondary,100155,,0.0,58,,,,NORM,156
9,Ismailia,2024-04-16,50000,A,NORM,Normal,0,2026-04-26,Business Credit Card,200,150,34001.98,15688.8,13557.08,2026-04-30,1602.71,F,1969-04-20,Self Employed,Secondary,100156,,0.0,24,,,,NORM,157
6,Assiut,2020-12-18,200000,A,NORM,Normal,0,2026-04-30,Business Credit Card,100,300,118801.42,81021.61,57133.39,2026-04-26,1562.88,F,1990-04-26,Self Employed,Primary,100157,,0.0,65,,,,NORM,158
4,Mansoura,2023-06-26,50000,A,NEW,New,0,2026-04-19,Business Credit Card,200,300,9956.81,39904.3,6131.9,2026-04-15,519.43,M,1990-12-17,Self Employed,Primary,100158,,0.0,34,,,,NEW,159
7,Luxor,2021-11-14,15000,A,NORM,Normal,0,2026-04-23,Cashback Card,0,300,4100.74,10814.47,4045.32,2026-04-13,1843.39,F,1996-09-16,Juhayna,Primary,100159,,0.0,54,,,,NORM,160
4,Mansoura,2024-01-16,30000,A,NORM,Normal,0,2026-04-24,Classic Credit Card,0,1000,18435.76,11239.85,8988.63,2026-04-21,1588.59,M,1997-02-20,Ministry of Health,Primary,100160,,0.0,27,,,,NORM,161
4,Mansoura,2019-02-15,75000,A,NORM,Normal,0,2026-05-01,Platinum Credit Card,100,0,37670.41,37047.2,8014.1,2026-04-02,1761.26,M,1962-05-10,Edita Food Industries,Primary,100161,,0.0,87,,,,NORM,162
4,Mansoura,2019-02-15,75000,A,NORM,Normal,0,2026-04-20,Travel Rewards Card,100,0,5937.25,68846.79,186.41,2026-04-14,1257.29,M,1962-05-10,Edita Food Industries,Primary,100161,,0.0,87,,,,NORM,162
4,Mansoura,2021-03-22,50000,A,NORM,Normal,0,2026-04-21,Platinum Credit Card,100,1000,621.09,49259.7,10142.76,2026-04-26,1366.96,M,1993-11-27,Juhayna,Secondary,100162,,0.0,62,,,,NORM,163
3,Alexandria,2022-06-15,100000,A,NORM,Normal,0,2026-04-18,Platinum Credit Card,0,300,15842.07,83688.51,20177.36,2026-04-07,674.7,F,1961-08-18,Orascom,Primary,100163,,0.0,47,,,,NORM,164
3,Alexandria,2022-06-15,100000,A,NORM,Normal,0,2026-04-30,World Elite Card,0,300,46355.87,53161.87,25833.0,2026-04-12,1557.9,F,1961-08-18,Orascom,Primary,100163,,0.0,47,,,,NORM,164
3,Alexandria,2022-06-15,100000,A,NORM,Normal,0,2026-04-30,Classic Credit Card,0,300,79906.22,19689.12,23141.12,2026-04-02,1700.4,F,1961-08-18,Orascom,Primary,100163,,0.0,47,,,,NORM,164
8,Zagazig,2019-07-04,150000,A,NORM,Normal,0,2026-04-24,World Elite Card,200,150,-12619.72,137163.75,9869.12,2026-04-30,1623.71,F,1999-11-21,Freelancer,Primary,100164,,0.0,83,,,,NORM,165
6,Assiut,2021-04-23,200000,A,NORM,Normal,0,2026-04-16,Platinum Credit Card,500,1000,169264.0,30591.25,6276.21,2026-04-17,927.84,F,1995-06-21,El Sewedy Electric,Primary,100165,,0.0,61,,,,NORM,166
3,Alexandria,2021-08-18,20000,A,NORM,Normal,0,2026-04-28,Classic Credit Card,500,300,988.73,18666.95,391.0,2026-04-03,1468.91,F,1981-06-01,Vodafone Egypt,Primary,100166,,0.0,57,,,,NORM,167
5,Tanta,2022-01-12,20000,A,NORM,Normal,0,2026-04-20,Gold Credit Card,200,150,15736.57,3822.85,3471.84,2026-04-29,1956.54,F,1989-04-27,Orange Egypt,Primary,100167,,0.0,52,,,,NORM,168
5,Tanta,2024-11-22,20000,A,NORM,Normal,0,2026-05-01,Gold Credit Card,200,500,17137.27,2709.46,5617.24,2026-04-22,1699.32,F,1976-06-26,Elsewedy Capital,Primary,100168,,0.0,17,,,,NORM,169
5,Tanta,2024-11-22,20000,A,NORM,Normal,0,2026-04-17,Cashback Card,200,500,18755.02,1186.8,1856.43,2026-04-14,1596.96,F,1976-06-26,Elsewedy Capital,Primary,100168,,0.0,17,,,,NORM,169
5,Tanta,2024-11-22,20000,A,NORM,Normal,0,2026-04-21,Business Credit Card,200,500,9598.39,10249.02,698.68,2026-04-08,1490.22,F,1976-06-26,Elsewedy Capital,Primary,100168,,0.0,17,,,,NORM,169
10,Suez,2018-12-02,150000,A,NORM,Normal,0,2026-04-26,Platinum Credit Card,0,1000,63015.89,86679.97,26975.87,2026-04-16,1126.39,M,1999-03-02,Freelancer,Primary,100169,,0.0,90,,,,NORM,170
4,Mansoura,2024-01-08,15000,A,NORM,Normal,0,2026-04-23,Cashback Card,500,0,4940.76,9977.21,2141.4,2026-04-25,1895.54,M,1985-09-09,Orascom,Primary,100170,,0.0,28,,,,NORM,171
9,Ismailia,2018-08-16,100000,A,NORM,Normal,0,2026-04-30,Platinum Credit Card,0,1000,-5496.52,94165.29,19041.01,2026-04-28,652.93,F,1979-12-25,Banque Misr,Primary,100171,,0.0,93,,,,NORM,172
7,Luxor,2018-01-13,20000,A,NORM,Normal,0,2026-04-23,Gold Credit Card,200,0,4744.04,14853.08,655.26,2026-04-01,125.78,M,1971-06-01,Cairo University,Secondary,100172,,0.0,101,,,,NORM,173
1,Cairo Main,2022-08-02,15000,A,NORM,Normal,0,2026-04-24,Cashback Card,500,300,1511.29,13042.32,1787.29,2026-04-10,300.63,F,1972-11-16,Banque Misr,Primary,100173,,0.0,45,,,,NORM,174
1,Cairo Main,2022-08-02,15000,A,NORM,Normal,0,2026-04-18,Travel Rewards Card,500,300,6485.49,8322.18,3128.26,2026-04-28,66.79,F,1972-11-16,Banque Misr,Primary,100173,,0.0,45,,,,NORM,174
2,Giza,2024-01-18,15000,A,NORM,Normal,0,2026-05-01,Cashback Card,500,1000,9855.39,5101.24,464.73,2026-04-05,320.28,M,1990-08-16,IBM Egypt,Primary,100174,,0.0,27,,,,NORM,175
1,Cairo Main,2023-03-12,150000,A,NORM,Normal,0,2026-04-25,World Elite Card,100,500,121347.44,28438.68,10814.18,2026-04-22,924.99,F,1973-05-20,Amazon Egypt,Primary,100175,,0.0,38,,,,NORM,176
1,Cairo Main,2022-09-14,200000,A,NORM,Normal,0,2026-04-25,World Elite Card,0,1000,-5849.67,193665.34,31531.9,2026-04-22,574.49,M,1996-04-23,Vodafone Egypt,Primary,100176,,0.0,44,,,,NORM,177
1,Cairo Main,2022-12-03,20000,A,NORM,Normal,0,2026-04-27,Classic Credit Card,100,1000,16049.24,3709.99,715.92,2026-04-17,828.11,F,1978-01-16,Ministry of Health,Primary,100177,,0.0,41,,,,NORM,178
10,Suez,2021-08-06,20000,A,NORM,Normal,0,2026-04-26,Cashback Card,100,500,13549.38,6307.14,2290.51,2026-04-02,50.34,F,1986-10-27,Juhayna,Primary,100178,,0.0,57,,,,NORM,179
10,Suez,2021-08-06,20000,A,NORM,Normal,0,2026-04-20,World Elite Card,100,500,7686.53,12072.73,4746.86,2026-04-23,624.07,F,1986-10-27,Juhayna,Primary,100178,,0.0,57,,,,NORM,179
3,Alexandria,2022-10-16,150000,A,NORM,Normal,0,2026-04-22,Business Credit Card,200,500,136856.93,12677.2,35707.57,2026-04-17,904.13,F,1988-01-30,Self Employed,Primary,100179,,0.0,43,,,,NORM,180
5,Tanta,2020-01-24,150000,A,NEW,New,0,2026-04-21,Business Credit Card,100,300,15554.12,134119.93,35029.79,2026-04-14,1184.91,M,1976-11-19,Self Employed,Secondary,100180,,0.0,76,,,,NEW,181
7,Luxor,2024-04-01,150000,A,NORM,Normal,0,2026-04-23,Platinum Credit Card,100,300,21444.59,128236.87,847.52,2026-04-13,447.19,M,1978-09-07,Banque Misr,Secondary,100181,,0.0,25,,,,NORM,182
9,Ismailia,2020-02-20,5000,A,NORM,Normal,0,2026-04-28,Cashback Card,0,0,154.02,4572.48,548.86,2026-04-14,809.2,M,1992-07-02,Talaat Moustafa Group,Secondary,100182,,0.0,75,,,,NORM,183
4,Mansoura,2020-05-05,50000,A,NEW,New,0,2026-04-23,Gold Credit Card,0,500,-4486.89,45248.35,708.59,2026-04-09,1794.13,M,1981-07-03,Juhayna,Primary,100183,,0.0,72,,,,NEW,184
4,Mansoura,2020-05-05,50000,A,NORM,Normal,0,2026-04-22,Platinum Credit Card,0,500,27593.1,22031.37,10064.9,2026-04-21,1896.01,M,1981-07-03,Juhayna,Primary,100183,,0.0,72,,,,NORM,184
4,Mansoura,2020-05-05,50000,A,NORM,Normal,0,2026-04-17,Travel Rewards Card,0,500,4690.62,45045.95,2557.09,2026-04-28,410.45,M,1981-07-03,Juhayna,Primary,100183,,0.0,72,,,,NORM,184
4,Mansoura,2021-08-10,30000,A,NORM,Normal,0,2026-04-18,Cashback Card,200,300,-1929.49,27600.84,4905.97,2026-04-24,1669.0,F,1984-10-06,Microsoft Egypt,Primary,100184,,0.0,57,,,,NORM,185
2,Giza,2023-04-08,50000,A,NORM,Normal,0,2026-04-17,Titanium Credit Card,0,1000,24608.66,25046.57,7744.19,2026-04-24,1821.8,M,1996-01-05,El Sewedy Electric,Primary,100185,,0.0,37,,,,NORM,186
9,Ismailia,2024-06-30,75000,A,NORM,Normal,0,2026-04-22,Titanium Credit Card,100,500,38920.95,35978.34,16749.59,2026-04-30,678.73,M,1986-03-13,Juhayna,Primary,100186,,0.0,22,,,,NORM,187
8,Zagazig,2023-07-03,100000,A,NORM,Normal,0,2026-04-24,Platinum Credit Card,500,150,-9655.05,89895.9,15739.72,2026-04-07,554.37,M,1992-06-15,Orascom,Primary,100187,,0.0,34,,,,NORM,188
8,Zagazig,2023-07-03,100000,A,NORM,Normal,0,2026-04-26,Travel Rewards Card,500,150,-1504.7,98352.19,12372.57,2026-04-12,1450.71,M,1992-06-15,Orascom,Primary,100187,,0.0,34,,,,NORM,188
1,Cairo Main,2019-07-18,20000,A,NORM,Normal,0,2026-04-24,Cashback Card,500,300,12499.19,7297.25,4859.34,2026-04-24,1851.68,M,1978-07-01,National Bank of Egypt,Primary,100188,,0.0,82,,,,NORM,189
1,Cairo Main,2019-07-18,20000,A,NORM,Normal,0,2026-04-28,Classic Credit Card,500,300,761.36,18889.31,3813.89,2026-04-05,1116.53,M,1978-07-01,National Bank of Egypt,Primary,100188,,0.0,82,,,,NORM,189
8,Zagazig,2018-01-28,150000,A,NORM,Normal,0,2026-04-24,World Elite Card,200,1000,126446.51,23223.91,8343.14,2026-04-08,68.36,F,1960-09-14,Ministry of Health,Primary,100189,,0.0,100,,,,NORM,190
2,Giza,2023-11-18,15000,A,NORM,Normal,0,2026-04-24,Cashback Card,200,300,1651.54,13105.12,1836.4,2026-04-10,488.7,F,1964-04-27,Elsewedy Capital,Primary,100190,,0.0,29,,,,NORM,191
7,Luxor,2024-05-03,20000,A,NORM,Normal,0,2026-05-01,Classic Credit Card,0,0,17191.26,2571.96,3126.62,2026-04-18,309.08,F,1980-08-03,Elsewedy Capital,Primary,100191,,0.0,24,,,,NORM,192
1,Cairo Main,2018-02-08,15000,A,NORM,Normal,0,2026-04-23,Gold Credit Card,200,1000,7916.1,7076.71,719.39,2026-04-01,1061.51,M,1988-07-24,National Bank of Egypt,Secondary,100192,,0.0,100,,,,NORM,193
4,Mansoura,2024-05-10,100000,A,NORM,Normal,0,2026-04-16,World Elite Card,200,1000,25542.85,74442.01,17629.8,2026-04-17,1074.05,M,1998-12-10,Talaat Moustafa Group,Primary,100193,,0.0,24,,,,NORM,194
4,Mansoura,2019-08-14,75000,A,NORM,Normal,0,2026-04-21,Platinum Credit Card,500,1000,32719.88,42158.45,13715.61,2026-04-23,1811.41,F,1986-05-01,National Bank of Egypt,Primary,100194,,0.0,81,,,,NORM,195
9,Ismailia,2021-11-17,5000,A,NORM,Normal,0,2026-04-27,Classic Credit Card,200,1000,4444.28,57.95,1165.64,2026-04-02,1931.08,F,1993-06-09,CIB,Secondary,100195,,0.0,54,,,,NORM,196
5,Tanta,2023-01-20,100000,A,NORM,Normal,0,2026-04-18,Platinum Credit Card,500,150,72650.46,27026.42,15506.78,2026-04-22,1144.35,F,1995-02-23,Elsewedy Capital,Primary,100196,,0.0,39,,,,NORM,197
4,Mansoura,2018-10-29,10000,A,NORM,Normal,0,2026-04-27,Cashback Card,100,500,2325.37,7260.86,1265.23,2026-04-14,485.94,F,1991-12-27,Talaat Moustafa Group,Primary,100197,,0.0,91,,,,NORM,198
5,Tanta,2022-01-14,30000,A,30DD,30 Days Delinquent,30,2026-04-28,Classic Credit Card,500,500,2491.54,27289.12,7327.98,2026-04-17,1719.63,F,1979-12-13,CIB,Primary,100198,,11565.94,52,,,,30DD,199
9,Ismailia,2024-09-11,200000,A,NORM,Normal,0,2026-04-26,Travel Rewards Card,500,0,70681.16,128874.15,49887.26,2026-04-06,462.4,M,1964-03-04,Edita Food Industries,Primary,100199,,0.0,19,,,,NORM,200
9,Ismailia,2024-09-11,200000,A,NORM,Normal,0,2026-04-23,World Elite Card,500,0,125954.17,73796.68,1761.51,2026-04-09,771.43,M,1964-03-04,Edita Food Industries,Primary,100199,,0.0,19,,,,NORM,200
3,Alexandria,2021-01-06,30000,A,NORM,Normal,0,2026-05-01,Classic Credit Card,100,500,-333.45,29314.67,697.14,2026-04-26,510.65,F,1966-03-24,Talaat Moustafa Group,Primary,100200,,0.0,64,,,,NORM,201
6,Assiut,2020-10-07,100000,A,NORM,Normal,0,2026-04-25,Platinum Credit Card,0,150,94148.11,5408.4,4753.85,2026-04-13,1514.56,F,1971-04-16,Military,Primary,100201,,0.0,67,,,,NORM,202
10,Suez,2021-09-11,100000,A,NORM,Normal,0,2026-04-25,World Elite Card,200,300,47592.39,52253.82,9891.79,2026-04-25,1632.56,M,1977-01-15,Edita Food Industries,Primary,100202,,0.0,56,,,,NORM,203
6,Assiut,2023-07-05,200000,A,NORM,Normal,0,2026-04-24,Platinum Credit Card,500,300,184783.72,15003.42,4213.44,2026-04-01,1605.97,M,1973-01-27,Elsewedy Capital,Secondary,100203,,0.0,34,,,,NORM,204
9,Ismailia,2024-03-03,5000,A,NORM,Normal,0,2026-04-25,Cashback Card,0,500,1873.54,2642.03,38.0,2026-04-17,1222.44,F,1968-01-26,Freelancer,Primary,100204,,0.0,26,,,,NORM,205
9,Ismailia,2024-03-03,5000,A,NORM,Normal,0,2026-04-30,Titanium Credit Card,0,500,1242.08,3724.79,360.27,2026-04-13,853.29,F,1968-01-26,Freelancer,Primary,100204,,0.0,26,,,,NORM,205
9,Ismailia,2024-03-03,5000,A,NORM,Normal,0,2026-04-24,Classic Credit Card,0,500,1031.83,3619.15,890.5,2026-04-22,1916.09,F,1968-01-26,Freelancer,Primary,100204,,0.0,26,,,,NORM,205
5,Tanta,2019-09-24,75000,A,NORM,Normal,0,2026-04-20,Titanium Credit Card,500,1000,65854.79,9023.37,5548.28,2026-04-07,832.97,F,1989-07-18,Microsoft Egypt,Primary,100205,,0.0,80,,,,NORM,206
10,Suez,2018-12-15,10000,A,NORM,Normal,0,2026-04-17,Gold Credit Card,100,1000,8036.65,1827.17,664.29,2026-04-15,963.32,M,1988-08-16,Elsewedy Capital,Primary,100206,,0.0,89,,,,NORM,207
7,Luxor,2018-02-13,10000,A,NORM,Normal,0,2026-04-21,Cashback Card,100,500,4508.1,5210.47,2063.98,2026-04-22,1010.2,F,1964-10-01,Talaat Moustafa Group,Primary,100207,,0.0,99,,,,NORM,208
3,Alexandria,2018-04-11,100000,A,NORM,Normal,0,2026-04-25,World Elite Card,0,150,46250.92,53408.51,24139.98,2026-04-01,879.62,F,1975-06-22,CIB,Primary,100208,,0.0,98,,,,NORM,209
9,Ismailia,2021-11-27,100000,A,NORM,Normal,0,2026-04-19,Platinum Credit Card,200,0,81998.51,17549.5,5703.27,2026-04-11,75.06,F,1981-08-30,CIB,Primary,100209,,0.0,53,,,,NORM,210
6,Assiut,2019-03-24,15000,A,NORM,Normal,0,2026-04-19,Cashback Card,100,300,2704.92,12292.91,1581.33,2026-04-03,993.06,F,1989-01-24,Elsewedy Capital,Secondary,100210,,0.0,86,,,,NORM,211
3,Alexandria,2022-11-06,75000,A,NORM,Normal,0,2026-04-21,Platinum Credit Card,500,500,1992.71,72767.6,11633.31,2026-04-11,1578.97,M,1968-05-11,Vodafone Egypt,Primary,100211,,0.0,42,,,,NORM,212
3,Alexandria,2022-11-06,75000,A,NORM,Normal,0,2026-05-01,Travel Rewards Card,500,500,35541.38,39422.81,8954.18,2026-04-27,1925.07,M,1968-05-11,Vodafone Egypt,Primary,100211,,0.0,42,,,,NORM,212
2,Giza,2019-02-21,150000,A,NORM,Normal,0,2026-04-24,World Elite Card,500,0,49737.98,99879.99,26509.5,2026-04-30,1668.07,F,1985-11-24,Orascom,Primary,100212,,0.0,87,,,,NORM,213
6,Assiut,2022-05-11,200000,A,NORM,Normal,0,2026-04-23,Platinum Credit Card,200,500,152081.99,47439.55,18241.21,2026-04-15,180.05,M,1986-10-11,Microsoft Egypt,Secondary,100213,,0.0,48,,,,NORM,214
10,Suez,2019-07-03,50000,A,NORM,Normal,0,2026-04-19,Platinum Credit Card,100,300,27074.66,22514.35,14067.22,2026-04-14,637.65,M,1963-10-20,CIB,Primary,100214,,0.0,83,,,,NORM,215
3,Alexandria,2022-04-21,75000,A,NORM,Normal,0,2026-04-17,Platinum Credit Card,100,500,-6304.6,68488.8,19197.37,2026-04-11,1835.88,F,1985-10-13,Orascom,Primary,100215,,0.0,49,,,,NORM,216
10,Suez,2022-01-10,5000,A,NORM,Normal,0,2026-04-25,Business Credit Card,500,1000,2104.14,2533.17,753.66,2026-04-11,1356.83,F,1962-05-28,Self Employed,Primary,100216,,0.0,52,,,,NORM,217
8,Zagazig,2019-11-17,10000,A,NORM,Normal,0,2026-04-20,Classic Credit Card,200,0,5536.06,4447.8,2028.74,2026-04-05,1176.11,F,1981-12-02,Cairo University,Primary,100217,,0.0,78,,,,NORM,218
8,Zagazig,2023-07-22,150000,A,NORM,Normal,0,2026-04-17,World Elite Card,200,1000,127030.2,22936.82,42321.24,2026-04-19,728.88,F,1985-05-16,Government,Primary,100218,,0.0,33,,,,NORM,219
9,Ismailia,2022-10-08,10000,A,NORM,Normal,0,2026-04-29,Classic Credit Card,500,300,2163.45,7647.54,1903.81,2026-04-13,1945.09,F,1969-10-20,Elsewedy Capital,Secondary,100219,,0.0,43,,,,NORM,220
2,Giza,2020-08-28,20000,A,NORM,Normal,0,2026-04-21,Cashback Card,500,150,11992.43,7672.75,4526.86,2026-04-05,788.59,M,1994-10-16,Cairo University,Primary,100220,,0.0,69,,,,NORM,221
10,Suez,2023-12-21,30000,A,NORM,Normal,0,2026-04-22,Gold Credit Card,200,300,7627.59,22215.14,1891.63,2026-04-08,231.6,F,1975-09-26,Military,Secondary,100221,,0.0,28,,,,NORM,222
3,Alexandria,2022-08-13,5000,A,NORM,Normal,0,2026-04-28,Platinum Credit Card,100,150,-465.2,4520.46,647.39,2026-04-18,816.04,F,1993-08-24,Talaat Moustafa Group,Secondary,100222,,0.0,45,,,,NORM,223
3,Alexandria,2022-08-13,5000,A,30DD,30 Days Delinquent,30,2026-04-19,Classic Credit Card,100,150,3038.74,1927.84,1475.14,2026-04-16,811.75,F,1993-08-24,Talaat Moustafa Group,Secondary,100222,,1357.18,45,,,,30DD,223
3,Alexandria,2021-01-05,75000,A,NORM,Normal,0,2026-04-17,Platinum Credit Card,500,1000,5456.25,69397.81,8426.82,2026-04-11,1404.76,F,1985-11-25,Microsoft Egypt,Primary,100223,,0.0,64,,,,NORM,224
8,Zagazig,2024-07-11,5000,A,NORM,Normal,0,2026-04-19,Gold Credit Card,200,0,-55.74,4837.8,1138.72,2026-04-02,1733.62,F,1974-09-06,National Bank of Egypt,Primary,100224,,0.0,21,,,,NORM,225
8,Zagazig,2024-07-11,5000,A,30DD,30 Days Delinquent,30,2026-05-01,Cashback Card,200,0,1222.74,3611.06,394.29,2026-04-05,769.01,F,1974-09-06,National Bank of Egypt,Primary,100224,,2480.22,21,,,,30DD,225
8,Zagazig,2021-08-15,30000,A,NORM,Normal,0,2026-04-24,Classic Credit Card,500,300,21406.89,8502.78,192.58,2026-04-24,1742.15,M,1972-01-17,Edita Food Industries,Primary,100225,,0.0,57,,,,NORM,226
2,Giza,2019-10-10,100000,A,NORM,Normal,0,2026-04-19,Platinum Credit Card,100,150,75351.46,24493.39,21132.89,2026-04-17,754.33,F,1998-06-21,Freelancer,Primary,100226,,0.0,79,,,,NORM,227
6,Assiut,2018-12-04,50000,A,NORM,Normal,0,2026-04-28,Titanium Credit Card,100,500,31970.72,17601.81,10888.35,2026-04-09,1027.79,M,1971-03-26,Orascom,Primary,100227,,0.0,90,,,,NORM,228
8,Zagazig,2019-06-28,200000,A,NORM,Normal,0,2026-05-01,Platinum Credit Card,0,0,88680.96,111300.94,6478.78,2026-04-10,385.93,F,1963-06-30,Elsewedy Capital,Secondary,100228,,0.0,83,,,,NORM,229
8,Zagazig,2020-07-26,75000,A,60DA,60 Days Delinquent,60,2026-04-19,Platinum Credit Card,200,300,66342.08,8394.7,2369.21,2026-04-05,241.88,M,1963-03-06,National Bank of Egypt,Primary,100229,,12074.5,70,,,,60DA,230
8,Zagazig,2020-07-26,75000,A,NORM,Normal,0,2026-04-26,Travel Rewards Card,200,300,11489.27,63285.64,1271.77,2026-04-25,1309.91,M,1963-03-06,National Bank of Egypt,Primary,100229,,0.0,70,,,,NORM,230
2,Giza,2024-04-26,5000,A,NORM,Normal,0,2026-04-22,Gold Credit Card,200,150,593.51,4395.48,969.85,2026-04-21,430.9,M,1983-10-18,Military,Secondary,100230,,0.0,24,,,,NORM,231
4,Mansoura,2019-02-16,15000,A,NEW,New,0,2026-04-21,Gold Credit Card,200,500,9312.49,5645.13,887.84,2026-04-03,660.72,F,1963-11-21,CIB,Primary,100231,,0.0,87,,,,NEW,232
2,Giza,2024-03-16,200000,A,NORM,Normal,0,2026-04-21,Platinum Credit Card,0,300,108274.39,91710.33,2455.21,2026-04-25,802.15,M,1971-02-17,Military,Primary,100232,,0.0,25,,,,NORM,233
2,Giza,2024-03-16,200000,A,NORM,Normal,0,2026-04-30,Travel Rewards Card,0,300,159045.91,40675.58,7867.2,2026-04-23,763.18,M,1971-02-17,Military,Primary,100232,,0.0,25,,,,NORM,233
7,Luxor,2018-08-12,20000,A,NORM,Normal,0,2026-04-17,Business Credit Card,100,500,6801.05,12975.58,3161.29,2026-04-24,1395.58,M,1973-04-04,Self Employed,Primary,100233,,0.0,93,,,,NORM,234
6,Assiut,2022-05-04,200000,A,NORM,Normal,0,2026-04-24,World Elite Card,500,0,57760.85,141756.69,3156.37,2026-04-27,797.87,M,1965-12-02,Amazon Egypt,Primary,100234,,0.0,48,,,,NORM,235
4,Mansoura,2018-09-05,75000,A,NORM,Normal,0,2026-04-25,Titanium Credit Card,500,500,67658.57,6843.05,13639.63,2026-04-05,1486.76,M,1961-10-14,Government,Primary,100235,,0.0,93,,,,NORM,236
3,Alexandria,2018-12-09,30000,A,NORM,Normal,0,2026-04-17,Classic Credit Card,100,1000,1176.91,28387.95,3447.27,2026-04-24,159.13,F,1972-06-12,National Bank of Egypt,Primary,100236,,0.0,90,,,,NORM,237
7,Luxor,2020-09-04,5000,A,NORM,Normal,0,2026-04-27,Gold Credit Card,0,500,1146.44,3463.83,873.93,2026-04-27,60.22,M,1992-09-28,Elsewedy Capital,Primary,100237,,0.0,68,,,,NORM,238
1,Cairo Main,2019-07-17,5000,A,NORM,Normal,0,2026-04-23,Gold Credit Card,200,150,1256.03,3408.96,1383.87,2026-04-13,1804.31,F,1991-10-03,Orascom,Primary,100238,,0.0,82,,,,NORM,239
1,Cairo Main,2022-10-25,30000,A,NORM,Normal,0,2026-04-17,Cashback Card,0,500,26161.6,3574.24,3393.61,2026-04-12,807.36,F,1975-01-10,Government,Primary,100239,,0.0,42,,,,NORM,240
10,Suez,2022-02-15,15000,A,NORM,Normal,0,2026-04-18,Cashback Card,0,150,407.05,14255.4,1740.97,2026-04-22,1682.36,M,1967-06-27,Talaat Moustafa Group,Primary,100240,,0.0,51,,,,NORM,241
10,Suez,2022-02-15,15000,A,NORM,Normal,0,2026-04-16,Travel Rewards Card,0,150,7684.2,7014.54,36.7,2026-04-06,1036.43,M,1967-06-27,Talaat Moustafa Group,Primary,100240,,0.0,51,,,,NORM,241
1,Cairo Main,2022-01-30,75000,A,NORM,Normal,0,2026-04-24,Platinum Credit Card,500,150,64391.81,10114.74,6682.91,2026-04-13,647.1,F,1981-02-28,Banque Misr,Primary,100241,,0.0,51,,,,NORM,242
2,Giza,2022-03-08,10000,A,NORM,Normal,0,2026-04-22,Classic Credit Card,100,150,6610.75,3077.64,1829.71,2026-04-09,1579.91,M,1985-08-21,Government,Secondary,100242,,0.0,50,,,,NORM,243
5,Tanta,2021-06-26,50000,A,NORM,Normal,0,2026-04-22,Platinum Credit Card,200,150,9638.96,40132.02,6790.97,2026-04-19,545.39,F,1994-09-12,National Bank of Egypt,Primary,100243,,0.0,59,,,,NORM,244
4,Mansoura,2022-02-17,200000,A,NORM,Normal,0,2026-04-23,Gold Credit Card,100,150,80888.79,118905.23,3654.74,2026-04-20,920.13,M,1980-10-22,Self Employed,Secondary,100244,,0.0,51,,,,NORM,245
4,Mansoura,2022-02-17,200000,A,NORM,Normal,0,2026-04-29,Travel Rewards Card,100,150,95417.52,104443.85,3288.78,2026-04-20,1744.17,M,1980-10-22,Self Employed,Secondary,100244,,0.0,51,,,,NORM,245
4,Mansoura,2022-02-17,200000,A,NORM,Normal,0,2026-04-17,Business Credit Card,100,150,6020.38,193853.34,47870.81,2026-04-23,1092.28,M,1980-10-22,Self Employed,Secondary,100244,,0.0,51,,,,NORM,245
9,Ismailia,2018-02-09,50000,A,60DA,60 Days Delinquent,60,2026-04-28,Business Credit Card,200,0,44382.97,5601.53,7847.92,2026-04-11,1351.93,M,1975-07-16,Vodafone Egypt,Primary,100245,,9767.31,100,,,,60DA,246
9,Ismailia,2018-02-09,50000,A,NORM,Normal,0,2026-05-01,Titanium Credit Card,200,0,29239.15,20574.81,7422.11,2026-04-16,1781.29,M,1975-07-16,Vodafone Egypt,Primary,100245,,0.0,100,,,,NORM,246
8,Zagazig,2019-08-07,30000,A,NORM,Normal,0,2026-04-25,Classic Credit Card,500,300,-2073.81,27830.5,5886.43,2026-04-11,1676.08,F,1962-09-08,National Bank of Egypt,Secondary,100246,,0.0,81,,,,NORM,247
2,Giza,2019-07-01,75000,A,NORM,Normal,0,2026-04-16,Platinum Credit Card,500,150,6150.74,68688.11,21789.21,2026-04-16,1383.23,M,1982-09-02,National Bank of Egypt,Primary,100247,,0.0,83,,,,NORM,248
6,Assiut,2023-01-29,30000,A,NORM,Normal,0,2026-04-16,Classic Credit Card,100,1000,18309.86,11492.93,2203.45,2026-04-06,1555.41,M,1974-04-08,Elsewedy Capital,Primary,100248,,0.0,39,,,,NORM,249
8,Zagazig,2022-07-24,10000,A,NORM,Normal,0,2026-04-18,Classic Credit Card,500,300,3234.18,6562.65,2193.36,2026-04-07,140.0,F,1974-02-01,Ministry of Health,Primary,100249,,0.0,45,,,,NORM,250
3,Alexandria,2021-05-31,200000,A,NEW,New,0,2026-04-28,Platinum Credit Card,100,0,147061.48,52555.72,23539.71,2026-04-05,483.58,M,1996-03-23,Orange Egypt,Secondary,100250,,0.0,59,,,,NEW,251
1,Cairo Main,2021-05-09,30000,A,NEW,New,0,2026-04-18,Gold Credit Card,500,1000,1486.03,28114.28,1168.43,2026-04-09,606.32,M,1990-05-17,Orascom,Primary,100251,,0.0,60,,,,NEW,252
2,Giza,2018-09-10,20000,A,NORM,Normal,0,2026-04-16,Gold Credit Card,200,0,6450.4,13366.47,4950.35,2026-04-12,905.02,F,1960-07-14,Banque Misr,Secondary,100252,,0.0,93,,,,NORM,253
2,Giza,2022-12-22,15000,A,NORM,Normal,0,2026-04-24,Gold Credit Card,0,150,2043.72,12807.81,4337.02,2026-04-05,1634.25,F,1968-11-13,National Bank of Egypt,Secondary,100253,,0.0,40,,,,NORM,254
2,Giza,2022-12-22,15000,A,30DD,30 Days Delinquent,30,2026-04-26,Cashback Card,0,150,8734.97,6121.4,2937.4,2026-04-18,96.79,F,1968-11-13,National Bank of Egypt,Secondary,100253,,1621.63,40,,,,30DD,254
2,Giza,2022-12-22,15000,A,NORM,Normal,0,2026-04-24,World Elite Card,0,150,-1005.38,13956.49,794.85,2026-04-14,1793.47,F,1968-11-13,National Bank of Egypt,Secondary,100253,,0.0,40,,,,NORM,254
1,Cairo Main,2022-10-14,15000,A,NEW,New,0,2026-04-26,Classic Credit Card,200,300,1075.44,13919.98,106.05,2026-04-09,1645.64,F,1977-03-02,IBM Egypt,Secondary,100254,,0.0,43,,,,NEW,255
10,Suez,2020-10-03,30000,A,NORM,Normal,0,2026-04-19,Business Credit Card,500,0,24042.5,5796.83,2599.52,2026-04-19,1049.27,M,1987-09-04,Self Employed,Primary,100255,,0.0,67,,,,NORM,256
4,Mansoura,2023-11-24,20000,A,NORM,Normal,0,2026-04-25,Gold Credit Card,500,1000,10572.04,9408.79,477.79,2026-04-25,376.29,F,1988-10-29,Ministry of Health,Primary,100256,,0.0,29,,,,NORM,257
4,Mansoura,2023-11-24,20000,A,NORM,Normal,0,2026-04-28,Titanium Credit Card,500,1000,4638.88,14958.05,87.49,2026-04-22,1855.7,F,1988-10-29,Ministry of Health,Primary,100256,,0.0,29,,,,NORM,257
6,Assiut,2021-01-12,15000,A,NORM,Normal,0,2026-04-17,Classic Credit Card,0,300,3651.1,11004.14,3128.36,2026-04-26,846.31,M,1977-06-03,Vodafone Egypt,Secondary,100257,,0.0,64,,,,NORM,258
6,Assiut,2024-07-20,20000,A,NORM,Normal,0,2026-04-25,Cashback Card,100,300,15757.73,3916.44,1047.32,2026-04-16,1608.66,M,1994-05-25,Orascom,Primary,100258,,0.0,21,,,,NORM,259
10,Suez,2024-04-25,20000,A,NORM,Normal,0,2026-04-27,Business Credit Card,100,500,15408.26,4373.8,5048.59,2026-04-21,39.85,M,1966-05-17,Self Employed,Primary,100260,,0.0,24,,,,NORM,261
4,Mansoura,2023-11-27,100000,A,NORM,Normal,0,2026-04-29,World Elite Card,100,300,16932.25,82907.51,11812.15,2026-04-18,828.34,M,1960-11-22,Vodafone Egypt,Secondary,100261,,0.0,29,,,,NORM,262
1,Cairo Main,2024-07-30,15000,A,NORM,Normal,0,2026-04-20,Gold Credit Card,500,1000,9028.66,5883.72,2588.77,2026-04-04,106.1,M,1966-08-17,CIB,Primary,100262,,0.0,21,,,,NORM,263
1,Cairo Main,2024-07-30,15000,A,NORM,Normal,0,2026-04-16,Titanium Credit Card,500,1000,-471.07,14422.03,2405.86,2026-04-28,1775.49,M,1966-08-17,CIB,Primary,100262,,0.0,21,,,,NORM,263
3,Alexandria,2022-11-25,100000,A,NORM,Normal,0,2026-04-18,Platinum Credit Card,100,1000,57036.26,42779.44,4216.61,2026-04-22,738.91,M,1992-11-06,Edita Food Industries,Primary,100263,,0.0,41,,,,NORM,264
3,Alexandria,2018-01-08,200000,A,NORM,Normal,0,2026-04-30,Travel Rewards Card,200,1000,56020.82,143764.44,3812.86,2026-04-04,440.76,M,1992-09-10,Microsoft Egypt,Primary,100264,,0.0,101,,,,NORM,265
3,Alexandria,2018-01-08,200000,A,NORM,Normal,0,2026-04-18,World Elite Card,200,1000,38893.78,160616.81,27297.67,2026-04-25,520.62,M,1992-09-10,Microsoft Egypt,Primary,100264,,0.0,101,,,,NORM,265
3,Alexandria,2018-11-15,20000,A,NORM,Normal,0,2026-04-26,Gold Credit Card,200,500,-401.35,19297.65,4932.58,2026-04-14,1410.72,M,1974-11-08,IBM Egypt,Primary,100265,,0.0,90,,,,NORM,266
3,Alexandria,2018-11-15,20000,A,NORM,Normal,0,2026-04-21,Cashback Card,200,500,10633.92,8919.77,4077.89,2026-04-04,1964.16,M,1974-11-08,IBM Egypt,Primary,100265,,0.0,90,,,,NORM,266
3,Alexandria,2018-11-15,20000,A,NORM,Normal,0,2026-04-18,Classic Credit Card,200,500,15121.4,4747.53,1081.01,2026-04-10,250.74,M,1974-11-08,IBM Egypt,Primary,100265,,0.0,90,,,,NORM,266
6,Assiut,2019-03-19,5000,A,60DA,60 Days Delinquent,60,2026-04-29,Cashback Card,500,150,3008.84,1779.74,3.5,2026-04-08,1671.38,F,1971-07-07,Orange Egypt,Primary,100266,,2369.86,86,,,,60DA,267
9,Ismailia,2019-02-20,100000,A,NORM,Normal,0,2026-04-21,World Elite Card,100,500,90521.92,9224.69,29065.03,2026-04-16,1693.63,M,1976-11-01,Cairo University,Primary,100267,,0.0,87,,,,NORM,268
1,Cairo Main,2020-12-05,10000,A,NORM,Normal,0,2026-04-29,Gold Credit Card,100,0,7029.33,2583.36,1389.6,2026-04-22,1005.98,M,1974-04-18,National Bank of Egypt,Primary,100268,,0.0,65,,,,NORM,269
1,Cairo Main,2019-11-07,200000,A,NORM,Normal,0,2026-04-23,World Elite Card,200,150,-16124.2,183526.4,32140.55,2026-04-26,103.58,M,1979-05-07,Amazon Egypt,Primary,100269,,0.0,78,,,,NORM,270
5,Tanta,2021-02-27,30000,A,NORM,Normal,0,2026-04-29,Gold Credit Card,500,150,26413.77,3201.81,3759.01,2026-04-19,262.28,M,1989-08-19,Elsewedy Capital,Primary,100270,,0.0,62,,,,NORM,271
5,Tanta,2024-09-24,100000,A,NORM,Normal,0,2026-04-20,World Elite Card,100,300,-7576.22,92110.11,12922.71,2026-04-27,1542.6,M,1996-12-15,El Sewedy Electric,Primary,100271,,0.0,19,,,,NORM,272
7,Luxor,2023-06-27,30000,A,NORM,Normal,0,2026-04-24,Gold Credit Card,100,300,17134.08,12788.15,2145.61,2026-04-30,237.67,F,1981-02-14,National Bank of Egypt,Primary,100272,,0.0,34,,,,NORM,273
5,Tanta,2023-03-20,30000,A,NORM,Normal,0,2026-04-23,Cashback Card,100,0,8925.42,20960.63,6874.4,2026-04-05,542.93,M,1979-09-22,Elsewedy Capital,Primary,100273,,0.0,37,,,,NORM,274
5,Tanta,2023-03-20,30000,A,NORM,Normal,0,2026-05-01,Classic Credit Card,100,0,1022.94,28968.85,2883.75,2026-04-09,122.36,M,1979-09-22,Elsewedy Capital,Primary,100273,,0.0,37,,,,NORM,274
10,Suez,2024-03-17,5000,A,60DA,60 Days Delinquent,60,2026-04-30,Gold Credit Card,500,1000,3593.04,1041.29,862.49,2026-04-01,1911.68,M,1970-03-16,Microsoft Egypt,Primary,100274,,1026.76,25,,,,60DA,275
10,Suez,2024-03-17,5000,A,NORM,Normal,0,2026-05-01,Travel Rewards Card,500,1000,775.42,3784.32,513.4,2026-04-24,1698.26,M,1970-03-16,Microsoft Egypt,Primary,100274,,0.0,25,,,,NORM,275
1,Cairo Main,2024-05-28,150000,A,NORM,Normal,0,2026-04-26,World Elite Card,0,500,27771.77,121862.66,28460.26,2026-04-25,1759.86,M,1982-07-10,Cairo University,Secondary,100275,,0.0,23,,,,NORM,276
4,Mansoura,2018-06-24,75000,A,NORM,Normal,0,2026-04-20,Gold Credit Card,100,1000,62871.5,11787.82,17301.88,2026-04-19,1878.7,F,1965-08-29,National Bank of Egypt,Primary,100276,,0.0,95,,,,NORM,277
4,Mansoura,2018-06-24,75000,A,NORM,Normal,0,2026-04-16,Business Credit Card,100,1000,22627.7,52298.47,11362.27,2026-04-11,742.94,F,1965-08-29,National Bank of Egypt,Primary,100276,,0.0,95,,,,NORM,277
4,Mansoura,2018-06-24,75000,A,NORM,Normal,0,2026-04-24,Titanium Credit Card,100,1000,50242.28,24536.43,15557.46,2026-04-04,1188.6,F,1965-08-29,National Bank of Egypt,Primary,100276,,0.0,95,,,,NORM,277
7,Luxor,2022-06-16,150000,A,NORM,Normal,0,2026-04-20,Platinum Credit Card,500,0,106728.59,43167.65,1326.8,2026-04-09,158.89,F,1984-12-15,Edita Food Industries,Primary,100277,,0.0,47,,,,NORM,278
7,Luxor,2022-06-16,150000,A,NORM,Normal,0,2026-04-26,Classic Credit Card,500,0,65082.93,84536.14,24612.53,2026-04-14,1570.42,F,1984-12-15,Edita Food Industries,Primary,100277,,0.0,47,,,,NORM,278
10,Suez,2019-02-15,10000,A,NORM,Normal,0,2026-04-26,Gold Credit Card,500,300,7981.41,1679.16,1697.6,2026-04-15,1452.08,F,1994-01-07,Cairo University,Primary,100278,,0.0,87,,,,NORM,279
10,Suez,2019-02-15,10000,A,NORM,Normal,0,2026-04-29,Titanium Credit Card,500,300,1543.61,8233.54,595.73,2026-04-09,1121.71,F,1994-01-07,Cairo University,Primary,100278,,0.0,87,,,,NORM,279
8,Zagazig,2019-12-07,30000,A,NORM,Normal,0,2026-04-22,Cashback Card,500,0,22629.13,7055.29,5296.62,2026-04-06,808.42,F,1961-09-05,Microsoft Egypt,Secondary,100279,,0.0,77,,,,NORM,280
1,Cairo Main,2023-05-01,30000,A,NORM,Normal,0,2026-04-21,Gold Credit Card,200,300,18792.52,11198.62,4057.99,2026-04-21,1738.21,F,1993-06-14,IBM Egypt,Secondary,100280,,0.0,36,,,,NORM,281
3,Alexandria,2022-12-20,50000,A,NORM,Normal,0,2026-04-25,Platinum Credit Card,100,500,11767.54,37859.24,9604.95,2026-04-30,1824.4,F,1973-06-24,Talaat Moustafa Group,Primary,100281,,0.0,40,,,,NORM,282
3,Alexandria,2022-12-20,50000,A,NORM,Normal,0,2026-04-17,Travel Rewards Card,100,500,44312.92,5283.46,7613.62,2026-04-19,1645.07,F,1973-06-24,Talaat Moustafa Group,Primary,100281,,0.0,40,,,,NORM,282
9,Ismailia,2019-10-14,10000,A,NORM,Normal,0,2026-04-16,Gold Credit Card,0,150,5087.54,4477.12,1993.59,2026-04-29,682.8,M,1995-07-03,Juhayna,Secondary,100282,,0.0,79,,,,NORM,283
9,Ismailia,2019-10-14,10000,A,60DA,60 Days Delinquent,60,2026-04-30,Cashback Card,0,150,8515.73,1461.45,2682.65,2026-04-01,1773.34,M,1995-07-03,Juhayna,Secondary,100282,,2702.14,79,,,,60DA,283
4,Mansoura,2023-02-13,5000,A,60DA,60 Days Delinquent,60,2026-04-23,Gold Credit Card,500,1000,592.82,4396.75,389.55,2026-04-13,960.02,F,1961-06-25,IBM Egypt,Primary,100283,,1497.25,39,,,,60DA,284
4,Mansoura,2023-02-13,5000,A,NORM,Normal,0,2026-04-23,Cashback Card,500,1000,2722.86,2256.42,446.81,2026-04-05,1649.39,F,1961-06-25,IBM Egypt,Primary,100283,,0.0,39,,,,NORM,284
4,Mansoura,2023-06-26,200000,A,NORM,Normal,0,2026-04-16,Platinum Credit Card,200,300,-17263.55,182497.62,38127.05,2026-04-12,161.41,M,1976-09-15,Freelancer,Secondary,100284,,0.0,34,,,,NORM,285
5,Tanta,2022-05-03,5000,A,NORM,Normal,0,2026-04-30,Travel Rewards Card,100,150,2776.75,1886.92,181.19,2026-04-25,1514.58,F,1961-03-25,Orascom,Primary,100285,,0.0,48,,,,NORM,286
5,Tanta,2022-05-03,5000,A,NORM,Normal,0,2026-04-29,Classic Credit Card,100,150,2063.56,2846.54,1021.7,2026-04-10,1469.95,F,1961-03-25,Orascom,Primary,100285,,0.0,48,,,,NORM,286
1,Cairo Main,2019-06-26,15000,A,NORM,Normal,0,2026-04-19,Cashback Card,200,300,8425.62,6110.47,4019.43,2026-04-28,830.22,F,1981-04-07,Military,Secondary,100286,,0.0,83,,,,NORM,287
1,Cairo Main,2019-06-26,15000,A,NORM,Normal,0,2026-04-24,Classic Credit Card,200,300,6113.8,8390.69,2199.21,2026-04-12,693.14,F,1981-04-07,Military,Secondary,100286,,0.0,83,,,,NORM,287
5,Tanta,2023-03-27,30000,A,NORM,Normal,0,2026-04-24,Gold Credit Card,0,1000,10239.45,19692.96,6309.06,2026-04-30,212.79,F,1969-10-15,Government,Primary,100287,,0.0,37,,,,NORM,288
5,Tanta,2023-03-27,30000,A,NORM,Normal,0,2026-04-29,Cashback Card,0,1000,25193.87,4430.57,102.93,2026-04-30,1473.02,F,1969-10-15,Government,Primary,100287,,0.0,37,,,,NORM,288
5,Tanta,2019-03-19,100000,A,NORM,Normal,0,2026-04-30,Platinum Credit Card,200,300,80908.26,18981.14,2717.37,2026-04-25,118.83,F,1973-05-22,National Bank of Egypt,Primary,100288,,0.0,86,,,,NORM,289
3,Alexandria,2020-09-11,5000,A,30DD,30 Days Delinquent,30,2026-04-23,Gold Credit Card,100,0,1049.83,3546.5,566.33,2026-04-08,421.59,F,1983-03-16,Military,Secondary,100289,,1457.96,68,,,,30DD,290
7,Luxor,2018-05-25,200000,A,NORM,Normal,0,2026-04-24,Platinum Credit Card,100,1000,59335.62,140262.96,8902.04,2026-04-03,192.85,F,1977-06-01,Cairo University,Secondary,100290,,0.0,96,,,,NORM,291
7,Luxor,2018-05-25,200000,A,NORM,Normal,0,2026-04-23,Travel Rewards Card,100,1000,24574.55,174999.8,18041.84,2026-04-04,1970.98,F,1977-06-01,Cairo University,Secondary,100290,,0.0,96,,,,NORM,291
5,Tanta,2019-11-28,150000,A,NORM,Normal,0,2026-04-17,Platinum Credit Card,100,300,-8993.46,140982.42,17705.49,2026-04-17,1918.78,M,1997-12-03,Orascom,Secondary,100291,,0.0,78,,,,NORM,292
4,Mansoura,2020-07-03,30000,A,NORM,Normal,0,2026-04-29,Gold Credit Card,200,500,25598.45,4137.37,7969.91,2026-04-25,511.27,M,1975-12-08,Amazon Egypt,Primary,100292,,0.0,70,,,,NORM,293
4,Mansoura,2020-07-03,30000,A,NORM,Normal,0,2026-04-23,Cashback Card,200,500,-1760.32,28010.11,7256.87,2026-04-30,941.85,M,1975-12-08,Amazon Egypt,Primary,100292,,0.0,70,,,,NORM,293
10,Suez,2023-04-19,20000,A,NORM,Normal,0,2026-04-28,Cashback Card,500,1000,15465.83,4174.17,4358.49,2026-04-10,912.2,F,1963-03-12,Government,Primary,100293,,0.0,36,,,,NORM,294
4,Mansoura,2022-08-04,200000,A,NORM,Normal,0,2026-04-18,World Elite Card,0,500,141153.13,58711.16,38263.07,2026-04-09,1480.4,F,1975-05-16,Freelancer,Primary,100294,,0.0,45,,,,NORM,295
1,Cairo Main,2023-01-26,30000,A,NORM,Normal,0,2026-04-24,Cashback Card,100,500,8666.48,20955.35,4048.75,2026-04-30,1611.11,M,1960-03-18,El Sewedy Electric,Primary,100295,,0.0,39,,,,NORM,296
1,Cairo Main,2023-01-26,30000,A,NORM,Normal,0,2026-04-23,Classic Credit Card,100,500,16795.61,12769.05,2881.8,2026-04-12,1536.42,M,1960-03-18,El Sewedy Electric,Primary,100295,,0.0,39,,,,NORM,296
7,Luxor,2023-05-10,75000,A,NEW,New,0,2026-04-25,Platinum Credit Card,200,0,69451.74,5131.53,466.41,2026-04-12,1484.57,F,1979-03-31,Vodafone Egypt,Primary,100296,,0.0,36,,,,NEW,297
1,Cairo Main,2018-01-17,20000,A,NEW,New,0,2026-04-26,Gold Credit Card,200,150,9114.33,10615.7,5118.63,2026-04-20,434.42,M,1990-05-10,Elsewedy Capital,Primary,100297,,0.0,100,,,,NEW,298
3,Alexandria,2018-07-07,30000,A,NORM,Normal,0,2026-04-25,Cashback Card,200,500,-2859.54,26982.55,1926.06,2026-04-22,49.61,M,1962-12-05,Juhayna,Primary,100298,,0.0,95,,,,NORM,299
4,Mansoura,2022-07-11,5000,A,NORM,Normal,0,2026-05-01,Classic Credit Card,100,0,2358.99,2627.99,694.51,2026-04-29,46.91,M,1967-05-25,Elsewedy Capital,Primary,100299,,0.0,46,,,,NORM,300
5,Tanta,2023-12-31,200000,A,NORM,Normal,0,2026-04-25,World Elite Card,0,0,141543.31,58281.93,15713.48,2026-04-19,1624.88,M,1994-08-06,Orange Egypt,Primary,100300,,0.0,28,,,,NORM,301
7,Luxor,2024-02-20,30000,A,NORM,Normal,0,2026-04-25,Gold Credit Card,0,300,10676.24,19178.45,6402.79,2026-04-17,1058.01,F,1965-07-17,Self Employed,Primary,100301,,0.0,26,,,,NORM,302
7,Luxor,2024-02-20,30000,A,NORM,Normal,0,2026-04-25,Business Credit Card,0,300,279.06,29294.05,1269.57,2026-04-10,105.4,F,1965-07-17,Self Employed,Primary,100301,,0.0,26,,,,NORM,302
10,Suez,2019-07-16,75000,A,NORM,Normal,0,2026-04-19,Platinum Credit Card,200,0,19980.45,54937.62,10680.75,2026-04-25,1913.31,M,1987-03-02,CIB,Primary,100302,,0.0,82,,,,NORM,303
5,Tanta,2023-11-13,20000,A,NORM,Normal,0,2026-04-23,Gold Credit Card,500,150,16177.08,3550.88,5441.29,2026-04-05,1106.78,F,1997-04-19,IBM Egypt,Primary,100303,,0.0,30,,,,NORM,304
5,Tanta,2023-11-13,20000,A,30DD,30 Days Delinquent,30,2026-04-18,Cashback Card,500,150,15087.5,4417.98,5334.16,2026-04-14,1761.09,F,1997-04-19,IBM Egypt,Primary,100303,,649.63,30,,,,30DD,304
2,Giza,2024-06-09,100000,A,NORM,Normal,0,2026-04-24,Travel Rewards Card,200,150,7457.95,92358.38,620.94,2026-04-21,120.15,F,1964-12-14,Banque Misr,Secondary,100304,,0.0,23,,,,NORM,305
2,Giza,2024-06-09,100000,A,60DA,60 Days Delinquent,60,2026-04-27,World Elite Card,200,150,61548.93,38061.65,3806.11,2026-04-27,890.44,F,1964-12-14,Banque Misr,Secondary,100304,,55394.24,23,,,,60DA,305
2,Giza,2024-06-09,100000,A,NORM,Normal,0,2026-04-17,Classic Credit Card,200,150,44235.9,55763.7,15924.04,2026-04-27,1998.48,F,1964-12-14,Banque Misr,Secondary,100304,,0.0,23,,,,NORM,305
8,Zagazig,2019-02-13,15000,A,NEW,New,0,2026-04-27,Gold Credit Card,500,0,13843.27,700.3,579.13,2026-04-20,1864.22,M,1962-03-31,Orange Egypt,Secondary,100305,,0.0,87,,,,NEW,306
8,Zagazig,2019-02-13,15000,A,NORM,Normal,0,2026-05-01,Titanium Credit Card,500,0,11542.94,3231.26,327.11,2026-04-16,1871.99,M,1962-03-31,Orange Egypt,Secondary,100305,,0.0,87,,,,NORM,306
3,Alexandria,2019-11-30,50000,A,NORM,Normal,0,2026-04-22,Travel Rewards Card,0,300,22613.93,27169.5,6287.77,2026-04-07,201.7,F,1989-10-03,IBM Egypt,Primary,100306,,0.0,78,,,,NORM,307
3,Alexandria,2019-11-30,50000,A,NORM,Normal,0,2026-04-21,Titanium Credit Card,0,300,7349.54,42213.03,12598.64,2026-04-17,382.86,F,1989-10-03,IBM Egypt,Primary,100306,,0.0,78,,,,NORM,307
8,Zagazig,2022-04-29,100000,A,NORM,Normal,0,2026-04-19,World Elite Card,0,150,92585.56,7243.04,9525.25,2026-04-16,1076.74,M,1972-03-11,Amazon Egypt,Secondary,100307,,0.0,48,,,,NORM,308
7,Luxor,2023-06-01,200000,A,NORM,Normal,0,2026-04-24,Platinum Credit Card,200,1000,114416.64,85337.7,28943.13,2026-04-06,1361.03,M,1986-07-01,Freelancer,Secondary,100308,,0.0,35,,,,NORM,309
8,Zagazig,2022-08-12,100000,A,NORM,Normal,0,2026-04-26,Platinum Credit Card,0,1000,-714.09,98972.67,11572.39,2026-04-23,1948.33,M,1965-01-24,Orange Egypt,Secondary,100309,,0.0,45,,,,NORM,310
9,Ismailia,2024-12-07,10000,A,NORM,Normal,0,2026-05-01,Classic Credit Card,500,300,5894.17,3736.03,90.4,2026-04-22,1763.69,F,1990-11-15,Amazon Egypt,Primary,100310,,0.0,17,,,,NORM,311
1,Cairo Main,2019-10-05,150000,A,NORM,Normal,0,2026-04-29,Travel Rewards Card,100,0,86820.85,63148.26,19795.29,2026-04-10,702.29,F,1960-07-09,Self Employed,Primary,100311,,0.0,80,,,,NORM,312
1,Cairo Main,2019-10-05,150000,A,90DA,90 Days Delinquent,90,2026-04-24,Business Credit Card,100,0,371.35,149323.69,30034.31,2026-04-07,281.67,F,1960-07-09,Self Employed,Primary,100311,,34508.13,80,,,,90DA,312
1,Cairo Main,2020-07-01,150000,A,NORM,Normal,0,2026-04-18,World Elite Card,0,500,33345.69,116198.87,6792.63,2026-04-08,150.6,F,1982-09-27,Microsoft Egypt,Secondary,100312,,0.0,71,,,,NORM,313
8,Zagazig,2021-07-18,10000,A,NORM,Normal,0,2026-04-24,Business Credit Card,0,500,5705.65,3973.13,2930.0,2026-04-19,460.21,F,1980-01-20,Self Employed,Primary,100313,,0.0,58,,,,NORM,314
8,Zagazig,2021-07-18,10000,A,NORM,Normal,0,2026-05-01,Classic Credit Card,0,500,7122.41,2831.78,377.11,2026-04-06,868.82,F,1980-01-20,Self Employed,Primary,100313,,0.0,58,,,,NORM,314
2,Giza,2024-10-10,200000,A,NORM,Normal,0,2026-04-18,Travel Rewards Card,500,300,140428.08,59528.38,43178.37,2026-04-07,795.21,F,1995-07-08,Juhayna,Secondary,100314,,0.0,18,,,,NORM,315
2,Giza,2024-10-10,200000,A,NORM,Normal,0,2026-04-30,World Elite Card,500,300,146229.83,53673.66,58222.83,2026-04-12,702.72,F,1995-07-08,Juhayna,Secondary,100314,,0.0,18,,,,NORM,315
6,Assiut,2024-12-13,200000,A,NORM,Normal,0,2026-04-25,Platinum Credit Card,500,0,89614.82,110253.65,12002.09,2026-04-04,814.82,M,1985-02-15,Self Employed,Primary,100315,,0.0,16,,,,NORM,316
6,Assiut,2024-12-13,200000,A,NORM,Normal,0,2026-04-17,Business Credit Card,500,0,90764.23,108889.58,55969.4,2026-04-15,1231.08,M,1985-02-15,Self Employed,Primary,100315,,0.0,16,,,,NORM,316
6,Assiut,2021-04-10,150000,A,NEW,New,0,2026-04-23,World Elite Card,0,150,137137.89,12737.7,21925.88,2026-04-21,188.19,F,1975-12-06,Government,Primary,100316,,0.0,61,,,,NEW,317
5,Tanta,2020-03-13,20000,A,NORM,Normal,0,2026-04-22,Gold Credit Card,200,0,6140.45,13812.38,3220.68,2026-04-07,482.83,F,1987-05-27,CIB,Primary,100317,,0.0,74,,,,NORM,318
5,Tanta,2020-03-13,20000,A,NORM,Normal,0,2026-04-27,Cashback Card,200,0,4007.04,15842.25,3616.23,2026-04-24,781.68,F,1987-05-27,CIB,Primary,100317,,0.0,74,,,,NORM,318
5,Tanta,2020-03-13,20000,A,NORM,Normal,0,2026-04-26,Platinum Credit Card,200,0,4338.54,15419.95,3624.21,2026-04-10,1167.4,F,1987-05-27,CIB,Primary,100317,,0.0,74,,,,NORM,318
8,Zagazig,2024-08-10,150000,A,NORM,Normal,0,2026-04-22,Travel Rewards Card,500,1000,51248.4,98667.2,31930.06,2026-04-29,696.9,F,1980-07-07,Banque Misr,Secondary,100318,,0.0,20,,,,NORM,319
8,Zagazig,2024-08-10,150000,A,NORM,Normal,0,2026-04-24,World Elite Card,500,1000,9312.49,140617.58,21454.95,2026-04-24,204.16,F,1980-07-07,Banque Misr,Secondary,100318,,0.0,20,,,,NORM,319
8,Zagazig,2024-08-10,150000,A,NEW,New,0,2026-04-17,Classic Credit Card,500,1000,38174.99,111776.92,30168.18,2026-04-04,786.7,F,1980-07-07,Banque Misr,Secondary,100318,,0.0,20,,,,NEW,319
3,Alexandria,2019-06-10,10000,A,NORM,Normal,0,2026-04-23,Cashback Card,200,1000,1792.5,8079.45,312.86,2026-04-16,522.47,F,1992-10-07,Microsoft Egypt,Primary,100319,,0.0,83,,,,NORM,320
5,Tanta,2021-11-05,30000,A,60DA,60 Days Delinquent,60,2026-04-19,Cashback Card,200,1000,10397.76,19244.73,1161.52,2026-04-18,1032.09,F,1977-11-05,Freelancer,Primary,100320,,15371.17,54,,,,60DA,321
5,Tanta,2021-11-05,30000,A,NORM,Normal,0,2026-04-20,Classic Credit Card,200,1000,21020.05,8773.84,1601.81,2026-04-15,144.3,F,1977-11-05,Freelancer,Primary,100320,,0.0,54,,,,NORM,321
4,Mansoura,2021-04-05,50000,A,NORM,Normal,0,2026-04-21,Platinum Credit Card,200,0,14507.26,35164.21,9434.75,2026-04-21,521.1,F,1969-05-28,Banque Misr,Primary,100321,,0.0,61,,,,NORM,322
4,Mansoura,2021-04-05,50000,A,NORM,Normal,0,2026-04-20,Travel Rewards Card,200,0,32363.86,17219.13,106.58,2026-04-30,1611.15,F,1969-05-28,Banque Misr,Primary,100321,,0.0,61,,,,NORM,322
4,Mansoura,2021-04-05,50000,A,NORM,Normal,0,2026-04-18,Business Credit Card,200,0,30854.89,18790.5,14324.96,2026-04-15,839.01,F,1969-05-28,Banque Misr,Primary,100321,,0.0,61,,,,NORM,322
7,Luxor,2023-12-27,30000,A,NORM,Normal,0,2026-04-28,Cashback Card,0,500,13306.2,16636.28,4910.62,2026-04-23,357.6,M,1990-03-30,Amazon Egypt,Primary,100322,,0.0,28,,,,NORM,323
7,Luxor,2023-12-27,30000,A,NORM,Normal,0,2026-04-22,Classic Credit Card,0,500,12605.16,17008.33,1768.57,2026-04-11,1081.32,M,1990-03-30,Amazon Egypt,Primary,100322,,0.0,28,,,,NORM,323
5,Tanta,2019-10-22,30000,A,NORM,Normal,0,2026-04-22,Classic Credit Card,200,150,24521.24,5414.99,2305.09,2026-04-26,1652.22,M,1993-08-26,Talaat Moustafa Group,Primary,100323,,0.0,79,,,,NORM,324
10,Suez,2024-04-20,20000,A,NORM,Normal,0,2026-04-25,Cashback Card,200,0,9362.73,10577.92,5235.91,2026-04-09,1759.92,F,1998-12-08,Ministry of Health,Primary,100324,,0.0,24,,,,NORM,325
1,Cairo Main,2020-10-26,20000,A,NORM,Normal,0,2026-04-22,Gold Credit Card,200,1000,4493.54,15262.86,4201.0,2026-04-19,814.77,M,1960-07-31,Military,Primary,100325,,0.0,67,,,,NORM,326
1,Cairo Main,2020-10-26,20000,A,NORM,Normal,0,2026-04-30,Travel Rewards Card,200,1000,72.84,19604.8,3472.2,2026-04-27,1308.25,M,1960-07-31,Military,Primary,100325,,0.0,67,,,,NORM,326
8,Zagazig,2018-11-02,15000,A,NORM,Normal,0,2026-04-29,Cashback Card,500,300,10720.04,3847.78,2556.78,2026-04-09,1258.71,F,1967-12-16,Orascom,Primary,100326,,0.0,91,,,,NORM,327
8,Zagazig,2018-11-02,15000,A,NORM,Normal,0,2026-04-23,Classic Credit Card,500,300,6476.5,8197.36,4232.95,2026-04-20,563.46,F,1967-12-16,Orascom,Primary,100326,,0.0,91,,,,NORM,327
1,Cairo Main,2023-03-26,15000,A,60DA,60 Days Delinquent,60,2026-04-17,Gold Credit Card,0,1000,9682.99,4979.91,2136.72,2026-04-26,1959.29,F,1974-10-29,Orange Egypt,Primary,100327,,1644.68,37,,,,60DA,328
6,Assiut,2021-07-25,150000,A,NORM,Normal,0,2026-04-25,Gold Credit Card,500,1000,129038.14,20769.27,22585.58,2026-04-20,1655.17,F,1963-04-09,Elsewedy Capital,Primary,100328,,0.0,58,,,,NORM,329
6,Assiut,2021-07-25,150000,A,NORM,Normal,0,2026-04-16,Travel Rewards Card,500,1000,116207.69,33744.25,20290.19,2026-04-22,1139.84,F,1963-04-09,Elsewedy Capital,Primary,100328,,0.0,58,,,,NORM,329
6,Assiut,2021-07-25,150000,A,NEW,New,0,2026-04-26,World Elite Card,500,1000,-12793.56,136943.36,29565.83,2026-04-30,333.15,F,1963-04-09,Elsewedy Capital,Primary,100328,,0.0,58,,,,NEW,329
6,Assiut,2022-01-17,30000,A,NORM,Normal,0,2026-04-19,Cashback Card,0,0,24159.73,5709.56,872.04,2026-04-11,651.59,F,1974-11-07,El Sewedy Electric,Primary,100329,,0.0,52,,,,NORM,330
6,Assiut,2022-01-17,30000,A,NORM,Normal,0,2026-04-23,World Elite Card,0,0,-1962.5,27690.23,2205.95,2026-04-17,643.9,F,1974-11-07,El Sewedy Electric,Primary,100329,,0.0,52,,,,NORM,330
6,Assiut,2022-01-17,30000,A,NORM,Normal,0,2026-05-01,Titanium Credit Card,0,0,17158.6,12563.85,8695.55,2026-04-14,1857.6,F,1974-11-07,El Sewedy Electric,Primary,100329,,0.0,52,,,,NORM,330
4,Mansoura,2021-08-07,75000,A,NORM,Normal,0,2026-04-30,Titanium Credit Card,0,1000,61687.37,13152.51,4014.44,2026-04-17,1975.1,F,1961-10-15,CIB,Primary,100330,,0.0,57,,,,NORM,331
8,Zagazig,2021-04-29,20000,A,NORM,Normal,0,2026-05-01,Classic Credit Card,100,1000,5666.17,14061.96,4014.76,2026-04-27,13.85,M,1961-12-19,Edita Food Industries,Primary,100331,,0.0,60,,,,NORM,332
7,Luxor,2019-03-02,20000,A,NORM,Normal,0,2026-04-19,Cashback Card,500,0,-1990.3,17545.83,2736.39,2026-04-26,1730.53,M,1997-06-26,Ministry of Health,Primary,100332,,0.0,87,,,,NORM,333
7,Luxor,2019-03-02,20000,A,NORM,Normal,0,2026-04-27,Business Credit Card,500,0,11222.2,8384.81,3933.88,2026-04-10,102.23,M,1997-06-26,Ministry of Health,Primary,100332,,0.0,87,,,,NORM,333
2,Giza,2018-08-11,15000,A,NORM,Normal,0,2026-04-29,Cashback Card,100,300,1502.47,13270.38,276.36,2026-04-03,1799.27,F,1963-04-15,Talaat Moustafa Group,Primary,100333,,0.0,94,,,,NORM,334
6,Assiut,2022-05-15,10000,A,NORM,Normal,0,2026-04-17,Cashback Card,0,1000,6748.37,2781.86,615.21,2026-04-08,756.92,M,1960-10-03,Ministry of Health,Primary,100334,,0.0,48,,,,NORM,335
9,Ismailia,2021-04-02,30000,A,NORM,Normal,0,2026-04-29,Gold Credit Card,500,500,2271.05,27545.81,621.85,2026-04-03,1951.08,M,1964-10-04,Military,Primary,100335,,0.0,61,,,,NORM,336
3,Alexandria,2022-05-21,150000,A,90DA,90 Days Delinquent,90,2026-04-27,Business Credit Card,200,0,-5627.31,144371.39,40264.58,2026-04-16,1239.3,M,1993-06-30,Juhayna,Primary,100336,,70184.54,48,,,,90DA,337
3,Alexandria,2022-05-21,150000,A,NORM,Normal,0,2026-04-27,Travel Rewards Card,200,0,114377.9,35324.92,38199.78,2026-04-01,1324.41,M,1993-06-30,Juhayna,Primary,100336,,0.0,48,,,,NORM,337
3,Alexandria,2022-05-21,150000,A,NORM,Normal,0,2026-04-26,World Elite Card,200,0,37310.88,112304.66,10697.0,2026-04-12,1406.98,M,1993-06-30,Juhayna,Primary,100336,,0.0,48,,,,NORM,337
10,Suez,2024-01-10,150000,A,NORM,Normal,0,2026-04-16,Platinum Credit Card,100,500,73112.71,76501.61,28655.76,2026-04-13,1289.73,M,1977-09-04,National Bank of Egypt,Primary,100337,,0.0,28,,,,NORM,338
5,Tanta,2019-04-15,15000,A,NORM,Normal,0,2026-04-24,Cashback Card,0,300,3599.93,11095.57,238.57,2026-04-26,1880.29,M,1968-09-18,Cairo University,Primary,100338,,0.0,85,,,,NORM,339
5,Tanta,2019-04-15,15000,A,NORM,Normal,0,2026-04-24,Titanium Credit Card,0,300,11874.59,2873.33,2049.93,2026-04-26,525.09,M,1968-09-18,Cairo University,Primary,100338,,0.0,85,,,,NORM,339
8,Zagazig,2022-01-02,15000,A,NORM,Normal,0,2026-04-29,Cashback Card,0,150,8700.32,5891.66,438.51,2026-04-17,1325.22,F,1974-11-03,Elsewedy Capital,Primary,100339,,0.0,52,,,,NORM,340
5,Tanta,2024-07-20,15000,A,NORM,Normal,0,2026-05-01,Gold Credit Card,500,150,3558.58,10986.28,2197.12,2026-04-24,1396.4,M,1991-02-08,Cairo University,Primary,100340,,0.0,21,,,,NORM,341
5,Tanta,2022-01-12,15000,A,NORM,Normal,0,2026-04-30,Gold Credit Card,200,500,4947.75,9916.31,2633.34,2026-04-09,1961.41,M,1997-09-07,Edita Food Industries,Primary,100341,,0.0,52,,,,NORM,342
5,Tanta,2022-01-12,15000,A,NORM,Normal,0,2026-04-17,Cashback Card,200,500,12017.93,2514.57,1339.45,2026-04-17,1132.6,M,1997-09-07,Edita Food Industries,Primary,100341,,0.0,52,,,,NORM,342
5,Tanta,2019-07-28,150000,A,NORM,Normal,0,2026-04-28,World Elite Card,0,0,9700.14,140278.79,20889.07,2026-04-06,549.68,M,1998-07-09,El Sewedy Electric,Secondary,100342,,0.0,82,,,,NORM,343
10,Suez,2018-05-31,150000,A,NORM,Normal,0,2026-04-28,Platinum Credit Card,100,300,130236.69,19722.87,3196.49,2026-04-11,946.41,F,1969-07-17,Talaat Moustafa Group,Primary,100343,,0.0,96,,,,NORM,344
3,Alexandria,2023-08-15,150000,A,NORM,Normal,0,2026-04-16,World Elite Card,100,1000,29031.13,120577.27,13538.32,2026-04-07,540.9,M,1980-11-04,National Bank of Egypt,Primary,100344,,0.0,33,,,,NORM,345
3,Alexandria,2024-05-08,200000,A,NORM,Normal,0,2026-04-19,Platinum Credit Card,100,500,156750.15,42961.69,10458.62,2026-04-25,693.19,M,1968-01-14,Banque Misr,Primary,100345,,0.0,24,,,,NORM,346
3,Alexandria,2024-05-08,200000,A,NORM,Normal,0,2026-04-30,Classic Credit Card,100,500,-15355.07,184202.29,39407.17,2026-04-30,1114.9,M,1968-01-14,Banque Misr,Primary,100345,,0.0,24,,,,NORM,346
1,Cairo Main,2020-04-26,150000,A,NORM,Normal,0,2026-04-16,Platinum Credit Card,0,0,40990.12,108608.8,3615.01,2026-04-02,570.45,F,1989-12-28,IBM Egypt,Primary,100346,,0.0,73,,,,NORM,347
5,Tanta,2024-02-08,200000,A,NORM,Normal,0,2026-04-27,Platinum Credit Card,200,1000,140165.68,59502.13,19308.01,2026-04-20,1315.19,M,1985-12-15,Orascom,Primary,100347,,0.0,27,,,,NORM,348
9,Ismailia,2021-12-16,50000,A,NORM,Normal,0,2026-04-20,World Elite Card,0,1000,12334.23,37168.54,13569.61,2026-04-06,1746.49,M,1978-03-16,Self Employed,Primary,100348,,0.0,53,,,,NORM,349
9,Ismailia,2021-12-16,50000,A,NORM,Normal,0,2026-05-01,Business Credit Card,0,1000,-3714.21,45942.0,4028.03,2026-04-04,2.87,M,1978-03-16,Self Employed,Primary,100348,,0.0,53,,,,NORM,349
9,Ismailia,2021-02-24,20000,A,NORM,Normal,0,2026-04-27,Gold Credit Card,0,150,11719.55,8224.84,4682.38,2026-04-18,546.4,F,1988-11-11,Banque Misr,Secondary,100349,,0.0,63,,,,NORM,350
3,Alexandria,2023-10-01,5000,A,NORM,Normal,0,2026-04-30,Classic Credit Card,200,150,2758.56,1750.83,428.16,2026-04-15,9.34,F,1988-03-28,Cairo University,Primary,100351,,0.0,31,,,,NORM,352
5,Tanta,2020-06-06,100000,A,30DD,30 Days Delinquent,30,2026-04-27,Platinum Credit Card,100,1000,26220.14,73493.78,26888.24,2026-04-16,616.53,M,1963-11-05,Military,Primary,100352,,2867.29,71,,,,30DD,353
5,Tanta,2020-06-06,100000,A,NORM,Normal,0,2026-04-16,Travel Rewards Card,100,1000,34621.82,65067.43,10786.19,2026-04-15,1795.08,M,1963-11-05,Military,Primary,100352,,0.0,71,,,,NORM,353
5,Tanta,2020-06-06,100000,A,NORM,Normal,0,2026-04-30,World Elite Card,100,1000,45929.11,53828.69,13742.36,2026-04-23,1887.85,M,1963-11-05,Military,Primary,100352,,0.0,71,,,,NORM,353
3,Alexandria,2021-11-04,100000,A,NORM,Normal,0,2026-04-28,World Elite Card,500,500,24996.56,74937.42,16097.92,2026-04-30,1717.31,M,1992-06-26,Military,Primary,100353,,0.0,54,,,,NORM,354
9,Ismailia,2022-09-16,15000,A,NORM,Normal,0,2026-04-17,Gold Credit Card,0,1000,-917.98,13736.62,1879.06,2026-04-22,614.79,M,1990-09-12,Military,Primary,100354,,0.0,44,,,,NORM,355
9,Ismailia,2018-01-05,75000,A,NORM,Normal,0,2026-04-27,Platinum Credit Card,500,150,-1160.49,73832.33,5943.52,2026-04-06,91.12,F,1997-02-13,Government,Primary,100355,,0.0,101,,,,NORM,356
10,Suez,2024-06-17,10000,A,NORM,Normal,0,2026-04-20,Gold Credit Card,100,0,1044.94,8797.04,2603.83,2026-04-15,913.37,F,1996-02-03,Amazon Egypt,Primary,100356,,0.0,22,,,,NORM,357
5,Tanta,2018-01-23,5000,A,NORM,Normal,0,2026-04-26,Cashback Card,0,500,3580.07,1203.57,832.9,2026-04-10,1861.52,M,1968-06-23,Cairo University,Primary,100357,,0.0,100,,,,NORM,358
6,Assiut,2019-09-26,75000,A,NORM,Normal,0,2026-04-20,Titanium Credit Card,200,1000,22279.02,52242.21,8098.19,2026-04-19,277.56,F,1964-10-12,Cairo University,Secondary,100358,,0.0,80,,,,NORM,359
7,Luxor,2024-04-02,100000,A,NORM,Normal,0,2026-05-01,Platinum Credit Card,200,300,48532.12,50997.52,26304.04,2026-04-19,1449.44,F,1984-10-06,Orascom,Primary,100359,,0.0,25,,,,NORM,360
2,Giza,2020-07-30,100000,A,NORM,Normal,0,2026-04-26,Platinum Credit Card,200,1000,30374.1,69133.02,15028.92,2026-04-14,1315.69,M,1993-07-18,Orascom,Primary,100360,,0.0,70,,,,NORM,361
3,Alexandria,2024-09-24,75000,A,NORM,Normal,0,2026-04-30,Platinum Credit Card,200,0,69140.42,5623.09,5043.69,2026-04-29,351.5,M,1981-02-26,National Bank of Egypt,Primary,100361,,0.0,19,,,,NORM,362
9,Ismailia,2024-09-13,5000,A,NORM,Normal,0,2026-04-22,Gold Credit Card,0,150,1627.35,3240.14,1272.76,2026-04-23,889.45,F,1972-11-06,Orascom,Primary,100362,,0.0,19,,,,NORM,363
9,Ismailia,2020-08-06,200000,A,NORM,Normal,0,2026-04-22,Platinum Credit Card,100,0,8608.63,191258.62,37600.63,2026-04-14,575.66,M,1991-05-01,Orascom,Primary,100363,,0.0,69,,,,NORM,364
6,Assiut,2022-06-07,75000,A,NORM,Normal,0,2026-04-21,Platinum Credit Card,0,0,56937.95,17717.33,7005.79,2026-04-29,1332.72,F,1990-01-14,Cairo University,Primary,100364,,0.0,47,,,,NORM,365
6,Assiut,2021-02-06,20000,A,NORM,Normal,0,2026-04-21,Gold Credit Card,200,150,14068.17,5690.64,2564.4,2026-04-01,1297.52,F,1975-08-03,Military,Primary,100365,,0.0,63,,,,NORM,366
6,Assiut,2021-02-06,20000,A,NORM,Normal,0,2026-04-17,Cashback Card,200,150,8974.08,10730.65,3889.99,2026-04-24,1711.01,F,1975-08-03,Military,Primary,100365,,0.0,63,,,,NORM,366
6,Assiut,2021-02-06,20000,A,NORM,Normal,0,2026-04-28,Classic Credit Card,200,150,10953.65,8883.5,1676.45,2026-04-25,1330.34,F,1975-08-03,Military,Primary,100365,,0.0,63,,,,NORM,366
9,Ismailia,2021-10-24,10000,A,NORM,Normal,0,2026-04-17,World Elite Card,200,500,8776.0,1148.12,229.67,2026-04-09,1694.29,F,1973-03-14,Government,Primary,100366,,0.0,55,,,,NORM,367
9,Ismailia,2021-10-24,10000,A,NORM,Normal,0,2026-04-19,Cashback Card,200,500,6547.41,3412.1,17.43,2026-04-27,882.97,F,1973-03-14,Government,Primary,100366,,0.0,55,,,,NORM,367
9,Ismailia,2021-10-24,10000,A,NORM,Normal,0,2026-04-23,Business Credit Card,200,500,2092.38,7498.66,1137.06,2026-04-04,1091.01,F,1973-03-14,Government,Primary,100366,,0.0,55,,,,NORM,367
8,Zagazig,2023-03-03,200000,A,30DD,30 Days Delinquent,30,2026-04-24,Platinum Credit Card,0,500,161874.36,37865.76,26309.36,2026-04-22,1368.9,M,1990-07-29,Vodafone Egypt,Primary,100367,,72631.97,38,,,,30DD,368
7,Luxor,2023-10-17,150000,A,NORM,Normal,0,2026-04-22,Platinum Credit Card,0,500,27730.39,122143.16,27200.57,2026-04-10,1551.1,F,1975-11-03,Vodafone Egypt,Primary,100368,,0.0,30,,,,NORM,369
7,Luxor,2023-10-17,150000,A,NORM,Normal,0,2026-04-18,Travel Rewards Card,0,500,134387.89,15345.5,9550.55,2026-04-14,162.99,F,1975-11-03,Vodafone Egypt,Primary,100368,,0.0,30,,,,NORM,369
6,Assiut,2020-06-14,200000,A,NORM,Normal,0,2026-04-17,World Elite Card,500,150,-956.91,198581.83,39918.15,2026-04-05,766.2,M,1975-11-10,Talaat Moustafa Group,Primary,100369,,0.0,71,,,,NORM,370
4,Mansoura,2020-10-19,200000,A,30DD,30 Days Delinquent,30,2026-04-18,World Elite Card,0,0,46441.9,153221.15,11343.11,2026-04-05,1268.96,F,1969-02-04,IBM Egypt,Primary,100370,,64990.19,67,,,,30DD,371
8,Zagazig,2024-12-17,50000,A,NORM,Normal,0,2026-04-30,World Elite Card,200,500,-1464.44,48188.43,12558.41,2026-04-07,1280.39,M,1976-08-25,Self Employed,Secondary,100371,,0.0,16,,,,NORM,372
8,Zagazig,2024-12-17,50000,A,NORM,Normal,0,2026-05-01,Business Credit Card,200,500,11867.51,37800.86,2012.47,2026-04-17,741.02,M,1976-08-25,Self Employed,Secondary,100371,,0.0,16,,,,NORM,372
7,Luxor,2024-06-20,15000,A,NORM,Normal,0,2026-04-22,Gold Credit Card,500,1000,6218.95,8749.99,4080.07,2026-04-05,1852.87,M,1969-12-17,Orange Egypt,Primary,100372,,0.0,22,,,,NORM,373
8,Zagazig,2023-10-24,100000,A,NORM,Normal,0,2026-04-21,World Elite Card,100,500,46463.99,53051.75,13254.75,2026-04-12,748.66,M,1965-05-26,Edita Food Industries,Primary,100373,,0.0,30,,,,NORM,374
3,Alexandria,2020-12-12,20000,A,NORM,Normal,0,2026-04-30,Cashback Card,200,300,-24.49,19890.23,3095.1,2026-04-23,992.0,M,1984-08-09,Talaat Moustafa Group,Primary,100374,,0.0,65,,,,NORM,375
6,Assiut,2022-06-29,30000,A,NORM,Normal,0,2026-04-24,Classic Credit Card,100,0,24304.84,5640.56,4681.95,2026-04-08,697.11,F,1976-05-17,Freelancer,Secondary,100375,,0.0,46,,,,NORM,376
7,Luxor,2019-08-21,15000,A,NEW,New,0,2026-04-21,Gold Credit Card,500,500,218.53,14413.18,3442.16,2026-04-22,1166.0,M,1968-10-17,Self Employed,Secondary,100376,,0.0,81,,,,NEW,377
7,Luxor,2019-08-21,15000,A,NORM,Normal,0,2026-04-26,Business Credit Card,500,500,1278.95,13536.16,2323.49,2026-04-07,577.95,M,1968-10-17,Self Employed,Secondary,100376,,0.0,81,,,,NORM,377
6,Assiut,2023-06-17,30000,A,NORM,Normal,0,2026-04-17,Cashback Card,0,500,12748.18,16793.29,6892.71,2026-04-25,539.98,M,1995-03-24,Talaat Moustafa Group,Primary,100377,,0.0,34,,,,NORM,378
5,Tanta,2019-01-30,100000,A,NORM,Normal,0,2026-04-18,Platinum Credit Card,200,300,781.83,98826.52,17907.88,2026-04-14,402.32,M,1981-05-17,Edita Food Industries,Primary,100378,,0.0,88,,,,NORM,379
4,Mansoura,2024-06-16,150000,A,NORM,Normal,0,2026-04-30,Platinum Credit Card,500,500,-6383.15,143514.08,20910.24,2026-04-10,259.42,M,1985-11-16,Orascom,Primary,100379,,0.0,22,,,,NORM,380
4,Mansoura,2024-06-16,150000,A,NORM,Normal,0,2026-04-16,Travel Rewards Card,500,500,-7995.7,141814.13,35152.89,2026-04-03,775.74,M,1985-11-16,Orascom,Primary,100379,,0.0,22,,,,NORM,380
4,Mansoura,2024-06-16,150000,A,NORM,Normal,0,2026-04-26,Business Credit Card,500,500,28122.58,121773.61,30587.56,2026-04-30,1299.11,M,1985-11-16,Orascom,Primary,100379,,0.0,22,,,,NORM,380
3,Alexandria,2019-11-18,50000,A,30DD,30 Days Delinquent,30,2026-04-23,Titanium Credit Card,0,0,34233.79,15280.96,10868.42,2026-04-18,147.67,M,1998-12-12,Amazon Egypt,Primary,100380,,6637.77,78,,,,30DD,381
5,Tanta,2020-12-31,200000,A,NORM,Normal,0,2026-04-30,Platinum Credit Card,200,1000,17637.92,181959.73,39838.18,2026-04-15,1623.06,F,1991-11-13,Microsoft Egypt,Primary,100381,,0.0,64,,,,NORM,382
3,Alexandria,2020-08-19,30000,A,NORM,Normal,0,2026-04-24,Gold Credit Card,0,0,-18.91,29620.54,7882.67,2026-04-22,1894.22,M,1992-08-23,National Bank of Egypt,Secondary,100382,,0.0,69,,,,NORM,383
1,Cairo Main,2022-06-15,150000,A,NORM,Normal,0,2026-04-20,World Elite Card,0,500,12.8,149921.85,8909.6,2026-04-18,87.11,F,1961-03-07,National Bank of Egypt,Primary,100383,,0.0,47,,,,NORM,384
3,Alexandria,2023-11-28,15000,A,NORM,Normal,0,2026-04-30,Gold Credit Card,200,500,11009.98,3834.02,1636.49,2026-04-18,1267.0,F,1965-11-20,Vodafone Egypt,Secondary,100384,,0.0,29,,,,NORM,385
9,Ismailia,2019-07-08,150000,A,NORM,Normal,0,2026-04-16,Platinum Credit Card,500,1000,114456.57,35047.58,15021.07,2026-04-10,307.53,F,1979-12-15,Orascom,Secondary,100385,,0.0,82,,,,NORM,386
4,Mansoura,2019-01-02,100000,A,NORM,Normal,0,2026-04-24,Platinum Credit Card,100,300,-6269.19,93571.03,21728.27,2026-04-19,90.92,M,1996-02-05,Juhayna,Primary,100386,,0.0,89,,,,NORM,387
5,Tanta,2024-01-01,5000,A,NORM,Normal,0,2026-05-01,Platinum Credit Card,0,500,-96.49,4845.55,338.53,2026-04-30,532.68,F,1981-01-17,Self Employed,Primary,100387,,0.0,28,,,,NORM,388
5,Tanta,2024-01-01,5000,A,NORM,Normal,0,2026-04-26,Business Credit Card,0,500,4291.89,640.51,545.69,2026-04-10,392.64,F,1981-01-17,Self Employed,Primary,100387,,0.0,28,,,,NORM,388
5,Tanta,2024-01-01,5000,A,NORM,Normal,0,2026-04-24,Titanium Credit Card,0,500,2082.03,2541.97,628.24,2026-04-05,437.87,F,1981-01-17,Self Employed,Primary,100387,,0.0,28,,,,NORM,388
6,Assiut,2022-08-14,150000,A,NORM,Normal,0,2026-04-29,World Elite Card,500,500,41339.32,108540.75,16678.56,2026-04-13,1051.63,M,1968-06-16,Amazon Egypt,Primary,100388,,0.0,45,,,,NORM,389
9,Ismailia,2024-11-16,30000,A,NORM,Normal,0,2026-04-22,Cashback Card,200,500,5210.01,24685.04,5074.47,2026-04-16,1059.75,M,1994-04-18,Juhayna,Secondary,100389,,0.0,17,,,,NORM,390
5,Tanta,2023-02-09,200000,A,NORM,Normal,0,2026-04-16,Platinum Credit Card,100,300,97714.69,102263.41,20714.17,2026-04-19,1422.88,M,1964-12-13,Freelancer,Primary,100390,,0.0,39,,,,NORM,391
3,Alexandria,2021-03-01,30000,A,NORM,Normal,0,2026-04-27,Cashback Card,100,0,24200.68,5698.1,4721.63,2026-04-16,812.11,M,1964-08-02,Banque Misr,Primary,100391,,0.0,62,,,,NORM,392
3,Alexandria,2021-03-01,30000,A,NORM,Normal,0,2026-04-20,Classic Credit Card,100,0,15207.16,14648.37,2735.84,2026-04-16,52.45,M,1964-08-02,Banque Misr,Primary,100391,,0.0,62,,,,NORM,392
7,Luxor,2023-08-04,50000,A,NORM,Normal,0,2026-04-20,Platinum Credit Card,200,0,11518.39,38315.04,10191.12,2026-04-18,1563.54,M,1973-12-22,Freelancer,Primary,100392,,0.0,33,,,,NORM,393
9,Ismailia,2020-01-14,20000,A,NORM,Normal,0,2026-04-19,Cashback Card,100,500,14071.91,5611.17,4485.61,2026-04-10,646.15,F,1981-02-01,Talaat Moustafa Group,Primary,100393,,0.0,76,,,,NORM,394
9,Ismailia,2020-01-14,20000,A,NEW,New,0,2026-04-27,Classic Credit Card,100,500,16217.85,3533.73,4734.74,2026-04-08,327.61,F,1981-02-01,Talaat Moustafa Group,Primary,100393,,0.0,76,,,,NEW,394
8,Zagazig,2019-01-20,150000,A,NORM,Normal,0,2026-04-24,Platinum Credit Card,200,150,13614.84,136259.13,816.44,2026-04-18,1380.4,M,1992-12-25,El Sewedy Electric,Primary,100394,,0.0,88,,,,NORM,395
2,Giza,2023-05-26,30000,A,NORM,Normal,0,2026-04-28,Classic Credit Card,100,0,24323.21,5263.48,7673.19,2026-04-15,1477.98,M,1971-05-13,El Sewedy Electric,Primary,100395,,0.0,35,,,,NORM,396
3,Alexandria,2021-02-04,200000,A,NORM,Normal,0,2026-04-29,World Elite Card,0,0,139348.04,60482.02,4712.04,2026-04-09,1690.26,F,1995-08-20,CIB,Primary,100396,,0.0,63,,,,NORM,397
2,Giza,2019-10-08,100000,A,60DA,60 Days Delinquent,60,2026-04-27,Platinum Credit Card,0,0,5433.42,94541.87,16427.61,2026-04-27,1631.46,F,1971-02-27,National Bank of Egypt,Primary,100397,,50262.1,79,,,,60DA,398
3,Alexandria,2020-08-11,50000,A,NORM,Normal,0,2026-04-28,Business Credit Card,500,150,24073.07,25587.27,13742.7,2026-04-06,539.14,M,1981-11-18,Ministry of Health,Primary,100398,,0.0,69,,,,NORM,399
3,Alexandria,2020-08-11,50000,A,NORM,Normal,0,2026-04-27,Titanium Credit Card,500,150,1909.08,47947.14,4948.28,2026-04-26,522.5,M,1981-11-18,Ministry of Health,Primary,100398,,0.0,69,,,,NORM,399
5,Tanta,2023-06-11,100000,A,NORM,Normal,0,2026-04-27,Platinum Credit Card,100,1000,7935.0,91945.07,4459.9,2026-04-08,1548.0,M,1961-10-08,Ministry of Health,Primary,100399,,0.0,35,,,,NORM,400
5,Tanta,2024-09-18,150000,A,NORM,Normal,0,2026-04-26,World Elite Card,500,300,-10711.38,139193.28,20141.56,2026-04-11,1089.15,F,1998-12-02,Orascom,Primary,100400,,0.0,19,,,,NORM,401
9,Ismailia,2020-01-30,5000,A,NORM,Normal,0,2026-04-16,Gold Credit Card,200,0,889.98,3992.12,92.06,2026-04-12,1134.35,F,1977-01-01,Military,Primary,100401,,0.0,76,,,,NORM,402
9,Ismailia,2020-01-30,5000,A,NORM,Normal,0,2026-04-19,Cashback Card,200,0,725.01,4159.86,242.7,2026-04-20,233.15,F,1977-01-01,Military,Primary,100401,,0.0,76,,,,NORM,402
3,Alexandria,2021-03-05,50000,A,NEW,New,0,2026-04-23,Platinum Credit Card,0,1000,47364.63,2543.47,4210.17,2026-04-07,815.8,M,1987-07-02,Amazon Egypt,Primary,100402,,0.0,62,,,,NEW,403
1,Cairo Main,2019-03-15,100000,A,NORM,Normal,0,2026-04-17,Platinum Credit Card,500,1000,29464.33,70507.67,23028.71,2026-04-06,916.74,F,1969-01-23,El Sewedy Electric,Primary,100403,,0.0,86,,,,NORM,404
2,Giza,2020-05-04,100000,A,NEW,New,0,2026-04-25,World Elite Card,200,1000,12630.74,87334.7,8252.13,2026-04-13,0.53,F,1960-08-02,National Bank of Egypt,Secondary,100404,,0.0,72,,,,NEW,405
5,Tanta,2018-06-16,10000,A,NORM,Normal,0,2026-04-19,Classic Credit Card,0,0,5272.86,4531.08,2688.37,2026-04-23,109.5,M,1983-09-24,Juhayna,Primary,100405,,0.0,95,,,,NORM,406
9,Ismailia,2020-10-15,200000,A,NORM,Normal,0,2026-04-16,Platinum Credit Card,0,1000,19414.58,180524.43,58176.76,2026-04-17,1679.03,F,1989-06-19,Orascom,Primary,100406,,0.0,67,,,,NORM,407
3,Alexandria,2020-01-09,150000,A,NORM,Normal,0,2026-04-18,World Elite Card,500,300,-4154.54,145472.52,41136.74,2026-04-24,374.04,F,1995-07-19,Microsoft Egypt,Primary,100407,,0.0,76,,,,NORM,408
7,Luxor,2022-10-30,50000,A,NORM,Normal,0,2026-04-17,Platinum Credit Card,500,1000,11865.69,37835.2,8178.18,2026-04-15,1729.92,F,1994-04-12,Military,Primary,100408,,0.0,42,,,,NORM,409
7,Luxor,2018-05-22,30000,A,NORM,Normal,0,2026-04-27,Classic Credit Card,200,0,19877.89,10030.96,2706.52,2026-04-14,128.06,F,1960-01-04,Military,Secondary,100409,,0.0,96,,,,NORM,410
1,Cairo Main,2021-02-04,150000,A,NORM,Normal,0,2026-04-24,World Elite Card,0,0,78556.24,71360.88,44622.47,2026-04-14,393.59,F,1994-08-10,Government,Primary,100410,,0.0,63,,,,NORM,411
6,Assiut,2024-07-12,20000,A,NORM,Normal,0,2026-04-26,Gold Credit Card,0,1000,-263.0,19486.95,5566.81,2026-04-25,434.94,F,1999-11-27,Elsewedy Capital,Primary,100411,,0.0,21,,,,NORM,412
6,Assiut,2023-05-31,15000,A,NORM,Normal,0,2026-04-22,Cashback Card,0,1000,-1059.82,13867.91,3067.35,2026-04-06,1838.74,F,1995-07-26,Self Employed,Primary,100412,,0.0,35,,,,NORM,413
6,Assiut,2023-05-31,15000,A,NORM,Normal,0,2026-04-22,Business Credit Card,0,1000,-832.72,13807.73,431.53,2026-04-22,148.82,F,1995-07-26,Self Employed,Primary,100412,,0.0,35,,,,NORM,413
2,Giza,2018-08-18,50000,A,NORM,Normal,0,2026-04-20,World Elite Card,0,150,43533.21,6374.03,14810.22,2026-04-22,775.74,M,1994-12-29,IBM Egypt,Primary,100413,,0.0,93,,,,NORM,414
2,Giza,2018-08-18,50000,A,NORM,Normal,0,2026-04-24,Titanium Credit Card,0,150,22426.11,27161.82,8509.5,2026-04-12,1810.11,M,1994-12-29,IBM Egypt,Primary,100413,,0.0,93,,,,NORM,414
5,Tanta,2018-06-18,50000,A,NORM,Normal,0,2026-04-25,Titanium Credit Card,100,150,13293.77,36566.46,13633.16,2026-04-08,393.23,M,1983-07-10,Ministry of Health,Primary,100414,,0.0,95,,,,NORM,415
10,Suez,2023-08-30,10000,A,30DD,30 Days Delinquent,30,2026-04-24,Gold Credit Card,100,150,1922.51,7901.28,1026.02,2026-04-04,414.45,F,1985-10-20,Elsewedy Capital,Primary,100415,,1582.13,32,,,,30DD,416
9,Ismailia,2020-12-11,10000,A,NORM,Normal,0,2026-04-29,Cashback Card,100,150,4338.88,5189.48,1095.63,2026-04-11,1462.73,F,1977-11-27,Microsoft Egypt,Primary,100416,,0.0,65,,,,NORM,417
10,Suez,2024-04-17,200000,A,NORM,Normal,0,2026-04-23,World Elite Card,200,500,107976.02,91853.81,45746.67,2026-04-12,680.56,F,1968-10-17,Government,Primary,100417,,0.0,24,,,,NORM,418
2,Giza,2022-08-22,75000,A,NORM,Normal,0,2026-04-20,Titanium Credit Card,200,1000,37417.62,37552.78,15734.56,2026-04-25,1617.24,M,1990-02-17,IBM Egypt,Primary,100418,,0.0,44,,,,NORM,419
10,Suez,2022-12-17,200000,A,NORM,Normal,0,2026-05-01,World Elite Card,100,300,27248.95,172380.52,40854.41,2026-04-30,964.11,M,1996-11-07,Banque Misr,Primary,100419,,0.0,41,,,,NORM,420
1,Cairo Main,2024-12-18,15000,A,NORM,Normal,0,2026-04-22,Cashback Card,0,300,12265.13,2699.85,1960.79,2026-04-04,1005.91,F,1970-11-26,Juhayna,Primary,100420,,0.0,16,,,,NORM,421
9,Ismailia,2020-04-14,150000,A,NORM,Normal,0,2026-04-20,Platinum Credit Card,100,0,92300.24,57557.2,32359.3,2026-04-06,336.38,F,1969-07-03,Government,Primary,100421,,0.0,73,,,,NORM,422
9,Ismailia,2020-04-14,150000,A,NORM,Normal,0,2026-04-19,Travel Rewards Card,100,0,27348.16,122527.03,16502.98,2026-04-10,1738.88,F,1969-07-03,Government,Primary,100421,,0.0,73,,,,NORM,422
5,Tanta,2018-09-04,30000,A,NORM,Normal,0,2026-04-27,Cashback Card,0,500,17097.79,12711.72,1227.41,2026-04-04,916.15,M,1967-08-22,El Sewedy Electric,Primary,100422,,0.0,93,,,,NORM,423
5,Tanta,2018-09-04,30000,A,NEW,New,0,2026-04-27,Platinum Credit Card,0,500,26457.91,3541.75,1554.41,2026-04-04,1354.97,M,1967-08-22,El Sewedy Electric,Primary,100422,,0.0,93,,,,NEW,423
2,Giza,2021-04-13,75000,A,NORM,Normal,0,2026-04-28,Platinum Credit Card,0,150,55638.94,19027.06,5944.09,2026-04-10,1591.96,M,1960-11-08,Elsewedy Capital,Primary,100423,,0.0,61,,,,NORM,424
2,Giza,2021-04-13,75000,A,NORM,Normal,0,2026-04-18,Travel Rewards Card,0,150,-2609.63,72015.15,8279.02,2026-04-07,355.88,M,1960-11-08,Elsewedy Capital,Primary,100423,,0.0,61,,,,NORM,424
2,Giza,2021-04-13,75000,A,NORM,Normal,0,2026-05-01,World Elite Card,0,150,-1853.09,72935.5,9183.53,2026-04-17,1571.9,M,1960-11-08,Elsewedy Capital,Primary,100423,,0.0,61,,,,NORM,424
1,Cairo Main,2020-10-10,150000,A,NEW,New,0,2026-04-19,Platinum Credit Card,100,0,115316.14,34209.03,33253.58,2026-04-12,604.43,F,1961-10-13,Juhayna,Primary,100424,,0.0,67,,,,NEW,425
4,Mansoura,2021-02-03,5000,A,NORM,Normal,0,2026-04-21,Titanium Credit Card,100,150,551.99,4037.26,255.79,2026-04-21,1519.46,F,1982-06-26,Talaat Moustafa Group,Secondary,100425,,0.0,63,,,,NORM,426
4,Mansoura,2021-02-03,5000,A,30DD,30 Days Delinquent,30,2026-04-27,Classic Credit Card,100,150,318.38,4466.53,1089.7,2026-04-23,1956.63,F,1982-06-26,Talaat Moustafa Group,Secondary,100425,,1176.64,63,,,,30DD,426
7,Luxor,2024-11-13,20000,A,NORM,Normal,0,2026-04-25,Classic Credit Card,500,300,4193.57,15696.1,5210.86,2026-04-08,956.91,F,1983-05-11,Amazon Egypt,Primary,100426,,0.0,17,,,,NORM,427
3,Alexandria,2024-01-27,20000,A,NORM,Normal,0,2026-04-30,Cashback Card,100,500,16682.24,2962.13,1140.39,2026-04-27,1217.39,M,1986-01-23,Banque Misr,Primary,100427,,0.0,27,,,,NORM,428
6,Assiut,2024-04-01,150000,A,NORM,Normal,0,2026-05-01,World Elite Card,0,300,117821.64,31972.73,11135.63,2026-04-01,1238.19,F,1963-01-16,CIB,Secondary,100428,,0.0,25,,,,NORM,429
5,Tanta,2020-02-09,10000,A,NORM,Normal,0,2026-04-26,Cashback Card,200,1000,2834.14,6802.56,2844.58,2026-04-07,327.07,M,1966-10-25,Banque Misr,Primary,100429,,0.0,75,,,,NORM,430
6,Assiut,2023-05-07,15000,A,NORM,Normal,0,2026-04-22,Gold Credit Card,100,500,10117.63,4496.7,1240.36,2026-04-16,876.05,F,1963-07-26,Government,Primary,100430,,0.0,36,,,,NORM,431
6,Assiut,2023-05-07,15000,A,NORM,Normal,0,2026-04-22,Titanium Credit Card,100,500,5349.14,9325.6,3005.93,2026-04-21,326.65,F,1963-07-26,Government,Primary,100430,,0.0,36,,,,NORM,431
4,Mansoura,2022-08-01,5000,A,NORM,Normal,0,2026-05-01,Platinum Credit Card,0,150,4416.46,467.16,700.02,2026-04-09,920.41,F,1961-06-12,Talaat Moustafa Group,Secondary,100431,,0.0,45,,,,NORM,432
4,Mansoura,2022-08-01,5000,A,NORM,Normal,0,2026-04-22,Titanium Credit Card,0,150,-291.09,4674.32,54.99,2026-04-26,1999.09,F,1961-06-12,Talaat Moustafa Group,Secondary,100431,,0.0,45,,,,NORM,432
4,Mansoura,2022-08-01,5000,A,30DD,30 Days Delinquent,30,2026-04-28,Classic Credit Card,0,150,2249.48,2745.89,960.25,2026-04-26,224.94,F,1961-06-12,Talaat Moustafa Group,Secondary,100431,,1479.32,45,,,,30DD,432
8,Zagazig,2020-10-07,75000,A,NORM,Normal,0,2026-04-23,Travel Rewards Card,200,500,16707.0,57999.79,444.32,2026-04-22,1168.35,M,1999-10-25,Microsoft Egypt,Primary,100432,,0.0,67,,,,NORM,433
8,Zagazig,2020-10-07,75000,A,NORM,Normal,0,2026-04-25,Titanium Credit Card,200,500,44309.15,30301.21,1388.92,2026-04-25,1375.43,M,1999-10-25,Microsoft Egypt,Primary,100432,,0.0,67,,,,NORM,433
1,Cairo Main,2020-10-03,150000,A,NORM,Normal,0,2026-04-22,World Elite Card,500,1000,111882.38,37658.86,7784.47,2026-04-30,1136.88,M,1999-05-17,Ministry of Health,Primary,100433,,0.0,67,,,,NORM,434
5,Tanta,2021-03-17,100000,A,NORM,Normal,0,2026-04-29,World Elite Card,100,500,64858.83,34934.05,1697.95,2026-04-22,260.18,F,1994-09-14,Orascom,Primary,100434,,0.0,62,,,,NORM,435
3,Alexandria,2024-07-25,150000,A,NORM,Normal,0,2026-04-29,Platinum Credit Card,500,0,-8684.11,140892.19,30827.61,2026-04-24,58.44,M,1994-12-06,Banque Misr,Primary,100435,,0.0,21,,,,NORM,436
2,Giza,2021-08-20,15000,A,NORM,Normal,0,2026-04-17,Cashback Card,500,300,10877.08,4014.41,1639.95,2026-04-14,1099.27,M,1971-03-21,CIB,Primary,100436,,0.0,57,,,,NORM,437
10,Suez,2022-04-01,150000,A,NORM,Normal,0,2026-04-20,World Elite Card,200,1000,50402.86,99211.76,20019.25,2026-04-05,1294.96,M,1967-03-04,Microsoft Egypt,Primary,100437,,0.0,49,,,,NORM,438
1,Cairo Main,2021-06-15,30000,A,NORM,Normal,0,2026-04-19,Classic Credit Card,0,150,5343.69,24542.34,8435.1,2026-04-20,42.04,M,1978-10-27,Freelancer,Primary,100438,,0.0,59,,,,NORM,439
8,Zagazig,2023-08-05,150000,A,NORM,Normal,0,2026-04-27,Platinum Credit Card,100,150,26868.99,123065.21,20602.24,2026-04-29,130.08,F,1982-04-28,Vodafone Egypt,Primary,100439,,0.0,33,,,,NORM,440
10,Suez,2018-01-27,20000,A,NORM,Normal,0,2026-04-28,Cashback Card,100,0,9337.54,10605.03,5787.69,2026-04-27,158.55,M,1986-12-02,Ministry of Health,Primary,100440,,0.0,100,,,,NORM,441
3,Alexandria,2018-05-13,200000,A,NORM,Normal,0,2026-04-25,World Elite Card,0,0,16574.85,183062.7,50764.16,2026-04-22,1502.81,F,1998-04-20,Military,Secondary,100441,,0.0,97,,,,NORM,442
10,Suez,2024-09-02,200000,A,NORM,Normal,0,2026-04-18,Platinum Credit Card,200,0,35281.38,164700.74,6302.31,2026-04-03,1926.97,M,1989-08-24,Ministry of Health,Primary,100442,,0.0,20,,,,NORM,443
7,Luxor,2018-10-05,75000,A,NORM,Normal,0,2026-04-20,Titanium Credit Card,100,0,12561.96,62089.28,11225.42,2026-04-20,430.9,F,1996-10-17,Ministry of Health,Primary,100443,,0.0,92,,,,NORM,444
4,Mansoura,2020-05-06,200000,A,NORM,Normal,0,2026-04-27,World Elite Card,500,1000,-12433.01,187466.96,53801.34,2026-04-25,13.79,F,1991-03-19,Orange Egypt,Primary,100444,,0.0,72,,,,NORM,445
9,Ismailia,2024-12-27,50000,A,NORM,Normal,0,2026-04-26,Titanium Credit Card,500,500,33517.28,16209.85,14826.8,2026-04-20,601.28,M,1985-10-19,Banque Misr,Secondary,100445,,0.0,16,,,,NORM,446
4,Mansoura,2019-04-30,5000,A,NORM,Normal,0,2026-04-18,Classic Credit Card,100,1000,2217.19,2423.2,51.72,2026-04-11,1348.51,F,1960-01-26,Freelancer,Primary,100446,,0.0,85,,,,NORM,447
9,Ismailia,2020-05-19,5000,A,NORM,Normal,0,2026-04-28,Gold Credit Card,0,300,3520.19,1364.69,352.18,2026-04-29,1344.31,F,1996-02-27,El Sewedy Electric,Primary,100447,,0.0,72,,,,NORM,448
2,Giza,2021-09-27,50000,A,NEW,New,0,2026-04-29,Gold Credit Card,200,300,25571.8,24100.76,8626.39,2026-04-05,1666.3,F,1990-10-06,Microsoft Egypt,Secondary,100448,,0.0,55,,,,NEW,449
2,Giza,2021-09-27,50000,A,NORM,Normal,0,2026-04-30,Platinum Credit Card,200,300,165.33,49448.15,12559.97,2026-04-06,51.48,F,1990-10-06,Microsoft Egypt,Secondary,100448,,0.0,55,,,,NORM,449
8,Zagazig,2023-03-02,150000,A,NORM,Normal,0,2026-04-17,Platinum Credit Card,0,1000,92573.66,57369.21,37558.68,2026-04-03,1882.99,F,1966-12-20,Edita Food Industries,Primary,100449,,0.0,38,,,,NORM,450
9,Ismailia,2020-05-03,200000,A,NORM,Normal,0,2026-04-26,Platinum Credit Card,100,300,146180.43,53751.71,42048.33,2026-04-05,1032.7,M,1960-11-02,Edita Food Industries,Primary,100450,,0.0,72,,,,NORM,451
9,Ismailia,2020-05-03,200000,A,NORM,Normal,0,2026-04-23,Travel Rewards Card,100,300,168712.25,30921.26,20125.86,2026-04-12,1245.24,M,1960-11-02,Edita Food Industries,Primary,100450,,0.0,72,,,,NORM,451
3,Alexandria,2024-10-16,75000,A,NORM,Normal,0,2026-04-30,Titanium Credit Card,200,0,13344.22,61559.92,15923.1,2026-04-04,297.3,F,1985-08-11,Orascom,Primary,100451,,0.0,18,,,,NORM,452
6,Assiut,2021-05-24,20000,A,NORM,Normal,0,2026-04-18,Classic Credit Card,200,0,11540.28,8220.12,3195.28,2026-04-08,1250.7,M,1980-04-09,Government,Secondary,100452,,0.0,60,,,,NORM,453
1,Cairo Main,2023-05-31,150000,A,NORM,Normal,0,2026-04-29,Platinum Credit Card,200,300,117275.88,32277.0,24691.71,2026-04-02,75.05,M,1995-11-04,Banque Misr,Primary,100453,,0.0,35,,,,NORM,454
3,Alexandria,2018-05-30,100000,A,NORM,Normal,0,2026-04-17,Travel Rewards Card,0,1000,70423.41,29293.83,21887.7,2026-04-08,296.83,M,1969-03-15,Microsoft Egypt,Primary,100454,,0.0,96,,,,NORM,455
3,Alexandria,2018-05-30,100000,A,NORM,Normal,0,2026-04-24,World Elite Card,0,1000,-7980.84,91806.13,14122.39,2026-04-11,1326.44,M,1969-03-15,Microsoft Egypt,Primary,100454,,0.0,96,,,,NORM,455
9,Ismailia,2021-07-03,5000,A,NORM,Normal,0,2026-04-27,Gold Credit Card,200,150,2164.89,2829.32,4.57,2026-04-08,502.89,M,1994-05-15,Cairo University,Primary,100455,,0.0,58,,,,NORM,456
9,Ismailia,2021-07-03,5000,A,NORM,Normal,0,2026-04-24,Cashback Card,200,150,2700.82,2187.64,537.77,2026-04-08,381.99,M,1994-05-15,Cairo University,Primary,100455,,0.0,58,,,,NORM,456
8,Zagazig,2019-04-27,30000,A,NORM,Normal,0,2026-04-26,Classic Credit Card,0,1000,28291.01,1481.79,1605.73,2026-04-13,1343.67,M,1990-02-07,Banque Misr,Primary,100456,,0.0,85,,,,NORM,457
6,Assiut,2019-08-03,30000,A,NORM,Normal,0,2026-05-01,Classic Credit Card,200,1000,9138.35,20447.34,3486.38,2026-04-25,164.69,F,1972-02-27,Cairo University,Primary,100457,,0.0,82,,,,NORM,458
1,Cairo Main,2018-07-26,10000,A,NORM,Normal,0,2026-04-28,Gold Credit Card,500,150,8629.02,1076.16,2901.48,2026-04-07,1358.42,F,1981-02-11,Microsoft Egypt,Primary,100458,,0.0,94,,,,NORM,459
4,Mansoura,2023-12-26,10000,A,NORM,Normal,0,2026-04-18,Classic Credit Card,500,0,7847.88,1951.53,2644.84,2026-04-13,1902.21,F,1991-12-24,Freelancer,Primary,100459,,0.0,28,,,,NORM,460
4,Mansoura,2019-08-12,200000,A,NORM,Normal,0,2026-04-23,Platinum Credit Card,200,300,3174.51,196781.77,57856.01,2026-04-13,3.29,F,1970-01-14,Talaat Moustafa Group,Primary,100460,,0.0,81,,,,NORM,461
4,Mansoura,2019-08-12,200000,A,NORM,Normal,0,2026-04-16,Travel Rewards Card,200,300,-14337.16,185378.85,39497.34,2026-04-09,782.16,F,1970-01-14,Talaat Moustafa Group,Primary,100460,,0.0,81,,,,NORM,461
4,Mansoura,2019-08-12,200000,A,NORM,Normal,0,2026-04-25,Business Credit Card,200,300,139056.06,60933.62,31717.92,2026-04-23,437.09,F,1970-01-14,Talaat Moustafa Group,Primary,100460,,0.0,81,,,,NORM,461
2,Giza,2023-05-15,100000,A,NORM,Normal,0,2026-04-19,Platinum Credit Card,100,1000,58057.97,41768.81,11733.85,2026-04-08,1285.54,M,1975-10-07,Orascom,Primary,100461,,0.0,36,,,,NORM,462
9,Ismailia,2018-10-18,30000,A,NORM,Normal,0,2026-05-01,Cashback Card,500,150,-2729.5,26912.5,3187.99,2026-04-14,1297.21,M,1989-02-17,Ministry of Health,Primary,100462,,0.0,91,,,,NORM,463
2,Giza,2020-05-02,200000,A,NORM,Normal,0,2026-04-30,Platinum Credit Card,200,1000,173506.18,26154.43,3200.34,2026-04-24,832.18,M,1975-04-14,Amazon Egypt,Primary,100463,,0.0,73,,,,NORM,464
2,Giza,2020-05-02,200000,A,NORM,Normal,0,2026-04-30,Travel Rewards Card,200,1000,55748.49,143905.59,35432.39,2026-04-14,702.97,M,1975-04-14,Amazon Egypt,Primary,100463,,0.0,73,,,,NORM,464
8,Zagazig,2024-08-22,200000,A,30DD,30 Days Delinquent,30,2026-04-22,World Elite Card,500,150,57861.67,141922.79,47999.1,2026-04-12,1549.67,F,1965-02-16,Freelancer,Secondary,100464,,35751.82,20,,,,30DD,465
2,Giza,2024-09-08,75000,A,NORM,Normal,0,2026-05-01,Platinum Credit Card,0,150,13073.38,61717.73,8829.86,2026-04-19,1398.33,M,1990-10-01,Edita Food Industries,Secondary,100465,,0.0,20,,,,NORM,466
3,Alexandria,2023-12-17,30000,A,NORM,Normal,0,2026-04-19,Gold Credit Card,100,150,20675.13,9032.69,8718.06,2026-04-16,184.42,F,1980-04-26,Microsoft Egypt,Primary,100466,,0.0,28,,,,NORM,467
6,Assiut,2024-07-14,5000,A,NORM,Normal,0,2026-04-25,Gold Credit Card,0,300,2809.33,2135.89,1347.38,2026-04-21,826.11,M,1964-01-02,Military,Primary,100467,,0.0,21,,,,NORM,468
6,Assiut,2024-07-14,5000,A,NORM,Normal,0,2026-04-17,Business Credit Card,0,300,2702.05,2179.44,1256.38,2026-04-28,884.9,M,1964-01-02,Military,Primary,100467,,0.0,21,,,,NORM,468
6,Assiut,2024-07-14,5000,A,NORM,Normal,0,2026-04-18,Titanium Credit Card,0,300,4517.22,435.99,178.35,2026-04-15,877.77,M,1964-01-02,Military,Primary,100467,,0.0,21,,,,NORM,468
2,Giza,2021-03-01,5000,A,NORM,Normal,0,2026-04-25,Cashback Card,500,300,4587.48,0.0,1185.32,2026-04-22,1651.46,F,1998-08-19,Elsewedy Capital,Primary,100468,,0.0,62,,,,NORM,469
4,Mansoura,2019-12-12,100000,A,NORM,Normal,0,2026-04-17,Platinum Credit Card,200,500,81433.84,18197.25,3156.48,2026-04-04,708.83,M,1989-09-19,Banque Misr,Primary,100469,,0.0,77,,,,NORM,470
1,Cairo Main,2018-03-06,15000,A,NEW,New,0,2026-04-24,Business Credit Card,100,0,12039.87,2513.56,2793.58,2026-04-29,1646.49,M,1963-03-21,Self Employed,Primary,100470,,0.0,99,,,,NEW,471
10,Suez,2024-12-27,15000,A,NORM,Normal,0,2026-04-16,Cashback Card,500,500,12788.28,1738.31,265.0,2026-04-17,582.27,F,1979-02-04,Freelancer,Primary,100471,,0.0,16,,,,NORM,472
1,Cairo Main,2023-08-03,20000,A,NORM,Normal,0,2026-04-25,Cashback Card,200,0,15856.82,3701.94,2831.89,2026-04-19,1544.04,M,1985-12-03,Government,Primary,100472,,0.0,33,,,,NORM,473
10,Suez,2018-11-24,15000,A,NORM,Normal,0,2026-04-16,Gold Credit Card,0,150,-318.58,14523.68,1164.2,2026-04-08,568.91,F,1981-08-07,Government,Primary,100473,,0.0,90,,,,NORM,474
10,Suez,2018-11-24,15000,A,NORM,Normal,0,2026-04-17,Cashback Card,0,150,651.92,14347.56,470.94,2026-04-29,1091.38,F,1981-08-07,Government,Primary,100473,,0.0,90,,,,NORM,474
10,Suez,2018-11-24,15000,A,NORM,Normal,0,2026-05-01,Classic Credit Card,0,150,9764.51,5131.75,2428.98,2026-04-03,231.35,F,1981-08-07,Government,Primary,100473,,0.0,90,,,,NORM,474
10,Suez,2024-11-16,5000,A,NORM,Normal,0,2026-04-24,Classic Credit Card,500,500,252.36,4314.92,754.17,2026-04-03,514.17,F,1974-01-06,Edita Food Industries,Primary,100474,,0.0,17,,,,NORM,475
6,Assiut,2021-04-21,30000,A,NORM,Normal,0,2026-04-17,Cashback Card,200,1000,21205.71,8789.48,6168.24,2026-04-30,694.99,F,1995-10-22,Orascom,Primary,100475,,0.0,61,,,,NORM,476
3,Alexandria,2018-07-31,30000,A,NORM,Normal,0,2026-04-19,Gold Credit Card,0,150,13845.21,15756.38,1023.94,2026-04-18,168.74,M,1985-09-11,Military,Secondary,100476,,0.0,94,,,,NORM,477
3,Alexandria,2021-02-24,30000,A,NORM,Normal,0,2026-04-30,Classic Credit Card,100,1000,24721.57,5148.06,2392.75,2026-04-11,561.39,M,1987-08-16,Talaat Moustafa Group,Primary,100477,,0.0,63,,,,NORM,478
5,Tanta,2020-08-25,100000,A,NORM,Normal,0,2026-04-29,Travel Rewards Card,0,150,20337.61,79326.69,26757.18,2026-04-18,868.34,M,1995-02-06,Orascom,Secondary,100478,,0.0,69,,,,NORM,479
5,Tanta,2020-08-25,100000,A,NORM,Normal,0,2026-04-17,World Elite Card,0,150,3139.48,96776.07,13987.14,2026-04-04,264.47,M,1995-02-06,Orascom,Secondary,100478,,0.0,69,,,,NORM,479
4,Mansoura,2022-12-08,15000,A,NORM,Normal,0,2026-04-26,Gold Credit Card,0,300,3862.52,10747.22,3562.24,2026-04-29,1448.34,M,1989-08-20,El Sewedy Electric,Primary,100479,,0.0,41,,,,NORM,480
8,Zagazig,2023-05-05,150000,A,NORM,Normal,0,2026-04-18,Platinum Credit Card,500,300,118767.75,30970.64,13602.33,2026-04-05,711.4,M,1973-07-08,Elsewedy Capital,Primary,100480,,0.0,36,,,,NORM,481
5,Tanta,2023-01-13,75000,A,NORM,Normal,0,2026-04-19,Cashback Card,200,500,3691.53,71262.96,11934.03,2026-04-20,1081.86,F,1995-10-07,Edita Food Industries,Primary,100481,,0.0,40,,,,NORM,482
5,Tanta,2023-01-13,75000,A,NORM,Normal,0,2026-04-25,Platinum Credit Card,200,500,63629.04,10934.19,14057.13,2026-04-02,1699.62,F,1995-10-07,Edita Food Industries,Primary,100481,,0.0,40,,,,NORM,482
5,Tanta,2023-01-13,75000,A,NORM,Normal,0,2026-04-29,Travel Rewards Card,200,500,27920.87,46941.92,4279.34,2026-04-11,1064.48,F,1995-10-07,Edita Food Industries,Primary,100481,,0.0,40,,,,NORM,482
5,Tanta,2024-07-20,75000,A,NORM,Normal,0,2026-04-22,Platinum Credit Card,100,1000,35111.28,39610.49,9238.94,2026-04-05,607.32,F,1989-05-08,Freelancer,Primary,100482,,0.0,21,,,,NORM,483
5,Tanta,2024-07-20,75000,A,NORM,Normal,0,2026-04-24,Travel Rewards Card,100,1000,48892.94,25994.76,15206.66,2026-04-16,755.49,F,1989-05-08,Freelancer,Primary,100482,,0.0,21,,,,NORM,483
9,Ismailia,2018-02-04,10000,A,NORM,Normal,0,2026-04-17,Cashback Card,0,500,-611.55,8903.87,185.81,2026-04-20,678.9,F,1960-06-22,Vodafone Egypt,Primary,100483,,0.0,100,,,,NORM,484
4,Mansoura,2018-04-08,200000,A,NORM,Normal,0,2026-04-28,World Elite Card,0,0,78247.37,121599.65,23540.73,2026-04-24,1057.25,M,1961-07-11,National Bank of Egypt,Secondary,100484,,0.0,98,,,,NORM,485
10,Suez,2020-01-27,10000,A,NORM,Normal,0,2026-04-22,Gold Credit Card,0,500,1676.74,7968.02,48.11,2026-04-25,1864.97,F,1996-01-11,Orascom,Primary,100485,,0.0,76,,,,NORM,486
3,Alexandria,2018-10-31,30000,A,NORM,Normal,0,2026-04-25,Gold Credit Card,0,300,12346.86,17184.72,3077.03,2026-04-03,590.81,F,1995-01-08,Orange Egypt,Primary,100486,,0.0,91,,,,NORM,487
4,Mansoura,2022-05-28,15000,A,NORM,Normal,0,2026-04-26,Business Credit Card,500,150,8871.1,5970.23,3552.72,2026-04-02,222.72,M,1987-05-18,Self Employed,Secondary,100487,,0.0,47,,,,NORM,488
1,Cairo Main,2018-10-16,200000,A,NORM,Normal,0,2026-04-18,Gold Credit Card,0,0,83307.25,116325.18,49236.36,2026-04-01,88.45,F,1963-04-09,Talaat Moustafa Group,Primary,100488,,0.0,91,,,,NORM,489
1,Cairo Main,2018-10-16,200000,A,NORM,Normal,0,2026-04-17,World Elite Card,0,0,178539.59,21246.81,19040.55,2026-04-02,1004.07,F,1963-04-09,Talaat Moustafa Group,Primary,100488,,0.0,91,,,,NORM,489
10,Suez,2023-10-13,100000,A,NORM,Normal,0,2026-04-27,Business Credit Card,0,1000,22595.53,77036.95,25425.94,2026-04-19,1510.92,M,1960-03-01,Self Employed,Primary,100489,,0.0,31,,,,NORM,490
10,Suez,2022-01-10,50000,A,NORM,Normal,0,2026-04-22,Platinum Credit Card,200,1000,37944.27,11930.46,9579.27,2026-04-29,1443.8,F,1984-01-05,Juhayna,Primary,100490,,0.0,52,,,,NORM,491
4,Mansoura,2024-03-21,5000,A,NORM,Normal,0,2026-04-25,Gold Credit Card,500,0,-406.75,4476.97,861.39,2026-04-18,1054.01,F,1967-12-03,Microsoft Egypt,Primary,100491,,0.0,25,,,,NORM,492
3,Alexandria,2020-03-01,5000,A,NEW,New,0,2026-05-01,Gold Credit Card,0,1000,3419.14,1392.35,1422.71,2026-04-18,1046.35,F,1961-08-07,Cairo University,Primary,100492,,0.0,75,,,,NEW,493
1,Cairo Main,2018-08-18,50000,A,90DA,90 Days Delinquent,90,2026-04-19,Platinum Credit Card,500,1000,10446.21,39288.26,2061.69,2026-04-08,1587.31,M,1975-03-21,Orange Egypt,Primary,100493,,29894.75,93,,,,90DA,494
1,Cairo Main,2019-08-03,100000,A,60DA,60 Days Delinquent,60,2026-04-25,World Elite Card,100,150,9247.37,90474.68,25973.63,2026-04-19,44.32,M,1992-12-27,Vodafone Egypt,Primary,100494,,53588.12,82,,,,60DA,495
2,Giza,2024-11-08,15000,A,NORM,Normal,0,2026-04-22,Classic Credit Card,0,500,12549.46,2051.59,469.82,2026-04-29,1410.93,M,1980-06-18,Cairo University,Primary,100495,,0.0,17,,,,NORM,496
6,Assiut,2022-07-05,50000,A,NORM,Normal,0,2026-04-24,Gold Credit Card,0,1000,22110.26,27417.83,1135.54,2026-04-29,1824.06,M,1996-05-26,CIB,Primary,100496,,0.0,46,,,,NORM,497
6,Assiut,2022-07-05,50000,A,NORM,Normal,0,2026-04-27,Platinum Credit Card,0,1000,47302.97,2292.34,1056.59,2026-04-11,1205.8,M,1996-05-26,CIB,Primary,100496,,0.0,46,,,,NORM,497
6,Assiut,2022-07-05,50000,A,NORM,Normal,0,2026-04-25,Travel Rewards Card,0,1000,8202.2,41661.11,1304.43,2026-04-24,1557.48,M,1996-05-26,CIB,Primary,100496,,0.0,46,,,,NORM,497
3,Alexandria,2022-08-28,15000,A,NORM,Normal,0,2026-04-22,Gold Credit Card,100,1000,201.8,14472.9,3387.43,2026-04-08,289.41,M,1993-12-24,IBM Egypt,Primary,100497,,0.0,44,,,,NORM,498
3,Alexandria,2023-06-18,10000,A,NORM,Normal,0,2026-04-27,Classic Credit Card,200,500,3807.49,5735.07,667.12,2026-04-03,91.65,F,1960-09-13,Vodafone Egypt,Primary,100498,,0.0,34,,,,NORM,499
5,Tanta,2023-01-19,75000,A,NORM,Normal,0,2026-04-30,Platinum Credit Card,500,1000,20499.25,54164.09,14633.21,2026-04-05,886.57,M,1983-06-19,Elsewedy Capital,Primary,100499,,0.0,39,,,,NORM,500
5,Tanta,2023-01-19,75000,A,NORM,Normal,0,2026-04-21,Travel Rewards Card,500,1000,27658.73,47174.8,13.2,2026-04-06,380.22,M,1983-06-19,Elsewedy Capital,Primary,100499,,0.0,39,,,,NORM,500
5,Tanta,2023-01-19,75000,A,NORM,Normal,0,2026-04-19,Business Credit Card,500,1000,30627.76,43918.34,14333.22,2026-04-02,1425.96,M,1983-06-19,Elsewedy Capital,Primary,100499,,0.0,39,,,,NORM,500
7,Luxor,2024-04-03,20000,A,NORM,Normal,0,2026-04-29,Cashback Card,0,1000,6241.68,13532.15,1303.66,2026-04-18,538.25,F,1960-03-15,El Sewedy Electric,Secondary,100500,,0.0,25,,,,NORM,501
4,Mansoura,2020-05-02,30000,A,30DD,30 Days Delinquent,30,2026-04-18,Classic Credit Card,500,500,11860.53,18097.2,7454.06,2026-04-04,1469.17,M,1980-10-27,Orange Egypt,Primary,100501,,6735.05,73,,,,30DD,502
6,Assiut,2020-05-08,75000,A,NORM,Normal,0,2026-04-26,Titanium Credit Card,0,0,17384.09,57408.04,1448.78,2026-04-22,1921.48,M,1972-10-14,Talaat Moustafa Group,Secondary,100502,,0.0,72,,,,NORM,503
1,Cairo Main,2023-10-11,10000,A,NORM,Normal,0,2026-04-26,Cashback Card,200,500,1541.81,8307.32,1026.07,2026-04-16,1390.77,M,1981-10-04,National Bank of Egypt,Primary,100503,,0.0,31,,,,NORM,504
1,Cairo Main,2023-10-11,10000,A,NORM,Normal,0,2026-04-29,Titanium Credit Card,200,500,6818.09,2944.87,180.52,2026-04-18,520.86,M,1981-10-04,National Bank of Egypt,Primary,100503,,0.0,31,,,,NORM,504
2,Giza,2020-07-21,10000,A,NEW,New,0,2026-04-19,Cashback Card,100,0,-690.43,9063.27,764.75,2026-04-28,613.15,F,1974-08-18,Elsewedy Capital,Primary,100504,,0.0,70,,,,NEW,505
2,Giza,2020-07-21,10000,A,NORM,Normal,0,2026-04-18,Classic Credit Card,100,0,-367.94,9219.46,1764.52,2026-04-20,1353.21,F,1974-08-18,Elsewedy Capital,Primary,100504,,0.0,70,,,,NORM,505
3,Alexandria,2024-11-01,100000,A,NORM,Normal,0,2026-04-18,World Elite Card,500,150,85017.15,14644.42,27816.53,2026-04-10,1657.97,F,1969-09-11,Orascom,Secondary,100505,,0.0,18,,,,NORM,506
3,Alexandria,2024-05-18,5000,A,NORM,Normal,0,2026-04-16,Gold Credit Card,500,500,809.38,3787.04,835.29,2026-04-15,764.85,M,1961-06-09,Talaat Moustafa Group,Primary,100506,,0.0,23,,,,NORM,507
10,Suez,2024-11-09,15000,A,NORM,Normal,0,2026-04-28,Cashback Card,500,150,611.54,14239.63,4488.42,2026-04-06,566.24,F,1967-01-12,Cairo University,Secondary,100507,,0.0,17,,,,NORM,508
10,Suez,2024-11-09,15000,A,NORM,Normal,0,2026-04-27,Travel Rewards Card,500,150,1543.91,13319.82,3951.33,2026-04-06,1063.4,F,1967-01-12,Cairo University,Secondary,100507,,0.0,17,,,,NORM,508
10,Suez,2024-11-09,15000,A,NORM,Normal,0,2026-04-18,Classic Credit Card,500,150,5085.88,9736.08,3658.7,2026-04-06,1928.22,F,1967-01-12,Cairo University,Secondary,100507,,0.0,17,,,,NORM,508
7,Luxor,2020-10-07,20000,A,NORM,Normal,0,2026-04-26,Classic Credit Card,100,1000,2677.79,16988.4,2872.07,2026-04-18,908.55,M,1993-01-08,Edita Food Industries,Primary,100508,,0.0,67,,,,NORM,509
8,Zagazig,2023-08-28,5000,A,NORM,Normal,0,2026-04-22,Gold Credit Card,0,500,1290.51,3297.02,20.81,2026-04-06,1168.29,F,1992-11-25,Amazon Egypt,Primary,100509,,0.0,32,,,,NORM,510
7,Luxor,2019-06-28,50000,A,30DD,30 Days Delinquent,30,2026-04-20,Platinum Credit Card,0,500,34689.26,14825.55,6734.11,2026-04-11,658.47,F,1969-10-11,Juhayna,Primary,100510,,7780.65,83,,,,30DD,511
10,Suez,2023-02-07,100000,A,NORM,Normal,0,2026-04-23,Platinum Credit Card,200,500,21331.86,78198.59,5436.09,2026-04-29,876.07,M,1961-02-03,Banque Misr,Secondary,100511,,0.0,39,,,,NORM,512
10,Suez,2023-02-07,100000,A,NORM,Normal,0,2026-04-25,Travel Rewards Card,200,500,82971.18,16781.38,11931.59,2026-04-14,1220.67,M,1961-02-03,Banque Misr,Secondary,100511,,0.0,39,,,,NORM,512
6,Assiut,2018-05-14,30000,A,30DD,30 Days Delinquent,30,2026-04-17,Cashback Card,100,0,19299.46,10217.14,5059.76,2026-04-10,770.18,F,1983-10-25,Amazon Egypt,Primary,100512,,1691.09,96,,,,30DD,513
6,Assiut,2018-05-14,30000,A,NORM,Normal,0,2026-04-24,World Elite Card,100,0,16110.44,13472.15,561.93,2026-04-03,1022.89,F,1983-10-25,Amazon Egypt,Primary,100512,,0.0,96,,,,NORM,513
6,Assiut,2018-07-31,10000,A,NORM,Normal,0,2026-04-20,Cashback Card,0,300,6588.29,2978.64,1558.4,2026-04-28,1538.62,F,1999-10-31,Microsoft Egypt,Primary,100513,,0.0,94,,,,NORM,514
9,Ismailia,2020-04-18,15000,A,NORM,Normal,0,2026-05-01,Classic Credit Card,500,1000,2774.86,11738.94,3502.08,2026-04-23,262.91,M,1991-10-26,Edita Food Industries,Primary,100514,,0.0,73,,,,NORM,515
6,Assiut,2023-08-25,75000,A,NORM,Normal,0,2026-04-21,Titanium Credit Card,200,500,46771.94,27994.99,16128.14,2026-04-13,621.46,F,1971-12-29,Talaat Moustafa Group,Primary,100515,,0.0,32,,,,NORM,516
9,Ismailia,2023-12-23,30000,A,NORM,Normal,0,2026-04-23,Cashback Card,0,150,2567.29,27292.56,1402.54,2026-04-02,1640.26,F,1990-06-05,Freelancer,Primary,100516,,0.0,28,,,,NORM,517
5,Tanta,2019-03-24,15000,A,NORM,Normal,0,2026-04-30,Classic Credit Card,500,150,-1383.32,13267.24,2320.03,2026-04-18,1078.53,M,1963-06-14,Talaat Moustafa Group,Primary,100517,,0.0,86,,,,NORM,518
7,Luxor,2024-01-27,15000,A,NORM,Normal,0,2026-04-26,Business Credit Card,500,0,1639.97,12911.45,1147.24,2026-04-09,975.28,F,1990-08-11,Self Employed,Primary,100518,,0.0,27,,,,NORM,519
9,Ismailia,2021-10-07,75000,A,NORM,Normal,0,2026-04-17,Titanium Credit Card,500,1000,55910.75,19037.45,7896.44,2026-04-13,387.06,F,1988-12-01,Cairo University,Primary,100519,,0.0,55,,,,NORM,520
5,Tanta,2020-11-30,20000,A,NORM,Normal,0,2026-04-19,Business Credit Card,200,0,9277.35,10551.96,2439.82,2026-04-04,313.72,M,1967-09-14,Self Employed,Primary,100520,,0.0,65,,,,NORM,521
10,Suez,2024-01-02,30000,A,NORM,Normal,0,2026-04-16,Cashback Card,100,150,3666.27,25867.53,7602.7,2026-04-23,394.98,M,1967-03-19,Orascom,Primary,100521,,0.0,28,,,,NORM,522
10,Suez,2024-01-02,30000,A,NORM,Normal,0,2026-04-28,Travel Rewards Card,100,150,19009.0,10500.32,8152.24,2026-04-12,795.6,M,1967-03-19,Orascom,Primary,100521,,0.0,28,,,,NORM,522
10,Suez,2024-01-02,30000,A,NORM,Normal,0,2026-04-19,Business Credit Card,100,150,21405.56,8534.3,1526.54,2026-04-07,1234.66,M,1967-03-19,Orascom,Primary,100521,,0.0,28,,,,NORM,522
3,Alexandria,2020-12-02,50000,A,NORM,Normal,0,2026-04-19,Platinum Credit Card,200,300,32956.46,16722.02,6473.71,2026-04-02,344.59,M,1979-10-11,Orascom,Primary,100522,,0.0,65,,,,NORM,523
9,Ismailia,2019-05-13,5000,A,NORM,Normal,0,2026-04-26,Platinum Credit Card,0,1000,2136.59,2773.33,696.66,2026-04-10,251.92,F,1973-07-11,Microsoft Egypt,Primary,100523,,0.0,84,,,,NORM,524
9,Ismailia,2019-05-13,5000,A,NORM,Normal,0,2026-04-30,Titanium Credit Card,0,1000,2924.33,1630.78,828.07,2026-04-16,1973.8,F,1973-07-11,Microsoft Egypt,Primary,100523,,0.0,84,,,,NORM,524
9,Ismailia,2019-05-13,5000,A,NORM,Normal,0,2026-04-20,Classic Credit Card,0,1000,1560.22,3218.22,956.8,2026-04-14,920.51,F,1973-07-11,Microsoft Egypt,Primary,100523,,0.0,84,,,,NORM,524
5,Tanta,2024-06-07,15000,A,NORM,Normal,0,2026-04-27,Gold Credit Card,0,500,5683.64,9131.06,776.4,2026-04-20,1195.31,M,1993-10-30,Cairo University,Primary,100524,,0.0,23,,,,NORM,525
5,Tanta,2024-06-07,15000,A,NORM,Normal,0,2026-04-29,Cashback Card,0,500,14211.72,395.71,850.99,2026-04-06,445.41,M,1993-10-30,Cairo University,Primary,100524,,0.0,23,,,,NORM,525
5,Tanta,2022-07-04,200000,A,NORM,Normal,0,2026-04-28,World Elite Card,200,0,32738.27,167127.04,59737.63,2026-04-15,1928.14,M,1961-02-10,Elsewedy Capital,Primary,100525,,0.0,46,,,,NORM,526
4,Mansoura,2018-12-09,150000,A,NORM,Normal,0,2026-04-28,World Elite Card,500,150,34563.5,114940.56,38587.26,2026-04-28,1653.31,F,1961-01-04,Freelancer,Primary,100526,,0.0,90,,,,NORM,527
1,Cairo Main,2022-01-18,75000,A,NORM,Normal,0,2026-05-01,Platinum Credit Card,500,300,27513.48,47095.43,21778.85,2026-04-16,869.57,M,1989-11-28,Banque Misr,Primary,100527,,0.0,52,,,,NORM,528
1,Cairo Main,2022-01-18,75000,A,NORM,Normal,0,2026-04-28,Titanium Credit Card,500,300,26160.75,48505.52,4441.92,2026-04-03,419.06,M,1989-11-28,Banque Misr,Primary,100527,,0.0,52,,,,NORM,528
8,Zagazig,2024-04-16,10000,A,NORM,Normal,0,2026-04-25,Gold Credit Card,500,300,3107.56,6460.64,938.14,2026-04-13,386.33,M,1999-03-21,El Sewedy Electric,Secondary,100528,,0.0,24,,,,NORM,529
8,Zagazig,2024-04-16,10000,A,NORM,Normal,0,2026-04-20,World Elite Card,500,300,694.2,9144.6,24.35,2026-04-23,489.65,M,1999-03-21,El Sewedy Electric,Secondary,100528,,0.0,24,,,,NORM,529
3,Alexandria,2024-08-02,200000,A,NORM,Normal,0,2026-04-29,Platinum Credit Card,500,1000,134923.24,64714.54,10490.04,2026-04-07,66.13,F,1997-06-24,National Bank of Egypt,Primary,100529,,0.0,21,,,,NORM,530
2,Giza,2022-08-05,30000,A,NORM,Normal,0,2026-04-29,Gold Credit Card,100,150,26860.21,2790.74,4060.38,2026-04-06,584.47,M,1960-04-18,Amazon Egypt,Secondary,100530,,0.0,45,,,,NORM,531
8,Zagazig,2021-05-21,200000,A,NORM,Normal,0,2026-04-17,Platinum Credit Card,100,0,107113.68,92461.78,45777.83,2026-04-06,942.45,M,1961-11-22,Juhayna,Primary,100531,,0.0,60,,,,NORM,532
2,Giza,2021-03-24,75000,A,NORM,Normal,0,2026-04-27,Platinum Credit Card,0,0,47851.95,26908.01,8108.45,2026-04-13,739.38,F,1989-04-30,Orascom,Primary,100532,,0.0,62,,,,NORM,533
6,Assiut,2023-05-23,200000,A,NORM,Normal,0,2026-04-21,Platinum Credit Card,0,300,-11366.33,188184.18,48096.73,2026-04-24,613.23,M,1986-01-24,Amazon Egypt,Secondary,100533,,0.0,35,,,,NORM,534
6,Assiut,2023-05-23,200000,A,NORM,Normal,0,2026-04-24,Business Credit Card,0,300,172031.8,27871.71,23763.06,2026-04-15,873.89,M,1986-01-24,Amazon Egypt,Secondary,100533,,0.0,35,,,,NORM,534
1,Cairo Main,2021-08-02,100000,A,NORM,Normal,0,2026-04-22,World Elite Card,200,300,34032.45,65541.69,9009.0,2026-04-09,1438.71,F,1966-07-22,Banque Misr,Primary,100534,,0.0,57,,,,NORM,535
5,Tanta,2023-12-10,10000,A,NORM,Normal,0,2026-04-25,Cashback Card,100,0,4331.47,5609.99,1985.09,2026-04-01,1503.18,M,1973-01-30,Government,Primary,100535,,0.0,29,,,,NORM,536
5,Tanta,2022-01-24,10000,A,NORM,Normal,0,2026-05-01,Classic Credit Card,0,150,8024.07,1595.25,1693.61,2026-04-10,754.01,F,1990-09-30,Ministry of Health,Primary,100536,,0.0,51,,,,NORM,537
6,Assiut,2019-02-24,20000,A,NORM,Normal,0,2026-04-27,Classic Credit Card,0,500,-1516.61,18413.09,5953.5,2026-04-21,1231.98,F,1967-04-25,Banque Misr,Secondary,100537,,0.0,87,,,,NORM,538
1,Cairo Main,2021-11-27,30000,A,NORM,Normal,0,2026-04-17,Gold Credit Card,200,150,20824.94,9130.27,7465.57,2026-04-22,525.29,F,1981-07-05,IBM Egypt,Primary,100538,,0.0,53,,,,NORM,539
3,Alexandria,2019-08-07,20000,A,NORM,Normal,0,2026-04-16,Classic Credit Card,0,500,13985.46,5699.19,300.81,2026-04-11,1082.99,M,1998-06-08,Juhayna,Primary,100539,,0.0,81,,,,NORM,540
1,Cairo Main,2019-03-18,5000,A,NORM,Normal,0,2026-04-28,Gold Credit Card,0,300,2523.22,2107.85,753.96,2026-04-26,188.8,M,1968-10-22,Government,Primary,100540,,0.0,86,,,,NORM,541
2,Giza,2020-04-21,200000,A,NEW,New,0,2026-04-25,Platinum Credit Card,0,0,25261.41,174663.08,35522.73,2026-04-14,1175.05,M,1986-12-29,El Sewedy Electric,Secondary,100541,,0.0,73,,,,NEW,542
6,Assiut,2019-10-20,150000,A,NORM,Normal,0,2026-05-01,World Elite Card,0,1000,78840.56,70742.38,1842.22,2026-04-19,1562.01,M,1975-10-19,Military,Primary,100542,,0.0,79,,,,NORM,543
3,Alexandria,2024-01-10,5000,A,30DD,30 Days Delinquent,30,2026-04-29,Cashback Card,500,300,3057.22,1759.0,447.1,2026-04-17,869.15,M,1993-10-27,CIB,Primary,100543,,1373.44,28,,,,30DD,544
3,Alexandria,2024-01-10,5000,A,60DA,60 Days Delinquent,60,2026-04-30,Travel Rewards Card,500,300,-180.22,4505.75,51.66,2026-04-23,620.72,M,1993-10-27,CIB,Primary,100543,,1470.62,28,,,,60DA,544
3,Alexandria,2024-01-10,5000,A,30DD,30 Days Delinquent,30,2026-04-18,Business Credit Card,500,300,-338.28,4229.5,1474.43,2026-04-22,1041.62,M,1993-10-27,CIB,Primary,100543,,1316.83,28,,,,30DD,544
6,Assiut,2022-10-04,20000,A,NORM,Normal,0,2026-04-23,Classic Credit Card,200,0,12715.49,7184.23,4920.65,2026-04-02,422.45,F,1977-01-10,Government,Primary,100544,,0.0,43,,,,NORM,545
6,Assiut,2021-03-26,150000,A,NORM,Normal,0,2026-04-28,Platinum Credit Card,0,500,-14846.88,134974.26,11789.55,2026-04-25,1470.73,F,1991-08-12,Orange Egypt,Primary,100545,,0.0,62,,,,NORM,546
4,Mansoura,2022-07-27,30000,A,NORM,Normal,0,2026-04-27,Classic Credit Card,500,300,25665.64,4162.34,5168.85,2026-04-11,1155.85,M,1984-11-05,Amazon Egypt,Primary,100546,,0.0,45,,,,NORM,547
7,Luxor,2023-11-11,10000,A,NORM,Normal,0,2026-04-30,Gold Credit Card,0,150,3976.75,5655.55,323.29,2026-04-18,1204.54,M,1979-08-26,CIB,Primary,100547,,0.0,30,,,,NORM,548
4,Mansoura,2022-07-14,10000,A,NORM,Normal,0,2026-04-27,Cashback Card,200,1000,2982.39,6984.73,1930.33,2026-04-20,36.14,F,1986-09-08,Elsewedy Capital,Primary,100548,,0.0,46,,,,NORM,549
4,Mansoura,2022-07-14,10000,A,NORM,Normal,0,2026-04-19,Titanium Credit Card,200,1000,2870.49,6842.54,1626.1,2026-04-24,50.12,F,1986-09-08,Elsewedy Capital,Primary,100548,,0.0,46,,,,NORM,549
8,Zagazig,2024-10-06,75000,A,NORM,Normal,0,2026-05-01,Business Credit Card,100,500,-5350.47,69210.47,1676.87,2026-04-04,214.83,M,1989-11-26,Self Employed,Primary,100549,,0.0,19,,,,NORM,550
4,Mansoura,2019-07-06,5000,A,NORM,Normal,0,2026-04-18,Cashback Card,0,150,4192.69,395.22,325.03,2026-04-07,36.09,F,1988-03-09,CIB,Primary,100550,,0.0,83,,,,NORM,551
4,Mansoura,2019-07-06,5000,A,NORM,Normal,0,2026-04-23,Classic Credit Card,0,150,603.61,4246.7,947.5,2026-04-24,1789.72,F,1988-03-09,CIB,Primary,100550,,0.0,83,,,,NORM,551
5,Tanta,2024-12-27,10000,A,NORM,Normal,0,2026-04-28,Cashback Card,500,500,324.04,9674.47,1750.17,2026-04-29,743.23,M,1987-11-25,National Bank of Egypt,Primary,100551,,0.0,16,,,,NORM,552
9,Ismailia,2024-01-31,50000,A,NORM,Normal,0,2026-04-24,Platinum Credit Card,500,0,37214.95,12292.82,11865.39,2026-04-19,358.13,F,1971-09-27,Ministry of Health,Primary,100552,,0.0,27,,,,NORM,553
8,Zagazig,2018-05-15,15000,A,NORM,Normal,0,2026-05-01,Gold Credit Card,100,500,13702.4,925.09,4171.8,2026-04-09,1728.31,F,1961-08-12,Ministry of Health,Primary,100553,,0.0,96,,,,NORM,554
2,Giza,2023-07-03,150000,A,NORM,Normal,0,2026-04-21,Platinum Credit Card,100,1000,78860.4,71117.99,18531.05,2026-04-13,645.41,M,1985-07-08,Ministry of Health,Primary,100554,,0.0,34,,,,NORM,555
7,Luxor,2021-12-15,30000,A,60DA,60 Days Delinquent,60,2026-04-30,Cashback Card,0,150,63.95,29733.79,1466.85,2026-04-21,1686.79,F,1987-09-03,Edita Food Industries,Primary,100555,,13313.84,53,,,,60DA,556
6,Assiut,2019-02-03,75000,A,NORM,Normal,0,2026-04-22,Classic Credit Card,100,150,42791.66,31983.11,17838.68,2026-04-05,199.48,M,1977-01-26,IBM Egypt,Primary,100556,,0.0,88,,,,NORM,557
6,Assiut,2019-02-03,75000,A,NEW,New,0,2026-05-01,Platinum Credit Card,100,150,37052.51,37762.69,12753.15,2026-04-10,468.89,M,1977-01-26,IBM Egypt,Primary,100556,,0.0,88,,,,NEW,557
6,Assiut,2019-02-03,75000,A,NORM,Normal,0,2026-04-16,Titanium Credit Card,100,150,38108.88,36544.31,18322.27,2026-04-18,881.22,M,1977-01-26,IBM Egypt,Primary,100556,,0.0,88,,,,NORM,557
2,Giza,2021-06-02,10000,A,NORM,Normal,0,2026-04-21,Cashback Card,200,0,8107.46,1400.55,465.52,2026-04-14,1352.9,F,1998-12-23,Edita Food Industries,Primary,100557,,0.0,59,,,,NORM,558
9,Ismailia,2020-12-28,5000,A,NORM,Normal,0,2026-04-25,Business Credit Card,200,500,1488.34,3074.0,64.26,2026-04-08,1212.21,F,1978-11-22,Self Employed,Primary,100558,,0.0,65,,,,NORM,559
2,Giza,2020-04-23,50000,A,NORM,Normal,0,2026-04-27,Business Credit Card,200,150,-4264.47,45237.22,7721.66,2026-04-09,653.12,F,1990-12-28,Self Employed,Primary,100559,,0.0,73,,,,NORM,560
8,Zagazig,2018-11-05,150000,A,NEW,New,0,2026-04-25,World Elite Card,200,1000,70023.18,79659.61,21783.09,2026-04-05,1217.48,F,1988-07-03,El Sewedy Electric,Secondary,100560,,0.0,91,,,,NEW,561
10,Suez,2024-08-21,50000,A,NORM,Normal,0,2026-04-16,Titanium Credit Card,500,150,23577.35,26326.79,355.61,2026-04-16,412.3,F,1964-04-01,Talaat Moustafa Group,Primary,100561,,0.0,20,,,,NORM,562
5,Tanta,2024-01-21,50000,A,NORM,Normal,0,2026-04-22,Titanium Credit Card,500,1000,-2283.5,47232.92,11851.67,2026-04-17,1038.72,M,1979-06-02,El Sewedy Electric,Secondary,100562,,0.0,27,,,,NORM,563
10,Suez,2020-05-22,100000,A,NORM,Normal,0,2026-04-29,Platinum Credit Card,0,1000,-3537.25,96336.75,13762.63,2026-04-13,1607.56,M,1982-05-23,Talaat Moustafa Group,Primary,100563,,0.0,72,,,,NORM,564
10,Suez,2020-05-22,100000,A,NORM,Normal,0,2026-04-23,Travel Rewards Card,0,1000,-7645.67,92058.07,20740.84,2026-04-27,28.52,M,1982-05-23,Talaat Moustafa Group,Primary,100563,,0.0,72,,,,NORM,564
10,Suez,2020-05-22,100000,A,NORM,Normal,0,2026-04-19,Business Credit Card,0,1000,-2450.85,97498.66,21312.51,2026-04-08,149.93,M,1982-05-23,Talaat Moustafa Group,Primary,100563,,0.0,72,,,,NORM,564
3,Alexandria,2021-05-14,75000,A,NORM,Normal,0,2026-04-22,Platinum Credit Card,100,500,-7314.53,67201.3,11580.87,2026-04-19,1456.31,F,1993-06-25,Amazon Egypt,Secondary,100564,,0.0,60,,,,NORM,565
10,Suez,2022-07-21,20000,A,NORM,Normal,0,2026-04-23,Classic Credit Card,100,300,15856.95,3660.3,810.99,2026-04-24,1012.67,F,1970-08-04,CIB,Primary,100565,,0.0,46,,,,NORM,566
1,Cairo Main,2019-10-15,30000,A,NORM,Normal,0,2026-04-21,Gold Credit Card,100,0,24552.63,5156.04,6105.46,2026-04-25,653.66,F,1969-01-22,Banque Misr,Primary,100566,,0.0,79,,,,NORM,567
6,Assiut,2021-05-05,10000,A,NORM,Normal,0,2026-04-29,Cashback Card,0,500,5007.94,4919.01,2525.6,2026-04-17,543.13,M,1986-12-26,Amazon Egypt,Primary,100567,,0.0,60,,,,NORM,568
6,Assiut,2021-05-05,10000,A,NORM,Normal,0,2026-04-17,Travel Rewards Card,0,500,631.34,8888.19,2289.46,2026-04-06,122.49,M,1986-12-26,Amazon Egypt,Primary,100567,,0.0,60,,,,NORM,568
2,Giza,2024-07-05,150000,A,NEW,New,0,2026-04-27,World Elite Card,100,1000,-5777.4,144127.22,5814.12,2026-04-20,1177.63,M,1983-05-31,Talaat Moustafa Group,Primary,100568,,0.0,22,,,,NEW,569
10,Suez,2022-05-17,20000,A,NORM,Normal,0,2026-04-22,Classic Credit Card,100,150,14932.5,5012.71,577.43,2026-04-03,1030.21,F,1993-01-25,Amazon Egypt,Primary,100569,,0.0,48,,,,NORM,570
1,Cairo Main,2023-12-26,50000,A,NORM,Normal,0,2026-04-21,Titanium Credit Card,500,150,8151.01,41497.28,8983.67,2026-04-07,1856.16,F,1981-12-30,CIB,Secondary,100570,,0.0,28,,,,NORM,571
8,Zagazig,2022-02-15,30000,A,NORM,Normal,0,2026-04-18,Cashback Card,0,0,18318.11,11275.21,1185.43,2026-04-18,1992.47,M,1992-02-07,Vodafone Egypt,Primary,100571,,0.0,51,,,,NORM,572
6,Assiut,2019-05-15,150000,A,NORM,Normal,0,2026-05-01,Platinum Credit Card,500,300,66311.7,83229.87,38039.3,2026-04-29,154.03,F,1996-06-07,Elsewedy Capital,Primary,100572,,0.0,84,,,,NORM,573
6,Assiut,2019-05-15,150000,A,NORM,Normal,0,2026-04-17,Travel Rewards Card,500,300,17607.47,131903.97,1031.9,2026-04-17,1159.41,F,1996-06-07,Elsewedy Capital,Primary,100572,,0.0,84,,,,NORM,573
4,Mansoura,2019-10-19,100000,A,NORM,Normal,0,2026-04-24,Platinum Credit Card,200,0,93082.75,6604.43,11705.9,2026-04-16,373.52,F,1998-07-20,Edita Food Industries,Primary,100573,,0.0,79,,,,NORM,574
4,Mansoura,2019-10-19,100000,A,NORM,Normal,0,2026-04-22,Travel Rewards Card,200,0,57949.17,41558.66,5764.77,2026-04-14,198.88,F,1998-07-20,Edita Food Industries,Primary,100573,,0.0,79,,,,NORM,574
7,Luxor,2019-02-16,15000,A,NORM,Normal,0,2026-05-01,Gold Credit Card,500,1000,2934.43,11620.11,788.47,2026-04-14,1499.93,F,1999-04-30,Talaat Moustafa Group,Primary,100574,,0.0,87,,,,NORM,575
3,Alexandria,2022-12-22,15000,A,NORM,Normal,0,2026-05-01,Cashback Card,200,300,7993.32,6978.79,4416.32,2026-04-14,685.48,M,1988-04-07,Vodafone Egypt,Primary,100575,,0.0,40,,,,NORM,576
3,Alexandria,2024-08-30,75000,A,NORM,Normal,0,2026-04-26,Platinum Credit Card,200,150,-6916.6,67701.75,20701.75,2026-04-22,1049.42,F,1997-12-28,Edita Food Industries,Primary,100576,,0.0,20,,,,NORM,577
7,Luxor,2020-01-16,75000,A,NORM,Normal,0,2026-04-16,Platinum Credit Card,100,0,35292.78,39508.59,7455.57,2026-04-16,358.26,F,1976-06-27,Microsoft Egypt,Primary,100577,,0.0,76,,,,NORM,578
7,Luxor,2020-01-16,75000,A,NORM,Normal,0,2026-04-28,Travel Rewards Card,100,0,32026.58,42880.91,6450.44,2026-04-01,1906.85,F,1976-06-27,Microsoft Egypt,Primary,100577,,0.0,76,,,,NORM,578
7,Luxor,2020-01-16,75000,A,NORM,Normal,0,2026-04-17,Classic Credit Card,100,0,21848.66,53111.56,21543.23,2026-04-19,1810.35,F,1976-06-27,Microsoft Egypt,Primary,100577,,0.0,76,,,,NORM,578
7,Luxor,2022-10-23,200000,A,NORM,Normal,0,2026-04-21,Platinum Credit Card,100,1000,137019.92,62605.29,5044.59,2026-04-20,182.15,M,1987-09-21,Talaat Moustafa Group,Primary,100578,,0.0,42,,,,NORM,579
8,Zagazig,2023-07-18,10000,A,NORM,Normal,0,2026-04-18,Business Credit Card,200,300,2751.53,6761.14,1104.15,2026-04-11,511.97,F,1997-02-08,Elsewedy Capital,Primary,100579,,0.0,33,,,,NORM,580
8,Zagazig,2023-07-18,10000,A,NORM,Normal,0,2026-04-22,Classic Credit Card,200,300,475.89,9476.1,594.75,2026-04-13,283.1,F,1997-02-08,Elsewedy Capital,Primary,100579,,0.0,33,,,,NORM,580
10,Suez,2021-03-05,20000,A,NORM,Normal,0,2026-04-30,Classic Credit Card,0,300,8070.45,11608.0,1029.42,2026-04-13,1326.31,F,1969-09-01,Amazon Egypt,Primary,100580,,0.0,62,,,,NORM,581
6,Assiut,2023-02-20,10000,A,NORM,Normal,0,2026-04-19,Gold Credit Card,500,150,626.62,9335.34,2787.54,2026-04-25,628.72,F,1986-02-23,Vodafone Egypt,Primary,100581,,0.0,38,,,,NORM,582
2,Giza,2024-03-31,5000,A,NORM,Normal,0,2026-04-21,Classic Credit Card,500,300,2901.26,1739.24,218.41,2026-04-21,1682.02,M,1964-04-10,Orange Egypt,Primary,100582,,0.0,25,,,,NORM,583
7,Luxor,2022-06-05,50000,A,NORM,Normal,0,2026-04-19,Platinum Credit Card,100,1000,838.74,48667.0,1600.34,2026-04-19,274.37,F,1973-07-27,Banque Misr,Secondary,100583,,0.0,47,,,,NORM,584
7,Luxor,2022-06-05,50000,A,NORM,Normal,0,2026-04-29,Travel Rewards Card,100,1000,-1820.76,48149.01,2077.41,2026-04-03,439.21,F,1973-07-27,Banque Misr,Secondary,100583,,0.0,47,,,,NORM,584
7,Luxor,2022-06-05,50000,A,NORM,Normal,0,2026-04-22,Titanium Credit Card,100,1000,938.87,49028.17,6364.4,2026-04-04,369.83,F,1973-07-27,Banque Misr,Secondary,100583,,0.0,47,,,,NORM,584
2,Giza,2023-12-13,75000,A,NORM,Normal,0,2026-05-01,Titanium Credit Card,0,150,29116.58,45644.36,15252.49,2026-04-09,1929.05,F,1974-03-26,Banque Misr,Secondary,100584,,0.0,29,,,,NORM,585
7,Luxor,2020-12-14,200000,A,NORM,Normal,0,2026-04-16,Platinum Credit Card,100,300,119396.05,80295.37,44339.11,2026-04-02,1931.56,F,1972-09-09,Talaat Moustafa Group,Primary,100585,,0.0,65,,,,NORM,586
8,Zagazig,2020-02-13,15000,A,NORM,Normal,0,2026-04-17,Classic Credit Card,500,300,8904.35,5881.94,3332.2,2026-04-12,799.0,M,1962-05-21,Orange Egypt,Primary,100586,,0.0,75,,,,NORM,587
8,Zagazig,2022-12-14,50000,A,NEW,New,0,2026-04-17,Titanium Credit Card,0,150,19834.21,29873.94,14491.95,2026-04-01,1391.66,M,1961-10-30,Ministry of Health,Primary,100587,,0.0,41,,,,NEW,588
3,Alexandria,2019-11-21,150000,A,NORM,Normal,0,2026-04-29,World Elite Card,0,1000,90817.34,58964.64,35089.91,2026-04-28,423.38,M,1997-06-14,Talaat Moustafa Group,Primary,100588,,0.0,78,,,,NORM,589
8,Zagazig,2019-01-22,50000,A,NORM,Normal,0,2026-04-19,Platinum Credit Card,500,300,18511.28,31271.49,4349.35,2026-04-11,903.4,M,1990-05-13,Vodafone Egypt,Secondary,100589,,0.0,88,,,,NORM,590
4,Mansoura,2018-07-19,30000,A,NORM,Normal,0,2026-05-01,Cashback Card,500,0,19256.23,10648.77,5082.63,2026-04-14,1891.14,F,1998-09-21,Edita Food Industries,Primary,100591,,0.0,94,,,,NORM,592
4,Mansoura,2018-07-19,30000,A,NORM,Normal,0,2026-04-30,Classic Credit Card,500,0,25688.22,4003.8,2544.11,2026-04-20,1316.33,F,1998-09-21,Edita Food Industries,Primary,100591,,0.0,94,,,,NORM,592
2,Giza,2020-05-02,15000,A,NORM,Normal,0,2026-04-16,Gold Credit Card,100,0,8501.22,6434.71,428.18,2026-04-26,1629.12,F,1960-12-02,Microsoft Egypt,Primary,100592,,0.0,73,,,,NORM,593
2,Giza,2020-05-02,15000,A,30DD,30 Days Delinquent,30,2026-04-24,Cashback Card,100,0,10032.5,4896.31,1662.02,2026-04-12,470.94,F,1960-12-02,Microsoft Egypt,Primary,100592,,8627.89,73,,,,30DD,593
10,Suez,2022-01-10,10000,A,NORM,Normal,0,2026-04-24,Gold Credit Card,500,500,452.2,9165.82,257.14,2026-04-21,424.39,F,1965-11-21,IBM Egypt,Primary,100593,,0.0,52,,,,NORM,594
2,Giza,2022-09-27,50000,A,NORM,Normal,0,2026-04-16,Titanium Credit Card,0,0,46287.38,3675.43,14772.59,2026-04-07,614.8,F,1993-12-07,Military,Secondary,100594,,0.0,43,,,,NORM,595
8,Zagazig,2023-11-20,10000,A,NORM,Normal,0,2026-04-28,Classic Credit Card,500,300,8215.32,1493.57,119.01,2026-04-27,1207.26,M,1983-08-26,Juhayna,Secondary,100595,,0.0,29,,,,NORM,596
9,Ismailia,2021-04-25,200000,A,NORM,Normal,0,2026-04-28,World Elite Card,0,1000,130692.39,69142.36,4076.54,2026-04-27,740.15,F,1979-03-09,Orange Egypt,Primary,100596,,0.0,61,,,,NORM,597
5,Tanta,2020-11-09,200000,A,NORM,Normal,0,2026-04-16,Travel Rewards Card,500,150,75267.12,124612.94,3601.73,2026-04-24,234.87,M,1975-12-11,National Bank of Egypt,Secondary,100597,,0.0,66,,,,NORM,598
5,Tanta,2020-11-09,200000,A,NORM,Normal,0,2026-04-22,World Elite Card,500,150,176514.06,23228.05,627.78,2026-04-18,260.46,M,1975-12-11,National Bank of Egypt,Secondary,100597,,0.0,66,,,,NORM,598
7,Luxor,2021-05-04,50000,A,NORM,Normal,0,2026-04-22,Cashback Card,200,300,4331.74,45248.0,5083.77,2026-04-14,1422.52,M,1999-04-30,Cairo University,Primary,100598,,0.0,60,,,,NORM,599
7,Luxor,2021-05-04,50000,A,NORM,Normal,0,2026-04-16,Titanium Credit Card,200,300,39660.49,10116.52,12186.66,2026-04-16,692.79,M,1999-04-30,Cairo University,Primary,100598,,0.0,60,,,,NORM,599
5,Tanta,2019-03-12,75000,A,NORM,Normal,0,2026-04-29,Titanium Credit Card,0,0,45266.93,29554.58,15608.53,2026-04-10,135.0,M,1999-02-05,Ministry of Health,Primary,100599,,0.0,86,,,,NORM,600
10,Suez,2023-06-17,30000,A,30DD,30 Days Delinquent,30,2026-04-27,Cashback Card,500,300,23617.81,6117.88,2511.84,2026-04-29,1466.6,M,1992-07-24,Military,Primary,100600,,11562.31,34,,,,30DD,601
10,Suez,2023-06-17,30000,A,NORM,Normal,0,2026-04-24,Platinum Credit Card,500,300,21376.79,8322.02,1529.87,2026-04-21,883.12,M,1992-07-24,Military,Primary,100600,,0.0,34,,,,NORM,601
2,Giza,2018-03-07,20000,A,NORM,Normal,0,2026-04-19,Cashback Card,100,150,6526.29,13259.83,312.96,2026-04-21,1571.63,F,1996-08-07,Vodafone Egypt,Secondary,100601,,0.0,99,,,,NORM,602
2,Giza,2023-03-14,15000,A,NORM,Normal,0,2026-04-26,Business Credit Card,0,150,338.46,14392.26,342.1,2026-04-28,1479.65,M,1973-07-01,Self Employed,Primary,100602,,0.0,38,,,,NORM,603
8,Zagazig,2023-01-16,200000,A,NORM,Normal,0,2026-04-18,Platinum Credit Card,0,300,115369.46,84482.62,26724.03,2026-04-21,876.31,M,1960-11-17,Elsewedy Capital,Primary,100603,,0.0,40,,,,NORM,604
8,Zagazig,2024-06-28,200000,A,NORM,Normal,0,2026-04-24,Travel Rewards Card,500,150,41253.68,158396.19,27768.76,2026-04-23,1284.44,M,1993-01-23,Ministry of Health,Primary,100604,,0.0,22,,,,NORM,605
8,Zagazig,2024-06-28,200000,A,NORM,Normal,0,2026-04-21,World Elite Card,500,150,114523.43,85061.8,54217.01,2026-04-27,830.79,M,1993-01-23,Ministry of Health,Primary,100604,,0.0,22,,,,NORM,605
8,Zagazig,2024-06-28,200000,A,NORM,Normal,0,2026-04-20,Titanium Credit Card,500,150,39829.04,159761.23,47468.4,2026-04-22,687.04,M,1993-01-23,Ministry of Health,Primary,100604,,0.0,22,,,,NORM,605
6,Assiut,2018-09-18,30000,A,NORM,Normal,0,2026-04-30,Cashback Card,200,500,11388.32,18208.1,6514.92,2026-04-11,952.37,F,1984-10-25,Amazon Egypt,Primary,100605,,0.0,92,,,,NORM,606
6,Assiut,2018-09-18,30000,A,NORM,Normal,0,2026-04-25,Classic Credit Card,200,500,-1259.0,28586.63,5759.1,2026-04-20,53.6,F,1984-10-25,Amazon Egypt,Primary,100605,,0.0,92,,,,NORM,606
8,Zagazig,2022-11-30,20000,A,NORM,Normal,0,2026-04-27,Cashback Card,200,1000,8183.61,11764.45,5568.64,2026-04-27,941.51,F,1975-06-04,Government,Primary,100606,,0.0,41,,,,NORM,607
7,Luxor,2022-01-15,100000,A,30DD,30 Days Delinquent,30,2026-04-19,Platinum Credit Card,0,500,51713.81,48231.97,18790.71,2026-04-19,895.6,M,1997-05-15,Orascom,Primary,100607,,11414.57,52,,,,30DD,608
8,Zagazig,2022-08-31,100000,A,NORM,Normal,0,2026-04-26,World Elite Card,0,300,-4512.05,95304.94,23643.56,2026-04-01,653.03,F,1964-07-11,Juhayna,Primary,100608,,0.0,44,,,,NORM,609
9,Ismailia,2018-09-18,50000,A,NORM,Normal,0,2026-04-21,Platinum Credit Card,0,1000,21148.54,28707.1,7976.84,2026-04-17,312.03,M,1961-06-07,Amazon Egypt,Primary,100609,,0.0,92,,,,NORM,610
1,Cairo Main,2024-03-31,30000,A,NORM,Normal,0,2026-04-25,Cashback Card,0,0,6703.07,23219.08,7912.51,2026-04-22,875.53,F,1994-07-18,Banque Misr,Primary,100610,,0.0,25,,,,NORM,611
1,Cairo Main,2024-03-31,30000,A,NORM,Normal,0,2026-04-30,World Elite Card,0,0,20448.94,9160.01,213.04,2026-04-26,550.4,F,1994-07-18,Banque Misr,Primary,100610,,0.0,25,,,,NORM,611
10,Suez,2019-02-22,150000,A,NORM,Normal,0,2026-04-19,World Elite Card,0,150,31079.84,118634.74,1888.33,2026-04-25,680.91,F,1987-05-07,Orange Egypt,Primary,100611,,0.0,87,,,,NORM,612
9,Ismailia,2019-02-11,15000,A,NORM,Normal,0,2026-04-17,Classic Credit Card,0,150,13524.95,1036.99,480.84,2026-04-22,838.75,F,1982-05-10,IBM Egypt,Secondary,100612,,0.0,87,,,,NORM,613
8,Zagazig,2021-03-20,150000,A,NORM,Normal,0,2026-04-30,Platinum Credit Card,500,300,56098.01,93786.05,7660.83,2026-04-29,1147.16,M,1975-04-24,Orascom,Primary,100613,,0.0,62,,,,NORM,614
4,Mansoura,2022-10-23,75000,A,90DA,90 Days Delinquent,90,2026-04-25,Classic Credit Card,500,150,69221.6,5411.02,16215.13,2026-04-11,1578.44,M,1966-03-10,Amazon Egypt,Primary,100614,,15739.98,42,,,,90DA,615
4,Mansoura,2022-10-23,75000,A,NORM,Normal,0,2026-04-19,Titanium Credit Card,500,150,50181.91,24606.85,7815.92,2026-04-18,1820.8,M,1966-03-10,Amazon Egypt,Primary,100614,,0.0,42,,,,NORM,615
2,Giza,2021-07-13,75000,A,NORM,Normal,0,2026-04-23,Titanium Credit Card,0,150,49264.04,25245.49,20593.65,2026-04-14,545.06,M,1975-03-05,Orascom,Secondary,100615,,0.0,58,,,,NORM,616
7,Luxor,2024-03-17,30000,A,NORM,Normal,0,2026-04-28,Cashback Card,100,500,3848.76,26026.22,8162.71,2026-04-28,1810.95,F,1978-01-12,Edita Food Industries,Primary,100616,,0.0,25,,,,NORM,617
7,Luxor,2024-03-17,30000,A,NORM,Normal,0,2026-04-19,Travel Rewards Card,100,500,-1952.73,27602.94,1535.75,2026-04-13,983.35,F,1978-01-12,Edita Food Industries,Primary,100616,,0.0,25,,,,NORM,617
7,Luxor,2024-03-17,30000,A,NORM,Normal,0,2026-04-26,Classic Credit Card,100,500,6370.49,23155.69,3707.3,2026-04-23,193.18,F,1978-01-12,Edita Food Industries,Primary,100616,,0.0,25,,,,NORM,617
10,Suez,2022-12-17,50000,A,NORM,Normal,0,2026-04-19,Classic Credit Card,0,1000,31567.65,18017.2,4725.68,2026-04-11,945.55,F,1989-03-31,Microsoft Egypt,Primary,100617,,0.0,41,,,,NORM,618
10,Suez,2022-12-17,50000,A,NORM,Normal,0,2026-04-20,Titanium Credit Card,0,1000,41755.13,8041.0,5059.85,2026-04-17,468.71,F,1989-03-31,Microsoft Egypt,Primary,100617,,0.0,41,,,,NORM,618
9,Ismailia,2020-05-25,10000,A,NEW,New,0,2026-04-30,Cashback Card,200,150,6126.82,3767.28,2696.47,2026-04-25,990.53,M,1972-09-25,Government,Primary,100618,,0.0,72,,,,NEW,619
5,Tanta,2021-05-29,75000,A,NORM,Normal,0,2026-04-17,Platinum Credit Card,200,300,15085.61,59875.06,15408.37,2026-04-01,914.83,F,1970-10-29,Government,Primary,100619,,0.0,59,,,,NORM,620
5,Tanta,2018-01-22,100000,A,NORM,Normal,0,2026-04-21,Platinum Credit Card,100,500,48942.59,50930.51,27935.28,2026-04-11,1825.07,M,1985-09-04,Edita Food Industries,Primary,100620,,0.0,100,,,,NORM,621
5,Tanta,2018-01-22,100000,A,NORM,Normal,0,2026-04-19,Travel Rewards Card,100,500,67056.6,32700.08,8791.72,2026-04-13,65.96,M,1985-09-04,Edita Food Industries,Primary,100620,,0.0,100,,,,NORM,621
5,Tanta,2018-01-22,100000,A,NORM,Normal,0,2026-04-17,World Elite Card,100,500,31147.46,68409.18,19234.41,2026-04-09,1910.84,M,1985-09-04,Edita Food Industries,Primary,100620,,0.0,100,,,,NORM,621
4,Mansoura,2022-01-19,100000,A,NEW,New,0,2026-04-25,Platinum Credit Card,500,0,70112.88,29629.15,3542.53,2026-04-28,66.17,M,1996-11-28,CIB,Primary,100621,,0.0,52,,,,NEW,622
4,Mansoura,2018-11-16,50000,A,NORM,Normal,0,2026-04-24,Titanium Credit Card,200,1000,31069.59,18640.14,14174.7,2026-04-14,728.22,F,1980-01-05,Government,Primary,100622,,0.0,90,,,,NORM,623
7,Luxor,2019-10-30,15000,A,30DD,30 Days Delinquent,30,2026-05-01,Cashback Card,500,150,830.15,13937.12,1213.92,2026-04-05,795.07,M,1996-12-14,Government,Primary,100623,,3351.12,79,,,,30DD,624
1,Cairo Main,2019-10-05,150000,A,NORM,Normal,0,2026-04-23,Travel Rewards Card,0,0,14470.71,135389.96,30656.88,2026-04-18,819.52,F,1993-06-26,IBM Egypt,Primary,100624,,0.0,80,,,,NORM,625
1,Cairo Main,2019-10-05,150000,A,NORM,Normal,0,2026-04-19,World Elite Card,0,0,2269.0,147263.51,7619.2,2026-04-27,1447.92,F,1993-06-26,IBM Egypt,Primary,100624,,0.0,80,,,,NORM,625
1,Cairo Main,2019-10-05,150000,A,NORM,Normal,0,2026-04-16,Titanium Credit Card,0,0,84382.67,65552.43,26349.41,2026-04-24,111.38,F,1993-06-26,IBM Egypt,Primary,100624,,0.0,80,,,,NORM,625
3,Alexandria,2022-03-02,30000,A,NORM,Normal,0,2026-04-30,Gold Credit Card,0,150,24841.29,4823.54,696.59,2026-04-18,623.74,M,1965-04-13,IBM Egypt,Primary,100625,,0.0,50,,,,NORM,626
5,Tanta,2021-03-07,20000,A,NORM,Normal,0,2026-04-20,Gold Credit Card,200,0,-469.93,19455.66,3664.3,2026-04-17,527.08,M,1999-11-18,Orascom,Primary,100626,,0.0,62,,,,NORM,627
5,Tanta,2021-03-07,20000,A,NORM,Normal,0,2026-04-17,Cashback Card,200,0,13712.85,5908.36,1591.1,2026-04-15,1733.75,M,1999-11-18,Orascom,Primary,100626,,0.0,62,,,,NORM,627
10,Suez,2021-10-15,75000,A,NORM,Normal,0,2026-05-01,Travel Rewards Card,100,150,44493.49,30277.31,19771.14,2026-04-20,411.17,F,1980-04-16,Self Employed,Primary,100627,,0.0,55,,,,NORM,628
10,Suez,2021-10-15,75000,A,NORM,Normal,0,2026-04-26,Business Credit Card,100,150,57622.96,17292.85,21359.89,2026-04-04,1960.72,F,1980-04-16,Self Employed,Primary,100627,,0.0,55,,,,NORM,628
6,Assiut,2024-12-29,75000,A,NORM,Normal,0,2026-04-19,Titanium Credit Card,200,1000,45069.41,29544.78,22098.65,2026-04-05,19.22,M,1964-01-03,Microsoft Egypt,Secondary,100628,,0.0,16,,,,NORM,629
2,Giza,2019-11-10,5000,A,NORM,Normal,0,2026-04-30,Cashback Card,200,1000,4210.34,611.02,129.63,2026-04-12,1822.83,M,1998-11-04,Cairo University,Primary,100629,,0.0,78,,,,NORM,630
10,Suez,2024-06-20,5000,A,NORM,Normal,0,2026-04-19,Gold Credit Card,0,0,1562.82,3319.52,1292.21,2026-04-09,970.44,M,1984-04-21,Cairo University,Secondary,100630,,0.0,22,,,,NORM,631
4,Mansoura,2024-07-01,100000,A,NORM,Normal,0,2026-04-26,Platinum Credit Card,0,500,2112.64,97480.25,15260.41,2026-04-27,695.28,M,1997-03-20,National Bank of Egypt,Primary,100631,,0.0,22,,,,NORM,632
4,Mansoura,2024-07-01,100000,A,NORM,Normal,0,2026-04-19,Travel Rewards Card,0,500,61564.85,38345.88,29026.14,2026-04-28,1193.71,M,1997-03-20,National Bank of Egypt,Primary,100631,,0.0,22,,,,NORM,632
1,Cairo Main,2023-12-03,50000,A,NEW,New,0,2026-04-20,Platinum Credit Card,0,1000,35044.89,14889.74,12721.3,2026-04-26,493.52,M,1998-07-24,Microsoft Egypt,Primary,100632,,0.0,29,,,,NEW,633
2,Giza,2021-06-10,75000,A,NORM,Normal,0,2026-04-19,Titanium Credit Card,100,0,35966.77,38868.06,19374.09,2026-04-01,173.28,M,1966-12-01,Orascom,Primary,100633,,0.0,59,,,,NORM,634
3,Alexandria,2021-08-20,30000,A,NORM,Normal,0,2026-04-20,Cashback Card,100,500,18408.54,11510.56,6029.0,2026-04-03,1681.3,F,1978-07-08,Microsoft Egypt,Secondary,100634,,0.0,57,,,,NORM,635
3,Alexandria,2021-08-20,30000,A,NORM,Normal,0,2026-05-01,Platinum Credit Card,100,500,13394.55,16174.14,2119.98,2026-04-17,999.3,F,1978-07-08,Microsoft Egypt,Secondary,100634,,0.0,57,,,,NORM,635
3,Alexandria,2021-08-20,30000,A,NORM,Normal,0,2026-04-25,Classic Credit Card,100,500,4399.35,25269.2,428.86,2026-04-24,943.81,F,1978-07-08,Microsoft Egypt,Secondary,100634,,0.0,57,,,,NORM,635
6,Assiut,2024-03-15,75000,A,NORM,Normal,0,2026-04-26,Titanium Credit Card,100,0,59459.69,15484.12,18747.08,2026-04-12,1703.8,F,1980-11-06,National Bank of Egypt,Primary,100635,,0.0,25,,,,NORM,636
4,Mansoura,2024-03-22,15000,A,NORM,Normal,0,2026-04-16,Gold Credit Card,0,1000,4891.55,9786.23,106.18,2026-04-30,1177.68,M,1994-03-23,Juhayna,Primary,100636,,0.0,25,,,,NORM,637
9,Ismailia,2020-10-01,150000,A,NORM,Normal,0,2026-04-16,Platinum Credit Card,200,150,22576.61,127410.77,8388.71,2026-04-26,1997.54,M,1967-07-18,Amazon Egypt,Primary,100637,,0.0,67,,,,NORM,638
9,Ismailia,2020-10-01,150000,A,NORM,Normal,0,2026-04-16,Travel Rewards Card,200,150,16769.84,133025.58,36639.57,2026-04-22,1747.45,M,1967-07-18,Amazon Egypt,Primary,100637,,0.0,67,,,,NORM,638
9,Ismailia,2020-10-01,150000,A,NORM,Normal,0,2026-04-29,World Elite Card,200,150,73249.53,76633.04,9995.21,2026-04-05,529.73,M,1967-07-18,Amazon Egypt,Primary,100637,,0.0,67,,,,NORM,638
10,Suez,2022-04-07,50000,A,NORM,Normal,0,2026-04-16,Titanium Credit Card,0,150,6335.8,43428.06,6743.62,2026-04-25,1655.67,M,1971-04-03,El Sewedy Electric,Primary,100638,,0.0,49,,,,NORM,639
3,Alexandria,2024-03-29,30000,A,NORM,Normal,0,2026-04-23,Cashback Card,200,300,2525.86,27402.2,3668.76,2026-04-07,1748.07,F,1992-07-10,Amazon Egypt,Secondary,100639,,0.0,25,,,,NORM,640
4,Mansoura,2021-08-10,50000,A,NORM,Normal,0,2026-04-24,Titanium Credit Card,0,150,3284.65,46303.74,11121.41,2026-04-26,1457.87,M,1989-09-15,El Sewedy Electric,Primary,100640,,0.0,57,,,,NORM,641
3,Alexandria,2024-03-26,100000,A,NORM,Normal,0,2026-04-25,World Elite Card,0,500,88688.29,10946.23,26164.6,2026-04-14,282.62,M,1978-07-14,Microsoft Egypt,Primary,100641,,0.0,25,,,,NORM,642
6,Assiut,2019-12-27,5000,A,NORM,Normal,0,2026-04-20,Classic Credit Card,500,0,3064.99,1848.08,1374.83,2026-04-28,1223.44,M,1977-05-07,CIB,Primary,100642,,0.0,77,,,,NORM,643
4,Mansoura,2024-11-17,30000,A,NORM,Normal,0,2026-05-01,Gold Credit Card,200,0,25664.32,4127.46,677.75,2026-04-14,1179.05,F,1964-01-14,Elsewedy Capital,Primary,100643,,0.0,17,,,,NORM,644
1,Cairo Main,2022-06-11,10000,A,NORM,Normal,0,2026-04-23,Gold Credit Card,100,1000,6887.2,2812.9,1683.92,2026-04-29,38.83,M,1968-10-17,Talaat Moustafa Group,Primary,100644,,0.0,47,,,,NORM,645
10,Suez,2018-09-25,200000,A,NORM,Normal,0,2026-04-22,Travel Rewards Card,100,1000,62747.66,137163.84,8795.52,2026-04-22,658.62,F,1967-11-15,Banque Misr,Primary,100645,,0.0,92,,,,NORM,646
10,Suez,2018-09-25,200000,A,NORM,Normal,0,2026-04-24,World Elite Card,100,1000,81619.84,118079.01,8165.14,2026-04-15,1594.52,F,1967-11-15,Banque Misr,Primary,100645,,0.0,92,,,,NORM,646
10,Suez,2024-04-13,100000,A,NORM,Normal,0,2026-04-28,Cashback Card,500,300,64641.84,35115.97,5561.07,2026-04-26,1600.93,M,1971-05-06,Vodafone Egypt,Primary,100646,,0.0,24,,,,NORM,647
10,Suez,2024-04-13,100000,A,90DA,90 Days Delinquent,90,2026-04-25,Platinum Credit Card,500,300,15001.83,84838.13,11770.55,2026-04-03,1554.63,M,1971-05-06,Vodafone Egypt,Primary,100646,,46740.06,24,,,,90DA,647
10,Suez,2024-04-13,100000,A,NORM,Normal,0,2026-04-19,World Elite Card,500,300,87896.09,11882.62,10844.75,2026-04-28,676.5,M,1971-05-06,Vodafone Egypt,Primary,100646,,0.0,24,,,,NORM,647
6,Assiut,2018-06-28,20000,A,NORM,Normal,0,2026-04-26,Gold Credit Card,500,300,14394.6,5571.15,25.29,2026-04-18,1549.83,M,1983-03-15,Orange Egypt,Primary,100647,,0.0,95,,,,NORM,648
10,Suez,2018-04-14,20000,A,NORM,Normal,0,2026-04-18,Cashback Card,200,0,10450.66,9386.85,637.44,2026-04-24,852.19,M,1996-03-24,Amazon Egypt,Primary,100648,,0.0,97,,,,NORM,649
10,Suez,2018-04-14,20000,A,NORM,Normal,0,2026-04-27,Titanium Credit Card,200,0,17936.19,1588.62,4967.65,2026-04-20,1282.82,M,1996-03-24,Amazon Egypt,Primary,100648,,0.0,97,,,,NORM,649
10,Suez,2018-04-14,20000,A,NORM,Normal,0,2026-04-29,Classic Credit Card,200,0,13621.29,5925.33,2873.42,2026-04-09,1024.07,M,1996-03-24,Amazon Egypt,Primary,100648,,0.0,97,,,,NORM,649
10,Suez,2021-10-01,30000,A,NORM,Normal,0,2026-04-28,Classic Credit Card,200,0,25240.11,4430.71,4081.27,2026-04-24,1165.9,F,1995-10-05,Elsewedy Capital,Primary,100649,,0.0,55,,,,NORM,650
10,Suez,2022-12-02,10000,A,NORM,Normal,0,2026-04-30,Classic Credit Card,0,0,1762.44,8037.75,2779.28,2026-04-03,1550.56,F,1987-10-16,Freelancer,Primary,100650,,0.0,41,,,,NORM,651
1,Cairo Main,2022-12-16,5000,A,NEW,New,0,2026-04-29,Gold Credit Card,0,0,1771.31,2881.16,1286.58,2026-04-20,1939.88,M,1995-12-29,Juhayna,Primary,100651,,0.0,41,,,,NEW,652
7,Luxor,2024-12-03,75000,A,NORM,Normal,0,2026-04-29,Platinum Credit Card,500,500,50571.38,24218.36,19665.16,2026-04-19,1883.09,M,1964-04-19,Elsewedy Capital,Primary,100652,,0.0,17,,,,NORM,653
7,Luxor,2024-12-03,75000,A,NORM,Normal,0,2026-04-26,Travel Rewards Card,500,500,71107.31,3686.46,9963.43,2026-04-29,275.82,M,1964-04-19,Elsewedy Capital,Primary,100652,,0.0,17,,,,NORM,653
9,Ismailia,2024-08-04,20000,A,NORM,Normal,0,2026-04-20,Cashback Card,0,1000,18652.27,1061.68,3440.11,2026-04-05,1372.56,M,1974-09-21,CIB,Secondary,100653,,0.0,21,,,,NORM,654
5,Tanta,2022-09-21,100000,A,NORM,Normal,0,2026-04-23,World Elite Card,100,0,14622.13,85044.56,22138.57,2026-04-24,1947.67,M,1975-12-10,Military,Primary,100654,,0.0,43,,,,NORM,655
9,Ismailia,2022-01-05,30000,A,NORM,Normal,0,2026-04-16,Cashback Card,200,1000,262.99,29527.96,3868.43,2026-04-27,935.84,F,1989-03-26,Cairo University,Primary,100655,,0.0,52,,,,NORM,656
9,Ismailia,2022-01-05,30000,A,NORM,Normal,0,2026-04-26,Classic Credit Card,200,1000,19308.37,10554.92,1629.96,2026-04-27,1359.45,F,1989-03-26,Cairo University,Primary,100655,,0.0,52,,,,NORM,656
10,Suez,2019-08-16,5000,A,NORM,Normal,0,2026-04-16,Cashback Card,0,500,2889.97,1704.99,1190.94,2026-04-04,383.6,F,1989-07-02,Elsewedy Capital,Primary,100656,,0.0,81,,,,NORM,657
2,Giza,2020-02-15,100000,A,NORM,Normal,0,2026-04-24,Platinum Credit Card,200,1000,60156.06,39407.0,20474.27,2026-04-30,514.75,F,1975-04-27,Freelancer,Primary,100657,,0.0,75,,,,NORM,658
8,Zagazig,2018-06-22,100000,A,NORM,Normal,0,2026-04-20,Travel Rewards Card,100,150,37638.64,62310.89,19849.07,2026-04-12,1080.9,F,1999-04-20,Elsewedy Capital,Primary,100658,,0.0,95,,,,NORM,659
8,Zagazig,2018-06-22,100000,A,NORM,Normal,0,2026-04-16,World Elite Card,100,150,24327.43,75419.51,6173.68,2026-04-25,202.24,F,1999-04-20,Elsewedy Capital,Primary,100658,,0.0,95,,,,NORM,659
8,Zagazig,2018-06-22,100000,A,NORM,Normal,0,2026-04-21,Titanium Credit Card,100,150,11763.41,87758.6,2627.31,2026-04-24,1300.38,F,1999-04-20,Elsewedy Capital,Primary,100658,,0.0,95,,,,NORM,659
4,Mansoura,2020-01-25,5000,A,NORM,Normal,0,2026-04-17,Gold Credit Card,0,1000,4669.69,0.0,1494.34,2026-04-28,1926.08,M,1977-12-15,IBM Egypt,Primary,100659,,0.0,76,,,,NORM,660
10,Suez,2022-01-14,5000,A,NORM,Normal,0,2026-04-24,Gold Credit Card,100,150,4559.18,0.0,1340.74,2026-04-18,1859.53,F,1994-05-04,Vodafone Egypt,Primary,100660,,0.0,52,,,,NORM,661
4,Mansoura,2020-03-13,5000,A,NORM,Normal,0,2026-04-23,Cashback Card,100,500,1328.24,3448.64,127.67,2026-04-19,1730.7,M,1968-01-04,Orascom,Primary,100661,,0.0,74,,,,NORM,662
4,Mansoura,2020-03-13,5000,A,NORM,Normal,0,2026-04-21,Classic Credit Card,100,500,4418.13,264.99,1417.52,2026-04-25,605.39,M,1968-01-04,Orascom,Primary,100661,,0.0,74,,,,NORM,662
8,Zagazig,2022-02-23,50000,A,NORM,Normal,0,2026-04-27,Classic Credit Card,0,150,16533.77,33180.51,2111.13,2026-04-09,65.21,M,1970-10-09,Orascom,Primary,100662,,0.0,50,,,,NORM,663
8,Zagazig,2022-02-23,50000,A,NEW,New,0,2026-04-23,Travel Rewards Card,0,150,1979.95,47546.75,8878.01,2026-04-07,681.98,M,1970-10-09,Orascom,Primary,100662,,0.0,50,,,,NEW,663
8,Zagazig,2022-02-23,50000,A,NORM,Normal,0,2026-04-17,Titanium Credit Card,0,150,-2818.37,46717.01,13967.85,2026-04-19,236.99,M,1970-10-09,Orascom,Primary,100662,,0.0,50,,,,NORM,663
7,Luxor,2022-03-13,50000,A,NORM,Normal,0,2026-04-29,Platinum Credit Card,0,1000,25077.44,24579.21,1499.69,2026-04-12,854.44,M,1991-02-23,Military,Secondary,100663,,0.0,50,,,,NORM,664
6,Assiut,2018-08-07,30000,A,NORM,Normal,0,2026-04-22,Cashback Card,100,0,26655.07,3046.47,1759.27,2026-04-01,644.49,F,1971-02-01,Banque Misr,Primary,100664,,0.0,94,,,,NORM,665
6,Assiut,2018-08-07,30000,A,NORM,Normal,0,2026-04-28,Titanium Credit Card,100,0,7669.43,22230.42,8285.81,2026-04-17,1573.38,F,1971-02-01,Banque Misr,Primary,100664,,0.0,94,,,,NORM,665
3,Alexandria,2022-05-09,150000,A,NORM,Normal,0,2026-04-18,Platinum Credit Card,100,300,94042.27,55533.38,3678.06,2026-04-27,1652.07,F,1982-10-25,IBM Egypt,Primary,100665,,0.0,48,,,,NORM,666
8,Zagazig,2024-07-08,75000,A,NORM,Normal,0,2026-04-24,Platinum Credit Card,100,150,11479.35,63294.31,446.37,2026-04-06,765.11,F,1972-01-14,Cairo University,Secondary,100666,,0.0,22,,,,NORM,667
5,Tanta,2022-03-25,200000,A,NORM,Normal,0,2026-04-20,Platinum Credit Card,100,0,84612.7,115257.47,243.67,2026-04-11,1926.52,F,1979-01-24,Orascom,Primary,100667,,0.0,49,,,,NORM,668
5,Tanta,2022-03-25,200000,A,NORM,Normal,0,2026-04-22,Travel Rewards Card,100,0,16556.74,183216.55,31718.88,2026-04-06,1712.53,F,1979-01-24,Orascom,Primary,100667,,0.0,49,,,,NORM,668
5,Tanta,2022-03-25,200000,A,NORM,Normal,0,2026-04-18,Classic Credit Card,100,0,61452.69,138162.5,8425.61,2026-04-11,892.61,F,1979-01-24,Orascom,Primary,100667,,0.0,49,,,,NORM,668
10,Suez,2023-03-21,150000,A,NORM,Normal,0,2026-04-25,Platinum Credit Card,500,500,-6711.74,143243.72,19351.48,2026-04-11,130.37,F,1961-11-05,Military,Primary,100668,,0.0,37,,,,NORM,669
5,Tanta,2018-04-12,15000,A,NORM,Normal,0,2026-04-17,Cashback Card,0,300,164.99,14646.5,1997.05,2026-04-01,627.04,M,1977-02-24,Freelancer,Primary,100669,,0.0,98,,,,NORM,670
9,Ismailia,2018-11-17,30000,A,NORM,Normal,0,2026-05-01,Classic Credit Card,200,0,14583.29,15071.59,4422.59,2026-04-22,1777.3,M,1988-11-14,Elsewedy Capital,Primary,100670,,0.0,90,,,,NORM,671
5,Tanta,2021-01-29,20000,A,NORM,Normal,0,2026-04-28,Cashback Card,200,0,10758.19,9169.9,2181.73,2026-04-23,906.1,F,1993-06-05,Military,Primary,100671,,0.0,63,,,,NORM,672
5,Tanta,2021-01-29,20000,A,NORM,Normal,0,2026-04-28,Travel Rewards Card,200,0,14784.39,5085.36,5027.57,2026-04-17,589.92,F,1993-06-05,Military,Primary,100671,,0.0,63,,,,NORM,672
5,Tanta,2021-01-29,20000,A,NORM,Normal,0,2026-04-17,World Elite Card,200,0,15759.22,3789.49,1631.12,2026-04-23,251.4,F,1993-06-05,Military,Primary,100671,,0.0,63,,,,NORM,672
7,Luxor,2024-07-03,5000,A,NORM,Normal,0,2026-04-30,Business Credit Card,100,500,1265.57,3561.58,627.25,2026-04-12,1163.74,M,1996-11-12,Self Employed,Primary,100672,,0.0,22,,,,NORM,673
4,Mansoura,2024-08-01,150000,A,NORM,Normal,0,2026-04-20,Platinum Credit Card,0,300,5400.78,144132.35,33858.42,2026-04-11,784.63,M,1983-02-20,Freelancer,Primary,100673,,0.0,21,,,,NORM,674
4,Mansoura,2024-08-01,150000,A,NORM,Normal,0,2026-04-26,Travel Rewards Card,0,300,100170.65,49720.32,14854.01,2026-04-20,1014.18,M,1983-02-20,Freelancer,Primary,100673,,0.0,21,,,,NORM,674
8,Zagazig,2024-04-06,5000,A,NORM,Normal,0,2026-04-18,Classic Credit Card,200,0,496.6,4033.13,222.85,2026-04-11,972.38,F,1980-03-08,IBM Egypt,Secondary,100674,,0.0,25,,,,NORM,675
4,Mansoura,2022-10-10,75000,A,NORM,Normal,0,2026-04-20,Platinum Credit Card,0,150,57309.17,17536.49,21003.23,2026-04-13,1235.18,M,1978-10-20,Ministry of Health,Secondary,100675,,0.0,43,,,,NORM,676
10,Suez,2024-06-08,75000,A,NORM,Normal,0,2026-04-20,Titanium Credit Card,0,1000,40259.79,34299.19,10488.09,2026-04-23,1023.63,F,1987-04-07,Microsoft Egypt,Primary,100676,,0.0,23,,,,NORM,677
10,Suez,2021-06-01,10000,A,NORM,Normal,0,2026-04-23,Cashback Card,100,0,7408.87,2303.34,425.28,2026-04-08,453.16,F,1980-04-02,Orascom,Primary,100677,,0.0,59,,,,NORM,678
7,Luxor,2020-04-23,20000,A,NORM,Normal,0,2026-04-29,Classic Credit Card,500,0,2119.11,17678.27,3015.54,2026-04-27,922.92,F,1972-09-24,Juhayna,Primary,100678,,0.0,73,,,,NORM,679
7,Luxor,2019-10-06,10000,A,NORM,Normal,0,2026-04-21,Gold Credit Card,0,500,7480.17,2334.37,636.54,2026-04-10,1193.94,M,1977-07-17,Banque Misr,Primary,100679,,0.0,79,,,,NORM,680
7,Luxor,2023-04-29,15000,A,NORM,Normal,0,2026-04-30,Gold Credit Card,100,1000,13891.38,805.87,4163.61,2026-04-05,849.98,F,1996-09-08,Military,Primary,100680,,0.0,36,,,,NORM,681
8,Zagazig,2022-06-24,200000,A,NORM,Normal,0,2026-04-23,Platinum Credit Card,500,500,109220.46,90528.26,39439.42,2026-04-11,1076.24,M,1962-11-14,Elsewedy Capital,Primary,100681,,0.0,46,,,,NORM,682
6,Assiut,2021-05-03,75000,A,NORM,Normal,0,2026-04-27,Platinum Credit Card,100,1000,55666.77,19029.86,16447.83,2026-04-08,1041.02,F,1991-05-31,Military,Primary,100682,,0.0,60,,,,NORM,683
6,Assiut,2021-05-03,75000,A,NORM,Normal,0,2026-04-22,Travel Rewards Card,100,1000,41944.94,32994.36,13058.71,2026-04-08,1824.75,F,1991-05-31,Military,Primary,100682,,0.0,60,,,,NORM,683
2,Giza,2018-06-28,20000,A,NORM,Normal,0,2026-04-29,Cashback Card,200,0,16839.01,2808.58,1579.85,2026-04-01,712.45,M,1977-08-26,Orascom,Secondary,100683,,0.0,95,,,,NORM,684
2,Giza,2018-11-10,10000,A,NORM,Normal,0,2026-04-19,Gold Credit Card,100,300,8168.51,1394.39,1739.38,2026-04-16,294.06,M,1976-07-16,Government,Primary,100684,,0.0,90,,,,NORM,685
2,Giza,2018-11-10,10000,A,NEW,New,0,2026-04-22,Cashback Card,100,300,4777.58,4746.38,1483.87,2026-04-29,45.18,M,1976-07-16,Government,Primary,100684,,0.0,90,,,,NEW,685
2,Giza,2023-03-07,75000,A,NORM,Normal,0,2026-04-17,Platinum Credit Card,0,300,5012.14,69652.99,10909.93,2026-04-08,1983.63,M,1988-08-28,Edita Food Industries,Primary,100685,,0.0,38,,,,NORM,686
2,Giza,2023-03-07,75000,A,NORM,Normal,0,2026-04-24,Travel Rewards Card,0,300,8333.47,66540.79,10392.38,2026-04-18,99.98,M,1988-08-28,Edita Food Industries,Primary,100685,,0.0,38,,,,NORM,686
8,Zagazig,2023-03-05,10000,A,NORM,Normal,0,2026-04-16,Classic Credit Card,500,150,9128.16,431.08,1711.02,2026-04-11,640.94,F,1981-09-29,National Bank of Egypt,Secondary,100686,,0.0,38,,,,NORM,687
1,Cairo Main,2019-02-16,15000,A,NORM,Normal,0,2026-04-28,Cashback Card,500,150,-1492.71,13493.21,3167.97,2026-04-19,1242.92,M,1987-03-24,Juhayna,Primary,100687,,0.0,87,,,,NORM,688
3,Alexandria,2022-01-06,15000,A,NORM,Normal,0,2026-04-18,Cashback Card,100,500,6180.73,8405.99,4348.25,2026-04-22,205.09,M,1979-10-07,El Sewedy Electric,Secondary,100688,,0.0,52,,,,NORM,689
3,Alexandria,2022-01-06,15000,A,NORM,Normal,0,2026-04-27,World Elite Card,100,500,2783.15,11860.78,281.45,2026-04-29,1127.18,M,1979-10-07,El Sewedy Electric,Secondary,100688,,0.0,52,,,,NORM,689
7,Luxor,2021-06-16,100000,A,NORM,Normal,0,2026-04-25,World Elite Card,500,150,51691.29,47897.25,2641.22,2026-04-08,1236.37,M,1990-12-19,Orange Egypt,Primary,100689,,0.0,59,,,,NORM,690
2,Giza,2022-09-24,5000,A,NORM,Normal,0,2026-04-29,Classic Credit Card,0,150,2572.0,2250.05,96.04,2026-04-07,607.7,M,1960-09-19,Vodafone Egypt,Primary,100690,,0.0,43,,,,NORM,691
1,Cairo Main,2023-10-01,10000,A,NORM,Normal,0,2026-04-30,Cashback Card,100,1000,6081.64,3495.44,529.45,2026-04-12,1416.59,M,1978-08-24,Edita Food Industries,Secondary,100691,,0.0,31,,,,NORM,692
2,Giza,2020-05-25,10000,A,90DA,90 Days Delinquent,90,2026-04-23,Classic Credit Card,500,300,2381.02,7498.66,2082.67,2026-04-30,1226.39,M,1970-06-04,IBM Egypt,Primary,100692,,3272.1,72,,,,90DA,693
2,Giza,2021-02-14,200000,A,NEW,New,0,2026-04-22,World Elite Card,500,300,52435.73,147213.15,17577.5,2026-04-18,567.11,F,1989-07-07,IBM Egypt,Secondary,100693,,0.0,63,,,,NEW,694
10,Suez,2020-10-28,10000,A,NORM,Normal,0,2026-04-22,Cashback Card,500,150,1434.85,8459.78,2830.55,2026-04-06,1768.63,F,1967-09-10,Military,Primary,100694,,0.0,67,,,,NORM,695
2,Giza,2018-03-14,200000,A,NORM,Normal,0,2026-04-22,World Elite Card,0,150,51956.43,147758.2,2522.58,2026-04-08,1122.91,M,1975-01-12,Cairo University,Primary,100695,,0.0,99,,,,NORM,696
4,Mansoura,2022-10-22,20000,A,NORM,Normal,0,2026-04-18,Classic Credit Card,200,500,9742.22,10110.49,1250.72,2026-04-27,1589.3,F,1993-02-05,Military,Primary,100696,,0.0,42,,,,NORM,697
1,Cairo Main,2024-09-15,100000,A,NORM,Normal,0,2026-04-30,Platinum Credit Card,0,1000,70950.54,28922.12,25731.0,2026-04-22,402.69,F,1970-09-05,Edita Food Industries,Primary,100697,,0.0,19,,,,NORM,698
4,Mansoura,2021-09-18,50000,A,NORM,Normal,0,2026-04-28,Platinum Credit Card,100,150,24713.37,24849.42,4359.87,2026-04-01,1930.38,F,1997-12-28,Elsewedy Capital,Primary,100698,,0.0,56,,,,NORM,699
1,Cairo Main,2023-07-07,10000,A,NORM,Normal,0,2026-04-24,Classic Credit Card,100,150,6762.52,2924.85,583.36,2026-04-21,1870.58,M,1962-11-24,El Sewedy Electric,Primary,100699,,0.0,34,,,,NORM,700
4,Mansoura,2018-11-17,75000,A,NORM,Normal,0,2026-04-17,Platinum Credit Card,100,500,-4155.33,70465.62,18770.68,2026-04-01,222.06,M,1982-10-05,Freelancer,Primary,100700,,0.0,90,,,,NORM,701
10,Suez,2020-04-04,30000,A,NORM,Normal,0,2026-04-26,Business Credit Card,200,500,1783.58,27728.39,5629.98,2026-04-13,184.04,F,1980-02-09,Self Employed,Primary,100701,,0.0,73,,,,NORM,702
9,Ismailia,2022-11-11,15000,A,NORM,Normal,0,2026-04-24,Business Credit Card,500,500,-1234.26,13548.82,847.57,2026-04-25,134.06,M,1987-05-03,Self Employed,Primary,100702,,0.0,42,,,,NORM,703
9,Ismailia,2024-03-14,15000,A,NEW,New,0,2026-04-29,Gold Credit Card,500,300,5765.56,8917.06,2344.62,2026-04-09,1322.83,F,1966-11-08,Talaat Moustafa Group,Primary,100703,,0.0,25,,,,NEW,704
6,Assiut,2023-04-07,20000,A,NORM,Normal,0,2026-04-24,Cashback Card,200,500,9424.57,10101.34,364.48,2026-04-01,1836.81,F,1966-02-16,Banque Misr,Secondary,100704,,0.0,37,,,,NORM,705
6,Assiut,2023-04-07,20000,A,NORM,Normal,0,2026-05-01,Travel Rewards Card,200,500,16633.78,2867.61,4079.55,2026-04-01,1540.71,F,1966-02-16,Banque Misr,Secondary,100704,,0.0,37,,,,NORM,705
6,Assiut,2023-04-07,20000,A,NORM,Normal,0,2026-04-21,Classic Credit Card,200,500,15643.08,3960.38,2698.39,2026-04-02,479.54,F,1966-02-16,Banque Misr,Secondary,100704,,0.0,37,,,,NORM,705
7,Luxor,2021-06-14,200000,A,NORM,Normal,0,2026-04-25,World Elite Card,0,500,45017.88,154652.44,54211.06,2026-04-11,697.36,M,1981-12-16,National Bank of Egypt,Primary,100705,,0.0,59,,,,NORM,706
6,Assiut,2023-06-25,50000,A,NEW,New,0,2026-04-19,Titanium Credit Card,100,150,18696.25,31211.34,5860.38,2026-04-12,325.08,F,1982-11-10,Orange Egypt,Primary,100706,,0.0,34,,,,NEW,707
3,Alexandria,2024-10-15,100000,A,NORM,Normal,0,2026-04-27,World Elite Card,0,0,59674.03,40210.2,21071.7,2026-04-11,115.16,M,1971-09-21,Banque Misr,Primary,100707,,0.0,18,,,,NORM,708
10,Suez,2023-10-25,20000,A,NORM,Normal,0,2026-04-30,Gold Credit Card,200,300,11307.19,8381.29,1568.08,2026-04-30,1203.01,F,1963-08-09,Amazon Egypt,Primary,100708,,0.0,30,,,,NORM,709
2,Giza,2024-06-03,50000,A,NORM,Normal,0,2026-04-19,Platinum Credit Card,500,300,5040.47,44622.09,11506.57,2026-04-26,1231.43,M,1988-07-15,Banque Misr,Secondary,100709,,0.0,23,,,,NORM,710
2,Giza,2022-09-08,150000,A,NORM,Normal,0,2026-04-29,Platinum Credit Card,100,150,22100.06,127424.56,35199.14,2026-04-02,49.12,F,1963-02-18,Amazon Egypt,Primary,100710,,0.0,44,,,,NORM,711
8,Zagazig,2023-08-21,10000,A,NORM,Normal,0,2026-04-17,Classic Credit Card,100,150,4048.71,5841.2,2759.03,2026-04-25,768.0,M,1968-02-29,Freelancer,Primary,100711,,0.0,32,,,,NORM,712
7,Luxor,2019-03-24,15000,A,60DA,60 Days Delinquent,60,2026-04-26,Gold Credit Card,0,300,11415.58,3110.4,3014.3,2026-04-03,1384.51,M,1979-10-08,National Bank of Egypt,Primary,100712,,3011.64,86,,,,60DA,713
8,Zagazig,2019-02-17,5000,A,NORM,Normal,0,2026-04-20,Classic Credit Card,0,0,1553.85,3138.28,1056.48,2026-04-23,1095.68,M,1981-10-06,Orange Egypt,Primary,100713,,0.0,87,,,,NORM,714
10,Suez,2020-12-24,100000,A,NORM,Normal,0,2026-04-28,World Elite Card,500,300,67603.27,32383.12,48.46,2026-04-01,1963.99,F,1983-04-30,Self Employed,Primary,100714,,0.0,65,,,,NORM,715
10,Suez,2020-12-24,100000,A,NORM,Normal,0,2026-04-22,Business Credit Card,500,300,84864.29,14673.36,20393.88,2026-04-09,605.47,F,1983-04-30,Self Employed,Primary,100714,,0.0,65,,,,NORM,715
4,Mansoura,2022-06-21,75000,A,NORM,Normal,0,2026-04-23,Titanium Credit Card,200,0,59375.93,15378.43,3177.1,2026-04-16,113.89,M,1976-03-15,Military,Primary,100715,,0.0,47,,,,NORM,716
1,Cairo Main,2019-05-19,150000,A,NORM,Normal,0,2026-05-01,Cashback Card,500,1000,99630.82,50023.5,38496.58,2026-04-16,1947.02,F,1986-12-31,Talaat Moustafa Group,Primary,100716,,0.0,84,,,,NORM,717
1,Cairo Main,2019-05-19,150000,A,NORM,Normal,0,2026-04-30,Travel Rewards Card,500,1000,11784.67,137854.04,20342.89,2026-04-20,267.9,F,1986-12-31,Talaat Moustafa Group,Primary,100716,,0.0,84,,,,NORM,717
1,Cairo Main,2019-05-19,150000,A,NORM,Normal,0,2026-04-24,World Elite Card,500,1000,102843.63,46842.81,42219.27,2026-04-14,1148.34,F,1986-12-31,Talaat Moustafa Group,Primary,100716,,0.0,84,,,,NORM,717
1,Cairo Main,2022-01-15,5000,A,NORM,Normal,0,2026-04-30,Classic Credit Card,500,500,4670.8,241.23,1036.7,2026-04-27,459.1,M,1988-06-05,Edita Food Industries,Primary,100717,,0.0,52,,,,NORM,718
7,Luxor,2024-10-22,20000,A,NORM,Normal,0,2026-04-17,Cashback Card,0,150,8672.18,11294.04,5923.6,2026-04-01,344.65,F,1973-03-07,Banque Misr,Primary,100718,,0.0,18,,,,NORM,719
7,Luxor,2024-10-22,20000,A,NORM,Normal,0,2026-04-27,Business Credit Card,0,150,15484.8,4351.83,2143.19,2026-04-27,862.64,F,1973-03-07,Banque Misr,Primary,100718,,0.0,18,,,,NORM,719
8,Zagazig,2023-01-02,10000,A,NORM,Normal,0,2026-04-25,Business Credit Card,100,150,5757.73,3995.33,1821.75,2026-04-06,415.7,M,1967-07-16,Self Employed,Primary,100719,,0.0,40,,,,NORM,720
7,Luxor,2018-04-30,15000,A,NORM,Normal,0,2026-04-18,Gold Credit Card,500,0,1345.76,13479.76,2101.32,2026-04-17,1671.37,M,1992-02-09,Edita Food Industries,Secondary,100720,,0.0,97,,,,NORM,721
7,Luxor,2018-04-30,15000,A,NORM,Normal,0,2026-04-26,Cashback Card,500,0,1244.96,13301.99,2200.96,2026-04-17,197.31,M,1992-02-09,Edita Food Industries,Secondary,100720,,0.0,97,,,,NORM,721
7,Luxor,2018-04-30,15000,A,NORM,Normal,0,2026-04-26,Titanium Credit Card,500,0,3270.59,11440.86,3226.66,2026-04-13,1277.97,M,1992-02-09,Edita Food Industries,Secondary,100720,,0.0,97,,,,NORM,721
6,Assiut,2020-07-05,200000,A,NEW,New,0,2026-04-26,Platinum Credit Card,500,500,182010.74,17520.89,23865.68,2026-04-28,1195.86,F,1999-02-10,Military,Secondary,100721,,0.0,70,,,,NEW,722
2,Giza,2018-12-26,10000,A,NORM,Normal,0,2026-04-22,Cashback Card,100,0,7872.29,2111.27,2688.54,2026-04-12,1749.62,F,1973-01-19,National Bank of Egypt,Primary,100722,,0.0,89,,,,NORM,723
10,Suez,2018-01-07,30000,A,NORM,Normal,0,2026-04-18,Classic Credit Card,500,500,6404.37,23413.39,1872.37,2026-04-16,1691.94,F,1993-01-20,Orange Egypt,Primary,100723,,0.0,101,,,,NORM,724
10,Suez,2020-06-28,10000,A,NORM,Normal,0,2026-04-20,Gold Credit Card,200,150,6988.86,2557.59,2937.24,2026-04-25,1922.64,F,1986-07-02,Microsoft Egypt,Secondary,100724,,0.0,71,,,,NORM,725
3,Alexandria,2021-03-06,15000,A,NEW,New,0,2026-04-16,Gold Credit Card,0,300,10621.95,4201.1,1927.85,2026-04-21,873.94,F,1986-12-24,Orange Egypt,Primary,100725,,0.0,62,,,,NEW,726
5,Tanta,2022-03-23,5000,A,NORM,Normal,0,2026-05-01,Cashback Card,100,150,4217.93,620.44,744.99,2026-04-07,643.11,M,1991-08-02,Edita Food Industries,Secondary,100726,,0.0,50,,,,NORM,727
7,Luxor,2019-10-15,5000,A,NORM,Normal,0,2026-04-18,Gold Credit Card,500,300,4023.25,506.22,78.39,2026-04-16,1846.76,F,1973-06-01,Ministry of Health,Primary,100727,,0.0,79,,,,NORM,728
5,Tanta,2020-03-10,150000,A,NORM,Normal,0,2026-04-27,Platinum Credit Card,0,300,-4507.28,145305.69,28852.31,2026-04-20,1747.01,F,1991-03-28,Microsoft Egypt,Primary,100728,,0.0,74,,,,NORM,729
8,Zagazig,2023-05-31,30000,A,NORM,Normal,0,2026-04-18,Cashback Card,100,0,10004.15,19767.67,2793.66,2026-04-25,524.68,F,1991-03-21,Banque Misr,Primary,100729,,0.0,35,,,,NORM,730
3,Alexandria,2022-10-16,15000,A,30DD,30 Days Delinquent,30,2026-04-22,Gold Credit Card,100,0,6367.43,8454.02,2454.56,2026-04-05,1377.28,M,1976-11-21,Orange Egypt,Secondary,100730,,7708.66,43,,,,30DD,731
7,Luxor,2022-07-13,20000,A,NORM,Normal,0,2026-04-26,Gold Credit Card,500,300,-1858.71,17665.3,2338.44,2026-04-14,1009.06,M,1966-08-31,Orange Egypt,Primary,100731,,0.0,46,,,,NORM,732
8,Zagazig,2022-04-15,30000,A,NORM,Normal,0,2026-05-01,Classic Credit Card,0,0,6316.14,23475.1,6867.23,2026-04-20,1717.85,M,1998-10-18,Freelancer,Primary,100732,,0.0,49,,,,NORM,733
1,Cairo Main,2024-06-04,200000,A,NORM,Normal,0,2026-04-26,Business Credit Card,0,1000,14179.78,185500.52,9474.1,2026-04-20,219.81,M,1986-04-28,Self Employed,Primary,100733,,0.0,23,,,,NORM,734
10,Suez,2019-02-12,50000,A,NORM,Normal,0,2026-04-22,Platinum Credit Card,0,500,37706.59,12012.87,2618.37,2026-04-04,530.91,F,1965-08-13,National Bank of Egypt,Primary,100734,,0.0,87,,,,NORM,735
10,Suez,2019-02-12,50000,A,NORM,Normal,0,2026-04-19,Travel Rewards Card,0,500,46400.86,3159.72,2016.22,2026-04-15,486.96,F,1965-08-13,National Bank of Egypt,Primary,100734,,0.0,87,,,,NORM,735
2,Giza,2020-04-29,10000,A,30DD,30 Days Delinquent,30,2026-04-16,Gold Credit Card,0,1000,7.2,9557.16,790.67,2026-04-03,1260.09,F,1993-10-19,Orascom,Secondary,100735,,3313.22,73,,,,30DD,736
2,Giza,2020-04-29,10000,A,NORM,Normal,0,2026-04-20,Cashback Card,0,1000,24.22,9639.32,2843.53,2026-04-22,1507.58,F,1993-10-19,Orascom,Secondary,100735,,0.0,73,,,,NORM,736
3,Alexandria,2020-04-24,15000,A,NORM,Normal,0,2026-04-24,Classic Credit Card,0,0,2286.29,12221.29,1409.16,2026-04-02,662.99,F,1985-10-18,National Bank of Egypt,Primary,100736,,0.0,73,,,,NORM,737
7,Luxor,2018-01-01,20000,A,NORM,Normal,0,2026-04-29,Cashback Card,200,1000,4159.16,15536.29,5015.91,2026-04-09,866.51,F,1989-07-10,Juhayna,Primary,100737,,0.0,101,,,,NORM,738
9,Ismailia,2024-10-18,150000,A,NORM,Normal,0,2026-04-21,World Elite Card,0,150,133678.12,15860.76,29030.79,2026-04-11,286.31,M,1975-10-18,Government,Primary,100738,,0.0,18,,,,NORM,739
3,Alexandria,2024-03-11,20000,A,NORM,Normal,0,2026-04-30,Classic Credit Card,500,0,7943.1,11717.13,475.01,2026-04-30,131.49,F,1987-01-04,Cairo University,Primary,100739,,0.0,26,,,,NORM,740
8,Zagazig,2020-11-07,75000,A,NORM,Normal,0,2026-04-29,Platinum Credit Card,200,150,45055.17,29567.8,10294.03,2026-04-06,245.0,F,1963-09-26,Banque Misr,Primary,100740,,0.0,66,,,,NORM,741
3,Alexandria,2019-09-21,50000,A,NORM,Normal,0,2026-04-28,Platinum Credit Card,0,300,26879.95,23000.64,6354.46,2026-04-30,1858.64,M,1978-10-29,Amazon Egypt,Primary,100741,,0.0,80,,,,NORM,742
2,Giza,2018-12-31,50000,A,NORM,Normal,0,2026-04-19,Gold Credit Card,200,0,30146.17,19712.91,14929.42,2026-04-20,1270.22,M,1974-10-10,Edita Food Industries,Primary,100742,,0.0,89,,,,NORM,743
2,Giza,2018-12-31,50000,A,NORM,Normal,0,2026-05-01,Platinum Credit Card,200,0,29356.41,20193.65,14432.2,2026-04-29,1693.79,M,1974-10-10,Edita Food Industries,Primary,100742,,0.0,89,,,,NORM,743
2,Giza,2019-05-21,15000,A,NORM,Normal,0,2026-04-22,Gold Credit Card,500,0,6229.34,8382.39,935.72,2026-04-01,715.22,F,1995-02-10,Government,Primary,100743,,0.0,84,,,,NORM,744
2,Giza,2019-05-21,15000,A,NORM,Normal,0,2026-04-22,Cashback Card,500,0,1146.47,13845.29,1348.59,2026-04-30,1627.29,F,1995-02-10,Government,Primary,100743,,0.0,84,,,,NORM,744
5,Tanta,2019-02-10,5000,A,NORM,Normal,0,2026-04-23,Gold Credit Card,100,300,481.58,4204.83,1423.84,2026-04-20,1140.55,F,1987-04-01,Orascom,Primary,100744,,0.0,87,,,,NORM,745
1,Cairo Main,2023-10-05,15000,A,NORM,Normal,0,2026-04-20,Cashback Card,200,0,7118.24,7794.73,1480.28,2026-04-08,621.66,F,1990-10-20,Banque Misr,Primary,100745,,0.0,31,,,,NORM,746
7,Luxor,2023-02-19,15000,A,NORM,Normal,0,2026-04-20,Gold Credit Card,500,1000,12468.36,2228.53,2581.95,2026-04-16,1669.83,M,1991-09-14,Freelancer,Primary,100746,,0.0,38,,,,NORM,747
7,Luxor,2023-02-19,15000,A,NORM,Normal,0,2026-04-19,Cashback Card,500,1000,13956.78,552.07,3846.87,2026-04-04,1314.74,M,1991-09-14,Freelancer,Primary,100746,,0.0,38,,,,NORM,747
7,Luxor,2023-02-19,15000,A,NORM,Normal,0,2026-04-23,Titanium Credit Card,500,1000,12007.44,2791.6,4086.85,2026-04-17,225.49,M,1991-09-14,Freelancer,Primary,100746,,0.0,38,,,,NORM,747
7,Luxor,2021-07-04,10000,A,NORM,Normal,0,2026-04-25,Classic Credit Card,0,150,7570.88,2343.2,1625.93,2026-04-05,759.75,M,1994-07-26,National Bank of Egypt,Primary,100747,,0.0,58,,,,NORM,748
8,Zagazig,2018-02-13,75000,A,NORM,Normal,0,2026-04-26,Cashback Card,0,500,69538.4,5069.19,13229.27,2026-04-19,968.76,M,1996-04-04,Government,Primary,100748,,0.0,99,,,,NORM,749
8,Zagazig,2018-02-13,75000,A,NORM,Normal,0,2026-04-27,Platinum Credit Card,0,500,47087.5,27620.99,19047.14,2026-04-02,831.72,M,1996-04-04,Government,Primary,100748,,0.0,99,,,,NORM,749
8,Zagazig,2018-02-13,75000,A,NORM,Normal,0,2026-04-23,Travel Rewards Card,0,500,1195.51,73617.2,12675.46,2026-04-09,1196.06,M,1996-04-04,Government,Primary,100748,,0.0,99,,,,NORM,749
9,Ismailia,2021-11-14,20000,A,NORM,Normal,0,2026-04-28,Classic Credit Card,500,150,-1562.27,18175.87,1068.6,2026-04-17,38.87,M,1993-08-17,Government,Primary,100749,,0.0,54,,,,NORM,750
9,Ismailia,2018-07-28,75000,A,NORM,Normal,0,2026-04-23,Business Credit Card,200,0,10243.63,64349.24,14805.49,2026-04-30,730.88,F,1975-11-06,Self Employed,Secondary,100750,,0.0,94,,,,NORM,751
2,Giza,2021-05-10,100000,A,NORM,Normal,0,2026-04-16,World Elite Card,500,150,71654.18,28054.05,10029.83,2026-04-06,410.99,F,1973-01-04,Juhayna,Secondary,100751,,0.0,60,,,,NORM,752
8,Zagazig,2023-06-23,5000,A,NORM,Normal,0,2026-04-18,Gold Credit Card,200,300,872.11,4030.55,519.13,2026-04-10,400.88,F,1987-09-17,IBM Egypt,Primary,100752,,0.0,34,,,,NORM,753
7,Luxor,2018-02-06,10000,A,NORM,Normal,0,2026-04-29,Classic Credit Card,100,500,4954.43,4789.61,2163.45,2026-04-12,485.48,M,1975-11-26,Amazon Egypt,Secondary,100753,,0.0,100,,,,NORM,754
5,Tanta,2023-04-12,75000,A,NORM,Normal,0,2026-04-28,Titanium Credit Card,100,1000,29792.26,44854.37,11205.28,2026-04-30,1122.32,F,1970-02-21,IBM Egypt,Primary,100754,,0.0,37,,,,NORM,755
3,Alexandria,2021-12-19,75000,A,NORM,Normal,0,2026-04-28,Platinum Credit Card,0,150,54197.32,20458.42,15862.55,2026-04-28,1441.72,F,1966-04-10,Vodafone Egypt,Primary,100755,,0.0,53,,,,NORM,756
6,Assiut,2019-10-19,20000,A,NORM,Normal,0,2026-04-25,Platinum Credit Card,500,500,7938.31,11898.79,4011.01,2026-04-25,404.07,F,1961-06-01,Self Employed,Primary,100756,,0.0,79,,,,NORM,757
6,Assiut,2019-10-19,20000,A,NORM,Normal,0,2026-04-17,Business Credit Card,500,500,1494.92,18464.31,5431.43,2026-04-30,1756.59,F,1961-06-01,Self Employed,Primary,100756,,0.0,79,,,,NORM,757
6,Assiut,2019-10-19,20000,A,NORM,Normal,0,2026-04-24,Classic Credit Card,500,500,1035.58,18712.81,4631.28,2026-04-17,491.37,F,1961-06-01,Self Employed,Primary,100756,,0.0,79,,,,NORM,757
7,Luxor,2022-05-12,15000,A,NORM,Normal,0,2026-04-29,Cashback Card,0,150,10461.54,4230.32,184.21,2026-04-14,383.96,M,1982-07-06,CIB,Primary,100757,,0.0,48,,,,NORM,758
7,Luxor,2022-05-12,15000,A,NEW,New,0,2026-04-26,Titanium Credit Card,0,150,1219.66,13755.08,2283.71,2026-04-26,1758.38,M,1982-07-06,CIB,Primary,100757,,0.0,48,,,,NEW,758
7,Luxor,2022-05-12,15000,A,NORM,Normal,0,2026-04-21,Classic Credit Card,0,150,6675.18,7995.42,3223.39,2026-04-03,224.43,M,1982-07-06,CIB,Primary,100757,,0.0,48,,,,NORM,758
10,Suez,2018-02-02,75000,A,NORM,Normal,0,2026-04-23,Business Credit Card,500,0,53634.24,20976.61,2207.11,2026-04-02,1172.26,F,1993-01-29,Self Employed,Primary,100758,,0.0,100,,,,NORM,759
3,Alexandria,2021-02-25,10000,A,NORM,Normal,0,2026-04-21,Cashback Card,100,500,7432.8,2550.01,872.73,2026-04-26,1983.26,M,1971-03-11,Talaat Moustafa Group,Primary,100759,,0.0,63,,,,NORM,760
3,Alexandria,2021-02-25,10000,A,NORM,Normal,0,2026-04-22,World Elite Card,100,500,-843.97,8765.16,1895.99,2026-04-14,328.13,M,1971-03-11,Talaat Moustafa Group,Primary,100759,,0.0,63,,,,NORM,760
3,Alexandria,2021-02-25,10000,A,NORM,Normal,0,2026-04-24,Classic Credit Card,100,500,23.72,9954.42,373.21,2026-04-05,1703.7,M,1971-03-11,Talaat Moustafa Group,Primary,100759,,0.0,63,,,,NORM,760
3,Alexandria,2024-08-18,15000,A,NORM,Normal,0,2026-04-30,Gold Credit Card,0,300,2257.29,12496.61,1240.97,2026-04-22,448.33,M,1968-06-18,Elsewedy Capital,Secondary,100760,,0.0,20,,,,NORM,761
10,Suez,2019-01-08,5000,A,NORM,Normal,0,2026-04-26,Gold Credit Card,100,150,-188.79,4640.51,1001.35,2026-04-12,664.19,F,1968-12-14,Microsoft Egypt,Primary,100761,,0.0,89,,,,NORM,762
7,Luxor,2018-07-31,30000,A,NORM,Normal,0,2026-04-28,Gold Credit Card,200,500,-137.25,29751.13,2213.36,2026-04-19,465.28,M,1988-11-18,CIB,Primary,100762,,0.0,94,,,,NORM,763
1,Cairo Main,2018-08-02,50000,A,NORM,Normal,0,2026-04-27,Titanium Credit Card,0,500,34903.08,15073.48,9422.56,2026-04-20,1226.4,M,1960-01-09,El Sewedy Electric,Primary,100763,,0.0,94,,,,NORM,764
6,Assiut,2019-04-02,10000,A,NEW,New,0,2026-04-19,Classic Credit Card,200,300,4108.34,5682.43,1104.05,2026-04-21,351.37,F,1973-08-26,Vodafone Egypt,Primary,100764,,0.0,86,,,,NEW,765
10,Suez,2020-09-02,30000,A,NORM,Normal,0,2026-04-30,Classic Credit Card,0,150,27021.65,2974.0,481.88,2026-04-25,1028.31,M,1976-09-01,El Sewedy Electric,Primary,100765,,0.0,68,,,,NORM,766
8,Zagazig,2018-11-03,150000,A,NEW,New,0,2026-04-19,Platinum Credit Card,100,1000,114692.85,35173.24,20567.76,2026-04-06,865.42,M,1964-06-04,Military,Primary,100766,,0.0,91,,,,NEW,767
9,Ismailia,2020-10-31,150000,A,NORM,Normal,0,2026-04-27,Platinum Credit Card,0,500,85191.4,64474.69,9588.8,2026-04-26,232.54,M,1991-12-02,IBM Egypt,Primary,100767,,0.0,66,,,,NORM,768
9,Ismailia,2020-10-31,150000,A,NORM,Normal,0,2026-04-28,Travel Rewards Card,0,500,124960.11,24873.54,28484.38,2026-04-27,479.64,M,1991-12-02,IBM Egypt,Primary,100767,,0.0,66,,,,NORM,768
1,Cairo Main,2024-09-20,30000,A,NORM,Normal,0,2026-04-21,Cashback Card,0,150,16080.86,13648.26,6198.21,2026-04-02,54.12,F,1967-06-28,Banque Misr,Primary,100768,,0.0,19,,,,NORM,769
2,Giza,2022-11-29,150000,A,NORM,Normal,0,2026-04-23,Platinum Credit Card,500,1000,73738.63,75840.44,23698.85,2026-04-14,711.94,F,1967-06-04,Microsoft Egypt,Primary,100769,,0.0,41,,,,NORM,770
10,Suez,2024-08-22,5000,A,NORM,Normal,0,2026-04-20,Cashback Card,200,300,3287.74,1573.26,890.7,2026-04-26,589.49,M,1969-10-08,Government,Primary,100770,,0.0,20,,,,NORM,771
2,Giza,2020-07-06,5000,A,NORM,Normal,0,2026-04-22,Classic Credit Card,100,300,2958.24,1659.99,433.27,2026-04-22,1983.26,M,1967-09-04,Ministry of Health,Primary,100771,,0.0,70,,,,NORM,772
4,Mansoura,2019-04-21,5000,A,NORM,Normal,0,2026-05-01,Gold Credit Card,200,0,1850.78,2968.86,346.4,2026-04-22,1882.64,F,1983-12-24,IBM Egypt,Primary,100772,,0.0,85,,,,NORM,773
5,Tanta,2018-08-23,5000,A,NORM,Normal,0,2026-04-18,Gold Credit Card,100,300,1209.2,3354.3,451.59,2026-04-21,1387.53,M,1974-07-24,IBM Egypt,Primary,100773,,0.0,93,,,,NORM,774
7,Luxor,2020-11-20,200000,A,NORM,Normal,0,2026-04-26,Platinum Credit Card,100,300,44987.16,154978.73,17544.49,2026-04-20,634.15,F,1989-04-30,Ministry of Health,Primary,100774,,0.0,66,,,,NORM,775
8,Zagazig,2022-11-13,50000,A,NORM,Normal,0,2026-04-22,Platinum Credit Card,100,150,21859.96,27884.64,9995.12,2026-04-18,757.81,M,1970-05-24,Banque Misr,Primary,100775,,0.0,42,,,,NORM,776
8,Zagazig,2022-11-13,50000,A,NORM,Normal,0,2026-04-24,Travel Rewards Card,100,150,41450.89,8243.92,13426.02,2026-04-22,1962.4,M,1970-05-24,Banque Misr,Primary,100775,,0.0,42,,,,NORM,776
8,Zagazig,2022-11-13,50000,A,NORM,Normal,0,2026-04-28,World Elite Card,100,150,24300.52,25621.85,3563.93,2026-04-11,447.62,M,1970-05-24,Banque Misr,Primary,100775,,0.0,42,,,,NORM,776
1,Cairo Main,2019-10-30,15000,A,NORM,Normal,0,2026-04-24,Classic Credit Card,0,150,8097.49,6428.3,1531.05,2026-04-14,1230.49,M,1973-11-29,Microsoft Egypt,Primary,100776,,0.0,79,,,,NORM,777
2,Giza,2023-11-28,15000,A,NORM,Normal,0,2026-04-28,Gold Credit Card,500,0,6118.48,8381.82,3367.82,2026-04-16,1997.27,M,1992-06-28,Vodafone Egypt,Secondary,100777,,0.0,29,,,,NORM,778
4,Mansoura,2018-12-09,30000,A,NORM,Normal,0,2026-05-01,Gold Credit Card,0,1000,1775.74,28095.57,1477.51,2026-04-20,1433.16,F,1994-07-18,Banque Misr,Secondary,100778,,0.0,90,,,,NORM,779
4,Mansoura,2018-12-09,30000,A,NORM,Normal,0,2026-04-16,Cashback Card,0,1000,18338.09,11524.38,881.47,2026-04-21,274.89,F,1994-07-18,Banque Misr,Secondary,100778,,0.0,90,,,,NORM,779
4,Mansoura,2018-12-09,30000,A,NORM,Normal,0,2026-04-22,Classic Credit Card,0,1000,24245.97,5526.37,1316.14,2026-04-16,1828.0,F,1994-07-18,Banque Misr,Secondary,100778,,0.0,90,,,,NORM,779
3,Alexandria,2024-04-24,100000,A,NORM,Normal,0,2026-04-30,Platinum Credit Card,100,150,26281.43,73307.02,1478.91,2026-04-09,1711.8,M,1981-07-20,Orascom,Primary,100779,,0.0,24,,,,NORM,780
2,Giza,2018-07-02,10000,A,NORM,Normal,0,2026-04-16,Cashback Card,500,150,1464.78,8076.7,1812.39,2026-04-09,1876.01,M,1960-12-13,Ministry of Health,Secondary,100780,,0.0,95,,,,NORM,781
7,Luxor,2019-08-27,50000,A,NORM,Normal,0,2026-04-21,Titanium Credit Card,0,500,45192.25,4728.1,14883.49,2026-04-14,1832.13,M,1977-04-15,Juhayna,Secondary,100781,,0.0,81,,,,NORM,782
5,Tanta,2018-11-09,200000,A,NORM,Normal,0,2026-04-26,World Elite Card,0,1000,114433.46,85383.69,40943.16,2026-04-13,1938.69,M,1976-01-11,Edita Food Industries,Primary,100782,,0.0,91,,,,NORM,783
10,Suez,2022-10-08,15000,A,NEW,New,0,2026-04-20,Gold Credit Card,200,0,1006.1,13950.1,2716.28,2026-04-05,1758.04,F,1968-02-19,Juhayna,Secondary,100783,,0.0,43,,,,NEW,784
2,Giza,2018-01-09,15000,A,NORM,Normal,0,2026-04-29,Gold Credit Card,500,500,7269.18,7557.49,2283.3,2026-04-08,1055.54,M,1995-05-21,Banque Misr,Primary,100784,,0.0,101,,,,NORM,785
3,Alexandria,2021-08-16,15000,A,NEW,New,0,2026-04-28,Gold Credit Card,500,500,11084.38,3614.8,1216.21,2026-04-13,993.83,F,1964-01-21,Orascom,Primary,100785,,0.0,57,,,,NEW,786
3,Alexandria,2021-08-16,15000,A,NORM,Normal,0,2026-04-18,Cashback Card,500,500,7324.5,7532.85,3510.13,2026-04-30,510.41,F,1964-01-21,Orascom,Primary,100785,,0.0,57,,,,NORM,786
4,Mansoura,2022-09-11,150000,A,NORM,Normal,0,2026-04-21,Business Credit Card,500,1000,129622.21,20005.19,40193.33,2026-04-20,376.15,M,1977-03-10,Self Employed,Primary,100786,,0.0,44,,,,NORM,787
9,Ismailia,2020-06-17,10000,A,NORM,Normal,0,2026-04-17,Classic Credit Card,0,300,969.66,8748.42,1361.23,2026-04-27,255.24,F,1985-12-02,Elsewedy Capital,Secondary,100787,,0.0,71,,,,NORM,788
6,Assiut,2019-07-25,30000,A,NORM,Normal,0,2026-04-26,Cashback Card,500,150,-1409.69,28127.51,5085.96,2026-04-24,582.08,M,1976-03-09,Freelancer,Secondary,100788,,0.0,82,,,,NORM,789
2,Giza,2019-08-10,75000,A,NORM,Normal,0,2026-04-30,Titanium Credit Card,200,0,7933.01,66753.67,17373.49,2026-04-03,1731.81,M,1991-03-18,Vodafone Egypt,Primary,100789,,0.0,81,,,,NORM,790
10,Suez,2019-10-10,5000,A,NORM,Normal,0,2026-04-28,Classic Credit Card,100,0,-74.5,4555.27,1144.34,2026-04-23,752.36,M,1999-01-17,Banque Misr,Primary,100790,,0.0,79,,,,NORM,791
3,Alexandria,2019-07-28,150000,A,NORM,Normal,0,2026-04-16,Platinum Credit Card,500,0,31208.95,118677.34,29594.68,2026-04-10,1529.8,F,1981-01-26,Juhayna,Primary,100791,,0.0,82,,,,NORM,792
10,Suez,2019-12-12,150000,A,NORM,Normal,0,2026-05-01,Platinum Credit Card,500,1000,25082.53,124666.11,37755.42,2026-04-07,1845.58,F,1993-09-10,Orascom,Secondary,100792,,0.0,77,,,,NORM,793
4,Mansoura,2019-10-05,30000,A,NORM,Normal,0,2026-04-18,Classic Credit Card,100,500,1263.98,28280.66,1503.15,2026-04-15,1869.08,M,1979-01-02,National Bank of Egypt,Primary,100793,,0.0,80,,,,NORM,794
10,Suez,2018-11-13,100000,A,60DA,60 Days Delinquent,60,2026-04-26,Business Credit Card,500,500,-4765.74,95082.62,29677.86,2026-04-04,941.52,M,1997-10-03,Self Employed,Primary,100794,,7133.45,90,,,,60DA,795
4,Mansoura,2019-03-21,10000,A,NORM,Normal,0,2026-04-17,Gold Credit Card,0,150,1950.32,7723.95,1079.86,2026-04-29,767.8,F,1972-02-09,National Bank of Egypt,Primary,100795,,0.0,86,,,,NORM,796
4,Mansoura,2018-02-14,30000,A,NORM,Normal,0,2026-04-25,Cashback Card,0,150,22661.42,7160.75,7345.06,2026-04-13,170.52,F,1986-10-14,El Sewedy Electric,Primary,100796,,0.0,99,,,,NORM,797
1,Cairo Main,2023-06-05,5000,A,NEW,New,0,2026-04-18,Gold Credit Card,0,300,2468.74,2284.76,864.39,2026-04-27,811.38,F,1985-04-15,Orange Egypt,Secondary,100797,,0.0,35,,,,NEW,798
6,Assiut,2022-05-20,50000,A,NORM,Normal,0,2026-04-20,Platinum Credit Card,0,1000,-2041.86,47904.85,8022.95,2026-04-29,552.09,M,1993-09-22,Banque Misr,Primary,100798,,0.0,48,,,,NORM,799
6,Assiut,2022-05-20,50000,A,30DD,30 Days Delinquent,30,2026-04-27,Travel Rewards Card,0,1000,34449.97,15316.64,1757.01,2026-04-03,444.54,M,1993-09-22,Banque Misr,Primary,100798,,12000.65,48,,,,30DD,799
10,Suez,2018-06-03,30000,A,NORM,Normal,0,2026-05-01,Gold Credit Card,0,0,7694.41,22069.91,828.98,2026-04-29,431.21,M,1998-12-21,Orascom,Secondary,100799,,0.0,96,,,,NORM,800
9,Ismailia,2024-10-29,150000,A,NORM,Normal,0,2026-04-16,World Elite Card,200,300,103188.17,46637.42,38742.35,2026-04-23,1987.45,F,1983-02-28,Edita Food Industries,Primary,100800,,0.0,18,,,,NORM,801
7,Luxor,2020-05-05,200000,A,NORM,Normal,0,2026-04-29,World Elite Card,500,0,36727.56,162873.46,58291.96,2026-04-04,1490.17,M,1970-09-22,Military,Primary,100801,,0.0,72,,,,NORM,802
2,Giza,2019-01-21,100000,A,NORM,Normal,0,2026-04-24,Platinum Credit Card,100,0,74202.55,25614.4,2235.95,2026-04-18,1721.98,F,1982-05-19,Edita Food Industries,Primary,100802,,0.0,88,,,,NORM,803
2,Giza,2023-03-03,30000,A,NEW,New,0,2026-04-25,Travel Rewards Card,100,0,375.38,29328.5,700.09,2026-04-25,814.1,F,1968-01-14,Self Employed,Primary,100803,,0.0,38,,,,NEW,804
2,Giza,2023-03-03,30000,A,60DA,60 Days Delinquent,60,2026-04-30,Business Credit Card,100,0,11949.24,17983.71,840.34,2026-04-11,1487.87,F,1968-01-14,Self Employed,Primary,100803,,14944.12,38,,,,60DA,804
2,Giza,2023-03-03,30000,A,NORM,Normal,0,2026-04-24,Titanium Credit Card,100,0,20770.38,9186.4,1388.08,2026-04-26,881.32,F,1968-01-14,Self Employed,Primary,100803,,0.0,38,,,,NORM,804
7,Luxor,2024-12-13,15000,A,NORM,Normal,0,2026-04-26,Cashback Card,200,300,4541.59,10231.23,1326.7,2026-04-07,1352.98,M,1998-06-11,Freelancer,Primary,100804,,0.0,16,,,,NORM,805
5,Tanta,2018-06-24,200000,A,NORM,Normal,0,2026-04-19,Travel Rewards Card,0,150,189135.87,10576.25,19560.5,2026-04-03,673.33,M,1999-05-11,Orange Egypt,Primary,100805,,0.0,95,,,,NORM,806
5,Tanta,2018-06-24,200000,A,NORM,Normal,0,2026-04-29,World Elite Card,0,150,127811.62,72049.09,22563.56,2026-04-05,864.99,M,1999-05-11,Orange Egypt,Primary,100805,,0.0,95,,,,NORM,806
7,Luxor,2018-10-26,20000,A,NORM,Normal,0,2026-04-25,Cashback Card,200,500,5782.25,13768.06,5713.01,2026-04-29,769.75,F,1998-04-20,Microsoft Egypt,Primary,100806,,0.0,91,,,,NORM,807
7,Luxor,2018-10-26,20000,A,NORM,Normal,0,2026-04-25,Classic Credit Card,200,500,18979.81,557.48,5336.24,2026-04-25,881.94,F,1998-04-20,Microsoft Egypt,Primary,100806,,0.0,91,,,,NORM,807
2,Giza,2019-03-20,75000,A,60DA,60 Days Delinquent,60,2026-04-26,Titanium Credit Card,0,300,12631.46,62156.47,16770.51,2026-04-26,818.69,F,1968-02-01,Amazon Egypt,Secondary,100807,,39078.08,86,,,,60DA,808
8,Zagazig,2021-02-14,100000,A,NORM,Normal,0,2026-05-01,Platinum Credit Card,100,150,30933.26,68820.23,19320.48,2026-04-12,554.99,F,1965-02-16,Orange Egypt,Primary,100808,,0.0,63,,,,NORM,809
1,Cairo Main,2022-01-20,75000,A,NORM,Normal,0,2026-04-26,Business Credit Card,100,0,51688.84,22841.32,17012.89,2026-04-21,1384.17,F,1996-04-08,Self Employed,Primary,100809,,0.0,52,,,,NORM,810
3,Alexandria,2021-01-26,75000,A,NORM,Normal,0,2026-04-22,Titanium Credit Card,500,1000,54061.29,20808.35,22220.38,2026-04-19,1208.58,M,1963-02-08,National Bank of Egypt,Primary,100810,,0.0,64,,,,NORM,811
1,Cairo Main,2022-10-22,50000,A,NORM,Normal,0,2026-04-19,Titanium Credit Card,500,500,14710.66,35174.63,1246.6,2026-04-04,80.0,F,1964-02-23,Juhayna,Primary,100811,,0.0,42,,,,NORM,812
6,Assiut,2024-05-25,75000,A,NORM,Normal,0,2026-04-24,Platinum Credit Card,0,1000,15341.49,59283.14,11510.48,2026-04-15,138.19,M,1991-01-30,Vodafone Egypt,Primary,100812,,0.0,23,,,,NORM,813
3,Alexandria,2019-08-28,100000,A,NORM,Normal,0,2026-04-20,Platinum Credit Card,200,1000,2900.45,96909.51,10296.68,2026-04-02,370.26,M,1980-07-28,Edita Food Industries,Secondary,100813,,0.0,81,,,,NORM,814
10,Suez,2018-05-30,20000,A,NORM,Normal,0,2026-04-23,Cashback Card,100,1000,14217.02,5463.39,5690.09,2026-04-20,1623.55,F,1964-05-15,El Sewedy Electric,Primary,100814,,0.0,96,,,,NORM,815
10,Suez,2022-02-25,50000,A,NORM,Normal,0,2026-04-17,Titanium Credit Card,0,500,-97.12,49891.42,11119.94,2026-04-24,1222.13,F,1960-08-23,Vodafone Egypt,Primary,100815,,0.0,50,,,,NORM,816
9,Ismailia,2023-11-13,50000,A,NORM,Normal,0,2026-04-24,Platinum Credit Card,100,1000,31946.75,17845.3,8220.89,2026-04-14,676.81,M,1979-02-07,CIB,Primary,100816,,0.0,30,,,,NORM,817
9,Ismailia,2023-11-13,50000,A,NORM,Normal,0,2026-04-18,World Elite Card,100,1000,14384.49,35439.36,7539.83,2026-04-23,521.72,M,1979-02-07,CIB,Primary,100816,,0.0,30,,,,NORM,817
9,Ismailia,2023-11-13,50000,A,NORM,Normal,0,2026-04-16,Titanium Credit Card,100,1000,24496.4,25317.07,9193.94,2026-04-12,519.88,M,1979-02-07,CIB,Primary,100816,,0.0,30,,,,NORM,817
7,Luxor,2021-03-06,200000,A,NORM,Normal,0,2026-04-22,Travel Rewards Card,500,0,41414.17,158504.82,34854.44,2026-04-29,425.99,F,1988-06-11,CIB,Primary,100817,,0.0,62,,,,NORM,818
7,Luxor,2021-03-06,200000,A,NORM,Normal,0,2026-04-16,World Elite Card,500,0,147425.13,52411.56,30907.88,2026-04-12,1772.41,F,1988-06-11,CIB,Primary,100817,,0.0,62,,,,NORM,818
7,Luxor,2021-03-06,200000,A,NORM,Normal,0,2026-04-18,Classic Credit Card,500,0,-7036.53,192617.08,55312.1,2026-04-14,1814.8,F,1988-06-11,CIB,Primary,100817,,0.0,62,,,,NORM,818
2,Giza,2022-12-25,150000,A,NORM,Normal,0,2026-04-28,Gold Credit Card,100,500,13556.68,136284.6,2552.71,2026-04-14,667.1,F,1988-06-01,Cairo University,Primary,100818,,0.0,40,,,,NORM,819
2,Giza,2022-12-25,150000,A,NORM,Normal,0,2026-04-23,Platinum Credit Card,100,500,120218.86,29299.43,23509.73,2026-04-06,746.27,F,1988-06-01,Cairo University,Primary,100818,,0.0,40,,,,NORM,819
6,Assiut,2023-03-16,75000,A,NORM,Normal,0,2026-04-26,Titanium Credit Card,100,1000,67642.4,7056.38,5005.06,2026-04-02,1606.92,F,1995-08-09,Microsoft Egypt,Primary,100819,,0.0,38,,,,NORM,820
7,Luxor,2020-09-16,5000,A,NORM,Normal,0,2026-04-27,Classic Credit Card,100,300,-127.1,4515.95,844.03,2026-04-12,928.32,F,1990-03-15,Amazon Egypt,Primary,100820,,0.0,68,,,,NORM,821
4,Mansoura,2022-05-23,20000,A,NORM,Normal,0,2026-04-27,Classic Credit Card,500,150,7221.19,12726.06,5262.04,2026-04-07,1456.37,F,1984-12-05,Military,Secondary,100821,,0.0,47,,,,NORM,822
6,Assiut,2019-10-11,75000,A,NORM,Normal,0,2026-04-21,Platinum Credit Card,0,1000,54869.0,19696.77,14414.17,2026-04-24,147.48,F,1983-03-16,Elsewedy Capital,Secondary,100822,,0.0,79,,,,NORM,823
3,Alexandria,2020-04-14,10000,A,NORM,Normal,0,2026-04-26,Classic Credit Card,100,0,7896.21,1928.36,166.76,2026-04-24,83.12,M,1974-06-18,National Bank of Egypt,Primary,100823,,0.0,73,,,,NORM,824
8,Zagazig,2022-01-06,15000,A,NORM,Normal,0,2026-04-22,Classic Credit Card,200,150,4426.26,10463.11,2840.44,2026-04-28,623.53,M,1988-06-17,Elsewedy Capital,Primary,100824,,0.0,52,,,,NORM,825
1,Cairo Main,2018-12-06,15000,A,NORM,Normal,0,2026-04-22,Cashback Card,0,0,10948.65,3997.18,4310.07,2026-04-25,141.96,F,1972-05-02,Vodafone Egypt,Secondary,100825,,0.0,90,,,,NORM,826
3,Alexandria,2020-12-09,15000,A,NORM,Normal,0,2026-04-24,Gold Credit Card,100,500,5231.06,9604.89,4288.33,2026-04-18,307.39,M,1972-09-01,National Bank of Egypt,Primary,100826,,0.0,65,,,,NORM,827
2,Giza,2018-11-09,20000,A,NORM,Normal,0,2026-04-29,Gold Credit Card,500,150,14236.5,5501.34,3548.51,2026-04-29,1920.56,M,1981-10-28,Amazon Egypt,Primary,100827,,0.0,91,,,,NORM,828
10,Suez,2018-05-09,10000,A,NORM,Normal,0,2026-04-16,Gold Credit Card,0,150,7740.98,1816.7,2251.26,2026-04-08,55.91,F,1998-05-06,Edita Food Industries,Secondary,100828,,0.0,97,,,,NORM,829
10,Suez,2018-05-09,10000,A,NORM,Normal,0,2026-04-17,Cashback Card,0,150,4554.78,5239.17,1376.61,2026-04-29,952.18,F,1998-05-06,Edita Food Industries,Secondary,100828,,0.0,97,,,,NORM,829
10,Suez,2018-05-09,10000,A,NORM,Normal,0,2026-04-27,Travel Rewards Card,0,150,3995.89,5518.56,316.73,2026-04-17,894.86,F,1998-05-06,Edita Food Industries,Secondary,100828,,0.0,97,,,,NORM,829
1,Cairo Main,2018-04-05,150000,A,NORM,Normal,0,2026-05-01,World Elite Card,100,0,62228.3,87564.81,2128.93,2026-04-29,1938.95,F,1984-01-16,Government,Primary,100829,,0.0,98,,,,NORM,830
1,Cairo Main,2018-04-05,150000,A,NORM,Normal,0,2026-05-01,Classic Credit Card,100,0,128656.26,20936.29,21179.19,2026-04-29,1188.81,F,1984-01-16,Government,Primary,100829,,0.0,98,,,,NORM,830
5,Tanta,2023-05-27,20000,A,NORM,Normal,0,2026-04-19,Cashback Card,200,500,-677.23,19215.06,2222.36,2026-04-09,762.55,F,1972-04-10,National Bank of Egypt,Primary,100830,,0.0,35,,,,NORM,831
5,Tanta,2020-03-21,30000,A,NORM,Normal,0,2026-04-21,Cashback Card,200,150,14141.63,15669.41,29.1,2026-04-01,1572.89,M,1967-10-04,Microsoft Egypt,Secondary,100831,,0.0,74,,,,NORM,832
8,Zagazig,2024-09-08,30000,A,NORM,Normal,0,2026-05-01,Cashback Card,500,500,-1708.04,28042.15,7464.12,2026-04-27,1838.43,M,1979-01-03,Edita Food Industries,Primary,100832,,0.0,20,,,,NORM,833
8,Zagazig,2018-05-19,150000,A,NORM,Normal,0,2026-04-25,Platinum Credit Card,200,500,5854.34,144087.3,31600.59,2026-04-13,1747.94,M,1967-07-03,Talaat Moustafa Group,Primary,100833,,0.0,96,,,,NORM,834
3,Alexandria,2020-10-01,10000,A,NEW,New,0,2026-04-29,Gold Credit Card,100,300,-560.71,9391.39,2235.6,2026-04-27,1522.74,M,1976-01-18,El Sewedy Electric,Primary,100834,,0.0,67,,,,NEW,835
4,Mansoura,2024-05-13,50000,A,NORM,Normal,0,2026-04-23,Titanium Credit Card,200,1000,42704.89,6928.14,8494.38,2026-04-05,1452.56,M,1980-11-15,Elsewedy Capital,Primary,100835,,0.0,23,,,,NORM,836
5,Tanta,2024-10-25,10000,A,NORM,Normal,0,2026-04-16,Gold Credit Card,500,300,7220.44,2321.61,1309.11,2026-04-14,1686.18,F,1992-02-17,Cairo University,Primary,100836,,0.0,18,,,,NORM,837
5,Tanta,2024-10-25,10000,A,NORM,Normal,0,2026-04-18,Cashback Card,500,300,9297.69,561.5,914.75,2026-04-28,458.74,F,1992-02-17,Cairo University,Primary,100836,,0.0,18,,,,NORM,837
8,Zagazig,2021-01-29,75000,A,NORM,Normal,0,2026-04-23,Platinum Credit Card,200,1000,4298.28,70625.82,2521.66,2026-04-18,1546.02,F,1962-02-05,CIB,Primary,100837,,0.0,63,,,,NORM,838
1,Cairo Main,2024-06-16,5000,A,NEW,New,0,2026-04-28,Gold Credit Card,0,1000,4314.7,216.85,760.3,2026-04-18,865.27,M,1988-11-14,Freelancer,Primary,100838,,0.0,22,,,,NEW,839
8,Zagazig,2022-08-28,30000,A,NORM,Normal,0,2026-04-27,Gold Credit Card,500,0,-1018.23,28544.6,177.85,2026-04-05,1625.49,F,1964-04-07,Talaat Moustafa Group,Primary,100839,,0.0,44,,,,NORM,840
5,Tanta,2023-02-05,100000,A,NORM,Normal,0,2026-04-30,Travel Rewards Card,0,0,21649.37,77943.38,11714.25,2026-04-20,1944.12,M,1991-03-29,CIB,Primary,100840,,0.0,39,,,,NORM,841
5,Tanta,2023-02-05,100000,A,NORM,Normal,0,2026-04-27,World Elite Card,0,0,86972.8,12948.86,21480.09,2026-04-03,1831.87,M,1991-03-29,CIB,Primary,100840,,0.0,39,,,,NORM,841
4,Mansoura,2018-12-27,20000,A,NORM,Normal,0,2026-04-20,Cashback Card,0,300,3530.87,16206.69,1988.01,2026-04-16,1235.38,M,1967-08-20,IBM Egypt,Primary,100841,,0.0,89,,,,NORM,842
4,Mansoura,2018-12-27,20000,A,30DD,30 Days Delinquent,30,2026-04-27,Classic Credit Card,0,300,-1958.55,17601.38,5810.35,2026-04-10,837.86,M,1967-08-20,IBM Egypt,Primary,100841,,3885.59,89,,,,30DD,842
5,Tanta,2024-11-14,75000,A,NORM,Normal,0,2026-04-21,Platinum Credit Card,500,0,22015.43,52871.0,14837.95,2026-04-10,574.97,M,1974-10-09,Talaat Moustafa Group,Primary,100842,,0.0,17,,,,NORM,843
7,Luxor,2023-01-05,10000,A,NORM,Normal,0,2026-05-01,Cashback Card,500,500,8901.75,676.32,2885.07,2026-04-26,309.14,F,1988-07-27,Government,Primary,100843,,0.0,40,,,,NORM,844
2,Giza,2021-04-28,10000,A,NORM,Normal,0,2026-04-24,Classic Credit Card,100,0,6247.16,3445.03,1912.73,2026-04-30,211.73,M,1971-11-01,IBM Egypt,Secondary,100844,,0.0,60,,,,NORM,845
1,Cairo Main,2020-06-04,100000,A,NORM,Normal,0,2026-04-23,World Elite Card,200,150,37209.31,62374.84,23575.37,2026-04-16,614.45,F,1990-01-28,Microsoft Egypt,Primary,100845,,0.0,71,,,,NORM,846
3,Alexandria,2023-08-29,10000,A,NORM,Normal,0,2026-04-25,Gold Credit Card,500,500,867.81,8759.41,1663.92,2026-04-15,1229.88,M,1998-01-11,Banque Misr,Primary,100846,,0.0,32,,,,NORM,847
5,Tanta,2019-11-04,30000,A,NORM,Normal,0,2026-04-19,Classic Credit Card,500,0,23273.32,6577.04,3891.59,2026-04-29,834.84,M,1978-12-23,Cairo University,Primary,100847,,0.0,79,,,,NORM,848
5,Tanta,2023-05-05,150000,A,NORM,Normal,0,2026-04-26,World Elite Card,0,300,104328.84,45452.66,25544.64,2026-04-29,1894.64,F,1961-04-13,Freelancer,Primary,100848,,0.0,36,,,,NORM,849
7,Luxor,2021-09-28,5000,A,NORM,Normal,0,2026-04-29,Classic Credit Card,0,500,3957.24,570.02,467.83,2026-04-11,1813.85,F,1982-10-13,Freelancer,Primary,100849,,0.0,55,,,,NORM,850
3,Alexandria,2021-02-04,150000,A,NORM,Normal,0,2026-04-22,Platinum Credit Card,0,0,25480.41,124162.2,5535.4,2026-04-17,1643.48,M,1986-08-24,Military,Secondary,100850,,0.0,63,,,,NORM,851
1,Cairo Main,2024-06-14,30000,A,NORM,Normal,0,2026-04-23,Classic Credit Card,200,150,24244.8,5261.49,8730.9,2026-04-10,1465.82,F,1961-08-07,Elsewedy Capital,Primary,100851,,0.0,22,,,,NORM,852
5,Tanta,2020-04-22,15000,A,NEW,New,0,2026-04-17,Gold Credit Card,200,0,3920.72,10848.37,4259.64,2026-04-23,222.52,M,1982-03-18,El Sewedy Electric,Primary,100852,,0.0,73,,,,NEW,853
5,Tanta,2020-09-04,15000,A,NORM,Normal,0,2026-04-26,Classic Credit Card,100,300,1135.17,13613.84,2619.06,2026-04-10,1042.25,F,1998-03-30,Edita Food Industries,Primary,100853,,0.0,68,,,,NORM,854
7,Luxor,2018-03-27,15000,A,NORM,Normal,0,2026-04-17,Cashback Card,0,1000,10623.61,4303.38,3523.46,2026-04-25,1535.02,F,1974-12-26,Talaat Moustafa Group,Secondary,100854,,0.0,98,,,,NORM,855
7,Luxor,2018-03-27,15000,A,NORM,Normal,0,2026-04-27,Classic Credit Card,0,1000,3546.51,11075.4,2404.33,2026-04-21,999.24,F,1974-12-26,Talaat Moustafa Group,Secondary,100854,,0.0,98,,,,NORM,855
8,Zagazig,2020-10-10,100000,A,NORM,Normal,0,2026-04-22,World Elite Card,200,150,52374.38,47226.12,29423.38,2026-04-08,685.52,M,1999-03-03,CIB,Primary,100855,,0.0,67,,,,NORM,856
5,Tanta,2021-10-06,100000,A,NORM,Normal,0,2026-04-27,World Elite Card,200,500,-3846.69,95707.19,902.05,2026-04-30,1286.4,F,1996-01-22,Self Employed,Primary,100856,,0.0,55,,,,NORM,857
5,Tanta,2021-10-06,100000,A,NORM,Normal,0,2026-04-22,Business Credit Card,200,500,14536.47,85255.67,22704.18,2026-04-02,718.21,F,1996-01-22,Self Employed,Primary,100856,,0.0,55,,,,NORM,857
5,Tanta,2021-09-28,150000,A,NEW,New,0,2026-04-27,Platinum Credit Card,0,150,72275.18,77448.25,44245.84,2026-04-24,1960.44,F,1991-11-09,Military,Secondary,100857,,0.0,55,,,,NEW,858
9,Ismailia,2020-12-22,50000,A,NORM,Normal,0,2026-04-18,Titanium Credit Card,200,300,45211.96,4426.42,3275.45,2026-04-18,1029.39,M,1967-11-06,Edita Food Industries,Primary,100859,,0.0,65,,,,NORM,860
10,Suez,2022-11-11,100000,A,NORM,Normal,0,2026-04-18,Platinum Credit Card,500,150,3913.12,95706.19,17960.11,2026-04-07,1631.94,F,1965-07-07,Cairo University,Primary,100860,,0.0,42,,,,NORM,861
10,Suez,2022-11-11,100000,A,NORM,Normal,0,2026-05-01,Travel Rewards Card,500,150,60438.7,39409.67,27048.91,2026-04-26,1946.39,F,1965-07-07,Cairo University,Primary,100860,,0.0,42,,,,NORM,861
10,Suez,2022-11-11,100000,A,30DD,30 Days Delinquent,30,2026-04-17,Classic Credit Card,500,150,78333.94,21358.69,6055.03,2026-04-05,1277.66,F,1965-07-07,Cairo University,Primary,100860,,543.08,42,,,,30DD,861
10,Suez,2019-10-29,30000,A,NORM,Normal,0,2026-05-01,Business Credit Card,200,0,16261.94,13287.96,6047.91,2026-04-15,198.6,F,1985-01-13,Self Employed,Primary,100861,,0.0,79,,,,NORM,862
2,Giza,2023-06-24,30000,A,NORM,Normal,0,2026-04-28,Cashback Card,0,0,-191.9,29345.42,3205.22,2026-04-06,1273.42,F,1962-05-21,Vodafone Egypt,Primary,100862,,0.0,34,,,,NORM,863
9,Ismailia,2018-12-19,30000,A,NORM,Normal,0,2026-04-29,Gold Credit Card,200,150,3673.71,26149.46,5485.99,2026-04-25,226.31,M,1966-12-15,Banque Misr,Primary,100863,,0.0,89,,,,NORM,864
9,Ismailia,2018-12-19,30000,A,NORM,Normal,0,2026-04-29,Cashback Card,200,150,24572.09,4968.18,3040.9,2026-04-12,752.75,M,1966-12-15,Banque Misr,Primary,100863,,0.0,89,,,,NORM,864
9,Ismailia,2018-12-19,30000,A,NORM,Normal,0,2026-04-17,Classic Credit Card,200,150,11127.39,18553.82,204.12,2026-04-02,1640.55,M,1966-12-15,Banque Misr,Primary,100863,,0.0,89,,,,NORM,864
7,Luxor,2022-06-23,10000,A,NORM,Normal,0,2026-04-29,Gold Credit Card,500,300,7248.45,2683.0,2615.26,2026-04-19,76.95,M,1978-12-15,Talaat Moustafa Group,Primary,100864,,0.0,46,,,,NORM,865
7,Luxor,2022-06-23,10000,A,NEW,New,0,2026-04-23,Cashback Card,500,300,4844.96,5108.8,91.28,2026-04-12,589.8,M,1978-12-15,Talaat Moustafa Group,Primary,100864,,0.0,46,,,,NEW,865
7,Luxor,2022-06-23,10000,A,NORM,Normal,0,2026-04-19,Platinum Credit Card,500,300,460.98,9294.96,414.98,2026-04-30,671.8,M,1978-12-15,Talaat Moustafa Group,Primary,100864,,0.0,46,,,,NORM,865
3,Alexandria,2024-03-20,20000,A,NORM,Normal,0,2026-05-01,Gold Credit Card,500,1000,1066.76,18611.62,3771.05,2026-04-13,1668.43,M,1978-09-03,Juhayna,Primary,100865,,0.0,25,,,,NORM,866
3,Alexandria,2022-12-16,50000,A,NORM,Normal,0,2026-04-17,Platinum Credit Card,500,500,15089.03,34812.13,2474.42,2026-04-18,834.36,F,1983-08-15,Government,Secondary,100866,,0.0,41,,,,NORM,867
3,Alexandria,2022-12-16,50000,A,NORM,Normal,0,2026-04-30,World Elite Card,500,500,28670.53,21285.61,3697.26,2026-04-07,917.59,F,1983-08-15,Government,Secondary,100866,,0.0,41,,,,NORM,867
3,Alexandria,2022-12-16,50000,A,NORM,Normal,0,2026-04-29,Titanium Credit Card,500,500,26328.14,23239.56,13198.66,2026-04-15,552.64,F,1983-08-15,Government,Secondary,100866,,0.0,41,,,,NORM,867
9,Ismailia,2022-09-21,10000,A,NORM,Normal,0,2026-04-27,Gold Credit Card,100,1000,9256.05,650.98,2163.62,2026-04-21,1183.84,F,1961-03-08,Banque Misr,Primary,100867,,0.0,43,,,,NORM,868
5,Tanta,2022-05-28,15000,A,NORM,Normal,0,2026-04-28,Gold Credit Card,500,0,4428.24,10074.34,1157.75,2026-04-18,562.58,M,1962-05-27,Microsoft Egypt,Primary,100868,,0.0,47,,,,NORM,869
10,Suez,2021-04-05,200000,A,NORM,Normal,0,2026-04-29,Business Credit Card,0,0,134077.56,65505.58,43668.77,2026-04-03,826.06,M,1964-05-14,Self Employed,Primary,100869,,0.0,61,,,,NORM,870
9,Ismailia,2023-07-22,15000,A,NORM,Normal,0,2026-04-21,Cashback Card,100,300,9906.36,4748.38,3268.17,2026-04-04,1816.56,F,1993-03-19,Elsewedy Capital,Primary,100870,,0.0,33,,,,NORM,871
9,Ismailia,2023-07-22,15000,A,NORM,Normal,0,2026-04-22,Business Credit Card,100,300,4103.28,10754.53,2135.58,2026-04-23,977.14,F,1993-03-19,Elsewedy Capital,Primary,100870,,0.0,33,,,,NORM,871
10,Suez,2020-04-02,10000,A,NORM,Normal,0,2026-04-26,Cashback Card,0,1000,7362.86,2162.82,1452.97,2026-04-04,1303.38,M,1990-11-07,National Bank of Egypt,Primary,100871,,0.0,74,,,,NORM,872
1,Cairo Main,2023-09-03,100000,A,NORM,Normal,0,2026-04-26,World Elite Card,200,500,53747.79,45795.96,16675.58,2026-04-12,374.27,F,1997-05-09,Microsoft Egypt,Secondary,100872,,0.0,32,,,,NORM,873
5,Tanta,2024-11-14,100000,A,NORM,Normal,0,2026-04-23,World Elite Card,0,150,25686.03,73968.0,791.41,2026-04-10,302.76,M,1996-11-09,Military,Secondary,100873,,0.0,17,,,,NORM,874
9,Ismailia,2024-02-18,20000,A,NORM,Normal,0,2026-04-28,Business Credit Card,200,0,368.07,19313.84,3666.52,2026-04-27,1522.14,F,1993-04-08,Self Employed,Primary,100874,,0.0,26,,,,NORM,875
7,Luxor,2019-03-16,100000,A,NORM,Normal,0,2026-04-30,Travel Rewards Card,500,0,36779.93,63059.21,8392.96,2026-04-24,1442.6,F,1991-04-18,Amazon Egypt,Primary,100875,,0.0,86,,,,NORM,876
7,Luxor,2019-03-16,100000,A,NORM,Normal,0,2026-04-18,World Elite Card,500,0,55094.3,44715.56,28005.37,2026-04-07,1189.11,F,1991-04-18,Amazon Egypt,Primary,100875,,0.0,86,,,,NORM,876
10,Suez,2018-06-24,50000,A,NORM,Normal,0,2026-05-01,Titanium Credit Card,200,0,6285.05,43431.69,12018.09,2026-04-01,65.06,M,1979-12-09,Banque Misr,Primary,100876,,0.0,95,,,,NORM,877
6,Assiut,2023-11-21,75000,A,NORM,Normal,0,2026-04-21,Platinum Credit Card,200,1000,62963.82,11709.0,16610.25,2026-04-24,1721.31,F,1991-09-05,Government,Primary,100877,,0.0,29,,,,NORM,878
5,Tanta,2018-10-07,100000,A,NORM,Normal,0,2026-04-16,Cashback Card,200,150,57157.85,42641.99,6184.35,2026-04-04,1336.39,F,1977-09-02,Microsoft Egypt,Primary,100878,,0.0,92,,,,NORM,879
5,Tanta,2018-10-07,100000,A,NORM,Normal,0,2026-04-16,Travel Rewards Card,200,150,8449.65,91370.95,9343.65,2026-04-14,1613.4,F,1977-09-02,Microsoft Egypt,Primary,100878,,0.0,92,,,,NORM,879
5,Tanta,2018-10-07,100000,A,NORM,Normal,0,2026-04-20,World Elite Card,200,150,94980.38,4650.58,3509.18,2026-04-16,243.84,F,1977-09-02,Microsoft Egypt,Primary,100878,,0.0,92,,,,NORM,879
10,Suez,2022-07-12,10000,A,NORM,Normal,0,2026-04-22,Cashback Card,100,150,1165.51,8555.9,1233.77,2026-04-02,1664.61,M,1987-09-12,Orange Egypt,Primary,100879,,0.0,46,,,,NORM,880
6,Assiut,2020-08-06,20000,A,NORM,Normal,0,2026-04-22,World Elite Card,500,0,610.96,19345.77,2572.44,2026-04-21,440.56,M,1994-02-01,CIB,Primary,100880,,0.0,69,,,,NORM,881
6,Assiut,2020-08-06,20000,A,NORM,Normal,0,2026-04-21,Classic Credit Card,500,0,9500.42,10464.62,5590.86,2026-04-23,1901.84,M,1994-02-01,CIB,Primary,100880,,0.0,69,,,,NORM,881
2,Giza,2022-03-14,200000,A,NORM,Normal,0,2026-04-29,Platinum Credit Card,500,150,25307.8,174244.18,40142.83,2026-04-09,1825.98,M,1979-10-22,Vodafone Egypt,Primary,100881,,0.0,50,,,,NORM,882
2,Giza,2022-03-14,200000,A,NEW,New,0,2026-04-26,Travel Rewards Card,500,150,144526.38,55334.32,53796.2,2026-04-06,661.59,M,1979-10-22,Vodafone Egypt,Primary,100881,,0.0,50,,,,NEW,882
2,Giza,2022-03-14,200000,A,NORM,Normal,0,2026-04-25,World Elite Card,500,150,170808.94,29084.6,25471.81,2026-04-22,1346.63,M,1979-10-22,Vodafone Egypt,Primary,100881,,0.0,50,,,,NORM,882
5,Tanta,2020-04-04,15000,A,NORM,Normal,0,2026-04-27,Cashback Card,0,0,463.51,14495.27,693.93,2026-04-10,1866.67,M,1970-02-11,Amazon Egypt,Primary,100882,,0.0,73,,,,NORM,883
5,Tanta,2020-04-04,15000,A,NORM,Normal,0,2026-04-27,Classic Credit Card,0,0,6903.14,7735.69,2140.4,2026-04-21,1333.28,M,1970-02-11,Amazon Egypt,Primary,100882,,0.0,73,,,,NORM,883
6,Assiut,2022-07-30,200000,A,NORM,Normal,0,2026-04-27,Platinum Credit Card,500,150,49408.01,150434.74,23821.03,2026-04-16,94.28,M,1994-09-26,Ministry of Health,Primary,100883,,0.0,45,,,,NORM,884
6,Assiut,2022-07-30,200000,A,NORM,Normal,0,2026-04-19,Travel Rewards Card,500,150,160877.49,38748.19,21223.01,2026-04-04,751.0,M,1994-09-26,Ministry of Health,Primary,100883,,0.0,45,,,,NORM,884
6,Assiut,2024-12-08,150000,A,NORM,Normal,0,2026-04-21,Platinum Credit Card,500,0,92740.64,56938.53,44856.73,2026-04-13,1931.62,M,1975-12-28,Banque Misr,Primary,100884,,0.0,16,,,,NORM,885
6,Assiut,2024-12-08,150000,A,NORM,Normal,0,2026-04-18,Travel Rewards Card,500,0,66582.99,83134.32,12388.09,2026-04-28,571.27,M,1975-12-28,Banque Misr,Primary,100884,,0.0,16,,,,NORM,885
2,Giza,2023-08-05,20000,A,NORM,Normal,0,2026-04-19,Gold Credit Card,0,150,2314.68,17302.39,502.77,2026-04-20,1513.57,F,1965-04-16,Orange Egypt,Secondary,100885,,0.0,33,,,,NORM,886
6,Assiut,2019-10-09,30000,A,NORM,Normal,0,2026-04-27,Classic Credit Card,200,500,7007.91,22509.93,1531.33,2026-04-07,198.77,M,1963-01-18,National Bank of Egypt,Primary,100886,,0.0,79,,,,NORM,887
8,Zagazig,2018-05-03,5000,A,NORM,Normal,0,2026-04-18,Classic Credit Card,200,0,3261.99,1409.85,14.67,2026-04-23,499.65,M,1971-10-19,Edita Food Industries,Primary,100887,,0.0,97,,,,NORM,888
4,Mansoura,2018-10-26,200000,A,NORM,Normal,0,2026-04-27,Travel Rewards Card,0,500,57558.42,142380.38,19520.26,2026-04-25,1189.39,M,1982-02-20,Military,Secondary,100888,,0.0,91,,,,NORM,889
4,Mansoura,2018-10-26,200000,A,NORM,Normal,0,2026-04-30,World Elite Card,0,500,152021.98,47778.53,11956.21,2026-04-02,1673.04,M,1982-02-20,Military,Secondary,100888,,0.0,91,,,,NORM,889
5,Tanta,2018-06-20,10000,A,NORM,Normal,0,2026-04-22,Classic Credit Card,200,500,1524.74,8165.2,2864.27,2026-04-28,1022.34,F,1992-06-12,Orange Egypt,Primary,100889,,0.0,95,,,,NORM,890
1,Cairo Main,2020-03-14,150000,A,NORM,Normal,0,2026-05-01,Travel Rewards Card,0,500,135134.2,14711.84,39138.9,2026-04-30,928.41,F,1961-03-07,Military,Primary,100890,,0.0,74,,,,NORM,891
1,Cairo Main,2020-03-14,150000,A,NORM,Normal,0,2026-04-16,World Elite Card,0,500,38065.76,111596.51,40384.12,2026-04-16,937.75,F,1961-03-07,Military,Primary,100890,,0.0,74,,,,NORM,891
9,Ismailia,2019-04-19,100000,A,NORM,Normal,0,2026-04-20,Platinum Credit Card,200,500,58066.54,41786.71,12603.26,2026-04-04,1735.63,M,1966-03-07,CIB,Primary,100891,,0.0,85,,,,NORM,892
9,Ismailia,2019-04-19,100000,A,NORM,Normal,0,2026-04-20,Travel Rewards Card,200,500,194.61,99683.15,22733.05,2026-04-02,443.38,M,1966-03-07,CIB,Primary,100891,,0.0,85,,,,NORM,892
1,Cairo Main,2022-08-19,150000,A,NORM,Normal,0,2026-04-17,World Elite Card,100,0,124998.54,24648.56,8858.38,2026-04-20,1469.19,M,1970-03-10,Cairo University,Primary,100892,,0.0,45,,,,NORM,893
5,Tanta,2021-07-10,50000,A,NORM,Normal,0,2026-04-30,Platinum Credit Card,200,150,21546.46,28263.67,13121.41,2026-04-16,373.68,F,1961-12-17,Military,Primary,100893,,0.0,58,,,,NORM,894
2,Giza,2024-02-05,20000,A,NEW,New,0,2026-04-18,Travel Rewards Card,200,150,5067.73,14704.03,5931.04,2026-04-17,89.22,F,1971-03-23,Self Employed,Primary,100894,,0.0,27,,,,NEW,895
2,Giza,2024-02-05,20000,A,NORM,Normal,0,2026-04-27,Business Credit Card,200,150,11455.47,8365.97,3093.64,2026-04-19,853.07,F,1971-03-23,Self Employed,Primary,100894,,0.0,27,,,,NORM,895
5,Tanta,2020-09-27,150000,A,NEW,New,0,2026-04-25,World Elite Card,0,300,51285.63,98406.23,16760.35,2026-04-03,271.89,F,1998-12-24,Talaat Moustafa Group,Primary,100895,,0.0,68,,,,NEW,896
5,Tanta,2020-04-13,15000,A,NORM,Normal,0,2026-04-23,Cashback Card,100,0,2510.59,12353.84,482.83,2026-04-08,128.22,F,1963-07-09,Government,Primary,100896,,0.0,73,,,,NORM,897
4,Mansoura,2022-12-09,100000,A,NORM,Normal,0,2026-04-18,World Elite Card,200,300,-8529.99,91093.73,7799.86,2026-04-12,1040.77,F,1991-04-29,CIB,Primary,100897,,0.0,41,,,,NORM,898
5,Tanta,2024-11-02,75000,A,NORM,Normal,0,2026-05-01,Business Credit Card,500,500,9065.07,65643.4,17369.18,2026-04-29,10.69,F,1998-05-02,Self Employed,Primary,100898,,0.0,18,,,,NORM,899
3,Alexandria,2022-11-01,150000,A,NORM,Normal,0,2026-04-28,World Elite Card,200,0,88963.77,60958.54,40575.38,2026-04-15,774.96,F,1989-08-08,Orange Egypt,Secondary,100899,,0.0,42,,,,NORM,900
4,Mansoura,2018-04-23,50000,A,NORM,Normal,0,2026-04-27,Titanium Credit Card,0,0,41587.83,8351.29,3232.86,2026-04-09,953.51,F,1993-12-19,Military,Secondary,100900,,0.0,97,,,,NORM,901
8,Zagazig,2024-06-03,200000,A,NORM,Normal,0,2026-04-28,Platinum Credit Card,500,150,86250.2,113461.95,13223.15,2026-04-04,1907.18,M,1979-01-05,Government,Secondary,100901,,0.0,23,,,,NORM,902
2,Giza,2024-02-02,30000,A,NORM,Normal,0,2026-04-28,Classic Credit Card,200,300,24570.33,5365.38,3719.84,2026-04-30,1695.33,F,1971-03-18,Edita Food Industries,Primary,100902,,0.0,27,,,,NORM,903
2,Giza,2024-05-17,50000,A,30DD,30 Days Delinquent,30,2026-04-30,World Elite Card,0,500,19431.22,30387.76,119.46,2026-04-14,1930.43,M,1973-10-07,Talaat Moustafa Group,Primary,100903,,12919.0,23,,,,30DD,904
2,Giza,2024-05-17,50000,A,NORM,Normal,0,2026-04-18,Titanium Credit Card,0,500,18075.65,31503.25,11241.0,2026-04-26,262.33,M,1973-10-07,Talaat Moustafa Group,Primary,100903,,0.0,23,,,,NORM,904
9,Ismailia,2022-08-01,5000,A,NORM,Normal,0,2026-04-26,Gold Credit Card,0,500,-45.83,4889.82,777.5,2026-04-23,1020.73,M,1969-10-09,Cairo University,Primary,100904,,0.0,45,,,,NORM,905
9,Ismailia,2022-08-01,5000,A,NEW,New,0,2026-04-29,Cashback Card,0,500,4681.93,116.22,654.73,2026-04-05,974.99,M,1969-10-09,Cairo University,Primary,100904,,0.0,45,,,,NEW,905
9,Ismailia,2022-08-01,5000,A,NORM,Normal,0,2026-04-17,Titanium Credit Card,0,500,-92.09,4866.19,921.43,2026-04-05,1801.74,M,1969-10-09,Cairo University,Primary,100904,,0.0,45,,,,NORM,905
8,Zagazig,2020-07-20,15000,A,NORM,Normal,0,2026-04-16,Cashback Card,100,0,322.6,14514.32,3209.37,2026-04-05,1352.73,M,1965-09-15,Banque Misr,Primary,100905,,0.0,70,,,,NORM,906
8,Zagazig,2020-07-20,15000,A,NORM,Normal,0,2026-04-16,Classic Credit Card,100,0,1372.26,13226.98,1542.09,2026-04-23,846.15,M,1965-09-15,Banque Misr,Primary,100905,,0.0,70,,,,NORM,906
10,Suez,2018-06-21,150000,A,NORM,Normal,0,2026-04-18,Platinum Credit Card,200,0,-379.63,149361.03,5739.29,2026-04-17,1252.08,F,1974-03-27,Elsewedy Capital,Primary,100906,,0.0,95,,,,NORM,907
4,Mansoura,2019-03-24,10000,A,NORM,Normal,0,2026-04-28,Cashback Card,0,150,3025.41,6676.52,1367.28,2026-04-15,1534.54,M,1975-09-08,Government,Primary,100907,,0.0,86,,,,NORM,908
2,Giza,2022-10-13,30000,A,NORM,Normal,0,2026-04-25,Cashback Card,200,300,18836.72,10956.58,4815.04,2026-04-03,574.65,F,1988-10-16,Banque Misr,Secondary,100908,,0.0,43,,,,NORM,909
5,Tanta,2018-05-08,15000,A,NORM,Normal,0,2026-04-16,Classic Credit Card,0,0,3756.53,11149.56,1274.63,2026-04-30,622.33,M,1987-11-24,IBM Egypt,Secondary,100909,,0.0,97,,,,NORM,910
10,Suez,2021-11-10,20000,A,NORM,Normal,0,2026-04-22,Cashback Card,100,500,15756.68,3762.72,2645.87,2026-04-16,1291.44,M,1991-12-23,Microsoft Egypt,Secondary,100910,,0.0,54,,,,NORM,911
10,Suez,2021-11-10,20000,A,NORM,Normal,0,2026-04-28,Classic Credit Card,100,500,12696.78,7150.94,1517.69,2026-04-26,1030.56,M,1991-12-23,Microsoft Egypt,Secondary,100910,,0.0,54,,,,NORM,911
9,Ismailia,2024-02-24,75000,A,NORM,Normal,0,2026-04-26,Platinum Credit Card,500,300,70779.67,4111.49,22063.21,2026-04-09,211.46,F,1985-10-07,Ministry of Health,Primary,100911,,0.0,26,,,,NORM,912
9,Ismailia,2024-02-24,75000,A,NORM,Normal,0,2026-04-16,Travel Rewards Card,500,300,18481.26,56355.75,12224.27,2026-04-15,558.99,F,1985-10-07,Ministry of Health,Primary,100911,,0.0,26,,,,NORM,912
4,Mansoura,2020-09-22,50000,A,NORM,Normal,0,2026-04-29,Platinum Credit Card,100,500,35897.13,14073.83,11542.91,2026-04-20,416.0,F,1974-09-29,Elsewedy Capital,Primary,100912,,0.0,68,,,,NORM,913
9,Ismailia,2022-01-23,100000,A,NORM,Normal,0,2026-04-21,Platinum Credit Card,100,1000,29820.72,70152.34,21138.72,2026-04-17,1386.62,M,1963-06-06,Military,Secondary,100913,,0.0,51,,,,NORM,914
10,Suez,2019-07-20,200000,A,NORM,Normal,0,2026-04-23,Platinum Credit Card,0,500,173148.69,26506.44,13148.57,2026-04-15,586.31,F,1989-11-14,Talaat Moustafa Group,Primary,100914,,0.0,82,,,,NORM,915
10,Suez,2019-07-20,200000,A,NORM,Normal,0,2026-04-24,Travel Rewards Card,0,500,-3575.35,196270.69,9920.46,2026-04-07,1282.42,F,1989-11-14,Talaat Moustafa Group,Primary,100914,,0.0,82,,,,NORM,915
8,Zagazig,2020-03-22,15000,A,NORM,Normal,0,2026-04-29,Classic Credit Card,500,300,9463.36,5085.84,2880.55,2026-04-22,51.02,F,1988-05-18,Freelancer,Primary,100915,,0.0,74,,,,NORM,916
7,Luxor,2019-11-15,10000,A,NORM,Normal,0,2026-04-17,Cashback Card,500,500,3816.62,5734.74,1832.63,2026-04-07,843.16,F,1961-01-27,Banque Misr,Primary,100916,,0.0,78,,,,NORM,917
5,Tanta,2021-10-11,50000,A,NORM,Normal,0,2026-04-18,Platinum Credit Card,0,0,17144.84,32776.66,10696.03,2026-04-29,1635.99,F,1965-05-04,Cairo University,Secondary,100917,,0.0,55,,,,NORM,918
7,Luxor,2023-05-09,15000,A,NORM,Normal,0,2026-04-17,Cashback Card,0,150,12155.41,2398.61,1048.93,2026-04-18,1709.92,M,1972-12-22,Orascom,Primary,100918,,0.0,36,,,,NORM,919
7,Luxor,2023-05-09,15000,A,NORM,Normal,0,2026-04-23,Business Credit Card,0,150,2530.78,12045.77,150.62,2026-04-07,405.95,M,1972-12-22,Orascom,Primary,100918,,0.0,36,,,,NORM,919
7,Luxor,2022-12-02,15000,A,NORM,Normal,0,2026-04-30,Gold Credit Card,100,300,421.56,14192.41,503.87,2026-04-25,1804.21,F,1974-05-17,Government,Primary,100919,,0.0,41,,,,NORM,920
7,Luxor,2022-12-02,15000,A,NORM,Normal,0,2026-04-21,Classic Credit Card,100,300,12944.55,1917.77,2800.21,2026-04-23,1474.12,F,1974-05-17,Government,Primary,100919,,0.0,41,,,,NORM,920
9,Ismailia,2023-09-13,75000,A,NORM,Normal,0,2026-04-25,Titanium Credit Card,100,150,30091.66,44566.25,20688.95,2026-04-15,1374.96,M,1986-01-03,Juhayna,Secondary,100920,,0.0,32,,,,NORM,921
9,Ismailia,2024-06-13,200000,A,NEW,New,0,2026-05-01,Platinum Credit Card,100,0,151262.43,48279.96,12669.91,2026-04-09,874.29,F,1972-06-24,Edita Food Industries,Primary,100921,,0.0,22,,,,NEW,922
3,Alexandria,2020-11-28,200000,A,NORM,Normal,0,2026-04-23,Gold Credit Card,100,0,169238.78,30410.06,5786.64,2026-04-14,949.78,M,1972-12-09,CIB,Secondary,100922,,0.0,66,,,,NORM,923
3,Alexandria,2020-11-28,200000,A,NORM,Normal,0,2026-04-22,Platinum Credit Card,100,0,84660.03,114886.99,37331.53,2026-04-14,699.31,M,1972-12-09,CIB,Secondary,100922,,0.0,66,,,,NORM,923
3,Alexandria,2020-11-28,200000,A,NORM,Normal,0,2026-04-17,Travel Rewards Card,100,0,127953.42,71800.78,43947.6,2026-04-19,1401.14,M,1972-12-09,CIB,Secondary,100922,,0.0,66,,,,NORM,923
4,Mansoura,2023-06-24,5000,A,NORM,Normal,0,2026-04-22,Cashback Card,500,500,19.51,4543.59,129.91,2026-04-01,833.47,M,1960-04-19,IBM Egypt,Secondary,100923,,0.0,34,,,,NORM,924
2,Giza,2022-11-06,100000,A,NORM,Normal,0,2026-04-26,World Elite Card,200,0,54274.21,45260.28,17667.18,2026-04-01,1599.84,F,1979-12-08,Talaat Moustafa Group,Secondary,100924,,0.0,42,,,,NORM,925
6,Assiut,2023-09-08,50000,A,NORM,Normal,0,2026-04-25,Platinum Credit Card,200,0,24981.11,24841.71,311.27,2026-04-03,1896.51,F,1967-01-11,Talaat Moustafa Group,Primary,100925,,0.0,32,,,,NORM,926
4,Mansoura,2024-04-05,5000,A,NORM,Normal,0,2026-04-18,Cashback Card,500,150,3020.7,1498.22,588.72,2026-04-03,1084.0,M,1997-09-29,Vodafone Egypt,Primary,100926,,0.0,25,,,,NORM,927
3,Alexandria,2023-07-28,30000,A,NORM,Normal,0,2026-04-24,Classic Credit Card,100,0,16102.93,13634.49,1314.9,2026-04-30,374.57,F,1992-11-26,Banque Misr,Primary,100927,,0.0,33,,,,NORM,928
4,Mansoura,2019-12-31,5000,A,NORM,Normal,0,2026-04-21,Cashback Card,500,1000,3753.82,1215.94,342.47,2026-04-29,1831.73,M,1991-11-06,Amazon Egypt,Primary,100928,,0.0,77,,,,NORM,929
3,Alexandria,2021-05-14,20000,A,NORM,Normal,0,2026-04-18,Gold Credit Card,500,1000,29.44,19593.11,236.02,2026-04-16,747.84,F,1999-05-19,Juhayna,Primary,100929,,0.0,60,,,,NORM,930
4,Mansoura,2021-03-22,75000,A,NORM,Normal,0,2026-04-22,Titanium Credit Card,0,150,56015.21,18876.79,4000.08,2026-04-12,1200.38,F,1965-01-15,Freelancer,Secondary,100930,,0.0,62,,,,NORM,931
7,Luxor,2019-06-09,100000,A,NORM,Normal,0,2026-04-18,Business Credit Card,100,0,-4430.34,95213.66,18913.25,2026-04-12,1725.76,F,1991-08-13,Self Employed,Primary,100931,,0.0,83,,,,NORM,932
1,Cairo Main,2021-08-16,30000,A,NORM,Normal,0,2026-04-26,Gold Credit Card,500,500,-2046.31,27818.45,8771.41,2026-04-10,1510.33,F,1985-03-22,Edita Food Industries,Secondary,100932,,0.0,57,,,,NORM,933
4,Mansoura,2018-07-06,30000,A,NORM,Normal,0,2026-04-17,Cashback Card,100,1000,-1307.27,28306.34,1854.07,2026-04-17,796.86,M,1975-03-30,Freelancer,Primary,100933,,0.0,95,,,,NORM,934
10,Suez,2019-06-14,200000,A,NORM,Normal,0,2026-04-28,World Elite Card,500,0,137720.55,62055.13,29454.84,2026-04-26,1899.67,F,1974-10-15,Ministry of Health,Secondary,100934,,0.0,83,,,,NORM,935
1,Cairo Main,2020-05-12,50000,A,NEW,New,0,2026-04-29,Platinum Credit Card,500,150,5298.42,44551.57,4812.99,2026-04-06,1986.01,F,1983-04-07,Ministry of Health,Secondary,100935,,0.0,72,,,,NEW,936
7,Luxor,2024-03-14,20000,A,NORM,Normal,0,2026-04-25,Classic Credit Card,0,1000,18730.01,1209.74,4446.22,2026-04-01,1367.91,F,1969-09-02,Vodafone Egypt,Primary,100936,,0.0,25,,,,NORM,937
5,Tanta,2018-04-10,20000,A,NORM,Normal,0,2026-04-20,Cashback Card,0,500,15285.24,4394.38,5206.72,2026-04-08,490.05,F,1973-07-10,Elsewedy Capital,Primary,100937,,0.0,98,,,,NORM,938
2,Giza,2023-08-29,75000,A,NEW,New,0,2026-04-21,Platinum Credit Card,0,1000,6537.37,67970.24,1136.77,2026-04-14,1153.96,F,1963-04-25,Vodafone Egypt,Primary,100938,,0.0,32,,,,NEW,939
6,Assiut,2023-09-30,5000,A,NORM,Normal,0,2026-04-28,Classic Credit Card,0,300,-249.4,4361.25,1301.47,2026-04-22,1954.12,F,1979-01-26,Juhayna,Primary,100939,,0.0,31,,,,NORM,940
4,Mansoura,2024-04-16,30000,A,NORM,Normal,0,2026-04-16,Business Credit Card,100,500,3770.14,25871.66,1649.92,2026-04-23,1445.67,M,1978-03-24,Self Employed,Secondary,100940,,0.0,24,,,,NORM,941
9,Ismailia,2019-03-20,100000,A,NORM,Normal,0,2026-04-22,World Elite Card,500,150,11478.5,88112.88,4473.11,2026-04-28,1768.88,F,1992-01-20,Elsewedy Capital,Primary,100941,,0.0,86,,,,NORM,942
5,Tanta,2019-08-12,10000,A,NORM,Normal,0,2026-04-19,Classic Credit Card,500,1000,7419.71,2294.12,1447.04,2026-04-04,324.9,M,1974-11-29,CIB,Primary,100942,,0.0,81,,,,NORM,943
8,Zagazig,2024-05-09,20000,A,NORM,Normal,0,2026-04-22,Gold Credit Card,200,150,8086.83,11471.98,3633.26,2026-04-01,1455.15,M,1983-06-24,Orange Egypt,Primary,100943,,0.0,24,,,,NORM,944
8,Zagazig,2024-05-09,20000,A,30DD,30 Days Delinquent,30,2026-04-16,Cashback Card,200,150,11477.61,8433.56,621.7,2026-04-26,1784.68,M,1983-06-24,Orange Egypt,Primary,100943,,903.22,24,,,,30DD,944
7,Luxor,2018-01-23,30000,A,NORM,Normal,0,2026-04-16,Gold Credit Card,200,150,1201.51,28444.22,8040.43,2026-04-02,1533.26,F,1999-02-02,El Sewedy Electric,Primary,100944,,0.0,100,,,,NORM,945
7,Luxor,2018-01-23,30000,A,60DA,60 Days Delinquent,60,2026-04-27,Cashback Card,200,150,20059.27,9695.56,2123.49,2026-04-23,547.72,F,1999-02-02,El Sewedy Electric,Primary,100944,,10430.05,100,,,,60DA,945
9,Ismailia,2018-11-30,10000,A,NORM,Normal,0,2026-04-29,Gold Credit Card,100,0,8096.68,1436.43,1760.34,2026-04-04,1244.63,M,1998-07-08,Amazon Egypt,Primary,100945,,0.0,90,,,,NORM,946
4,Mansoura,2019-04-11,5000,A,NORM,Normal,0,2026-04-19,Cashback Card,500,150,2880.34,1803.09,138.1,2026-04-18,343.4,F,1979-08-18,Amazon Egypt,Primary,100946,,0.0,85,,,,NORM,947
7,Luxor,2021-01-15,150000,A,NORM,Normal,0,2026-04-18,Platinum Credit Card,100,150,40266.77,109707.47,19085.07,2026-04-01,1557.74,F,1973-03-13,Edita Food Industries,Primary,100947,,0.0,64,,,,NORM,948
6,Assiut,2024-10-12,30000,A,NORM,Normal,0,2026-04-20,Business Credit Card,200,150,23330.61,6207.85,1927.61,2026-04-14,1392.59,M,1983-04-19,Self Employed,Primary,100948,,0.0,18,,,,NORM,949
6,Assiut,2020-01-05,15000,A,NORM,Normal,0,2026-04-29,Business Credit Card,0,300,20.34,14537.53,2083.98,2026-04-25,1150.44,M,1978-09-03,Self Employed,Primary,100949,,0.0,76,,,,NORM,950
8,Zagazig,2019-01-23,5000,A,NORM,Normal,0,2026-04-29,Classic Credit Card,0,300,523.59,4129.36,1307.64,2026-04-05,985.31,M,1974-11-06,Military,Primary,100950,,0.0,88,,,,NORM,951
5,Tanta,2022-10-12,200000,A,NORM,Normal,0,2026-05-01,Platinum Credit Card,200,1000,80437.85,119229.22,45126.52,2026-04-15,2.89,M,1972-09-30,Juhayna,Primary,100951,,0.0,43,,,,NORM,952
4,Mansoura,2020-01-01,30000,A,NORM,Normal,0,2026-04-23,Cashback Card,500,300,10814.45,18754.65,6973.82,2026-04-07,612.17,F,1972-07-23,Cairo University,Secondary,100952,,0.0,77,,,,NORM,953
4,Mansoura,2018-01-11,20000,A,NORM,Normal,0,2026-05-01,Cashback Card,100,150,8621.21,10954.94,5693.99,2026-04-30,438.83,M,1967-07-17,El Sewedy Electric,Primary,100953,,0.0,101,,,,NORM,954
2,Giza,2019-07-16,150000,A,NORM,Normal,0,2026-04-22,Platinum Credit Card,200,300,63862.09,85760.55,18902.0,2026-04-05,847.27,M,1962-05-05,Freelancer,Primary,100954,,0.0,82,,,,NORM,955
7,Luxor,2023-04-28,50000,A,30DD,30 Days Delinquent,30,2026-04-18,Cashback Card,0,1000,38758.46,11087.78,9880.32,2026-04-03,1085.6,M,1991-09-06,Juhayna,Secondary,100955,,18105.68,36,,,,30DD,956
7,Luxor,2023-04-28,50000,A,NORM,Normal,0,2026-04-23,Titanium Credit Card,0,1000,38686.5,11012.97,7668.04,2026-04-08,1204.44,M,1991-09-06,Juhayna,Secondary,100955,,0.0,36,,,,NORM,956
7,Luxor,2022-12-14,100000,A,NORM,Normal,0,2026-04-19,Platinum Credit Card,200,150,8733.7,91161.54,17439.23,2026-04-25,1105.82,M,1985-02-21,Talaat Moustafa Group,Secondary,100956,,0.0,41,,,,NORM,957
7,Luxor,2024-12-02,150000,A,NEW,New,0,2026-04-20,World Elite Card,0,150,63940.12,86047.06,30827.25,2026-04-15,744.31,F,1969-08-03,El Sewedy Electric,Primary,100957,,0.0,17,,,,NEW,958
10,Suez,2021-09-07,10000,A,60DA,60 Days Delinquent,60,2026-04-19,Cashback Card,200,0,7321.63,2412.72,860.84,2026-04-15,1773.65,F,1973-12-03,IBM Egypt,Primary,100958,,4823.72,56,,,,60DA,959
10,Suez,2021-09-07,10000,A,NORM,Normal,0,2026-04-25,Travel Rewards Card,200,0,5089.89,4779.78,2859.95,2026-04-21,36.13,F,1973-12-03,IBM Egypt,Primary,100958,,0.0,56,,,,NORM,959
10,Suez,2021-09-07,10000,A,NORM,Normal,0,2026-04-20,Classic Credit Card,200,0,1336.25,8588.7,1038.04,2026-04-16,38.12,F,1973-12-03,IBM Egypt,Primary,100958,,0.0,56,,,,NORM,959
5,Tanta,2018-08-23,200000,A,NORM,Normal,0,2026-04-20,Platinum Credit Card,500,500,14361.75,185441.63,45147.88,2026-04-08,1461.84,M,1972-04-19,Vodafone Egypt,Primary,100959,,0.0,93,,,,NORM,960
5,Tanta,2018-08-23,200000,A,NORM,Normal,0,2026-04-17,Travel Rewards Card,500,500,39061.55,160485.47,22192.09,2026-04-07,464.83,M,1972-04-19,Vodafone Egypt,Primary,100959,,0.0,93,,,,NORM,960
1,Cairo Main,2018-04-29,200000,A,NORM,Normal,0,2026-04-27,Gold Credit Card,0,500,99723.08,99947.17,25436.89,2026-04-25,1615.9,M,1976-07-29,Banque Misr,Primary,100960,,0.0,97,,,,NORM,961
1,Cairo Main,2018-04-29,200000,A,NORM,Normal,0,2026-04-30,World Elite Card,0,500,72062.55,127936.23,58802.96,2026-04-26,962.57,M,1976-07-29,Banque Misr,Primary,100960,,0.0,97,,,,NORM,961
2,Giza,2024-02-07,30000,A,NORM,Normal,0,2026-04-18,Cashback Card,0,300,-1457.86,28414.61,4730.56,2026-04-03,545.67,F,1998-06-25,El Sewedy Electric,Secondary,100961,,0.0,27,,,,NORM,962
6,Assiut,2018-02-28,75000,A,NORM,Normal,0,2026-04-16,Platinum Credit Card,100,300,44100.36,30780.0,13567.57,2026-04-18,1206.09,M,1983-02-28,Amazon Egypt,Primary,100962,,0.0,99,,,,NORM,963
6,Assiut,2018-02-28,75000,A,NORM,Normal,0,2026-04-25,Travel Rewards Card,100,300,52100.63,22504.91,5036.44,2026-04-05,491.54,M,1983-02-28,Amazon Egypt,Primary,100962,,0.0,99,,,,NORM,963
10,Suez,2023-09-02,75000,A,NORM,Normal,0,2026-04-25,Platinum Credit Card,200,300,7928.61,66848.34,9665.36,2026-04-14,1103.4,F,1968-11-29,Orascom,Primary,100963,,0.0,32,,,,NORM,964
2,Giza,2023-03-12,10000,A,NORM,Normal,0,2026-04-28,Platinum Credit Card,0,150,4481.04,5123.5,448.96,2026-04-14,1919.18,M,1985-05-25,CIB,Primary,100964,,0.0,38,,,,NORM,965
2,Giza,2023-03-12,10000,A,NORM,Normal,0,2026-04-19,World Elite Card,0,150,8140.79,1642.37,1615.57,2026-04-01,697.19,M,1985-05-25,CIB,Primary,100964,,0.0,38,,,,NORM,965
2,Giza,2023-03-12,10000,A,NORM,Normal,0,2026-04-24,Classic Credit Card,0,150,1619.48,8361.95,2424.81,2026-04-10,959.84,M,1985-05-25,CIB,Primary,100964,,0.0,38,,,,NORM,965
2,Giza,2020-10-07,30000,A,30DD,30 Days Delinquent,30,2026-05-01,Gold Credit Card,200,0,4334.6,25349.5,5217.88,2026-04-14,753.8,F,1999-05-08,El Sewedy Electric,Primary,100965,,2828.72,67,,,,30DD,966
2,Giza,2020-10-07,30000,A,NORM,Normal,0,2026-04-25,Cashback Card,200,0,26092.84,3608.75,274.33,2026-04-24,1858.33,F,1999-05-08,El Sewedy Electric,Primary,100965,,0.0,67,,,,NORM,966
3,Alexandria,2021-07-16,75000,A,NORM,Normal,0,2026-04-19,Gold Credit Card,100,300,64060.23,10549.78,16305.73,2026-04-29,927.4,F,1985-05-06,Elsewedy Capital,Primary,100966,,0.0,58,,,,NORM,967
3,Alexandria,2021-07-16,75000,A,90DA,90 Days Delinquent,90,2026-04-30,Titanium Credit Card,100,300,4648.05,70020.62,12028.64,2026-04-02,899.05,F,1985-05-06,Elsewedy Capital,Primary,100966,,19809.45,58,,,,90DA,967
8,Zagazig,2024-06-28,50000,A,NORM,Normal,0,2026-04-18,Business Credit Card,100,0,33902.64,15875.22,11607.0,2026-04-03,1923.65,F,1975-12-06,IBM Egypt,Primary,100967,,0.0,22,,,,NORM,968
8,Zagazig,2024-06-28,50000,A,NORM,Normal,0,2026-04-30,Titanium Credit Card,100,0,7018.32,42680.8,1128.54,2026-04-28,717.77,F,1975-12-06,IBM Egypt,Primary,100967,,0.0,22,,,,NORM,968
7,Luxor,2021-03-28,20000,A,NORM,Normal,0,2026-04-24,Cashback Card,200,0,3560.16,16224.74,5697.72,2026-04-12,434.42,M,1975-07-24,Edita Food Industries,Primary,100968,,0.0,62,,,,NORM,969
1,Cairo Main,2023-10-19,15000,A,NORM,Normal,0,2026-04-23,Business Credit Card,200,300,9401.37,5458.32,3008.85,2026-04-25,280.57,F,1965-03-04,Self Employed,Primary,100969,,0.0,30,,,,NORM,970
2,Giza,2022-01-09,5000,A,NORM,Normal,0,2026-04-16,Gold Credit Card,200,0,3223.22,1655.97,419.48,2026-04-13,996.2,M,1988-03-27,Orascom,Secondary,100970,,0.0,52,,,,NORM,971
8,Zagazig,2020-02-02,5000,A,NORM,Normal,0,2026-04-18,Gold Credit Card,500,500,70.55,4661.18,1169.89,2026-04-27,1508.59,F,1984-07-11,Freelancer,Secondary,100971,,0.0,76,,,,NORM,972
8,Zagazig,2020-02-02,5000,A,NORM,Normal,0,2026-04-16,Cashback Card,500,500,241.46,4607.97,600.32,2026-04-19,364.97,F,1984-07-11,Freelancer,Secondary,100971,,0.0,76,,,,NORM,972
10,Suez,2023-05-31,75000,A,NORM,Normal,0,2026-04-27,Platinum Credit Card,0,500,59317.64,15382.65,7835.4,2026-04-06,1616.0,F,1975-02-26,Juhayna,Primary,100972,,0.0,35,,,,NORM,973
10,Suez,2019-11-03,150000,A,NORM,Normal,0,2026-04-22,Gold Credit Card,100,300,67435.0,82547.74,20928.36,2026-04-13,1686.98,M,1961-04-12,Orascom,Secondary,100973,,0.0,79,,,,NORM,974
10,Suez,2019-11-03,150000,A,NORM,Normal,0,2026-05-01,Cashback Card,100,300,97147.82,52674.73,34865.07,2026-04-05,54.03,M,1961-04-12,Orascom,Secondary,100973,,0.0,79,,,,NORM,974
10,Suez,2019-11-03,150000,A,NORM,Normal,0,2026-04-26,World Elite Card,100,300,77736.33,72008.19,19516.04,2026-04-09,1568.26,M,1961-04-12,Orascom,Secondary,100973,,0.0,79,,,,NORM,974
6,Assiut,2022-06-10,15000,A,30DD,30 Days Delinquent,30,2026-04-29,Classic Credit Card,100,150,8656.75,5905.0,73.87,2026-04-20,1742.47,F,1980-07-29,Freelancer,Primary,100974,,3160.62,47,,,,30DD,975
4,Mansoura,2019-01-05,20000,A,NORM,Normal,0,2026-04-16,Gold Credit Card,0,500,4519.65,15102.58,4485.84,2026-04-19,749.41,M,1979-08-01,Banque Misr,Primary,100975,,0.0,89,,,,NORM,976
7,Luxor,2020-05-20,100000,A,NORM,Normal,0,2026-04-22,Travel Rewards Card,0,500,20145.11,79457.47,7045.51,2026-04-18,1237.24,M,1991-05-06,Microsoft Egypt,Primary,100976,,0.0,72,,,,NORM,977
7,Luxor,2020-05-20,100000,A,NORM,Normal,0,2026-04-17,World Elite Card,0,500,65160.61,34595.73,21647.94,2026-04-12,913.05,M,1991-05-06,Microsoft Egypt,Primary,100976,,0.0,72,,,,NORM,977
6,Assiut,2022-10-06,200000,A,NORM,Normal,0,2026-04-29,Platinum Credit Card,500,1000,9690.99,190094.37,52215.24,2026-04-18,1512.41,M,1972-09-13,Microsoft Egypt,Primary,100977,,0.0,43,,,,NORM,978
4,Mansoura,2022-01-23,50000,A,NORM,Normal,0,2026-05-01,Classic Credit Card,100,150,7702.84,41822.26,157.17,2026-04-15,271.62,F,1976-07-22,Government,Primary,100978,,0.0,51,,,,NORM,979
4,Mansoura,2022-01-23,50000,A,NORM,Normal,0,2026-04-16,Titanium Credit Card,100,150,33962.91,15609.06,7143.81,2026-04-17,1527.97,F,1976-07-22,Government,Primary,100978,,0.0,51,,,,NORM,979
7,Luxor,2021-10-22,75000,A,NORM,Normal,0,2026-04-21,Titanium Credit Card,200,500,47136.25,27742.13,12094.26,2026-04-29,216.54,F,1964-03-01,Orascom,Primary,100979,,0.0,55,,,,NORM,980
3,Alexandria,2023-10-21,10000,A,NORM,Normal,0,2026-04-28,Gold Credit Card,0,500,8143.81,1667.52,1783.01,2026-04-30,1861.29,M,1977-11-11,Freelancer,Primary,100980,,0.0,30,,,,NORM,981
3,Alexandria,2023-10-21,10000,A,NORM,Normal,0,2026-04-16,Cashback Card,0,500,8163.86,1758.67,2869.73,2026-04-29,684.08,M,1977-11-11,Freelancer,Primary,100980,,0.0,30,,,,NORM,981
9,Ismailia,2023-02-06,5000,A,NORM,Normal,0,2026-04-29,Business Credit Card,500,500,-367.19,4326.88,1155.44,2026-04-11,1901.85,M,1977-03-23,Self Employed,Primary,100981,,0.0,39,,,,NORM,982
10,Suez,2023-01-19,150000,A,NORM,Normal,0,2026-04-26,Platinum Credit Card,0,150,124327.79,25499.01,25577.08,2026-04-03,1729.9,F,1996-03-15,IBM Egypt,Primary,100982,,0.0,39,,,,NORM,983
10,Suez,2023-01-19,150000,A,NORM,Normal,0,2026-04-25,Titanium Credit Card,0,150,25341.66,124480.38,19625.83,2026-04-25,363.0,F,1996-03-15,IBM Egypt,Primary,100982,,0.0,39,,,,NORM,983
3,Alexandria,2021-10-12,200000,A,NORM,Normal,0,2026-04-29,Platinum Credit Card,500,0,136044.11,63687.85,36902.04,2026-04-22,379.07,F,1960-04-23,Talaat Moustafa Group,Primary,100983,,0.0,55,,,,NORM,984
8,Zagazig,2018-07-25,200000,A,NORM,Normal,0,2026-04-19,Platinum Credit Card,200,0,100080.15,99733.04,5123.65,2026-04-16,1128.02,F,1976-06-19,IBM Egypt,Primary,100984,,0.0,94,,,,NORM,985
1,Cairo Main,2021-08-22,30000,A,NORM,Normal,0,2026-04-21,Gold Credit Card,0,1000,26539.56,3341.21,712.23,2026-04-17,1174.51,F,1980-01-15,Orange Egypt,Primary,100985,,0.0,57,,,,NORM,986
2,Giza,2019-08-16,100000,A,NORM,Normal,0,2026-04-20,Platinum Credit Card,100,1000,-8607.66,91023.34,20214.3,2026-04-17,1416.76,F,1965-08-27,Amazon Egypt,Primary,100986,,0.0,81,,,,NORM,987
2,Giza,2019-08-16,100000,A,NORM,Normal,0,2026-04-29,Travel Rewards Card,100,1000,35295.1,64296.28,12336.08,2026-04-27,1615.66,F,1965-08-27,Amazon Egypt,Primary,100986,,0.0,81,,,,NORM,987
1,Cairo Main,2024-10-31,10000,A,NORM,Normal,0,2026-04-28,Cashback Card,0,300,4089.16,5890.32,2420.76,2026-04-10,127.69,F,1966-08-01,Microsoft Egypt,Primary,100987,,0.0,18,,,,NORM,988
5,Tanta,2018-11-21,75000,A,NORM,Normal,0,2026-04-24,Platinum Credit Card,100,0,69793.29,4863.29,13002.9,2026-04-11,1665.64,F,1992-05-14,CIB,Primary,100988,,0.0,90,,,,NORM,989
5,Tanta,2018-11-21,75000,A,NORM,Normal,0,2026-04-19,Titanium Credit Card,100,0,14187.37,60746.46,9918.12,2026-04-05,269.91,F,1992-05-14,CIB,Primary,100988,,0.0,90,,,,NORM,989
5,Tanta,2020-01-31,30000,A,NORM,Normal,0,2026-04-22,Cashback Card,500,150,26584.01,3412.27,5775.78,2026-04-13,112.82,F,1993-07-02,Government,Primary,100989,,0.0,76,,,,NORM,990
1,Cairo Main,2022-08-25,15000,A,NORM,Normal,0,2026-04-25,Cashback Card,200,0,6413.72,8562.61,1724.96,2026-04-29,1488.09,M,1995-01-30,Talaat Moustafa Group,Primary,100990,,0.0,44,,,,NORM,991
2,Giza,2021-03-24,200000,A,NORM,Normal,0,2026-04-20,Platinum Credit Card,500,500,11451.63,188344.17,15760.43,2026-04-07,1488.59,M,1987-06-04,Freelancer,Primary,100991,,0.0,62,,,,NORM,992
8,Zagazig,2023-03-08,100000,A,NORM,Normal,0,2026-04-23,World Elite Card,500,300,34209.05,65659.23,28072.34,2026-04-28,544.68,F,1966-10-22,El Sewedy Electric,Primary,100992,,0.0,38,,,,NORM,993
8,Zagazig,2021-11-15,10000,A,NORM,Normal,0,2026-04-20,Cashback Card,200,300,8175.84,1552.35,2821.32,2026-04-17,1980.11,F,1985-03-06,El Sewedy Electric,Primary,100993,,0.0,54,,,,NORM,994
8,Zagazig,2021-11-15,10000,A,NORM,Normal,0,2026-04-30,Platinum Credit Card,200,300,5533.16,4373.47,1498.74,2026-04-03,1374.67,F,1985-03-06,El Sewedy Electric,Primary,100993,,0.0,54,,,,NORM,994
3,Alexandria,2024-07-23,15000,A,NORM,Normal,0,2026-04-19,Gold Credit Card,500,0,6537.98,8308.99,2123.66,2026-04-20,761.13,F,1988-01-11,Military,Primary,100994,,0.0,21,,,,NORM,995
7,Luxor,2019-06-24,75000,A,NORM,Normal,0,2026-04-19,Gold Credit Card,100,0,60059.69,14477.01,1064.19,2026-04-19,1993.18,F,1984-02-11,Military,Primary,100995,,0.0,83,,,,NORM,996
7,Luxor,2019-06-24,75000,A,NORM,Normal,0,2026-04-20,Platinum Credit Card,100,0,71192.62,3671.27,8805.08,2026-04-27,21.03,F,1984-02-11,Military,Primary,100995,,0.0,83,,,,NORM,996
7,Luxor,2019-06-24,75000,A,NORM,Normal,0,2026-04-24,Travel Rewards Card,100,0,58654.21,15891.86,15137.72,2026-04-07,1833.94,F,1984-02-11,Military,Primary,100995,,0.0,83,,,,NORM,996
9,Ismailia,2021-12-12,20000,A,NORM,Normal,0,2026-04-30,Gold Credit Card,0,300,6289.38,13523.13,2256.89,2026-04-04,1692.88,F,1978-04-29,Amazon Egypt,Primary,100996,,0.0,53,,,,NORM,997
9,Ismailia,2021-12-12,20000,A,NORM,Normal,0,2026-04-20,Cashback Card,0,300,-1389.03,18436.52,124.92,2026-04-14,1287.84,F,1978-04-29,Amazon Egypt,Primary,100996,,0.0,53,,,,NORM,997
9,Ismailia,2021-12-12,20000,A,NORM,Normal,0,2026-04-16,Titanium Credit Card,0,300,6992.18,12765.47,5347.87,2026-04-24,1145.87,F,1978-04-29,Amazon Egypt,Primary,100996,,0.0,53,,,,NORM,997
8,Zagazig,2023-01-15,15000,A,30DD,30 Days Delinquent,30,2026-04-27,Classic Credit Card,200,500,7692.29,6844.34,1199.49,2026-04-16,1752.68,M,1972-11-03,Orascom,Primary,100997,,3121.25,40,,,,30DD,998
10,Suez,2022-09-09,75000,A,NORM,Normal,0,2026-04-19,Platinum Credit Card,100,150,-4218.72,70685.93,19565.68,2026-04-28,1616.05,M,1989-04-18,Amazon Egypt,Primary,100998,,0.0,44,,,,NORM,999
6,Assiut,2020-10-20,15000,A,NORM,Normal,0,2026-04-23,Cashback Card,0,300,464.8,14466.16,1901.64,2026-04-05,994.18,M,1987-05-10,Cairo University,Primary,100999,,0.0,67,,,,NORM,1000
10,Suez,2019-04-09,100000,A,NEW,New,0,2026-04-24,Platinum Credit Card,0,1000,70775.47,29070.29,7534.93,2026-04-10,336.67,F,1969-06-12,Amazon Egypt,Primary,101000,,0.0,85,,,,NEW,1001
10,Suez,2019-04-09,100000,A,NORM,Normal,0,2026-04-18,Business Credit Card,0,1000,75407.77,24301.79,3923.09,2026-04-10,1523.83,F,1969-06-12,Amazon Egypt,Primary,101000,,0.0,85,,,,NORM,1001
10,Suez,2018-04-18,50000,A,NORM,Normal,0,2026-04-28,Platinum Credit Card,500,500,20460.48,29443.45,9486.03,2026-04-13,1565.58,M,1965-03-28,Amazon Egypt,Primary,101001,,0.0,97,,,,NORM,1002
10,Suez,2018-04-18,50000,A,NEW,New,0,2026-04-24,Travel Rewards Card,500,500,36415.59,13580.69,13593.65,2026-04-13,195.48,M,1965-03-28,Amazon Egypt,Primary,101001,,0.0,97,,,,NEW,1002
8,Zagazig,2019-03-31,30000,A,NORM,Normal,0,2026-05-01,Gold Credit Card,500,0,27814.46,2060.59,4806.1,2026-04-06,414.57,M,1981-08-03,Orange Egypt,Secondary,101002,,0.0,86,,,,NORM,1003
6,Assiut,2021-03-01,30000,A,NORM,Normal,0,2026-04-23,Cashback Card,200,500,22206.41,7424.69,1626.05,2026-04-16,1266.15,F,1976-07-12,Military,Primary,101003,,0.0,62,,,,NORM,1004
8,Zagazig,2020-12-30,150000,A,NORM,Normal,0,2026-04-19,Platinum Credit Card,500,500,50653.25,99145.04,40449.66,2026-04-13,827.86,F,1971-08-03,Talaat Moustafa Group,Primary,101004,,0.0,64,,,,NORM,1005
3,Alexandria,2021-09-29,5000,A,NORM,Normal,0,2026-04-30,Travel Rewards Card,500,150,3426.57,1094.21,1380.24,2026-04-29,99.24,F,1960-02-22,Cairo University,Secondary,101005,,0.0,55,,,,NORM,1006
3,Alexandria,2021-09-29,5000,A,NORM,Normal,0,2026-04-25,Classic Credit Card,500,150,2419.87,2251.33,1381.12,2026-04-08,1088.95,F,1960-02-22,Cairo University,Secondary,101005,,0.0,55,,,,NORM,1006
9,Ismailia,2019-08-09,100000,A,NORM,Normal,0,2026-04-21,Platinum Credit Card,0,1000,77378.19,22189.23,1594.1,2026-04-28,539.12,F,1988-01-14,Microsoft Egypt,Secondary,101006,,0.0,81,,,,NORM,1007
7,Luxor,2020-08-19,75000,A,NORM,Normal,0,2026-04-28,Platinum Credit Card,100,500,70263.77,4363.06,21871.28,2026-04-16,1119.64,F,1961-01-09,Amazon Egypt,Primary,101007,,0.0,69,,,,NORM,1008
7,Luxor,2020-08-19,75000,A,NORM,Normal,0,2026-04-23,Travel Rewards Card,100,500,30369.74,44319.76,20493.57,2026-04-05,1238.45,F,1961-01-09,Amazon Egypt,Primary,101007,,0.0,69,,,,NORM,1008
9,Ismailia,2024-09-23,30000,A,NORM,Normal,0,2026-04-28,Classic Credit Card,0,500,358.75,29500.23,4774.53,2026-04-14,695.11,F,1967-09-26,El Sewedy Electric,Secondary,101008,,0.0,19,,,,NORM,1009
4,Mansoura,2023-07-24,100000,A,NORM,Normal,0,2026-04-23,Platinum Credit Card,500,0,56633.2,42973.25,3424.52,2026-04-21,855.37,F,1981-06-13,Government,Secondary,101009,,0.0,33,,,,NORM,1010
10,Suez,2022-05-15,20000,A,NORM,Normal,0,2026-04-29,Classic Credit Card,500,150,10529.06,9173.98,1515.22,2026-04-16,71.07,F,1965-01-04,Amazon Egypt,Primary,101010,,0.0,48,,,,NORM,1011
2,Giza,2024-10-19,10000,A,NORM,Normal,0,2026-04-19,Gold Credit Card,0,500,3270.07,6548.21,2530.25,2026-04-01,781.78,M,1977-05-31,IBM Egypt,Primary,101011,,0.0,18,,,,NORM,1012
1,Cairo Main,2018-09-17,20000,A,NORM,Normal,0,2026-04-24,Cashback Card,0,150,5602.75,13968.91,1882.21,2026-04-20,1554.55,M,1983-07-02,El Sewedy Electric,Secondary,101012,,0.0,92,,,,NORM,1013
1,Cairo Main,2018-09-17,20000,A,NORM,Normal,0,2026-04-18,Platinum Credit Card,0,150,6379.94,13371.25,4816.04,2026-04-17,721.15,M,1983-07-02,El Sewedy Electric,Secondary,101012,,0.0,92,,,,NORM,1013
4,Mansoura,2022-11-06,200000,A,NORM,Normal,0,2026-04-23,Platinum Credit Card,0,1000,53961.01,145739.23,10121.04,2026-04-23,563.15,M,1967-12-23,Orascom,Primary,101013,,0.0,42,,,,NORM,1014
4,Mansoura,2022-11-06,200000,A,NORM,Normal,0,2026-04-18,Travel Rewards Card,0,1000,7882.94,191670.03,33662.77,2026-04-04,362.01,M,1967-12-23,Orascom,Primary,101013,,0.0,42,,,,NORM,1014
6,Assiut,2024-11-16,10000,A,NORM,Normal,0,2026-04-28,Classic Credit Card,200,500,9211.14,533.67,929.18,2026-04-10,1052.99,F,1987-05-26,CIB,Primary,101014,,0.0,17,,,,NORM,1015
9,Ismailia,2024-03-16,100000,A,NORM,Normal,0,2026-04-19,Platinum Credit Card,200,0,22765.6,76791.15,16460.01,2026-04-23,435.85,M,1966-12-25,Military,Primary,101015,,0.0,25,,,,NORM,1016
9,Ismailia,2024-03-16,100000,A,NORM,Normal,0,2026-04-29,Travel Rewards Card,200,0,88749.96,10920.44,22556.0,2026-04-24,1316.52,M,1966-12-25,Military,Primary,101015,,0.0,25,,,,NORM,1016
9,Ismailia,2024-03-16,100000,A,NORM,Normal,0,2026-04-28,Titanium Credit Card,200,0,10964.42,88696.8,5909.24,2026-04-17,1630.46,M,1966-12-25,Military,Primary,101015,,0.0,25,,,,NORM,1016
4,Mansoura,2018-09-01,50000,A,NEW,New,0,2026-04-25,Travel Rewards Card,200,150,42076.53,7841.54,7601.33,2026-04-15,594.21,M,1985-04-01,Military,Primary,101016,,0.0,93,,,,NEW,1017
4,Mansoura,2018-09-01,50000,A,NORM,Normal,0,2026-04-26,World Elite Card,200,150,38598.06,11007.58,6684.22,2026-04-07,453.33,M,1985-04-01,Military,Primary,101016,,0.0,93,,,,NORM,1017
4,Mansoura,2018-09-01,50000,A,NORM,Normal,0,2026-04-18,Titanium Credit Card,200,150,37332.24,12612.64,11454.82,2026-04-28,1115.13,M,1985-04-01,Military,Primary,101016,,0.0,93,,,,NORM,1017
9,Ismailia,2020-05-01,100000,A,NORM,Normal,0,2026-04-23,Cashback Card,200,500,26355.64,73371.22,19988.41,2026-04-14,1323.06,M,1990-04-23,IBM Egypt,Primary,101017,,0.0,73,,,,NORM,1018
9,Ismailia,2020-05-01,100000,A,NORM,Normal,0,2026-04-16,Platinum Credit Card,200,500,56631.92,42992.44,20886.53,2026-04-09,608.83,M,1990-04-23,IBM Egypt,Primary,101017,,0.0,73,,,,NORM,1018
5,Tanta,2024-03-02,50000,A,NORM,Normal,0,2026-04-16,Platinum Credit Card,100,500,11140.86,38722.21,12978.84,2026-04-24,302.96,F,1988-02-29,Orange Egypt,Primary,101018,,0.0,26,,,,NORM,1019
5,Tanta,2024-03-02,50000,A,NORM,Normal,0,2026-04-16,Travel Rewards Card,100,500,478.59,49277.86,6109.9,2026-04-16,1179.54,F,1988-02-29,Orange Egypt,Primary,101018,,0.0,26,,,,NORM,1019
10,Suez,2018-11-02,75000,A,NORM,Normal,0,2026-04-22,Titanium Credit Card,200,150,-3123.85,71813.8,20209.74,2026-04-07,525.08,M,1969-03-02,Orascom,Primary,101019,,0.0,91,,,,NORM,1020
3,Alexandria,2021-06-04,150000,A,NORM,Normal,0,2026-04-21,World Elite Card,500,1000,-1403.05,148578.16,14231.57,2026-04-20,155.86,F,1972-06-19,Elsewedy Capital,Primary,101020,,0.0,59,,,,NORM,1021
4,Mansoura,2023-09-21,150000,A,NORM,Normal,0,2026-04-18,Business Credit Card,500,500,89347.92,60507.38,16610.84,2026-04-26,473.79,M,1992-11-30,Cairo University,Primary,101021,,0.0,31,,,,NORM,1022
4,Mansoura,2023-09-21,150000,A,NORM,Normal,0,2026-04-17,World Elite Card,500,500,-14044.88,135473.72,38020.38,2026-04-28,95.91,M,1992-11-30,Cairo University,Primary,101021,,0.0,31,,,,NORM,1022
8,Zagazig,2024-01-15,75000,A,NORM,Normal,0,2026-04-22,Titanium Credit Card,0,500,45065.6,29808.44,20477.75,2026-04-21,650.85,F,1995-05-15,Military,Primary,101022,,0.0,27,,,,NORM,1023
7,Luxor,2024-12-16,75000,A,90DA,90 Days Delinquent,90,2026-04-20,Titanium Credit Card,0,300,31265.02,43254.8,451.59,2026-04-04,762.34,F,1998-11-08,Edita Food Industries,Primary,101023,,38020.11,16,,,,90DA,1024
3,Alexandria,2021-03-16,5000,A,NORM,Normal,0,2026-04-29,Classic Credit Card,500,0,1785.74,2877.67,569.4,2026-04-21,701.41,M,1960-10-26,Talaat Moustafa Group,Primary,101024,,0.0,62,,,,NORM,1025
4,Mansoura,2018-08-19,15000,A,NORM,Normal,0,2026-05-01,Cashback Card,0,300,1457.68,13329.59,4372.89,2026-04-22,1447.67,F,1980-06-21,Amazon Egypt,Primary,101025,,0.0,93,,,,NORM,1026
1,Cairo Main,2024-07-13,20000,A,NORM,Normal,0,2026-05-01,Classic Credit Card,0,0,3609.72,16075.63,3040.97,2026-04-30,973.93,M,1963-07-17,IBM Egypt,Primary,101026,,0.0,21,,,,NORM,1027
6,Assiut,2022-12-20,20000,A,NORM,Normal,0,2026-04-20,Gold Credit Card,0,0,8120.37,11828.56,5742.33,2026-04-02,203.33,F,1977-09-30,National Bank of Egypt,Primary,101027,,0.0,40,,,,NORM,1028
6,Assiut,2022-12-20,20000,A,NORM,Normal,0,2026-04-21,Cashback Card,0,0,71.4,19637.39,4143.44,2026-04-19,1064.43,F,1977-09-30,National Bank of Egypt,Primary,101027,,0.0,40,,,,NORM,1028
8,Zagazig,2022-08-27,5000,A,NORM,Normal,0,2026-04-17,Platinum Credit Card,0,500,2053.27,2840.39,823.57,2026-04-03,349.68,M,1976-02-15,Self Employed,Primary,101028,,0.0,44,,,,NORM,1029
8,Zagazig,2022-08-27,5000,A,NORM,Normal,0,2026-04-23,Business Credit Card,0,500,3313.99,1263.56,776.19,2026-04-13,482.49,M,1976-02-15,Self Employed,Primary,101028,,0.0,44,,,,NORM,1029
8,Zagazig,2022-08-27,5000,A,NORM,Normal,0,2026-04-27,Classic Credit Card,0,500,4145.76,662.93,811.32,2026-04-14,1715.19,M,1976-02-15,Self Employed,Primary,101028,,0.0,44,,,,NORM,1029
8,Zagazig,2018-07-01,10000,A,NORM,Normal,0,2026-04-30,Gold Credit Card,100,500,9279.88,394.05,69.59,2026-04-11,911.35,M,1996-05-23,Vodafone Egypt,Primary,101029,,0.0,95,,,,NORM,1030
3,Alexandria,2019-10-15,30000,A,NORM,Normal,0,2026-05-01,Gold Credit Card,500,300,6819.51,22711.97,2479.26,2026-04-20,472.21,F,1998-10-21,Vodafone Egypt,Secondary,101030,,0.0,79,,,,NORM,1031
3,Alexandria,2019-10-15,30000,A,NORM,Normal,0,2026-04-28,Cashback Card,500,300,8896.3,21102.41,3218.56,2026-04-07,1348.15,F,1998-10-21,Vodafone Egypt,Secondary,101030,,0.0,79,,,,NORM,1031
3,Alexandria,2019-10-15,30000,A,NORM,Normal,0,2026-04-30,Travel Rewards Card,500,300,13116.22,16464.46,4314.67,2026-04-24,57.05,F,1998-10-21,Vodafone Egypt,Secondary,101030,,0.0,79,,,,NORM,1031
7,Luxor,2019-12-02,50000,A,NORM,Normal,0,2026-04-17,Gold Credit Card,0,300,38267.2,11613.22,14920.29,2026-04-05,366.69,F,1962-05-18,National Bank of Egypt,Primary,101031,,0.0,78,,,,NORM,1032
7,Luxor,2019-12-02,50000,A,NORM,Normal,0,2026-04-30,World Elite Card,0,300,21052.9,28530.74,9196.63,2026-04-20,523.44,F,1962-05-18,National Bank of Egypt,Primary,101031,,0.0,78,,,,NORM,1032
7,Luxor,2019-12-02,50000,A,NORM,Normal,0,2026-04-30,Titanium Credit Card,0,300,43131.99,6675.09,672.67,2026-04-12,520.73,F,1962-05-18,National Bank of Egypt,Primary,101031,,0.0,78,,,,NORM,1032
1,Cairo Main,2021-10-20,5000,A,NORM,Normal,0,2026-04-20,Gold Credit Card,0,0,606.93,3971.39,246.46,2026-04-06,520.35,F,1973-08-01,National Bank of Egypt,Primary,101032,,0.0,55,,,,NORM,1033
1,Cairo Main,2021-10-20,5000,A,NORM,Normal,0,2026-04-17,Cashback Card,0,0,4567.99,23.92,515.97,2026-04-24,1777.25,F,1973-08-01,National Bank of Egypt,Primary,101032,,0.0,55,,,,NORM,1033
3,Alexandria,2022-07-22,200000,A,NORM,Normal,0,2026-04-18,Platinum Credit Card,500,500,157128.48,42823.25,40622.8,2026-04-19,591.96,F,1981-08-13,El Sewedy Electric,Primary,101033,,0.0,45,,,,NORM,1034
3,Alexandria,2022-07-22,200000,A,NORM,Normal,0,2026-04-17,Travel Rewards Card,500,500,113025.68,86562.34,42900.88,2026-04-11,312.67,F,1981-08-13,El Sewedy Electric,Primary,101033,,0.0,45,,,,NORM,1034
9,Ismailia,2021-09-23,75000,A,NORM,Normal,0,2026-04-24,Titanium Credit Card,0,300,-6628.15,68214.72,5813.22,2026-04-08,228.91,M,1997-10-19,Banque Misr,Primary,101034,,0.0,56,,,,NORM,1035
1,Cairo Main,2024-08-16,30000,A,NORM,Normal,0,2026-04-29,Classic Credit Card,500,300,6165.25,23439.19,5472.1,2026-04-03,1402.41,F,1977-05-08,Government,Secondary,101035,,0.0,20,,,,NORM,1036
8,Zagazig,2023-08-06,10000,A,NORM,Normal,0,2026-04-26,Cashback Card,0,500,3408.84,6232.57,2920.38,2026-04-06,1396.27,M,1994-11-11,CIB,Primary,101036,,0.0,33,,,,NORM,1037
2,Giza,2023-08-07,50000,A,NEW,New,0,2026-04-27,Platinum Credit Card,500,1000,41474.03,8439.3,610.83,2026-04-17,1080.04,F,1985-06-16,IBM Egypt,Secondary,101037,,0.0,33,,,,NEW,1038
2,Giza,2023-08-07,50000,A,NORM,Normal,0,2026-04-20,Travel Rewards Card,500,1000,29591.59,20324.78,7809.73,2026-04-24,1701.87,F,1985-06-16,IBM Egypt,Secondary,101037,,0.0,33,,,,NORM,1038
2,Giza,2023-08-07,50000,A,NORM,Normal,0,2026-04-22,World Elite Card,500,1000,27340.77,22390.34,8953.58,2026-04-01,734.57,F,1985-06-16,IBM Egypt,Secondary,101037,,0.0,33,,,,NORM,1038
5,Tanta,2021-04-01,10000,A,NEW,New,0,2026-04-23,Gold Credit Card,100,500,4934.94,4987.26,191.39,2026-04-15,1734.39,F,1972-02-24,Juhayna,Primary,101038,,0.0,61,,,,NEW,1039
5,Tanta,2021-04-01,10000,A,NORM,Normal,0,2026-04-20,Cashback Card,100,500,5263.11,4425.55,1375.26,2026-04-18,629.37,F,1972-02-24,Juhayna,Primary,101038,,0.0,61,,,,NORM,1039
5,Tanta,2021-04-01,10000,A,NORM,Normal,0,2026-04-21,Titanium Credit Card,100,500,7883.01,1711.85,2019.58,2026-04-11,1990.48,F,1972-02-24,Juhayna,Primary,101038,,0.0,61,,,,NORM,1039
9,Ismailia,2021-11-20,5000,A,NORM,Normal,0,2026-04-17,Classic Credit Card,100,500,487.72,4267.05,635.13,2026-04-06,116.46,F,1962-09-19,National Bank of Egypt,Secondary,101039,,0.0,54,,,,NORM,1040
9,Ismailia,2024-12-03,100000,A,NORM,Normal,0,2026-04-24,Platinum Credit Card,0,500,-9658.44,90257.73,18822.24,2026-04-23,1288.02,M,1971-04-22,Orange Egypt,Primary,101040,,0.0,17,,,,NORM,1041
7,Luxor,2024-01-17,10000,A,NEW,New,0,2026-04-23,Classic Credit Card,500,1000,9139.06,614.43,2358.08,2026-04-10,357.11,M,1989-07-31,Freelancer,Secondary,101041,,0.0,27,,,,NEW,1042
6,Assiut,2023-04-19,15000,A,NORM,Normal,0,2026-04-21,Cashback Card,500,500,10109.22,4783.54,3567.42,2026-04-21,1509.05,F,1985-11-14,Elsewedy Capital,Primary,101042,,0.0,36,,,,NORM,1043
5,Tanta,2023-02-24,10000,A,NORM,Normal,0,2026-04-18,Gold Credit Card,500,0,4920.93,4815.88,1886.12,2026-04-11,1771.14,M,1965-06-13,Edita Food Industries,Primary,101043,,0.0,38,,,,NORM,1044
2,Giza,2024-01-09,5000,A,30DD,30 Days Delinquent,30,2026-04-30,Gold Credit Card,100,1000,2450.12,2486.28,1301.39,2026-04-24,1246.51,F,1991-11-12,Vodafone Egypt,Secondary,101044,,876.73,28,,,,30DD,1045
2,Giza,2024-01-09,5000,A,NORM,Normal,0,2026-04-29,Cashback Card,100,1000,1293.39,3582.16,1133.31,2026-04-25,703.94,F,1991-11-12,Vodafone Egypt,Secondary,101044,,0.0,28,,,,NORM,1045
7,Luxor,2023-12-09,75000,A,NORM,Normal,0,2026-05-01,Business Credit Card,0,500,46071.82,28784.92,8544.97,2026-04-03,1880.65,F,1964-08-08,Self Employed,Primary,101045,,0.0,29,,,,NORM,1046
3,Alexandria,2019-12-26,150000,A,NORM,Normal,0,2026-04-27,World Elite Card,200,150,68880.11,80832.89,25428.35,2026-04-08,1944.25,M,1995-10-24,Elsewedy Capital,Secondary,101046,,0.0,77,,,,NORM,1047
2,Giza,2019-10-11,100000,A,NORM,Normal,0,2026-04-28,Platinum Credit Card,100,500,710.68,99110.35,23385.52,2026-04-17,34.37,F,1976-04-03,Orascom,Secondary,101047,,0.0,79,,,,NORM,1048
2,Giza,2019-10-11,100000,A,NORM,Normal,0,2026-04-26,Travel Rewards Card,100,500,85550.47,14430.08,6400.14,2026-04-30,359.02,F,1976-04-03,Orascom,Secondary,101047,,0.0,79,,,,NORM,1048
9,Ismailia,2024-06-18,10000,A,NORM,Normal,0,2026-04-26,Classic Credit Card,200,1000,468.75,9240.19,2883.53,2026-04-27,193.07,F,1990-05-29,Orascom,Secondary,101048,,0.0,22,,,,NORM,1049
10,Suez,2023-12-25,150000,A,NORM,Normal,0,2026-04-20,World Elite Card,200,500,78919.12,70968.65,8596.34,2026-04-13,1822.44,M,1992-12-12,Vodafone Egypt,Primary,101049,,0.0,28,,,,NORM,1050
2,Giza,2018-03-01,150000,A,NORM,Normal,0,2026-04-27,Platinum Credit Card,500,0,138748.35,10783.91,18417.79,2026-04-23,824.92,M,1993-04-30,Ministry of Health,Secondary,101050,,0.0,99,,,,NORM,1051
7,Luxor,2020-09-13,100000,A,90DA,90 Days Delinquent,90,2026-04-21,Platinum Credit Card,200,1000,3399.49,96453.02,27254.93,2026-04-27,1292.0,F,1992-03-21,Orange Egypt,Secondary,101051,,19505.99,68,,,,90DA,1052
6,Assiut,2022-05-23,100000,A,NORM,Normal,0,2026-04-17,Platinum Credit Card,100,1000,3086.81,96604.26,14654.99,2026-04-03,987.48,F,1965-07-12,Microsoft Egypt,Secondary,101052,,0.0,47,,,,NORM,1053
6,Assiut,2022-05-23,100000,A,NORM,Normal,0,2026-04-20,Travel Rewards Card,100,1000,-6614.71,92970.49,2353.52,2026-04-27,1523.11,F,1965-07-12,Microsoft Egypt,Secondary,101052,,0.0,47,,,,NORM,1053
7,Luxor,2020-02-29,75000,A,NORM,Normal,0,2026-04-26,Titanium Credit Card,100,500,6565.64,68165.99,4189.57,2026-04-01,1412.53,F,1999-03-07,Orange Egypt,Primary,101053,,0.0,75,,,,NORM,1054
10,Suez,2019-12-30,50000,A,NORM,Normal,0,2026-04-30,Platinum Credit Card,500,1000,12728.89,36874.56,6217.81,2026-04-09,415.25,F,1966-08-24,Talaat Moustafa Group,Primary,101054,,0.0,77,,,,NORM,1055
8,Zagazig,2020-04-16,150000,A,NORM,Normal,0,2026-04-21,World Elite Card,100,300,114535.67,35183.01,8472.47,2026-04-29,888.86,M,1996-10-02,Self Employed,Primary,101055,,0.0,73,,,,NORM,1056
8,Zagazig,2020-04-16,150000,A,NORM,Normal,0,2026-04-22,Travel Rewards Card,100,300,23956.31,125943.56,24668.7,2026-04-19,681.47,M,1996-10-02,Self Employed,Primary,101055,,0.0,73,,,,NORM,1056
8,Zagazig,2020-04-16,150000,A,NORM,Normal,0,2026-04-26,Business Credit Card,100,300,137305.93,12224.43,32831.1,2026-04-17,1260.01,M,1996-10-02,Self Employed,Primary,101055,,0.0,73,,,,NORM,1056
7,Luxor,2021-08-14,150000,A,NORM,Normal,0,2026-04-24,World Elite Card,100,0,13688.81,136203.56,19327.64,2026-04-30,29.09,M,1977-06-21,Juhayna,Primary,101056,,0.0,57,,,,NORM,1057
6,Assiut,2022-08-24,5000,A,NORM,Normal,0,2026-04-20,Cashback Card,500,0,2733.63,2049.57,910.55,2026-04-28,24.9,F,1997-07-10,Ministry of Health,Primary,101057,,0.0,44,,,,NORM,1058
6,Assiut,2018-01-22,30000,A,NORM,Normal,0,2026-04-25,Cashback Card,0,300,10753.74,18777.26,8920.8,2026-04-12,1335.76,M,1987-12-25,Juhayna,Primary,101058,,0.0,100,,,,NORM,1059
3,Alexandria,2023-12-10,200000,A,30DD,30 Days Delinquent,30,2026-04-22,Platinum Credit Card,500,300,189701.73,9799.18,53678.55,2026-04-12,1123.92,F,1981-11-30,Vodafone Egypt,Primary,101059,,15238.14,29,,,,30DD,1060
1,Cairo Main,2018-07-24,10000,A,NORM,Normal,0,2026-04-29,Gold Credit Card,500,300,6160.88,3702.68,353.13,2026-04-23,1197.25,F,1974-05-20,Military,Primary,101060,,0.0,94,,,,NORM,1061
1,Cairo Main,2021-03-04,15000,A,NORM,Normal,0,2026-04-16,Business Credit Card,500,150,-931.16,13924.3,1630.29,2026-04-27,1696.17,M,1984-04-23,Self Employed,Primary,101061,,0.0,62,,,,NORM,1062
3,Alexandria,2021-07-13,20000,A,NORM,Normal,0,2026-04-17,Cashback Card,100,1000,13971.06,5575.92,5391.89,2026-04-01,421.48,F,1975-06-14,Orascom,Primary,101062,,0.0,58,,,,NORM,1063
2,Giza,2021-09-11,15000,A,NORM,Normal,0,2026-04-19,Classic Credit Card,500,1000,1111.67,13651.57,587.54,2026-04-06,816.8,F,1968-06-15,Talaat Moustafa Group,Primary,101063,,0.0,56,,,,NORM,1064
6,Assiut,2020-05-03,200000,A,NORM,Normal,0,2026-04-23,Platinum Credit Card,0,300,70879.34,128676.87,31982.42,2026-04-04,425.06,M,1965-06-23,CIB,Secondary,101064,,0.0,72,,,,NORM,1065
6,Assiut,2020-05-03,200000,A,NORM,Normal,0,2026-04-19,Travel Rewards Card,0,300,13928.85,186037.64,42743.45,2026-04-08,709.06,M,1965-06-23,CIB,Secondary,101064,,0.0,72,,,,NORM,1065
1,Cairo Main,2018-01-14,100000,A,NORM,Normal,0,2026-04-25,World Elite Card,200,300,-1155.9,98493.71,7591.76,2026-04-16,1574.12,M,1991-12-28,Talaat Moustafa Group,Primary,101065,,0.0,100,,,,NORM,1066
4,Mansoura,2019-09-23,100000,A,NEW,New,0,2026-04-29,Travel Rewards Card,500,1000,67076.23,32581.56,8705.4,2026-04-24,36.41,F,1969-09-13,Amazon Egypt,Primary,101066,,0.0,80,,,,NEW,1067
4,Mansoura,2019-09-23,100000,A,NORM,Normal,0,2026-04-30,World Elite Card,500,1000,42003.34,57665.15,27967.35,2026-04-09,1996.57,F,1969-09-13,Amazon Egypt,Primary,101066,,0.0,80,,,,NORM,1067
10,Suez,2018-06-22,200000,A,NORM,Normal,0,2026-04-21,World Elite Card,100,1000,76799.26,122914.1,2489.49,2026-04-01,1096.01,M,1969-02-09,Banque Misr,Primary,101067,,0.0,95,,,,NORM,1068
7,Luxor,2022-08-13,5000,A,NORM,Normal,0,2026-04-25,Gold Credit Card,0,150,2691.49,1814.18,1301.47,2026-04-21,511.7,F,1968-11-29,Freelancer,Primary,101068,,0.0,45,,,,NORM,1069
2,Giza,2021-07-05,150000,A,NORM,Normal,0,2026-04-28,Platinum Credit Card,500,1000,722.67,148993.64,34611.35,2026-04-25,337.65,F,1966-02-21,National Bank of Egypt,Secondary,101069,,0.0,58,,,,NORM,1070
4,Mansoura,2021-12-04,20000,A,NORM,Normal,0,2026-05-01,Cashback Card,200,1000,18270.56,1455.33,272.24,2026-04-26,1513.19,F,1979-03-06,National Bank of Egypt,Primary,101070,,0.0,53,,,,NORM,1071
2,Giza,2018-05-10,150000,A,NORM,Normal,0,2026-04-28,World Elite Card,200,500,1929.09,148048.66,12264.13,2026-04-10,633.93,M,1976-07-06,Cairo University,Primary,101071,,0.0,97,,,,NORM,1072
8,Zagazig,2024-03-05,200000,A,NORM,Normal,0,2026-04-30,Travel Rewards Card,100,150,43416.52,156531.57,127.93,2026-04-05,1116.71,M,1987-09-10,Self Employed,Primary,101072,,0.0,26,,,,NORM,1073
8,Zagazig,2024-03-05,200000,A,NORM,Normal,0,2026-04-23,Business Credit Card,100,150,-3369.41,196509.52,15974.36,2026-04-10,1430.36,M,1987-09-10,Self Employed,Primary,101072,,0.0,26,,,,NORM,1073
3,Alexandria,2020-05-10,20000,A,30DD,30 Days Delinquent,30,2026-04-26,Cashback Card,100,0,12449.02,7096.54,1527.95,2026-04-02,343.52,F,1996-05-09,Elsewedy Capital,Primary,101073,,9511.38,72,,,,30DD,1074
1,Cairo Main,2019-09-21,100000,A,NORM,Normal,0,2026-04-26,World Elite Card,200,150,37484.66,62355.21,8008.23,2026-04-23,570.76,F,1987-05-22,Vodafone Egypt,Secondary,101074,,0.0,80,,,,NORM,1075
5,Tanta,2018-06-14,100000,A,NORM,Normal,0,2026-04-23,World Elite Card,500,300,87459.65,12341.43,25417.5,2026-04-26,52.33,F,1980-12-17,Banque Misr,Primary,101075,,0.0,95,,,,NORM,1076
7,Luxor,2022-08-20,150000,A,30DD,30 Days Delinquent,30,2026-04-19,Platinum Credit Card,100,1000,56434.08,93212.0,16533.53,2026-04-23,1055.84,M,1969-01-31,Vodafone Egypt,Secondary,101076,,25241.98,45,,,,30DD,1077
4,Mansoura,2018-06-26,200000,A,NORM,Normal,0,2026-04-26,World Elite Card,200,500,111405.88,88368.02,48783.09,2026-04-17,38.32,F,1968-07-08,Freelancer,Primary,101077,,0.0,95,,,,NORM,1078
2,Giza,2022-06-11,15000,A,NORM,Normal,0,2026-04-19,Cashback Card,500,150,8698.38,6250.57,685.86,2026-04-05,779.61,F,1983-06-28,CIB,Primary,101078,,0.0,47,,,,NORM,1079
2,Giza,2022-10-02,150000,A,NEW,New,0,2026-04-16,World Elite Card,500,500,124186.2,25424.13,24160.36,2026-04-11,3.2,M,1999-06-12,Cairo University,Secondary,101079,,0.0,43,,,,NEW,1080
