BRANCH_ID,BRANCH_NAME,CREATION_DATE,CREDIT_LIMIT,ACTIVATED,STATUS,STATUS_NAME,DELINQUENCY,LAST_STATEMENT_DATE,PRODUCT_NAME,LEDGER_BALANCE,AVAILABLE_LIMIT,GENDER,DOB,CUSTOMER_TYPE,RIMNO,CLOSURE_DATE,OVERDUEAMOUNT,NO_OF_CYCLES,FIRST_REPLACED_CARD,SECOND_REPLACED_CARD,THIRD_REPLACED_CARD,Card account status ,DOB_WAS_MISSING,CUSTOMER_ID
2,Giza,2021-01-31,20000,A,NORM,Normal,0,2026-03-31,Classic Credit Card,2817.98,16946.25,F,1961-02-13,Primary,100000,,0.0,62,,,,NORM,0,1
4,Mansoura,2024-10-01,5000,A,NORM,Normal,0,2026-03-31,Cashback Card,1139.02,3533.49,F,1982-09-01,Primary,100001,,0.0,18,,,,NORM,0,2
7,Luxor,2021-02-12,15000,A,NORM,Normal,0,2026-03-29,Gold Credit Card,2706.79,12197.67,F,1975-04-06,Primary,100002,,0.0,62,,,,NORM,0,3
7,Luxor,2021-02-12,15000,A,NORM,Normal,0,2026-03-30,Cashback Card,11268.49,3626.24,F,1975-04-06,Primary,100002,,0.0,62,,,,NORM,0,3
7,Luxor,2021-02-12,15000,A,NORM,Normal,0,2026-03-25,World Elite Card,12530.92,2156.11,F,1975-04-06,Primary,100002,,0.0,62,,,,NORM,0,3
9,Ismailia,2022-03-31,10000,A,NORM,Normal,0,2026-03-29,Cashback Card,7409.94,2269.2,M,1965-08-07,Primary,100003,,0.0,48,,,,NORM,0,4
5,Tanta,2020-08-11,10000,A,NORM,Normal,0,2026-03-20,Cashback Card,5916.61,3813.21,F,1963-07-31,Primary,100004,,0.0,68,,,,NORM,0,5
10,Suez,2019-12-02,150000,A,NORM,Normal,0,2026-03-29,Platinum Credit Card,41155.4,108693.37,M,1988-06-25,Primary,100005,,0.0,77,,,,NORM,0,6
1,Cairo Main,2021-07-16,75000,A,NORM,Normal,0,2026-03-19,Titanium Credit Card,34976.12,39912.65,F,1996-02-10,Secondary,100006,,0.0,57,,,,NORM,0,7
5,Tanta,2020-10-07,150000,A,NORM,Normal,0,2026-03-19,Platinum Credit Card,97342.93,52342.45,M,1966-04-06,Secondary,100007,,0.0,66,,,,NORM,0,8
8,Zagazig,2018-07-12,10000,A,NORM,Normal,0,2026-03-26,Cashback Card,1143.87,8493.22,M,1964-01-29,Primary,100008,,0.0,94,,,,NORM,0,9
9,Ismailia,2024-03-16,5000,A,NORM,Normal,0,2026-03-26,Cashback Card,659.98,4111.61,M,1971-04-12,Primary,100009,,0.0,24,,,,NORM,0,10
1,Cairo Main,2020-12-14,150000,A,NORM,Normal,0,2026-03-21,World Elite Card,43636.38,106244.61,M,1992-05-22,Primary,100010,,0.0,64,,,,NORM,0,11
9,Ismailia,2024-09-19,50000,A,NORM,Normal,0,2026-04-01,Business Credit Card,17081.81,32745.47,M,1960-01-10,Primary,100011,,0.0,18,,,,NORM,0,12
2,Giza,2023-06-14,10000,A,NORM,Normal,0,2026-03-20,Classic Credit Card,3577.07,5984.45,F,1992-10-30,Secondary,100012,,0.0,34,,,,NORM,0,13
2,Giza,2023-06-14,10000,A,NORM,Normal,0,2026-03-19,Cashback Card,3234.36,6536.77,F,1992-10-30,Secondary,100012,,0.0,34,,,,NORM,0,13
5,Tanta,2022-03-10,100000,A,NORM,Normal,0,2026-03-28,World Elite Card,77028.01,22683.49,F,1977-11-24,Primary,100013,,0.0,49,,,,NORM,0,14
10,Suez,2018-01-30,10000,A,NORM,Normal,0,2026-03-22,Classic Credit Card,5464.2,4090.51,M,1969-11-17,Primary,100014,,0.0,99,,,,NORM,0,15
9,Ismailia,2024-05-27,200000,A,NORM,Normal,0,2026-03-20,Business Credit Card,78637.58,121277.97,M,1965-12-07,Primary,100015,,0.0,22,,,,NORM,0,16
7,Luxor,2023-03-28,5000,A,NORM,Normal,0,2026-03-24,Cashback Card,1048.52,3665.1,M,1978-06-10,Primary,100016,,0.0,36,,,,NORM,0,17
3,Alexandria,2020-01-22,30000,A,NEW,New,0,2026-03-23,Classic Credit Card,6104.46,23795.01,M,1978-12-04,Primary,100017,,0.0,75,,,,NEW,0,18
2,Giza,2020-08-26,15000,A,NORM,Normal,0,2026-03-17,Classic Credit Card,8934.73,5881.27,M,1993-10-20,Primary,100018,,0.0,68,,,,NORM,0,19
8,Zagazig,2022-09-29,150000,A,NORM,Normal,0,2026-03-18,Business Credit Card,101287.11,48667.37,M,1972-10-17,Primary,100019,,0.0,42,,,,NORM,0,20
6,Assiut,2018-07-25,200000,A,NORM,Normal,0,2026-03-20,Business Credit Card,58969.06,140689.49,M,1962-07-25,Secondary,100020,,0.0,93,,,,NORM,0,21
2,Giza,2020-08-21,75000,A,NORM,Normal,0,2026-03-26,Platinum Credit Card,49185.54,25401.05,F,1990-04-15,Secondary,100021,,0.0,68,,,,NORM,0,22
2,Giza,2020-08-21,75000,A,NORM,Normal,0,2026-03-20,Classic Credit Card,13597.26,61295.83,F,1990-04-15,Secondary,100021,,0.0,68,,,,NORM,0,22
2,Giza,2020-08-21,75000,A,NORM,Normal,0,2026-03-19,Travel Rewards Card,2252.59,72445.81,F,1990-04-15,Secondary,100021,,0.0,68,,,,NORM,0,22
4,Mansoura,2022-06-10,15000,A,30DD,30 Days Delinquent,30,2026-03-23,Classic Credit Card,-1139.24,13639.58,M,1971-11-30,Primary,100022,,8797.38,46,,,,30DD,0,23
5,Tanta,2021-11-30,10000,A,NORM,Normal,0,2026-03-26,Classic Credit Card,7122.27,2598.92,F,1965-12-10,Primary,100023,,0.0,52,,,,NORM,0,24
9,Ismailia,2019-03-01,15000,A,NORM,Normal,0,2026-03-19,Classic Credit Card,8171.09,6513.86,F,1973-06-06,Primary,100024,,0.0,86,,,,NORM,0,25
5,Tanta,2023-06-25,30000,A,NORM,Normal,0,2026-03-19,Gold Credit Card,16415.34,13573.06,M,1982-09-02,Primary,100025,,0.0,33,,,,NORM,0,26
3,Alexandria,2022-12-15,150000,A,30DD,30 Days Delinquent,30,2026-03-23,World Elite Card,96393.12,53275.95,M,1993-04-01,Secondary,100026,,57645.81,40,,,,30DD,0,27
3,Alexandria,2019-06-07,5000,A,NORM,Normal,0,2026-03-23,Classic Credit Card,796.36,4067.69,M,1979-04-12,Primary,100027,,0.0,83,,,,NORM,0,28
7,Luxor,2019-09-26,20000,A,NORM,Normal,0,2026-03-31,Classic Credit Card,2481.57,17038.23,M,1987-11-03,Primary,100028,,0.0,79,,,,NORM,0,29
7,Luxor,2019-09-26,20000,A,NORM,Normal,0,2026-04-01,Gold Credit Card,17839.95,1997.26,M,1987-11-03,Primary,100028,,0.0,79,,,,NORM,0,29
7,Luxor,2019-09-26,20000,A,NORM,Normal,0,2026-03-23,Titanium Credit Card,5240.18,14266.14,M,1987-11-03,Primary,100028,,0.0,79,,,,NORM,0,29
1,Cairo Main,2023-04-12,20000,A,NORM,Normal,0,2026-03-18,Gold Credit Card,10461.72,9077.1,M,1998-07-07,Primary,100029,,0.0,36,,,,NORM,0,30
1,Cairo Main,2023-04-12,20000,A,NORM,Normal,0,2026-03-26,Cashback Card,5449.96,14246.92,M,1998-07-07,Primary,100029,,0.0,36,,,,NORM,0,30
5,Tanta,2018-10-12,30000,A,NORM,Normal,0,2026-03-20,Gold Credit Card,20527.55,9443.57,M,1998-10-09,Secondary,100030,,0.0,90,,,,NORM,0,31
10,Suez,2018-06-06,10000,A,NORM,Normal,0,2026-03-25,Cashback Card,8999.17,918.13,M,1971-11-28,Primary,100031,,0.0,95,,,,NORM,0,32
5,Tanta,2022-11-22,5000,A,NORM,Normal,0,2026-03-29,Cashback Card,2623.04,2288.56,F,1961-12-28,Primary,100032,,0.0,40,,,,NORM,0,33
5,Tanta,2022-11-22,5000,A,NORM,Normal,0,2026-03-31,Business Credit Card,3818.36,929.44,F,1961-12-28,Primary,100032,,0.0,40,,,,NORM,0,33
5,Tanta,2022-11-22,5000,A,NORM,Normal,0,2026-03-23,Travel Rewards Card,1702.94,3151.69,F,1961-12-28,Primary,100032,,0.0,40,,,,NORM,0,33
6,Assiut,2019-05-26,30000,A,NORM,Normal,0,2026-03-29,Gold Credit Card,12023.59,17846.63,F,1989-10-03,Primary,100033,,0.0,83,,,,NORM,0,34
7,Luxor,2019-12-14,200000,A,NORM,Normal,0,2026-03-31,World Elite Card,69466.14,130440.73,M,1990-05-20,Primary,100034,,0.0,76,,,,NORM,0,35
6,Assiut,2022-12-15,100000,A,NORM,Normal,0,2026-03-19,World Elite Card,50328.05,49331.66,F,1980-11-09,Primary,100035,,0.0,40,,,,NORM,0,36
4,Mansoura,2020-03-26,15000,A,NORM,Normal,0,2026-03-31,Gold Credit Card,9555.07,5125.69,F,1996-03-06,Secondary,100036,,0.0,73,,,,NORM,0,37
7,Luxor,2022-06-25,20000,A,NORM,Normal,0,2026-03-28,Classic Credit Card,4590.98,15107.93,M,1982-03-05,Primary,100037,,0.0,45,,,,NORM,0,38
1,Cairo Main,2020-10-17,10000,A,NORM,Normal,0,2026-03-22,Gold Credit Card,6508.79,3290.66,F,1985-01-01,Secondary,100038,,0.0,66,,,,NORM,0,39
3,Alexandria,2023-04-29,100000,A,NORM,Normal,0,2026-03-17,Platinum Credit Card,80573.72,19342.6,F,1993-05-11,Primary,100039,,0.0,35,,,,NORM,0,40
3,Alexandria,2023-04-29,100000,A,NORM,Normal,0,2026-03-23,Travel Rewards Card,1122.44,98439.57,F,1993-05-11,Primary,100039,,0.0,35,,,,NORM,0,40
5,Tanta,2021-08-02,150000,A,NORM,Normal,0,2026-03-31,World Elite Card,-88.39,149640.62,M,1975-01-24,Primary,100040,,0.0,56,,,,NORM,0,41
9,Ismailia,2022-08-31,5000,A,NEW,New,0,2026-03-29,Gold Credit Card,3744.2,956.93,F,1980-11-24,Primary,100041,,0.0,43,,,,NEW,0,42
9,Ismailia,2022-08-31,5000,A,NORM,Normal,0,2026-03-29,Cashback Card,3618.15,1195.01,F,1980-11-24,Primary,100041,,0.0,43,,,,NORM,0,42
7,Luxor,2022-09-13,150000,A,NORM,Normal,0,2026-03-19,World Elite Card,101501.96,48201.48,F,1998-04-13,Primary,100042,,0.0,43,,,,NORM,0,43
7,Luxor,2022-09-13,150000,A,NORM,Normal,0,2026-04-01,Travel Rewards Card,53213.17,96456.7,F,1998-04-13,Primary,100042,,0.0,43,,,,NORM,0,43
3,Alexandria,2023-03-30,15000,A,NORM,Normal,0,2026-03-21,Gold Credit Card,824.75,13749.91,F,1997-09-13,Primary,100043,,0.0,36,,,,NORM,0,44
1,Cairo Main,2022-04-02,50000,A,NEW,New,0,2026-03-25,Titanium Credit Card,31854.72,17845.2,F,1971-09-02,Primary,100044,,0.0,48,,,,NEW,0,45
1,Cairo Main,2024-01-19,5000,A,NORM,Normal,0,2026-03-31,Classic Credit Card,3502.63,1357.65,M,1993-08-07,Primary,100045,,0.0,26,,,,NORM,0,46
3,Alexandria,2019-06-02,100000,A,30DD,30 Days Delinquent,30,2026-03-26,World Elite Card,71025.24,28842.17,F,1970-09-13,Primary,100046,,40110.66,83,,,,30DD,0,47
3,Alexandria,2019-03-19,200000,A,NORM,Normal,0,2026-03-21,Platinum Credit Card,176483.09,23281.32,M,1973-12-14,Primary,100047,,0.0,85,,,,NORM,0,48
3,Alexandria,2019-03-19,200000,A,NORM,Normal,0,2026-03-27,Business Credit Card,33526.19,166470.36,M,1973-12-14,Primary,100047,,0.0,85,,,,NORM,0,48
3,Alexandria,2019-03-19,200000,A,NORM,Normal,0,2026-03-31,Travel Rewards Card,135537.86,64101.73,M,1973-12-14,Primary,100047,,0.0,85,,,,NORM,0,48
2,Giza,2024-05-07,5000,A,NORM,Normal,0,2026-03-30,Cashback Card,3858.38,670.02,F,1995-09-19,Primary,100048,,0.0,23,,,,NORM,0,49
2,Giza,2022-01-23,100000,A,NORM,Normal,0,2026-03-29,Platinum Credit Card,35320.27,64264.0,F,1979-06-12,Secondary,100049,,0.0,50,,,,NORM,0,50
6,Assiut,2020-10-02,10000,A,NORM,Normal,0,2026-03-25,Classic Credit Card,6015.83,3661.64,M,1998-03-16,Primary,100050,,0.0,66,,,,NORM,0,51
6,Assiut,2020-10-02,10000,A,NORM,Normal,0,2026-03-28,Cashback Card,2750.36,6812.23,M,1998-03-16,Primary,100050,,0.0,66,,,,NORM,0,51
8,Zagazig,2021-12-24,30000,A,NORM,Normal,0,2026-03-19,Cashback Card,3966.59,25638.05,M,1969-07-07,Primary,100051,,0.0,51,,,,NORM,0,52
4,Mansoura,2022-07-23,100000,A,NORM,Normal,0,2026-04-01,Platinum Credit Card,63616.96,35884.82,M,1992-04-19,Primary,100052,,0.0,44,,,,NORM,0,53
4,Mansoura,2022-07-23,100000,A,NORM,Normal,0,2026-03-31,Travel Rewards Card,56492.92,43221.72,M,1992-04-19,Primary,100052,,0.0,44,,,,NORM,0,53
4,Mansoura,2024-07-10,50000,A,NORM,Normal,0,2026-03-26,Business Credit Card,13048.45,36907.02,F,1973-09-25,Primary,100053,,0.0,21,,,,NORM,0,54
5,Tanta,2020-08-02,10000,A,NORM,Normal,0,2026-04-01,Cashback Card,285.72,9321.27,M,1971-04-11,Primary,100054,,0.0,68,,,,NORM,0,55
9,Ismailia,2021-03-05,10000,A,NORM,Normal,0,2026-03-30,Gold Credit Card,7476.37,2103.71,M,1986-10-08,Primary,100055,,0.0,61,,,,NORM,0,56
1,Cairo Main,2024-03-16,30000,A,NORM,Normal,0,2026-03-25,Gold Credit Card,219.52,29761.41,F,1962-06-12,Primary,100056,,0.0,24,,,,NORM,0,57
3,Alexandria,2020-10-31,100000,A,NORM,Normal,0,2026-03-20,Platinum Credit Card,17679.27,82037.71,M,1962-04-21,Secondary,100057,,0.0,65,,,,NORM,0,58
3,Alexandria,2020-10-31,100000,A,NORM,Normal,0,2026-03-31,Travel Rewards Card,79212.64,20621.15,M,1962-04-21,Secondary,100057,,0.0,65,,,,NORM,0,58
4,Mansoura,2024-04-04,75000,A,NORM,Normal,0,2026-03-25,Platinum Credit Card,66892.33,7976.53,F,1965-04-24,Primary,100058,,0.0,24,,,,NORM,0,59
5,Tanta,2024-12-18,5000,A,NORM,Normal,0,2026-03-24,Classic Credit Card,4301.4,524.41,M,1985-07-04,Primary,100059,,0.0,15,,,,NORM,0,60
5,Tanta,2024-12-18,5000,A,60DA,60 Days Delinquent,60,2026-03-21,Business Credit Card,-89.59,4838.87,M,1985-07-04,Primary,100059,,2046.66,15,,,,60DA,0,60
5,Tanta,2024-12-18,5000,A,NORM,Normal,0,2026-03-26,Platinum Credit Card,2915.35,1630.8,M,1985-07-04,Primary,100059,,0.0,15,,,,NORM,0,60
2,Giza,2018-01-11,75000,A,NORM,Normal,0,2026-03-21,Titanium Credit Card,15152.81,59644.07,M,1967-01-08,Primary,100060,,0.0,100,,,,NORM,0,61
2,Giza,2020-08-14,30000,A,NORM,Normal,0,2026-03-20,Classic Credit Card,26551.88,2964.52,M,1990-11-01,Primary,100061,,0.0,68,,,,NORM,0,62
2,Giza,2019-11-11,30000,A,60DA,60 Days Delinquent,60,2026-03-28,Platinum Credit Card,18177.33,11635.01,F,1962-09-04,Primary,100062,,9578.17,77,,,,60DA,0,63
2,Giza,2019-11-11,30000,A,30DD,30 Days Delinquent,30,2026-03-20,Cashback Card,9203.75,20491.87,F,1962-09-04,Primary,100062,,8304.83,77,,,,30DD,0,63
9,Ismailia,2023-07-16,100000,A,NORM,Normal,0,2026-03-28,Platinum Credit Card,46715.04,53067.27,F,1984-03-22,Primary,100063,,0.0,33,,,,NORM,0,64
10,Suez,2021-01-08,200000,A,30DD,30 Days Delinquent,30,2026-03-17,World Elite Card,163987.14,35715.61,M,1960-12-05,Secondary,100064,,75943.53,63,,,,30DD,0,65
10,Suez,2021-01-08,200000,A,NORM,Normal,0,2026-03-23,Travel Rewards Card,57611.33,142309.97,M,1960-12-05,Secondary,100064,,0.0,63,,,,NORM,0,65
2,Giza,2021-11-26,75000,A,NORM,Normal,0,2026-03-30,Platinum Credit Card,21158.93,53373.69,F,1981-01-30,Primary,100065,,0.0,52,,,,NORM,0,66
9,Ismailia,2023-02-06,10000,A,NORM,Normal,0,2026-03-22,Classic Credit Card,553.57,9356.77,M,1961-08-24,Primary,100066,,0.0,38,,,,NORM,0,67
7,Luxor,2020-02-08,150000,A,NORM,Normal,0,2026-03-23,Platinum Credit Card,-9669.18,140070.32,M,1962-06-07,Primary,100067,,0.0,74,,,,NORM,0,68
8,Zagazig,2023-06-09,10000,A,NORM,Normal,0,2026-03-22,Gold Credit Card,3752.47,6193.53,M,1999-07-06,Primary,100068,,0.0,34,,,,NORM,0,69
8,Zagazig,2023-06-09,10000,A,NORM,Normal,0,2026-03-30,Cashback Card,2779.8,6854.12,M,1999-07-06,Primary,100068,,0.0,34,,,,NORM,0,69
8,Zagazig,2023-06-09,10000,A,NORM,Normal,0,2026-03-25,Business Credit Card,1858.05,7682.68,M,1999-07-06,Primary,100068,,0.0,34,,,,NORM,0,69
2,Giza,2019-04-27,15000,A,NORM,Normal,0,2026-03-30,Platinum Credit Card,853.41,13783.79,F,1980-09-12,Secondary,100069,,0.0,84,,,,NORM,0,70
2,Giza,2019-04-27,15000,A,NEW,New,0,2026-03-29,Cashback Card,7613.77,6928.02,F,1980-09-12,Secondary,100069,,0.0,84,,,,NEW,0,70
2,Giza,2019-04-27,15000,A,NORM,Normal,0,2026-03-17,Business Credit Card,9499.0,5101.61,F,1980-09-12,Secondary,100069,,0.0,84,,,,NORM,0,70
9,Ismailia,2022-04-21,20000,A,NORM,Normal,0,2026-03-18,Classic Credit Card,17045.61,2525.33,F,1966-06-27,Primary,100070,,0.0,48,,,,NORM,0,71
1,Cairo Main,2021-05-07,200000,A,NORM,Normal,0,2026-03-28,Platinum Credit Card,140032.41,59892.02,F,1972-09-08,Primary,100071,,0.0,59,,,,NORM,0,72
1,Cairo Main,2021-05-07,200000,A,NORM,Normal,0,2026-03-30,World Elite Card,175417.62,24508.74,F,1972-09-08,Primary,100071,,0.0,59,,,,NORM,0,72
1,Cairo Main,2021-05-07,200000,A,NORM,Normal,0,2026-03-23,Travel Rewards Card,181623.97,17974.02,F,1972-09-08,Primary,100071,,0.0,59,,,,NORM,0,72
8,Zagazig,2020-02-12,20000,A,NORM,Normal,0,2026-03-19,Gold Credit Card,18860.97,879.37,F,1974-06-08,Primary,100072,,0.0,74,,,,NORM,0,73
3,Alexandria,2018-06-01,15000,A,NORM,Normal,0,2026-03-21,Gold Credit Card,4195.54,10567.72,F,1982-03-21,Primary,100073,,0.0,95,,,,NORM,0,74
3,Alexandria,2018-06-01,15000,A,NORM,Normal,0,2026-03-28,Business Credit Card,10584.1,4265.65,F,1982-03-21,Primary,100073,,0.0,95,,,,NORM,0,74
3,Alexandria,2018-06-01,15000,A,NORM,Normal,0,2026-03-27,World Elite Card,6280.35,8406.42,F,1982-03-21,Primary,100073,,0.0,95,,,,NORM,0,74
3,Alexandria,2023-04-08,30000,A,NORM,Normal,0,2026-03-27,Gold Credit Card,7298.47,22667.73,F,1963-05-10,Secondary,100074,,0.0,36,,,,NORM,0,75
1,Cairo Main,2018-10-08,20000,A,NORM,Normal,0,2026-03-27,Classic Credit Card,18683.0,1191.12,F,1987-09-12,Primary,100075,,0.0,91,,,,NORM,0,76
1,Cairo Main,2018-10-08,20000,A,NORM,Normal,0,2026-03-20,Cashback Card,-1850.58,18018.42,F,1987-09-12,Primary,100075,,0.0,91,,,,NORM,0,76
1,Cairo Main,2018-10-08,20000,A,NORM,Normal,0,2026-03-22,World Elite Card,9177.82,10552.01,F,1987-09-12,Primary,100075,,0.0,91,,,,NORM,0,76
1,Cairo Main,2018-08-18,30000,A,NORM,Normal,0,2026-03-17,Classic Credit Card,11072.5,18566.02,F,1974-07-20,Primary,100076,,0.0,92,,,,NORM,0,77
3,Alexandria,2024-11-01,75000,A,NORM,Normal,0,2026-03-21,Titanium Credit Card,58807.81,16084.62,F,1963-07-17,Primary,100077,,0.0,17,,,,NORM,0,78
1,Cairo Main,2023-03-21,30000,A,NORM,Normal,0,2026-03-31,Gold Credit Card,21479.77,8165.56,F,1996-02-04,Primary,100078,,0.0,36,,,,NORM,0,79
8,Zagazig,2021-05-22,20000,A,NORM,Normal,0,2026-03-25,Classic Credit Card,16868.04,3090.86,F,1997-12-01,Secondary,100079,,0.0,59,,,,NORM,0,80
8,Zagazig,2021-05-22,20000,A,NORM,Normal,0,2026-03-21,Cashback Card,-1680.27,18125.89,F,1997-12-01,Secondary,100079,,0.0,59,,,,NORM,0,80
7,Luxor,2018-02-03,200000,A,NORM,Normal,0,2026-03-23,Platinum Credit Card,105475.49,94058.82,M,1972-04-24,Primary,100080,,0.0,99,,,,NORM,0,81
7,Luxor,2018-02-03,200000,A,NORM,Normal,0,2026-03-29,Gold Credit Card,-5483.22,194118.93,M,1972-04-24,Primary,100080,,0.0,99,,,,NORM,0,81
7,Luxor,2018-02-03,200000,A,NORM,Normal,0,2026-03-18,Titanium Credit Card,27687.14,172191.34,M,1972-04-24,Primary,100080,,0.0,99,,,,NORM,0,81
1,Cairo Main,2022-12-11,5000,A,NORM,Normal,0,2026-03-26,Classic Credit Card,2730.14,2255.61,F,1973-11-09,Primary,100081,,0.0,40,,,,NORM,0,82
3,Alexandria,2024-01-19,50000,A,NORM,Normal,0,2026-03-21,Titanium Credit Card,10460.87,39239.25,F,1995-04-13,Secondary,100082,,0.0,26,,,,NORM,0,83
2,Giza,2018-11-05,15000,A,NORM,Normal,0,2026-03-17,Cashback Card,8373.66,6259.51,F,1981-01-03,Primary,100083,,0.0,90,,,,NORM,0,84
2,Giza,2018-11-05,15000,A,NORM,Normal,0,2026-03-21,Travel Rewards Card,9691.24,4843.57,F,1981-01-03,Primary,100083,,0.0,90,,,,NORM,0,84
5,Tanta,2019-05-22,100000,A,NORM,Normal,0,2026-03-25,Platinum Credit Card,53735.47,46155.85,M,1984-01-26,Primary,100084,,0.0,83,,,,NORM,0,85
10,Suez,2024-04-18,50000,A,NORM,Normal,0,2026-03-26,Platinum Credit Card,10144.47,39421.79,F,1999-08-31,Primary,100085,,0.0,23,,,,NORM,0,86
5,Tanta,2019-04-21,10000,A,NORM,Normal,0,2026-03-18,Classic Credit Card,1405.67,8293.29,F,1982-02-05,Primary,100086,,0.0,84,,,,NORM,0,87
5,Tanta,2019-04-21,10000,A,NORM,Normal,0,2026-03-26,Cashback Card,6200.5,3309.22,F,1982-02-05,Primary,100086,,0.0,84,,,,NORM,0,87
2,Giza,2023-06-28,200000,A,NORM,Normal,0,2026-04-01,Platinum Credit Card,45027.33,154736.87,F,1997-05-25,Secondary,100087,,0.0,33,,,,NORM,0,88
2,Giza,2023-06-28,200000,A,NORM,Normal,0,2026-03-20,Titanium Credit Card,60849.15,138721.04,F,1997-05-25,Secondary,100087,,0.0,33,,,,NORM,0,88
2,Giza,2023-06-28,200000,A,NORM,Normal,0,2026-03-28,Travel Rewards Card,74348.96,125169.86,F,1997-05-25,Secondary,100087,,0.0,33,,,,NORM,0,88
6,Assiut,2022-01-09,5000,A,30DD,30 Days Delinquent,30,2026-03-26,Classic Credit Card,3634.08,1043.41,M,1984-06-03,Primary,100088,,817.65,51,,,,30DD,0,89
1,Cairo Main,2021-09-28,20000,A,NORM,Normal,0,2026-03-24,Classic Credit Card,16169.45,3561.96,M,1995-04-17,Secondary,100089,,0.0,54,,,,NORM,0,90
1,Cairo Main,2021-09-28,20000,A,NORM,Normal,0,2026-04-01,Cashback Card,3489.99,16114.79,M,1995-04-17,Secondary,100089,,0.0,54,,,,NORM,0,90
3,Alexandria,2024-09-07,5000,A,NORM,Normal,0,2026-03-27,Classic Credit Card,1390.8,3316.09,M,1995-05-18,Primary,100090,,0.0,19,,,,NORM,0,91
3,Alexandria,2024-09-07,5000,A,NORM,Normal,0,2026-03-24,Cashback Card,1612.06,3057.87,M,1995-05-18,Primary,100090,,0.0,19,,,,NORM,0,91
1,Cairo Main,2020-09-01,200000,A,60DA,60 Days Delinquent,60,2026-03-24,Platinum Credit Card,-154.85,199743.96,F,1976-01-26,Primary,100091,,78585.1,67,,,,60DA,0,92
8,Zagazig,2022-01-22,150000,A,90DA,90 Days Delinquent,90,2026-03-19,World Elite Card,-577.36,148939.35,F,1994-11-25,Primary,100092,,59375.23,51,,,,90DA,0,93
8,Zagazig,2022-07-04,75000,A,NORM,Normal,0,2026-03-25,Titanium Credit Card,13084.33,61856.49,F,1998-01-03,Primary,100093,,0.0,45,,,,NORM,0,94
5,Tanta,2024-07-25,150000,A,NORM,Normal,0,2026-03-25,Platinum Credit Card,59629.75,90016.49,F,1988-01-02,Primary,100094,,0.0,20,,,,NORM,0,95
4,Mansoura,2023-01-24,20000,A,NORM,Normal,0,2026-03-22,Gold Credit Card,17943.5,2009.08,M,1979-04-17,Primary,100095,,0.0,38,,,,NORM,0,96
6,Assiut,2023-04-27,10000,A,NEW,New,0,2026-03-21,Classic Credit Card,6750.19,2839.68,M,1966-11-05,Primary,100096,,0.0,35,,,,NEW,0,97
6,Assiut,2023-04-27,10000,A,NORM,Normal,0,2026-03-29,Cashback Card,-230.86,9645.77,M,1966-11-05,Primary,100096,,0.0,35,,,,NORM,0,97
6,Assiut,2019-05-16,75000,A,NORM,Normal,0,2026-03-27,Titanium Credit Card,7731.92,66923.41,F,1990-01-20,Primary,100097,,0.0,83,,,,NORM,0,98
6,Assiut,2019-05-16,75000,A,NORM,Normal,0,2026-03-21,Business Credit Card,33423.76,41338.12,F,1990-01-20,Primary,100097,,0.0,83,,,,NORM,0,98
4,Mansoura,2023-05-30,20000,A,NORM,Normal,0,2026-03-30,Cashback Card,2380.99,17231.23,F,1966-12-10,Primary,100098,,0.0,34,,,,NORM,0,99
10,Suez,2024-03-30,5000,A,NORM,Normal,0,2026-03-23,Platinum Credit Card,3773.63,948.67,F,1987-07-10,Secondary,100099,,0.0,24,,,,NORM,0,100
10,Suez,2024-03-30,5000,A,NORM,Normal,0,2026-03-17,Cashback Card,3988.57,915.44,F,1987-07-10,Secondary,100099,,0.0,24,,,,NORM,0,100
10,Suez,2024-03-30,5000,A,NORM,Normal,0,2026-03-29,Classic Credit Card,4045.9,937.52,F,1987-07-10,Secondary,100099,,0.0,24,,,,NORM,0,100
3,Alexandria,2019-08-10,200000,A,NORM,Normal,0,2026-03-24,World Elite Card,-19953.25,179905.22,M,1999-01-07,Primary,100100,,0.0,80,,,,NORM,0,101
3,Alexandria,2021-06-30,50000,A,NORM,Normal,0,2026-04-01,Platinum Credit Card,-1084.25,48419.34,M,1976-08-06,Primary,100101,,0.0,57,,,,NORM,0,102
7,Luxor,2024-10-22,100000,A,NORM,Normal,0,2026-03-24,World Elite Card,31346.9,68252.99,M,1981-10-14,Primary,100102,,0.0,17,,,,NORM,0,103
9,Ismailia,2021-06-17,5000,A,NORM,Normal,0,2026-03-30,Cashback Card,-402.62,4177.76,M,1989-12-04,Primary,100103,,0.0,58,,,,NORM,0,104
5,Tanta,2021-09-05,10000,A,NEW,New,0,2026-03-20,Gold Credit Card,1353.8,8315.46,F,1972-12-25,Primary,100104,,0.0,55,,,,NEW,0,105
9,Ismailia,2021-12-21,10000,A,NORM,Normal,0,2026-03-29,Classic Credit Card,3746.95,5764.15,F,1997-05-19,Primary,100105,,0.0,52,,,,NORM,0,106
9,Ismailia,2021-12-21,10000,A,NORM,Normal,0,2026-03-27,Cashback Card,1033.55,8875.85,F,1997-05-19,Primary,100105,,0.0,52,,,,NORM,0,106
7,Luxor,2019-04-17,75000,A,NORM,Normal,0,2026-03-24,Platinum Credit Card,22972.62,51744.43,F,1972-12-26,Secondary,100106,,0.0,84,,,,NORM,0,107
7,Luxor,2019-04-17,75000,A,NORM,Normal,0,2026-03-21,Cashback Card,29431.58,45236.13,F,1972-12-26,Secondary,100106,,0.0,84,,,,NORM,0,107
7,Luxor,2019-04-17,75000,A,NORM,Normal,0,2026-03-29,World Elite Card,7893.2,66722.69,F,1972-12-26,Secondary,100106,,0.0,84,,,,NORM,0,107
10,Suez,2023-11-17,10000,A,NORM,Normal,0,2026-03-17,Platinum Credit Card,6117.2,3834.86,M,1977-12-17,Primary,100107,,0.0,28,,,,NORM,0,108
10,Suez,2023-11-17,10000,A,NORM,Normal,0,2026-03-19,Cashback Card,6666.65,2908.33,M,1977-12-17,Primary,100107,,0.0,28,,,,NORM,0,108
9,Ismailia,2021-12-02,50000,A,NORM,Normal,0,2026-03-19,Platinum Credit Card,23970.8,25761.18,M,1968-09-11,Primary,100108,,0.0,52,,,,NORM,0,109
8,Zagazig,2024-04-28,200000,A,NORM,Normal,0,2026-03-21,Platinum Credit Card,138799.41,61029.08,F,1980-10-23,Primary,100109,,0.0,23,,,,NORM,0,110
5,Tanta,2018-08-19,50000,A,60DA,60 Days Delinquent,60,2026-03-26,Titanium Credit Card,20139.59,29445.43,M,1986-07-12,Primary,100110,,27652.76,92,,,,60DA,0,111
2,Giza,2024-08-30,150000,A,NEW,New,0,2026-03-31,World Elite Card,141375.35,8419.29,M,1987-08-03,Primary,100111,,0.0,19,,,,NEW,0,112
3,Alexandria,2023-01-20,10000,A,NORM,Normal,0,2026-03-21,Classic Credit Card,4145.02,5435.15,F,1962-10-10,Secondary,100112,,0.0,38,,,,NORM,0,113
3,Alexandria,2023-01-20,10000,A,NORM,Normal,0,2026-03-20,Cashback Card,7384.21,2248.11,F,1962-10-10,Secondary,100112,,0.0,38,,,,NORM,0,113
3,Alexandria,2023-01-20,10000,A,NORM,Normal,0,2026-03-21,Platinum Credit Card,5125.36,4742.1,F,1962-10-10,Secondary,100112,,0.0,38,,,,NORM,0,113
10,Suez,2022-01-30,50000,A,NORM,Normal,0,2026-03-22,Titanium Credit Card,33759.53,16102.93,M,1967-02-13,Primary,100113,,0.0,50,,,,NORM,0,114
5,Tanta,2024-10-04,15000,A,NORM,Normal,0,2026-03-17,Cashback Card,542.91,14445.33,F,1971-04-21,Secondary,100114,,0.0,18,,,,NORM,0,115
10,Suez,2018-12-14,30000,A,NORM,Normal,0,2026-03-20,Gold Credit Card,14613.48,15250.07,M,1991-10-18,Primary,100115,,0.0,88,,,,NORM,0,116
6,Assiut,2022-01-25,30000,A,NORM,Normal,0,2026-03-21,Gold Credit Card,16647.92,13185.7,M,1960-10-25,Primary,100116,,0.0,50,,,,NORM,0,117
6,Assiut,2022-01-25,30000,A,NORM,Normal,0,2026-03-25,World Elite Card,-1975.05,27541.03,M,1960-10-25,Primary,100116,,0.0,50,,,,NORM,0,117
6,Assiut,2022-01-25,30000,A,NORM,Normal,0,2026-03-29,Platinum Credit Card,13810.86,15726.68,M,1960-10-25,Primary,100116,,0.0,50,,,,NORM,0,117
9,Ismailia,2023-11-27,5000,A,NORM,Normal,0,2026-03-24,Gold Credit Card,1090.46,3539.37,M,1997-06-17,Primary,100117,,0.0,28,,,,NORM,0,118
9,Ismailia,2023-11-27,5000,A,NORM,Normal,0,2026-03-24,Cashback Card,662.41,4233.07,M,1997-06-17,Primary,100117,,0.0,28,,,,NORM,0,118
8,Zagazig,2022-08-10,50000,A,NORM,Normal,0,2026-03-24,Titanium Credit Card,41195.34,8695.45,M,1961-12-16,Primary,100118,,0.0,44,,,,NORM,0,119
8,Zagazig,2022-08-10,50000,A,NORM,Normal,0,2026-03-25,Business Credit Card,-2590.8,47040.15,M,1961-12-16,Primary,100118,,0.0,44,,,,NORM,0,119
8,Zagazig,2022-08-10,50000,A,NORM,Normal,0,2026-03-20,Travel Rewards Card,25524.86,24372.15,M,1961-12-16,Primary,100118,,0.0,44,,,,NORM,0,119
6,Assiut,2024-05-25,100000,A,NORM,Normal,0,2026-03-20,Platinum Credit Card,17980.18,81528.1,M,1990-06-05,Secondary,100119,,0.0,22,,,,NORM,0,120
6,Assiut,2024-05-25,100000,A,NORM,Normal,0,2026-03-17,Travel Rewards Card,16002.2,83572.42,M,1990-06-05,Secondary,100119,,0.0,22,,,,NORM,0,120
1,Cairo Main,2023-05-23,50000,A,NORM,Normal,0,2026-03-31,Platinum Credit Card,27514.88,22352.89,M,1988-10-05,Secondary,100120,,0.0,34,,,,NORM,0,121
1,Cairo Main,2023-05-23,50000,A,NORM,Normal,0,2026-04-01,Gold Credit Card,9893.05,39699.09,M,1988-10-05,Secondary,100120,,0.0,34,,,,NORM,0,121
1,Cairo Main,2023-05-23,50000,A,NORM,Normal,0,2026-03-22,Travel Rewards Card,-2641.67,46956.23,M,1988-10-05,Secondary,100120,,0.0,34,,,,NORM,0,121
8,Zagazig,2021-12-02,5000,A,NORM,Normal,0,2026-03-17,Cashback Card,2218.18,2485.87,F,1999-09-06,Secondary,100121,,0.0,52,,,,NORM,0,122
1,Cairo Main,2019-02-10,50000,A,NORM,Normal,0,2026-03-24,Titanium Credit Card,7393.1,42189.64,F,1974-04-18,Primary,100122,,0.0,86,,,,NORM,0,123
1,Cairo Main,2020-06-02,15000,A,NORM,Normal,0,2026-03-26,Cashback Card,12079.82,2734.58,M,1971-06-25,Primary,100123,,0.0,70,,,,NORM,0,124
1,Cairo Main,2020-06-02,15000,A,NORM,Normal,0,2026-03-27,World Elite Card,11234.85,3593.18,M,1971-06-25,Primary,100123,,0.0,70,,,,NORM,0,124
1,Cairo Main,2020-06-02,15000,A,NORM,Normal,0,2026-03-22,Titanium Credit Card,5860.64,8776.26,M,1971-06-25,Primary,100123,,0.0,70,,,,NORM,0,124
7,Luxor,2024-12-26,100000,A,NORM,Normal,0,2026-03-29,Platinum Credit Card,40492.96,59188.79,M,1988-08-29,Primary,100124,,0.0,15,,,,NORM,0,125
1,Cairo Main,2021-12-16,20000,A,NORM,Normal,0,2026-03-26,Cashback Card,3022.26,16618.35,F,1987-07-31,Primary,100125,,0.0,52,,,,NORM,0,126
9,Ismailia,2023-09-11,150000,A,NORM,Normal,0,2026-03-23,Platinum Credit Card,62487.52,87385.7,F,1995-04-11,Primary,100126,,0.0,31,,,,NORM,0,127
2,Giza,2020-09-14,10000,A,NORM,Normal,0,2026-03-19,Gold Credit Card,6732.4,3164.05,F,1975-06-20,Secondary,100127,,0.0,67,,,,NORM,0,128
2,Giza,2020-09-14,10000,A,NORM,Normal,0,2026-03-17,Cashback Card,2511.89,7141.4,F,1975-06-20,Secondary,100127,,0.0,67,,,,NORM,0,128
8,Zagazig,2020-01-17,15000,A,NORM,Normal,0,2026-03-29,Gold Credit Card,8390.5,6232.58,M,1988-05-03,Secondary,100128,,0.0,75,,,,NORM,0,129
8,Zagazig,2020-01-17,15000,A,NORM,Normal,0,2026-03-26,Cashback Card,2710.42,12041.6,M,1988-05-03,Secondary,100128,,0.0,75,,,,NORM,0,129
9,Ismailia,2024-02-03,100000,A,NORM,Normal,0,2026-04-01,World Elite Card,21646.02,78088.53,M,1977-11-11,Secondary,100129,,0.0,26,,,,NORM,0,130
2,Giza,2022-02-16,75000,A,NORM,Normal,0,2026-03-22,Platinum Credit Card,53040.64,21728.14,F,1995-11-09,Primary,100130,,0.0,50,,,,NORM,0,131
2,Giza,2022-02-16,75000,A,NORM,Normal,0,2026-03-17,Titanium Credit Card,-6929.94,67924.53,F,1995-11-09,Primary,100130,,0.0,50,,,,NORM,0,131
2,Giza,2022-10-05,10000,A,NORM,Normal,0,2026-03-25,Classic Credit Card,-896.15,9045.01,M,1992-08-12,Primary,100131,,0.0,42,,,,NORM,0,132
8,Zagazig,2022-10-12,15000,A,NORM,Normal,0,2026-03-19,Classic Credit Card,11156.52,3715.32,F,1987-01-12,Primary,100132,,0.0,42,,,,NORM,0,133
7,Luxor,2023-10-03,15000,A,NORM,Normal,0,2026-03-24,Cashback Card,10251.27,4497.44,M,1976-04-18,Primary,100133,,0.0,30,,,,NORM,0,134
7,Luxor,2018-05-13,200000,A,NORM,Normal,0,2026-03-26,Platinum Credit Card,118387.7,81161.8,M,1985-06-11,Primary,100134,,0.0,96,,,,NORM,0,135
7,Luxor,2021-02-15,20000,A,90DA,90 Days Delinquent,90,2026-03-22,Classic Credit Card,18406.07,1577.09,F,1974-02-06,Secondary,100135,,7702.83,62,,,,90DA,0,136
5,Tanta,2023-01-02,20000,A,NORM,Normal,0,2026-03-31,Gold Credit Card,14406.0,5531.9,M,1991-07-31,Secondary,100136,,0.0,39,,,,NORM,0,137
8,Zagazig,2021-08-02,50000,A,NORM,Normal,0,2026-04-01,Titanium Credit Card,26401.12,23287.65,M,1963-12-09,Primary,100137,,0.0,56,,,,NORM,0,138
2,Giza,2019-07-23,20000,A,NORM,Normal,0,2026-03-21,Business Credit Card,1467.78,18409.28,M,1969-01-05,Primary,100138,,0.0,81,,,,NORM,0,139
5,Tanta,2023-05-15,150000,A,NORM,Normal,0,2026-03-21,World Elite Card,23559.96,126219.96,F,1977-11-10,Primary,100139,,0.0,35,,,,NORM,0,140
5,Tanta,2023-05-15,150000,A,NORM,Normal,0,2026-03-27,Travel Rewards Card,-5530.88,144379.12,F,1977-11-10,Primary,100139,,0.0,35,,,,NORM,0,140
3,Alexandria,2024-03-08,200000,A,NORM,Normal,0,2026-03-22,World Elite Card,184683.61,15011.76,M,1999-05-20,Primary,100140,,0.0,25,,,,NORM,0,141
3,Alexandria,2024-03-08,200000,A,NORM,Normal,0,2026-03-31,Travel Rewards Card,22100.36,177567.49,M,1999-05-20,Primary,100140,,0.0,25,,,,NORM,0,141
4,Mansoura,2023-10-27,30000,A,NORM,Normal,0,2026-03-23,Cashback Card,9112.05,20629.36,F,1975-07-10,Primary,100141,,0.0,29,,,,NORM,0,142
3,Alexandria,2024-07-06,15000,A,NORM,Normal,0,2026-03-21,Cashback Card,9416.61,5300.08,M,1986-07-19,Secondary,100142,,0.0,21,,,,NORM,0,143
1,Cairo Main,2024-06-20,30000,A,NORM,Normal,0,2026-03-17,Gold Credit Card,11121.05,18421.34,F,1988-10-09,Primary,100143,,0.0,21,,,,NORM,0,144
1,Cairo Main,2024-06-20,30000,A,NEW,New,0,2026-03-22,Cashback Card,15487.75,14249.53,F,1988-10-09,Primary,100143,,0.0,21,,,,NEW,0,144
4,Mansoura,2022-07-22,30000,A,NORM,Normal,0,2026-03-27,Classic Credit Card,13577.4,16370.11,F,1996-02-05,Primary,100144,,0.0,44,,,,NORM,0,145
10,Suez,2021-07-04,50000,A,NORM,Normal,0,2026-03-24,Platinum Credit Card,4859.18,44883.21,M,1966-06-11,Primary,100145,,0.0,57,,,,NORM,0,146
10,Suez,2021-07-04,50000,A,NORM,Normal,0,2026-03-21,Cashback Card,40573.85,9376.92,M,1966-06-11,Primary,100145,,0.0,57,,,,NORM,0,146
10,Suez,2021-07-04,50000,A,NORM,Normal,0,2026-03-30,Travel Rewards Card,16987.14,32748.93,M,1966-06-11,Primary,100145,,0.0,57,,,,NORM,0,146
4,Mansoura,2019-02-01,5000,A,NORM,Normal,0,2026-03-19,Gold Credit Card,-284.65,4688.53,F,1966-04-27,Primary,100146,,0.0,87,,,,NORM,0,147
4,Mansoura,2019-02-01,5000,A,NORM,Normal,0,2026-03-18,Cashback Card,2758.02,1819.5,F,1966-04-27,Primary,100146,,0.0,87,,,,NORM,0,147
4,Mansoura,2019-02-01,5000,A,NORM,Normal,0,2026-03-23,Titanium Credit Card,1277.57,3310.15,F,1966-04-27,Primary,100146,,0.0,87,,,,NORM,0,147
9,Ismailia,2023-08-05,30000,A,NORM,Normal,0,2026-03-28,Business Credit Card,19459.41,10377.92,F,1980-12-09,Secondary,100147,,0.0,32,,,,NORM,0,148
6,Assiut,2018-07-27,30000,A,NORM,Normal,0,2026-03-18,Business Credit Card,19423.13,10556.33,M,1962-03-08,Secondary,100148,,0.0,93,,,,NORM,0,149
5,Tanta,2022-02-07,75000,A,NORM,Normal,0,2026-03-26,Platinum Credit Card,65759.62,9067.05,F,1992-08-19,Primary,100149,,0.0,50,,,,NORM,0,150
9,Ismailia,2024-12-27,200000,A,NORM,Normal,0,2026-03-28,World Elite Card,87263.72,112306.88,F,1972-07-18,Primary,100150,,0.0,15,,,,NORM,0,151
4,Mansoura,2023-09-17,75000,A,NORM,Normal,0,2026-03-17,Platinum Credit Card,53607.18,21242.81,F,1987-01-09,Primary,100151,,0.0,30,,,,NORM,0,152
9,Ismailia,2021-09-05,200000,A,NORM,Normal,0,2026-03-29,Platinum Credit Card,100629.02,99281.02,F,1966-04-09,Primary,100152,,0.0,55,,,,NORM,0,153
1,Cairo Main,2021-09-18,10000,A,NORM,Normal,0,2026-03-25,Cashback Card,558.04,9297.73,F,1976-07-10,Primary,100153,,0.0,55,,,,NORM,0,154
4,Mansoura,2018-07-30,200000,A,NORM,Normal,0,2026-03-22,Business Credit Card,-11907.13,187846.14,M,1992-05-11,Primary,100154,,0.0,93,,,,NORM,0,155
1,Cairo Main,2021-07-08,75000,A,NORM,Normal,0,2026-03-19,Platinum Credit Card,14881.42,59702.52,F,1979-10-13,Secondary,100155,,0.0,57,,,,NORM,0,156
9,Ismailia,2024-04-16,50000,A,NORM,Normal,0,2026-03-26,Business Credit Card,32780.46,16773.23,F,1969-04-20,Secondary,100156,,0.0,23,,,,NORM,0,157
6,Assiut,2020-12-18,200000,A,NORM,Normal,0,2026-03-21,Business Credit Card,68572.44,131004.83,F,1990-04-26,Primary,100157,,0.0,64,,,,NORM,0,158
4,Mansoura,2023-06-26,50000,A,NORM,Normal,0,2026-03-24,Business Credit Card,-3431.71,46483.91,M,1990-12-17,Primary,100158,,0.0,33,,,,NORM,0,159
7,Luxor,2021-11-14,15000,A,NORM,Normal,0,2026-03-28,Cashback Card,4415.76,10522.28,F,1996-09-16,Primary,100159,,0.0,53,,,,NORM,0,160
4,Mansoura,2024-01-16,30000,A,NORM,Normal,0,2026-03-21,Classic Credit Card,9514.98,20386.35,M,1997-02-20,Primary,100160,,0.0,26,,,,NORM,0,161
4,Mansoura,2019-02-15,75000,A,NORM,Normal,0,2026-03-31,Platinum Credit Card,8404.21,66544.18,M,1962-05-10,Primary,100161,,0.0,86,,,,NORM,0,162
4,Mansoura,2019-02-15,75000,A,NORM,Normal,0,2026-03-21,Travel Rewards Card,21207.29,53514.87,M,1962-05-10,Primary,100161,,0.0,86,,,,NORM,0,162
4,Mansoura,2021-03-22,50000,A,NORM,Normal,0,2026-03-19,Platinum Credit Card,38615.93,10922.25,M,1993-11-27,Secondary,100162,,0.0,61,,,,NORM,0,163
3,Alexandria,2022-06-15,100000,A,30DD,30 Days Delinquent,30,2026-03-19,Platinum Credit Card,59674.0,40224.23,F,1961-08-18,Primary,100163,,47762.75,46,,,,30DD,0,164
3,Alexandria,2022-06-15,100000,A,NORM,Normal,0,2026-03-30,World Elite Card,76139.08,23554.54,F,1961-08-18,Primary,100163,,0.0,46,,,,NORM,0,164
3,Alexandria,2022-06-15,100000,A,NORM,Normal,0,2026-03-21,Classic Credit Card,65341.63,34511.52,F,1961-08-18,Primary,100163,,0.0,46,,,,NORM,0,164
8,Zagazig,2019-07-04,150000,A,NORM,Normal,0,2026-03-18,World Elite Card,73066.98,76550.04,F,1999-11-21,Primary,100164,,0.0,82,,,,NORM,0,165
6,Assiut,2021-04-23,200000,A,NORM,Normal,0,2026-03-25,Platinum Credit Card,96757.48,102798.94,F,1995-06-21,Primary,100165,,0.0,60,,,,NORM,0,166
3,Alexandria,2021-08-18,20000,A,NORM,Normal,0,2026-03-21,Classic Credit Card,6824.91,12913.33,F,1981-06-01,Primary,100166,,0.0,56,,,,NORM,0,167
5,Tanta,2022-01-12,20000,A,NORM,Normal,0,2026-03-26,Gold Credit Card,-152.1,19663.62,F,1989-04-27,Primary,100167,,0.0,51,,,,NORM,0,168
5,Tanta,2024-11-22,20000,A,NORM,Normal,0,2026-03-23,Gold Credit Card,5757.91,14139.79,F,1976-06-26,Primary,100168,,0.0,16,,,,NORM,0,169
5,Tanta,2024-11-22,20000,A,NORM,Normal,0,2026-03-19,Cashback Card,1987.05,17674.02,F,1976-06-26,Primary,100168,,0.0,16,,,,NORM,0,169
5,Tanta,2024-11-22,20000,A,NORM,Normal,0,2026-03-18,Business Credit Card,1883.76,18115.02,F,1976-06-26,Primary,100168,,0.0,16,,,,NORM,0,169
10,Suez,2018-12-02,150000,A,30DD,30 Days Delinquent,30,2026-03-23,Platinum Credit Card,141599.57,8369.04,M,1999-03-02,Primary,100169,,48140.47,89,,,,30DD,0,170
4,Mansoura,2024-01-08,15000,A,NORM,Normal,0,2026-03-20,Cashback Card,64.6,14557.44,M,1985-09-09,Primary,100170,,0.0,27,,,,NORM,0,171
9,Ismailia,2018-08-16,100000,A,NORM,Normal,0,2026-03-25,Platinum Credit Card,82471.2,17126.61,F,1979-12-25,Primary,100171,,0.0,92,,,,NORM,0,172
7,Luxor,2018-01-13,20000,A,NORM,Normal,0,2026-03-23,Gold Credit Card,1897.48,18009.35,M,1971-06-01,Secondary,100172,,0.0,100,,,,NORM,0,173
1,Cairo Main,2022-08-02,15000,A,NORM,Normal,0,2026-03-18,Cashback Card,11354.71,3491.81,F,1972-11-16,Primary,100173,,0.0,44,,,,NORM,0,174
1,Cairo Main,2022-08-02,15000,A,NORM,Normal,0,2026-03-19,Travel Rewards Card,9276.53,5640.24,F,1972-11-16,Primary,100173,,0.0,44,,,,NORM,0,174
2,Giza,2024-01-18,15000,A,NORM,Normal,0,2026-03-17,Cashback Card,10862.11,3974.26,M,1990-08-16,Primary,100174,,0.0,26,,,,NORM,0,175
1,Cairo Main,2023-03-12,150000,A,NORM,Normal,0,2026-03-18,World Elite Card,27938.62,121778.14,F,1973-05-20,Primary,100175,,0.0,37,,,,NORM,0,176
1,Cairo Main,2022-09-14,200000,A,NORM,Normal,0,2026-03-22,World Elite Card,179473.24,20334.75,M,1996-04-23,Primary,100176,,0.0,43,,,,NORM,0,177
1,Cairo Main,2022-12-03,20000,A,NORM,Normal,0,2026-03-26,Classic Credit Card,4935.91,14845.51,F,1978-01-16,Primary,100177,,0.0,40,,,,NORM,0,178
10,Suez,2021-08-06,20000,A,NORM,Normal,0,2026-04-01,Cashback Card,1204.52,18606.05,F,1986-10-27,Primary,100178,,0.0,56,,,,NORM,0,179
10,Suez,2021-08-06,20000,A,30DD,30 Days Delinquent,30,2026-03-30,World Elite Card,14909.28,4956.59,F,1986-10-27,Primary,100178,,11484.23,56,,,,30DD,0,179
3,Alexandria,2022-10-16,150000,A,NORM,Normal,0,2026-03-28,Business Credit Card,140350.61,9558.36,F,1988-01-30,Primary,100179,,0.0,42,,,,NORM,0,180
5,Tanta,2020-01-24,150000,A,NORM,Normal,0,2026-03-17,Business Credit Card,84247.77,65311.72,M,1976-11-19,Secondary,100180,,0.0,75,,,,NORM,0,181
7,Luxor,2024-04-01,150000,A,NEW,New,0,2026-03-24,Platinum Credit Card,20682.64,129213.47,M,1978-09-07,Secondary,100181,,0.0,24,,,,NEW,0,182
9,Ismailia,2020-02-20,5000,A,NORM,Normal,0,2026-03-23,Cashback Card,3239.57,1658.55,M,1992-07-02,Secondary,100182,,0.0,74,,,,NORM,0,183
4,Mansoura,2020-05-05,50000,A,60DA,60 Days Delinquent,60,2026-03-22,Platinum Credit Card,45592.22,4159.89,M,1981-07-03,Primary,100183,,7715.92,71,,,,60DA,0,184
4,Mansoura,2020-05-05,50000,A,NORM,Normal,0,2026-03-20,Gold Credit Card,37004.35,12550.91,M,1981-07-03,Primary,100183,,0.0,71,,,,NORM,0,184
4,Mansoura,2020-05-05,50000,A,NORM,Normal,0,2026-03-20,Travel Rewards Card,36517.23,13296.85,M,1981-07-03,Primary,100183,,0.0,71,,,,NORM,0,184
4,Mansoura,2021-08-10,30000,A,NORM,Normal,0,2026-03-20,Cashback Card,24930.81,4900.53,F,1984-10-06,Primary,100184,,0.0,56,,,,NORM,0,185
2,Giza,2023-04-08,50000,A,NORM,Normal,0,2026-03-26,Titanium Credit Card,17278.33,32402.1,M,1996-01-05,Primary,100185,,0.0,36,,,,NORM,0,186
9,Ismailia,2024-06-30,75000,A,NEW,New,0,2026-03-19,Titanium Credit Card,5541.69,69440.1,M,1986-03-13,Primary,100186,,0.0,21,,,,NEW,0,187
8,Zagazig,2023-07-03,100000,A,NEW,New,0,2026-03-30,Platinum Credit Card,73961.79,25949.42,M,1992-06-15,Primary,100187,,0.0,33,,,,NEW,0,188
8,Zagazig,2023-07-03,100000,A,NORM,Normal,0,2026-03-28,Travel Rewards Card,36523.07,63248.97,M,1992-06-15,Primary,100187,,0.0,33,,,,NORM,0,188
1,Cairo Main,2019-07-18,20000,A,NORM,Normal,0,2026-04-01,Classic Credit Card,11263.02,8690.64,M,1978-07-01,Primary,100188,,0.0,81,,,,NORM,0,189
1,Cairo Main,2019-07-18,20000,A,NORM,Normal,0,2026-03-22,Cashback Card,11174.34,8707.94,M,1978-07-01,Primary,100188,,0.0,81,,,,NORM,0,189
8,Zagazig,2018-01-28,150000,A,NORM,Normal,0,2026-03-17,World Elite Card,26440.03,123466.2,F,1960-09-14,Primary,100189,,0.0,99,,,,NORM,0,190
2,Giza,2023-11-18,15000,A,NORM,Normal,0,2026-03-31,Cashback Card,14172.88,734.04,F,1964-04-27,Primary,100190,,0.0,28,,,,NORM,0,191
7,Luxor,2024-05-03,20000,A,NORM,Normal,0,2026-03-30,Classic Credit Card,2293.56,17658.55,F,1980-08-03,Primary,100191,,0.0,23,,,,NORM,0,192
1,Cairo Main,2018-02-08,15000,A,NORM,Normal,0,2026-03-24,Gold Credit Card,-898.97,14025.48,M,1988-07-24,Secondary,100192,,0.0,99,,,,NORM,0,193
4,Mansoura,2024-05-10,100000,A,NEW,New,0,2026-03-19,World Elite Card,58702.95,40880.32,M,1998-12-10,Primary,100193,,0.0,23,,,,NEW,0,194
4,Mansoura,2019-08-14,75000,A,NORM,Normal,0,2026-03-21,Platinum Credit Card,18783.0,56150.65,F,1986-05-01,Primary,100194,,0.0,80,,,,NORM,0,195
9,Ismailia,2021-11-17,5000,A,NORM,Normal,0,2026-03-26,Classic Credit Card,4526.76,72.35,F,1993-06-09,Secondary,100195,,0.0,53,,,,NORM,0,196
5,Tanta,2023-01-20,100000,A,30DD,30 Days Delinquent,30,2026-03-29,Platinum Credit Card,-9344.9,90413.11,F,1995-02-23,Primary,100196,,44028.61,38,,,,30DD,0,197
4,Mansoura,2018-10-29,10000,A,NORM,Normal,0,2026-03-29,Cashback Card,-886.19,8738.22,F,1991-12-27,Primary,100197,,0.0,90,,,,NORM,0,198
5,Tanta,2022-01-14,30000,A,NORM,Normal,0,2026-03-29,Classic Credit Card,6056.27,23541.94,F,1979-12-13,Primary,100198,,0.0,51,,,,NORM,0,199
9,Ismailia,2024-09-11,200000,A,NORM,Normal,0,2026-03-28,World Elite Card,182949.59,16972.91,M,1964-03-04,Primary,100199,,0.0,18,,,,NORM,0,200
9,Ismailia,2024-09-11,200000,A,NORM,Normal,0,2026-03-31,Travel Rewards Card,-1732.39,198060.73,M,1964-03-04,Primary,100199,,0.0,18,,,,NORM,0,200
3,Alexandria,2021-01-06,30000,A,NORM,Normal,0,2026-04-01,Classic Credit Card,-276.89,29516.2,F,1966-03-24,Primary,100200,,0.0,63,,,,NORM,0,201
6,Assiut,2020-10-07,100000,A,NORM,Normal,0,2026-03-28,Platinum Credit Card,37637.36,62196.76,F,1971-04-16,Primary,100201,,0.0,66,,,,NORM,0,202
10,Suez,2021-09-11,100000,A,NORM,Normal,0,2026-03-18,World Elite Card,32544.16,67010.02,M,1977-01-15,Primary,100202,,0.0,55,,,,NORM,0,203
6,Assiut,2023-07-05,200000,A,NORM,Normal,0,2026-03-19,Platinum Credit Card,-18382.24,181137.68,M,1973-01-27,Secondary,100203,,0.0,33,,,,NORM,0,204
9,Ismailia,2024-03-03,5000,A,NORM,Normal,0,2026-03-30,Classic Credit Card,2540.0,2300.4,F,1968-01-26,Primary,100204,,0.0,25,,,,NORM,0,205
9,Ismailia,2024-03-03,5000,A,NORM,Normal,0,2026-03-26,Cashback Card,2243.39,2331.91,F,1968-01-26,Primary,100204,,0.0,25,,,,NORM,0,205
9,Ismailia,2024-03-03,5000,A,60DA,60 Days Delinquent,60,2026-03-25,Titanium Credit Card,1416.12,3186.01,F,1968-01-26,Primary,100204,,1935.87,25,,,,60DA,0,205
5,Tanta,2019-09-24,75000,A,NORM,Normal,0,2026-03-30,Titanium Credit Card,13970.66,60888.4,F,1989-07-18,Primary,100205,,0.0,79,,,,NORM,0,206
10,Suez,2018-12-15,10000,A,NORM,Normal,0,2026-03-26,Gold Credit Card,3967.34,6004.63,M,1988-08-16,Primary,100206,,0.0,88,,,,NORM,0,207
7,Luxor,2018-02-13,10000,A,NORM,Normal,0,2026-03-24,Cashback Card,4544.14,5439.83,F,1964-10-01,Primary,100207,,0.0,98,,,,NORM,0,208
3,Alexandria,2018-04-11,100000,A,NORM,Normal,0,2026-04-01,World Elite Card,25104.44,74431.13,F,1975-06-22,Primary,100208,,0.0,97,,,,NORM,0,209
9,Ismailia,2021-11-27,100000,A,NORM,Normal,0,2026-03-23,Platinum Credit Card,-2773.48,96839.11,F,1981-08-30,Primary,100209,,0.0,52,,,,NORM,0,210
6,Assiut,2019-03-24,15000,A,NORM,Normal,0,2026-03-20,Cashback Card,3477.99,11497.06,F,1989-01-24,Secondary,100210,,0.0,85,,,,NORM,0,211
3,Alexandria,2022-11-06,75000,A,NORM,Normal,0,2026-03-22,Platinum Credit Card,10161.3,64630.38,M,1968-05-11,Primary,100211,,0.0,41,,,,NORM,0,212
3,Alexandria,2022-11-06,75000,A,NORM,Normal,0,2026-04-01,Travel Rewards Card,47617.33,27285.92,M,1968-05-11,Primary,100211,,0.0,41,,,,NORM,0,212
2,Giza,2019-02-21,150000,A,NORM,Normal,0,2026-03-18,World Elite Card,29384.82,120412.37,F,1985-11-24,Primary,100212,,0.0,86,,,,NORM,0,213
6,Assiut,2022-05-11,200000,A,NORM,Normal,0,2026-03-24,Platinum Credit Card,115819.53,84132.52,M,1986-10-11,Secondary,100213,,0.0,47,,,,NORM,0,214
10,Suez,2019-07-03,50000,A,NORM,Normal,0,2026-03-25,Platinum Credit Card,4656.65,44991.47,M,1963-10-20,Primary,100214,,0.0,82,,,,NORM,0,215
3,Alexandria,2022-04-21,75000,A,NEW,New,0,2026-03-21,Platinum Credit Card,41922.41,32794.89,F,1985-10-13,Primary,100215,,0.0,48,,,,NEW,0,216
10,Suez,2022-01-10,5000,A,NORM,Normal,0,2026-03-29,Business Credit Card,1487.6,3290.18,F,1962-05-28,Primary,100216,,0.0,51,,,,NORM,0,217
8,Zagazig,2019-11-17,10000,A,NORM,Normal,0,2026-03-30,Classic Credit Card,9162.66,450.22,F,1981-12-02,Primary,100217,,0.0,77,,,,NORM,0,218
8,Zagazig,2023-07-22,150000,A,NORM,Normal,0,2026-03-20,World Elite Card,98574.65,50979.11,F,1985-05-16,Primary,100218,,0.0,32,,,,NORM,0,219
9,Ismailia,2022-10-08,10000,A,NORM,Normal,0,2026-03-20,Classic Credit Card,1597.16,8077.61,F,1969-10-20,Secondary,100219,,0.0,42,,,,NORM,0,220
2,Giza,2020-08-28,20000,A,NORM,Normal,0,2026-03-31,Cashback Card,8901.78,10741.53,M,1994-10-16,Primary,100220,,0.0,68,,,,NORM,0,221
10,Suez,2023-12-21,30000,A,NORM,Normal,0,2026-03-28,Gold Credit Card,22245.15,7606.84,F,1975-09-26,Secondary,100221,,0.0,27,,,,NORM,0,222
3,Alexandria,2022-08-13,5000,A,NORM,Normal,0,2026-03-17,Classic Credit Card,563.82,4015.71,F,1993-08-24,Secondary,100222,,0.0,44,,,,NORM,0,223
3,Alexandria,2022-08-13,5000,A,90DA,90 Days Delinquent,90,2026-03-17,Platinum Credit Card,4041.27,955.38,F,1993-08-24,Secondary,100222,,1152.4,44,,,,90DA,0,223
3,Alexandria,2021-01-05,75000,A,NORM,Normal,0,2026-03-29,Platinum Credit Card,25998.57,48675.15,F,1985-11-25,Primary,100223,,0.0,63,,,,NORM,0,224
8,Zagazig,2024-07-11,5000,A,NORM,Normal,0,2026-03-20,Gold Credit Card,1656.02,2963.94,F,1974-09-06,Primary,100224,,0.0,20,,,,NORM,0,225
8,Zagazig,2024-07-11,5000,A,NORM,Normal,0,2026-04-01,Cashback Card,-159.51,4559.93,F,1974-09-06,Primary,100224,,0.0,20,,,,NORM,0,225
8,Zagazig,2021-08-15,30000,A,NORM,Normal,0,2026-04-01,Classic Credit Card,16100.46,13429.89,M,1972-01-17,Primary,100225,,0.0,56,,,,NORM,0,226
2,Giza,2019-10-10,100000,A,NORM,Normal,0,2026-03-18,Platinum Credit Card,19225.5,80488.61,F,1998-06-21,Primary,100226,,0.0,78,,,,NORM,0,227
6,Assiut,2018-12-04,50000,A,NORM,Normal,0,2026-04-01,Titanium Credit Card,47219.84,2530.36,M,1971-03-26,Primary,100227,,0.0,89,,,,NORM,0,228
8,Zagazig,2019-06-28,200000,A,NORM,Normal,0,2026-03-17,Platinum Credit Card,120348.7,79306.14,F,1963-06-30,Secondary,100228,,0.0,82,,,,NORM,0,229
8,Zagazig,2020-07-26,75000,A,NORM,Normal,0,2026-03-20,Platinum Credit Card,-835.64,73828.85,M,1963-03-06,Primary,100229,,0.0,69,,,,NORM,0,230
8,Zagazig,2020-07-26,75000,A,NORM,Normal,0,2026-03-20,Travel Rewards Card,418.84,74299.58,M,1963-03-06,Primary,100229,,0.0,69,,,,NORM,0,230
2,Giza,2024-04-26,5000,A,NORM,Normal,0,2026-03-21,Gold Credit Card,2077.0,2821.86,M,1983-10-18,Secondary,100230,,0.0,23,,,,NORM,0,231
4,Mansoura,2019-02-16,15000,A,NORM,Normal,0,2026-03-31,Gold Credit Card,9302.09,5202.67,F,1963-11-21,Primary,100231,,0.0,86,,,,NORM,0,232
2,Giza,2024-03-16,200000,A,NORM,Normal,0,2026-03-18,Platinum Credit Card,157303.23,42211.3,M,1971-02-17,Primary,100232,,0.0,24,,,,NORM,0,233
2,Giza,2024-03-16,200000,A,NORM,Normal,0,2026-03-17,Travel Rewards Card,144311.51,55383.58,M,1971-02-17,Primary,100232,,0.0,24,,,,NORM,0,233
7,Luxor,2018-08-12,20000,A,NORM,Normal,0,2026-03-17,Business Credit Card,13687.16,5873.2,M,1973-04-04,Primary,100233,,0.0,92,,,,NORM,0,234
6,Assiut,2022-05-04,200000,A,NORM,Normal,0,2026-03-24,World Elite Card,95709.31,103925.28,M,1965-12-02,Primary,100234,,0.0,47,,,,NORM,0,235
4,Mansoura,2018-09-05,75000,A,30DD,30 Days Delinquent,30,2026-03-22,Titanium Credit Card,14719.55,60054.89,M,1961-10-14,Primary,100235,,11124.73,92,,,,30DD,0,236
3,Alexandria,2018-12-09,30000,A,NORM,Normal,0,2026-03-17,Classic Credit Card,13916.98,15896.6,F,1972-06-12,Primary,100236,,0.0,89,,,,NORM,0,237
7,Luxor,2020-09-04,5000,A,NORM,Normal,0,2026-03-31,Gold Credit Card,259.13,4722.82,M,1992-09-28,Primary,100237,,0.0,67,,,,NORM,0,238
1,Cairo Main,2019-07-17,5000,A,NEW,New,0,2026-03-17,Gold Credit Card,1735.38,2975.66,F,1991-10-03,Primary,100238,,0.0,81,,,,NEW,0,239
1,Cairo Main,2022-10-25,30000,A,NORM,Normal,0,2026-03-25,Cashback Card,10237.2,19470.17,F,1975-01-10,Primary,100239,,0.0,41,,,,NORM,0,240
10,Suez,2022-02-15,15000,A,NORM,Normal,0,2026-03-31,Cashback Card,-298.25,14319.42,M,1967-06-27,Primary,100240,,0.0,50,,,,NORM,0,241
10,Suez,2022-02-15,15000,A,NORM,Normal,0,2026-03-21,Travel Rewards Card,588.52,14012.56,M,1967-06-27,Primary,100240,,0.0,50,,,,NORM,0,241
1,Cairo Main,2022-01-30,75000,A,NORM,Normal,0,2026-03-24,Platinum Credit Card,18604.27,56183.97,F,1981-02-28,Primary,100241,,0.0,50,,,,NORM,0,242
2,Giza,2022-03-08,10000,A,30DD,30 Days Delinquent,30,2026-03-26,Classic Credit Card,1662.6,8085.31,M,1985-08-21,Secondary,100242,,1125.55,49,,,,30DD,0,243
5,Tanta,2021-06-26,50000,A,NORM,Normal,0,2026-03-28,Platinum Credit Card,18733.03,30981.68,F,1994-09-12,Primary,100243,,0.0,58,,,,NORM,0,244
4,Mansoura,2022-02-17,200000,A,NORM,Normal,0,2026-04-01,Gold Credit Card,115405.71,84338.95,M,1980-10-22,Secondary,100244,,0.0,50,,,,NORM,0,245
4,Mansoura,2022-02-17,200000,A,NORM,Normal,0,2026-03-31,Business Credit Card,38149.63,161489.76,M,1980-10-22,Secondary,100244,,0.0,50,,,,NORM,0,245
4,Mansoura,2022-02-17,200000,A,30DD,30 Days Delinquent,30,2026-03-18,Travel Rewards Card,125471.87,74280.66,M,1980-10-22,Secondary,100244,,58160.65,50,,,,30DD,0,245
9,Ismailia,2018-02-09,50000,A,NORM,Normal,0,2026-03-26,Titanium Credit Card,1590.8,48258.57,M,1975-07-16,Primary,100245,,0.0,99,,,,NORM,0,246
9,Ismailia,2018-02-09,50000,A,NORM,Normal,0,2026-03-31,Business Credit Card,31522.54,18443.11,M,1975-07-16,Primary,100245,,0.0,99,,,,NORM,0,246
8,Zagazig,2019-08-07,30000,A,NORM,Normal,0,2026-03-31,Classic Credit Card,27513.73,2407.31,F,1962-09-08,Secondary,100246,,0.0,80,,,,NORM,0,247
2,Giza,2019-07-01,75000,A,NORM,Normal,0,2026-03-19,Platinum Credit Card,39082.53,35490.15,M,1982-09-02,Primary,100247,,0.0,82,,,,NORM,0,248
6,Assiut,2023-01-29,30000,A,NORM,Normal,0,2026-03-18,Classic Credit Card,3207.99,26503.7,M,1974-04-08,Primary,100248,,0.0,38,,,,NORM,0,249
8,Zagazig,2022-07-24,10000,A,NORM,Normal,0,2026-03-24,Classic Credit Card,4639.62,5198.12,F,1974-02-01,Primary,100249,,0.0,44,,,,NORM,0,250
3,Alexandria,2021-05-31,200000,A,NEW,New,0,2026-03-30,Platinum Credit Card,115075.42,84788.29,M,1996-03-23,Secondary,100250,,0.0,58,,,,NEW,0,251
1,Cairo Main,2021-05-09,30000,A,NORM,Normal,0,2026-03-26,Gold Credit Card,12333.71,17291.95,M,1990-05-17,Primary,100251,,0.0,59,,,,NORM,0,252
2,Giza,2018-09-10,20000,A,NORM,Normal,0,2026-03-30,Gold Credit Card,1155.33,18384.26,F,1960-07-14,Secondary,100252,,0.0,92,,,,NORM,0,253
2,Giza,2022-12-22,15000,A,NORM,Normal,0,2026-03-29,Gold Credit Card,8185.5,6508.85,F,1968-11-13,Secondary,100253,,0.0,39,,,,NORM,0,254
2,Giza,2022-12-22,15000,A,NORM,Normal,0,2026-03-22,Cashback Card,11848.48,2837.69,F,1968-11-13,Secondary,100253,,0.0,39,,,,NORM,0,254
2,Giza,2022-12-22,15000,A,NORM,Normal,0,2026-03-17,World Elite Card,6419.06,8263.86,F,1968-11-13,Secondary,100253,,0.0,39,,,,NORM,0,254
1,Cairo Main,2022-10-14,15000,A,NORM,Normal,0,2026-03-19,Classic Credit Card,5714.38,9087.81,F,1977-03-02,Secondary,100254,,0.0,42,,,,NORM,0,255
10,Suez,2020-10-03,30000,A,30DD,30 Days Delinquent,30,2026-03-22,Business Credit Card,18644.16,11163.67,M,1987-09-04,Primary,100255,,5783.04,66,,,,30DD,0,256
4,Mansoura,2023-11-24,20000,A,60DA,60 Days Delinquent,60,2026-03-24,Gold Credit Card,-1931.82,17979.25,F,1988-10-29,Primary,100256,,1919.57,28,,,,60DA,0,257
4,Mansoura,2023-11-24,20000,A,NORM,Normal,0,2026-04-01,Titanium Credit Card,12611.1,7316.86,F,1988-10-29,Primary,100256,,0.0,28,,,,NORM,0,257
6,Assiut,2021-01-12,15000,A,NORM,Normal,0,2026-03-20,Classic Credit Card,10324.3,4552.64,M,1977-06-03,Secondary,100257,,0.0,63,,,,NORM,0,258
6,Assiut,2024-07-20,20000,A,NORM,Normal,0,2026-03-24,Cashback Card,17985.3,1702.59,M,1994-05-25,Primary,100258,,0.0,20,,,,NORM,0,259
7,Luxor,2019-12-13,15000,A,NORM,Normal,0,2026-03-30,Cashback Card,8926.36,5865.08,M,1975-12-01,Primary,100259,,0.0,76,,,,NORM,0,260
10,Suez,2024-04-25,20000,A,NORM,Normal,0,2026-03-30,Business Credit Card,14249.6,5696.22,M,1966-05-17,Primary,100260,,0.0,23,,,,NORM,0,261
4,Mansoura,2023-11-27,100000,A,NORM,Normal,0,2026-03-23,World Elite Card,-1032.2,98879.14,M,1960-11-22,Secondary,100261,,0.0,28,,,,NORM,0,262
1,Cairo Main,2024-07-30,15000,A,NORM,Normal,0,2026-03-22,Gold Credit Card,4789.92,10018.6,M,1966-08-17,Primary,100262,,0.0,20,,,,NORM,0,263
1,Cairo Main,2024-07-30,15000,A,NORM,Normal,0,2026-03-29,Titanium Credit Card,-147.17,14486.86,M,1966-08-17,Primary,100262,,0.0,20,,,,NORM,0,263
3,Alexandria,2022-11-25,100000,A,NORM,Normal,0,2026-03-22,Platinum Credit Card,35648.81,64171.36,M,1992-11-06,Primary,100263,,0.0,40,,,,NORM,0,264
3,Alexandria,2018-01-08,200000,A,NORM,Normal,0,2026-03-22,World Elite Card,173414.89,26420.74,M,1992-09-10,Primary,100264,,0.0,100,,,,NORM,0,265
3,Alexandria,2018-01-08,200000,A,NORM,Normal,0,2026-03-27,Travel Rewards Card,108651.09,91015.42,M,1992-09-10,Primary,100264,,0.0,100,,,,NORM,0,265
3,Alexandria,2018-11-15,20000,A,NORM,Normal,0,2026-03-30,Classic Credit Card,1731.26,17867.24,M,1974-11-08,Primary,100265,,0.0,89,,,,NORM,0,266
3,Alexandria,2018-11-15,20000,A,NORM,Normal,0,2026-03-24,Gold Credit Card,11505.63,8443.05,M,1974-11-08,Primary,100265,,0.0,89,,,,NORM,0,266
3,Alexandria,2018-11-15,20000,A,NORM,Normal,0,2026-03-21,Cashback Card,3969.12,15655.34,M,1974-11-08,Primary,100265,,0.0,89,,,,NORM,0,266
6,Assiut,2019-03-19,5000,A,NORM,Normal,0,2026-03-27,Cashback Card,2530.54,2374.68,F,1971-07-07,Primary,100266,,0.0,85,,,,NORM,0,267
9,Ismailia,2019-02-20,100000,A,NORM,Normal,0,2026-03-29,World Elite Card,85105.3,14480.28,M,1976-11-01,Primary,100267,,0.0,86,,,,NORM,0,268
1,Cairo Main,2020-12-05,10000,A,NEW,New,0,2026-03-23,Gold Credit Card,597.54,9092.82,M,1974-04-18,Primary,100268,,0.0,64,,,,NEW,0,269
1,Cairo Main,2019-11-07,200000,A,60DA,60 Days Delinquent,60,2026-03-30,World Elite Card,87832.85,111906.86,M,1979-05-07,Primary,100269,,48687.85,77,,,,60DA,0,270
5,Tanta,2021-02-27,30000,A,NORM,Normal,0,2026-03-20,Gold Credit Card,2878.46,26721.9,M,1989-08-19,Primary,100270,,0.0,61,,,,NORM,0,271
5,Tanta,2024-09-24,100000,A,NORM,Normal,0,2026-03-24,World Elite Card,89689.49,9834.69,M,1996-12-15,Primary,100271,,0.0,18,,,,NORM,0,272
7,Luxor,2023-06-27,30000,A,NORM,Normal,0,2026-03-29,Gold Credit Card,28378.54,1138.13,F,1981-02-14,Primary,100272,,0.0,33,,,,NORM,0,273
5,Tanta,2023-03-20,30000,A,NORM,Normal,0,2026-03-28,Classic Credit Card,-4.25,29900.41,M,1979-09-22,Primary,100273,,0.0,36,,,,NORM,0,274
5,Tanta,2023-03-20,30000,A,NORM,Normal,0,2026-03-23,Cashback Card,23107.87,6625.32,M,1979-09-22,Primary,100273,,0.0,36,,,,NORM,0,274
10,Suez,2024-03-17,5000,A,NORM,Normal,0,2026-03-24,Gold Credit Card,3255.14,1738.68,M,1970-03-16,Primary,100274,,0.0,24,,,,NORM,0,275
10,Suez,2024-03-17,5000,A,30DD,30 Days Delinquent,30,2026-03-28,Travel Rewards Card,2002.22,2956.94,M,1970-03-16,Primary,100274,,1106.74,24,,,,30DD,0,275
1,Cairo Main,2024-05-28,150000,A,30DD,30 Days Delinquent,30,2026-03-31,World Elite Card,137385.21,12174.22,M,1982-07-10,Secondary,100275,,14723.88,22,,,,30DD,0,276
4,Mansoura,2018-06-24,75000,A,NORM,Normal,0,2026-03-26,Gold Credit Card,-5166.02,69447.6,F,1965-08-29,Primary,100276,,0.0,94,,,,NORM,0,277
4,Mansoura,2018-06-24,75000,A,NORM,Normal,0,2026-03-19,Titanium Credit Card,44562.8,30142.18,F,1965-08-29,Primary,100276,,0.0,94,,,,NORM,0,277
4,Mansoura,2018-06-24,75000,A,NEW,New,0,2026-03-17,Business Credit Card,16312.73,58201.6,F,1965-08-29,Primary,100276,,0.0,94,,,,NEW,0,277
7,Luxor,2022-06-16,150000,A,NORM,Normal,0,2026-03-31,Platinum Credit Card,-8744.54,140930.32,F,1984-12-15,Primary,100277,,0.0,46,,,,NORM,0,278
7,Luxor,2022-06-16,150000,A,NORM,Normal,0,2026-04-01,Classic Credit Card,95085.88,54472.89,F,1984-12-15,Primary,100277,,0.0,46,,,,NORM,0,278
10,Suez,2019-02-15,10000,A,NORM,Normal,0,2026-03-28,Gold Credit Card,6920.44,2722.22,F,1994-01-07,Primary,100278,,0.0,86,,,,NORM,0,279
10,Suez,2019-02-15,10000,A,NORM,Normal,0,2026-03-23,Titanium Credit Card,9233.57,594.1,F,1994-01-07,Primary,100278,,0.0,86,,,,NORM,0,279
8,Zagazig,2019-12-07,30000,A,NORM,Normal,0,2026-03-27,Cashback Card,22540.92,6964.69,F,1961-09-05,Secondary,100279,,0.0,76,,,,NORM,0,280
1,Cairo Main,2023-05-01,30000,A,NORM,Normal,0,2026-03-22,Gold Credit Card,20702.36,8820.89,F,1993-06-14,Secondary,100280,,0.0,35,,,,NORM,0,281
3,Alexandria,2022-12-20,50000,A,NORM,Normal,0,2026-03-26,Platinum Credit Card,29522.13,20075.4,F,1973-06-24,Primary,100281,,0.0,39,,,,NORM,0,282
3,Alexandria,2022-12-20,50000,A,NORM,Normal,0,2026-03-19,Travel Rewards Card,45937.93,3748.79,F,1973-06-24,Primary,100281,,0.0,39,,,,NORM,0,282
9,Ismailia,2019-10-14,10000,A,NORM,Normal,0,2026-03-25,Gold Credit Card,9329.89,210.8,M,1995-07-03,Secondary,100282,,0.0,78,,,,NORM,0,283
9,Ismailia,2019-10-14,10000,A,NEW,New,0,2026-03-21,Cashback Card,7119.37,2765.14,M,1995-07-03,Secondary,100282,,0.0,78,,,,NEW,0,283
4,Mansoura,2023-02-13,5000,A,NORM,Normal,0,2026-03-30,Gold Credit Card,-76.62,4710.19,F,1961-06-25,Primary,100283,,0.0,38,,,,NORM,0,284
4,Mansoura,2023-02-13,5000,A,NORM,Normal,0,2026-03-17,Cashback Card,1140.42,3625.79,F,1961-06-25,Primary,100283,,0.0,38,,,,NORM,0,284
4,Mansoura,2023-06-26,200000,A,90DA,90 Days Delinquent,90,2026-03-23,Platinum Credit Card,-19307.73,180452.53,M,1976-09-15,Secondary,100284,,1232.53,33,,,,90DA,0,285
5,Tanta,2022-05-03,5000,A,NORM,Normal,0,2026-03-21,Classic Credit Card,2699.46,1904.36,F,1961-03-25,Primary,100285,,0.0,47,,,,NORM,0,286
5,Tanta,2022-05-03,5000,A,NORM,Normal,0,2026-04-01,Travel Rewards Card,3197.83,1594.87,F,1961-03-25,Primary,100285,,0.0,47,,,,NORM,0,286
1,Cairo Main,2019-06-26,15000,A,NEW,New,0,2026-03-24,Classic Credit Card,4144.85,10549.71,F,1981-04-07,Secondary,100286,,0.0,82,,,,NEW,0,287
1,Cairo Main,2019-06-26,15000,A,NORM,Normal,0,2026-03-29,Cashback Card,1198.21,13351.68,F,1981-04-07,Secondary,100286,,0.0,82,,,,NORM,0,287
5,Tanta,2023-03-27,30000,A,NORM,Normal,0,2026-03-21,Gold Credit Card,2951.24,27031.48,F,1969-10-15,Primary,100287,,0.0,36,,,,NORM,0,288
5,Tanta,2023-03-27,30000,A,NORM,Normal,0,2026-03-29,Cashback Card,3557.33,26098.29,F,1969-10-15,Primary,100287,,0.0,36,,,,NORM,0,288
5,Tanta,2019-03-19,100000,A,NORM,Normal,0,2026-03-19,Platinum Credit Card,22405.36,77541.01,F,1973-05-22,Primary,100288,,0.0,85,,,,NORM,0,289
3,Alexandria,2020-09-11,5000,A,NORM,Normal,0,2026-04-01,Gold Credit Card,3354.21,1640.88,F,1983-03-16,Secondary,100289,,0.0,67,,,,NORM,0,290
7,Luxor,2018-05-25,200000,A,NORM,Normal,0,2026-03-24,Platinum Credit Card,84291.79,115247.42,F,1977-06-01,Secondary,100290,,0.0,95,,,,NORM,0,291
7,Luxor,2018-05-25,200000,A,NORM,Normal,0,2026-03-31,Travel Rewards Card,82241.53,117507.31,F,1977-06-01,Secondary,100290,,0.0,95,,,,NORM,0,291
5,Tanta,2019-11-28,150000,A,NORM,Normal,0,2026-03-29,Platinum Credit Card,135545.45,14115.34,M,1997-12-03,Secondary,100291,,0.0,77,,,,NORM,0,292
4,Mansoura,2020-07-03,30000,A,NORM,Normal,0,2026-03-25,Gold Credit Card,-1011.46,28592.31,M,1975-12-08,Primary,100292,,0.0,69,,,,NORM,0,293
4,Mansoura,2020-07-03,30000,A,NORM,Normal,0,2026-03-28,Cashback Card,18254.48,11374.66,M,1975-12-08,Primary,100292,,0.0,69,,,,NORM,0,293
10,Suez,2023-04-19,20000,A,NORM,Normal,0,2026-03-19,Cashback Card,16966.32,2813.06,F,1963-03-12,Primary,100293,,0.0,35,,,,NORM,0,294
4,Mansoura,2022-08-04,200000,A,NORM,Normal,0,2026-03-26,World Elite Card,167141.03,32750.24,F,1975-05-16,Primary,100294,,0.0,44,,,,NORM,0,295
1,Cairo Main,2023-01-26,30000,A,60DA,60 Days Delinquent,60,2026-03-31,Classic Credit Card,25276.47,4225.37,M,1960-03-18,Primary,100295,,9317.7,38,,,,60DA,0,296
1,Cairo Main,2023-01-26,30000,A,NORM,Normal,0,2026-04-01,Cashback Card,7531.37,21983.09,M,1960-03-18,Primary,100295,,0.0,38,,,,NORM,0,296
7,Luxor,2023-05-10,75000,A,NORM,Normal,0,2026-03-19,Platinum Credit Card,34438.09,40307.19,F,1979-03-31,Primary,100296,,0.0,35,,,,NORM,0,297
1,Cairo Main,2018-01-17,20000,A,30DD,30 Days Delinquent,30,2026-03-28,Gold Credit Card,13020.53,6640.71,M,1990-05-10,Primary,100297,,11053.5,99,,,,30DD,0,298
3,Alexandria,2018-07-07,30000,A,NORM,Normal,0,2026-03-24,Cashback Card,-2252.33,27704.05,M,1962-12-05,Primary,100298,,0.0,94,,,,NORM,0,299
4,Mansoura,2022-07-11,5000,A,NORM,Normal,0,2026-03-26,Classic Credit Card,2830.64,1934.07,M,1967-05-25,Primary,100299,,0.0,45,,,,NORM,0,300
5,Tanta,2023-12-31,200000,A,NORM,Normal,0,2026-04-01,World Elite Card,99253.12,100459.91,M,1994-08-06,Primary,100300,,0.0,27,,,,NORM,0,301
7,Luxor,2024-02-20,30000,A,NORM,Normal,0,2026-03-24,Gold Credit Card,-2351.1,27555.05,F,1965-07-17,Primary,100301,,0.0,25,,,,NORM,0,302
7,Luxor,2024-02-20,30000,A,NORM,Normal,0,2026-03-31,Business Credit Card,6621.21,23326.55,F,1965-07-17,Primary,100301,,0.0,25,,,,NORM,0,302
10,Suez,2019-07-16,75000,A,NORM,Normal,0,2026-03-26,Platinum Credit Card,23613.99,51353.19,M,1987-03-02,Primary,100302,,0.0,81,,,,NORM,0,303
5,Tanta,2023-11-13,20000,A,NORM,Normal,0,2026-03-31,Gold Credit Card,5013.12,14614.28,F,1997-04-19,Primary,100303,,0.0,29,,,,NORM,0,304
5,Tanta,2023-11-13,20000,A,NORM,Normal,0,2026-03-21,Cashback Card,18968.64,689.04,F,1997-04-19,Primary,100303,,0.0,29,,,,NORM,0,304
2,Giza,2024-06-09,100000,A,NORM,Normal,0,2026-03-30,Classic Credit Card,62707.13,37227.63,F,1964-12-14,Secondary,100304,,0.0,22,,,,NORM,0,305
2,Giza,2024-06-09,100000,A,NORM,Normal,0,2026-03-17,World Elite Card,52990.54,46630.21,F,1964-12-14,Secondary,100304,,0.0,22,,,,NORM,0,305
2,Giza,2024-06-09,100000,A,NEW,New,0,2026-03-21,Travel Rewards Card,76433.0,23321.45,F,1964-12-14,Secondary,100304,,0.0,22,,,,NEW,0,305
8,Zagazig,2019-02-13,15000,A,NORM,Normal,0,2026-03-30,Gold Credit Card,6066.03,8605.83,M,1962-03-31,Secondary,100305,,0.0,86,,,,NORM,0,306
8,Zagazig,2019-02-13,15000,A,NORM,Normal,0,2026-03-24,Titanium Credit Card,8181.9,6496.49,M,1962-03-31,Secondary,100305,,0.0,86,,,,NORM,0,306
3,Alexandria,2019-11-30,50000,A,NORM,Normal,0,2026-03-19,Titanium Credit Card,9432.81,40508.74,F,1989-10-03,Primary,100306,,0.0,77,,,,NORM,0,307
3,Alexandria,2019-11-30,50000,A,NORM,Normal,0,2026-03-25,Travel Rewards Card,-564.05,49067.68,F,1989-10-03,Primary,100306,,0.0,77,,,,NORM,0,307
8,Zagazig,2022-04-29,100000,A,NORM,Normal,0,2026-03-20,World Elite Card,84376.98,15607.71,M,1972-03-11,Secondary,100307,,0.0,47,,,,NORM,0,308
7,Luxor,2023-06-01,200000,A,NORM,Normal,0,2026-03-17,Platinum Credit Card,-11589.48,188097.33,M,1986-07-01,Secondary,100308,,0.0,34,,,,NORM,0,309
8,Zagazig,2022-08-12,100000,A,NORM,Normal,0,2026-03-22,Platinum Credit Card,55080.72,44465.69,M,1965-01-24,Secondary,100309,,0.0,44,,,,NORM,0,310
9,Ismailia,2024-12-07,10000,A,NORM,Normal,0,2026-03-26,Classic Credit Card,472.2,9346.95,F,1990-11-15,Primary,100310,,0.0,16,,,,NORM,0,311
1,Cairo Main,2019-10-05,150000,A,NORM,Normal,0,2026-03-19,Business Credit Card,55569.18,94093.68,F,1960-07-09,Primary,100311,,0.0,79,,,,NORM,0,312
1,Cairo Main,2019-10-05,150000,A,NORM,Normal,0,2026-03-18,Travel Rewards Card,51225.06,98546.9,F,1960-07-09,Primary,100311,,0.0,79,,,,NORM,0,312
1,Cairo Main,2020-07-01,150000,A,NORM,Normal,0,2026-03-31,World Elite Card,40930.69,108839.99,F,1982-09-27,Secondary,100312,,0.0,70,,,,NORM,0,313
8,Zagazig,2021-07-18,10000,A,NORM,Normal,0,2026-03-22,Classic Credit Card,6165.64,3660.24,F,1980-01-20,Primary,100313,,0.0,57,,,,NORM,0,314
8,Zagazig,2021-07-18,10000,A,30DD,30 Days Delinquent,30,2026-03-19,Business Credit Card,7918.9,1856.01,F,1980-01-20,Primary,100313,,5664.86,57,,,,30DD,0,314
2,Giza,2024-10-10,200000,A,NORM,Normal,0,2026-03-27,World Elite Card,85700.45,114036.73,F,1995-07-08,Secondary,100314,,0.0,17,,,,NORM,0,315
2,Giza,2024-10-10,200000,A,NEW,New,0,2026-03-31,Travel Rewards Card,8439.09,191074.19,F,1995-07-08,Secondary,100314,,0.0,17,,,,NEW,0,315
6,Assiut,2024-12-13,200000,A,NORM,Normal,0,2026-03-23,Platinum Credit Card,9366.02,190300.94,M,1985-02-15,Primary,100315,,0.0,15,,,,NORM,0,316
6,Assiut,2024-12-13,200000,A,30DD,30 Days Delinquent,30,2026-03-21,Business Credit Card,187305.01,12303.84,M,1985-02-15,Primary,100315,,35757.9,15,,,,30DD,0,316
6,Assiut,2021-04-10,150000,A,NORM,Normal,0,2026-04-01,World Elite Card,-12539.2,136989.01,F,1975-12-06,Primary,100316,,0.0,60,,,,NORM,0,317
5,Tanta,2020-03-13,20000,A,60DA,60 Days Delinquent,60,2026-03-28,Gold Credit Card,9590.99,10204.58,F,1987-05-27,Primary,100317,,1440.92,73,,,,60DA,0,318
5,Tanta,2020-03-13,20000,A,NORM,Normal,0,2026-03-24,Cashback Card,4139.23,15448.91,F,1987-05-27,Primary,100317,,0.0,73,,,,NORM,0,318
5,Tanta,2020-03-13,20000,A,NORM,Normal,0,2026-03-18,Platinum Credit Card,-274.55,19322.85,F,1987-05-27,Primary,100317,,0.0,73,,,,NORM,0,318
8,Zagazig,2024-08-10,150000,A,NORM,Normal,0,2026-03-23,Classic Credit Card,23144.53,126692.32,F,1980-07-07,Secondary,100318,,0.0,19,,,,NORM,0,319
8,Zagazig,2024-08-10,150000,A,NORM,Normal,0,2026-03-20,World Elite Card,103868.01,45900.2,F,1980-07-07,Secondary,100318,,0.0,19,,,,NORM,0,319
8,Zagazig,2024-08-10,150000,A,NORM,Normal,0,2026-03-24,Travel Rewards Card,74191.41,75501.81,F,1980-07-07,Secondary,100318,,0.0,19,,,,NORM,0,319
3,Alexandria,2019-06-10,10000,A,NORM,Normal,0,2026-03-25,Cashback Card,-371.66,9521.45,F,1992-10-07,Primary,100319,,0.0,82,,,,NORM,0,320
5,Tanta,2021-11-05,30000,A,NORM,Normal,0,2026-03-28,Classic Credit Card,11617.18,18070.66,F,1977-11-05,Primary,100320,,0.0,53,,,,NORM,0,321
5,Tanta,2021-11-05,30000,A,NORM,Normal,0,2026-03-29,Cashback Card,2066.58,27699.86,F,1977-11-05,Primary,100320,,0.0,53,,,,NORM,0,321
4,Mansoura,2021-04-05,50000,A,30DD,30 Days Delinquent,30,2026-03-28,Platinum Credit Card,5061.59,44891.79,F,1969-05-28,Primary,100321,,13067.15,60,,,,30DD,0,322
4,Mansoura,2021-04-05,50000,A,NORM,Normal,0,2026-03-29,Business Credit Card,43422.16,6233.17,F,1969-05-28,Primary,100321,,0.0,60,,,,NORM,0,322
4,Mansoura,2021-04-05,50000,A,NORM,Normal,0,2026-03-24,Travel Rewards Card,-764.63,48826.93,F,1969-05-28,Primary,100321,,0.0,60,,,,NORM,0,322
7,Luxor,2023-12-27,30000,A,NORM,Normal,0,2026-03-20,Classic Credit Card,5530.57,24105.01,M,1990-03-30,Primary,100322,,0.0,27,,,,NORM,0,323
7,Luxor,2023-12-27,30000,A,NORM,Normal,0,2026-03-22,Cashback Card,-2107.47,27486.27,M,1990-03-30,Primary,100322,,0.0,27,,,,NORM,0,323
5,Tanta,2019-10-22,30000,A,NORM,Normal,0,2026-03-30,Classic Credit Card,-120.6,29554.7,M,1993-08-26,Primary,100323,,0.0,78,,,,NORM,0,324
10,Suez,2024-04-20,20000,A,NORM,Normal,0,2026-04-01,Cashback Card,11376.74,8566.49,F,1998-12-08,Primary,100324,,0.0,23,,,,NORM,0,325
1,Cairo Main,2020-10-26,20000,A,NORM,Normal,0,2026-03-26,Gold Credit Card,-1756.81,18191.96,M,1960-07-31,Primary,100325,,0.0,66,,,,NORM,0,326
1,Cairo Main,2020-10-26,20000,A,NORM,Normal,0,2026-03-24,Travel Rewards Card,16294.01,3617.72,M,1960-07-31,Primary,100325,,0.0,66,,,,NORM,0,326
8,Zagazig,2018-11-02,15000,A,NORM,Normal,0,2026-03-21,Classic Credit Card,10850.77,3930.36,F,1967-12-16,Primary,100326,,0.0,90,,,,NORM,0,327
8,Zagazig,2018-11-02,15000,A,NORM,Normal,0,2026-03-19,Cashback Card,9048.95,5793.07,F,1967-12-16,Primary,100326,,0.0,90,,,,NORM,0,327
1,Cairo Main,2023-03-26,15000,A,NORM,Normal,0,2026-03-24,Gold Credit Card,9022.19,5667.22,F,1974-10-29,Primary,100327,,0.0,36,,,,NORM,0,328
6,Assiut,2021-07-25,150000,A,NORM,Normal,0,2026-03-22,Gold Credit Card,95529.8,54203.23,F,1963-04-09,Primary,100328,,0.0,57,,,,NORM,0,329
6,Assiut,2021-07-25,150000,A,NORM,Normal,0,2026-03-28,World Elite Card,141989.68,7851.95,F,1963-04-09,Primary,100328,,0.0,57,,,,NORM,0,329
6,Assiut,2021-07-25,150000,A,NORM,Normal,0,2026-03-23,Travel Rewards Card,-5545.85,144400.92,F,1963-04-09,Primary,100328,,0.0,57,,,,NORM,0,329
6,Assiut,2022-01-17,30000,A,NORM,Normal,0,2026-03-25,Cashback Card,3032.37,26870.2,F,1974-11-07,Primary,100329,,0.0,51,,,,NORM,0,330
6,Assiut,2022-01-17,30000,A,NORM,Normal,0,2026-03-22,World Elite Card,18850.43,10675.07,F,1974-11-07,Primary,100329,,0.0,51,,,,NORM,0,330
6,Assiut,2022-01-17,30000,A,NORM,Normal,0,2026-03-22,Titanium Credit Card,13312.95,16519.02,F,1974-11-07,Primary,100329,,0.0,51,,,,NORM,0,330
4,Mansoura,2021-08-07,75000,A,NORM,Normal,0,2026-03-18,Titanium Credit Card,44920.15,30035.84,F,1961-10-15,Primary,100330,,0.0,56,,,,NORM,0,331
8,Zagazig,2021-04-29,20000,A,NORM,Normal,0,2026-03-27,Classic Credit Card,14555.61,5033.17,M,1961-12-19,Primary,100331,,0.0,59,,,,NORM,0,332
7,Luxor,2019-03-02,20000,A,NORM,Normal,0,2026-03-24,Cashback Card,8339.15,11419.64,M,1997-06-26,Primary,100332,,0.0,86,,,,NORM,0,333
7,Luxor,2019-03-02,20000,A,NORM,Normal,0,2026-03-31,Business Credit Card,10333.31,9649.73,M,1997-06-26,Primary,100332,,0.0,86,,,,NORM,0,333
2,Giza,2018-08-11,15000,A,NORM,Normal,0,2026-03-23,Cashback Card,7450.73,7112.38,F,1963-04-15,Primary,100333,,0.0,93,,,,NORM,0,334
6,Assiut,2022-05-15,10000,A,NORM,Normal,0,2026-03-26,Cashback Card,6788.01,2983.25,M,1960-10-03,Primary,100334,,0.0,47,,,,NORM,0,335
9,Ismailia,2021-04-02,30000,A,NORM,Normal,0,2026-03-23,Gold Credit Card,21732.46,7859.75,M,1964-10-04,Primary,100335,,0.0,60,,,,NORM,0,336
3,Alexandria,2022-05-21,150000,A,NORM,Normal,0,2026-03-24,Business Credit Card,76792.51,73137.63,M,1993-06-30,Primary,100336,,0.0,47,,,,NORM,0,337
3,Alexandria,2022-05-21,150000,A,NORM,Normal,0,2026-03-19,World Elite Card,41772.68,107822.41,M,1993-06-30,Primary,100336,,0.0,47,,,,NORM,0,337
3,Alexandria,2022-05-21,150000,A,NORM,Normal,0,2026-03-25,Travel Rewards Card,-5479.66,144103.41,M,1993-06-30,Primary,100336,,0.0,47,,,,NORM,0,337
10,Suez,2024-01-10,150000,A,NORM,Normal,0,2026-03-28,Platinum Credit Card,24827.39,125157.07,M,1977-09-04,Primary,100337,,0.0,27,,,,NORM,0,338
5,Tanta,2019-04-15,15000,A,30DD,30 Days Delinquent,30,2026-03-31,Cashback Card,11005.71,3640.96,M,1968-09-18,Primary,100338,,3021.51,84,,,,30DD,0,339
5,Tanta,2019-04-15,15000,A,NORM,Normal,0,2026-03-23,Titanium Credit Card,8723.09,6161.34,M,1968-09-18,Primary,100338,,0.0,84,,,,NORM,0,339
8,Zagazig,2022-01-02,15000,A,NORM,Normal,0,2026-03-18,Cashback Card,6509.12,8225.3,F,1974-11-03,Primary,100339,,0.0,51,,,,NORM,0,340
5,Tanta,2024-07-20,15000,A,NORM,Normal,0,2026-03-17,Gold Credit Card,9299.45,5579.15,M,1991-02-08,Primary,100340,,0.0,20,,,,NORM,0,341
5,Tanta,2022-01-12,15000,A,NORM,Normal,0,2026-03-21,Gold Credit Card,5022.7,9846.02,M,1997-09-07,Primary,100341,,0.0,51,,,,NORM,0,342
5,Tanta,2022-01-12,15000,A,NORM,Normal,0,2026-03-26,Cashback Card,5688.6,9057.86,M,1997-09-07,Primary,100341,,0.0,51,,,,NORM,0,342
5,Tanta,2019-07-28,150000,A,NORM,Normal,0,2026-03-28,World Elite Card,122667.89,26991.58,M,1998-07-09,Secondary,100342,,0.0,81,,,,NORM,0,343
10,Suez,2018-05-31,150000,A,NORM,Normal,0,2026-04-01,Platinum Credit Card,21001.63,128573.37,F,1969-07-17,Primary,100343,,0.0,95,,,,NORM,0,344
3,Alexandria,2023-08-15,150000,A,NORM,Normal,0,2026-03-20,World Elite Card,17865.3,131703.45,M,1980-11-04,Primary,100344,,0.0,32,,,,NORM,0,345
3,Alexandria,2024-05-08,200000,A,NORM,Normal,0,2026-03-31,Platinum Credit Card,151297.27,48347.48,M,1968-01-14,Primary,100345,,0.0,23,,,,NORM,0,346
3,Alexandria,2024-05-08,200000,A,NEW,New,0,2026-03-20,Classic Credit Card,50634.85,149181.86,M,1968-01-14,Primary,100345,,0.0,23,,,,NEW,0,346
1,Cairo Main,2020-04-26,150000,A,NORM,Normal,0,2026-03-28,Platinum Credit Card,4336.22,145655.83,F,1989-12-28,Primary,100346,,0.0,72,,,,NORM,0,347
5,Tanta,2024-02-08,200000,A,NORM,Normal,0,2026-03-22,Platinum Credit Card,-12049.18,187563.35,M,1985-12-15,Primary,100347,,0.0,26,,,,NORM,0,348
9,Ismailia,2021-12-16,50000,A,NORM,Normal,0,2026-03-18,Business Credit Card,44681.33,5055.73,M,1978-03-16,Primary,100348,,0.0,52,,,,NORM,0,349
9,Ismailia,2021-12-16,50000,A,NEW,New,0,2026-03-26,World Elite Card,20744.33,28858.38,M,1978-03-16,Primary,100348,,0.0,52,,,,NEW,0,349
9,Ismailia,2021-02-24,20000,A,NORM,Normal,0,2026-03-18,Gold Credit Card,17123.73,2761.65,F,1988-11-11,Secondary,100349,,0.0,62,,,,NORM,0,350
8,Zagazig,2020-05-13,200000,A,NORM,Normal,0,2026-03-27,Platinum Credit Card,130244.83,69495.16,M,1981-06-27,Primary,100350,,0.0,71,,,,NORM,0,351
3,Alexandria,2023-10-01,5000,A,30DD,30 Days Delinquent,30,2026-03-27,Classic Credit Card,128.39,4865.65,F,1988-03-28,Primary,100351,,1448.39,30,,,,30DD,0,352
5,Tanta,2020-06-06,100000,A,NORM,Normal,0,2026-03-20,Platinum Credit Card,55943.36,43930.95,M,1963-11-05,Primary,100352,,0.0,70,,,,NORM,0,353
5,Tanta,2020-06-06,100000,A,NORM,Normal,0,2026-03-26,World Elite Card,72666.23,26848.14,M,1963-11-05,Primary,100352,,0.0,70,,,,NORM,0,353
5,Tanta,2020-06-06,100000,A,NORM,Normal,0,2026-03-21,Travel Rewards Card,84773.41,14988.39,M,1963-11-05,Primary,100352,,0.0,70,,,,NORM,0,353
3,Alexandria,2021-11-04,100000,A,NORM,Normal,0,2026-03-21,World Elite Card,48740.39,51226.86,M,1992-06-26,Primary,100353,,0.0,53,,,,NORM,0,354
9,Ismailia,2022-09-16,15000,A,NORM,Normal,0,2026-03-25,Gold Credit Card,11750.42,3016.04,M,1990-09-12,Primary,100354,,0.0,43,,,,NORM,0,355
9,Ismailia,2018-01-05,75000,A,NORM,Normal,0,2026-03-23,Platinum Credit Card,30011.32,44892.29,F,1997-02-13,Primary,100355,,0.0,100,,,,NORM,0,356
10,Suez,2024-06-17,10000,A,NORM,Normal,0,2026-03-21,Gold Credit Card,9276.4,643.65,F,1996-02-03,Primary,100356,,0.0,21,,,,NORM,0,357
5,Tanta,2018-01-23,5000,A,NORM,Normal,0,2026-04-01,Cashback Card,3157.79,1579.47,M,1968-06-23,Primary,100357,,0.0,99,,,,NORM,0,358
6,Assiut,2019-09-26,75000,A,NORM,Normal,0,2026-03-30,Titanium Credit Card,4371.04,70615.2,F,1964-10-12,Secondary,100358,,0.0,79,,,,NORM,0,359
7,Luxor,2024-04-02,100000,A,30DD,30 Days Delinquent,30,2026-03-25,Platinum Credit Card,2730.06,96977.77,F,1984-10-06,Primary,100359,,45278.78,24,,,,30DD,0,360
2,Giza,2020-07-30,100000,A,NORM,Normal,0,2026-03-26,Platinum Credit Card,23951.65,75841.59,M,1993-07-18,Primary,100360,,0.0,69,,,,NORM,0,361
3,Alexandria,2024-09-24,75000,A,NORM,Normal,0,2026-03-18,Platinum Credit Card,41378.66,33231.46,M,1981-02-26,Primary,100361,,0.0,18,,,,NORM,0,362
9,Ismailia,2024-09-13,5000,A,NORM,Normal,0,2026-03-26,Gold Credit Card,1394.09,3211.13,F,1972-11-06,Primary,100362,,0.0,18,,,,NORM,0,363
9,Ismailia,2020-08-06,200000,A,30DD,30 Days Delinquent,30,2026-03-23,Platinum Credit Card,90412.71,109558.95,M,1991-05-01,Primary,100363,,52356.88,68,,,,30DD,0,364
6,Assiut,2022-06-07,75000,A,NORM,Normal,0,2026-03-25,Platinum Credit Card,-6571.76,67950.87,F,1990-01-14,Primary,100364,,0.0,46,,,,NORM,0,365
6,Assiut,2021-02-06,20000,A,NORM,Normal,0,2026-03-17,Gold Credit Card,8777.97,10948.9,F,1975-08-03,Primary,100365,,0.0,62,,,,NORM,0,366
6,Assiut,2021-02-06,20000,A,NORM,Normal,0,2026-03-29,Cashback Card,5099.77,14404.78,F,1975-08-03,Primary,100365,,0.0,62,,,,NORM,0,366
6,Assiut,2021-02-06,20000,A,NORM,Normal,0,2026-03-20,Classic Credit Card,10990.87,8554.76,F,1975-08-03,Primary,100365,,0.0,62,,,,NORM,0,366
9,Ismailia,2021-10-24,10000,A,NORM,Normal,0,2026-03-29,Cashback Card,3130.13,6647.21,F,1973-03-14,Primary,100366,,0.0,54,,,,NORM,0,367
9,Ismailia,2021-10-24,10000,A,NORM,Normal,0,2026-03-25,World Elite Card,7055.31,2877.52,F,1973-03-14,Primary,100366,,0.0,54,,,,NORM,0,367
9,Ismailia,2021-10-24,10000,A,NORM,Normal,0,2026-03-24,Business Credit Card,5952.36,3590.99,F,1973-03-14,Primary,100366,,0.0,54,,,,NORM,0,367
8,Zagazig,2023-03-03,200000,A,NORM,Normal,0,2026-03-23,Platinum Credit Card,82268.73,117538.24,M,1990-07-29,Primary,100367,,0.0,37,,,,NORM,0,368
7,Luxor,2023-10-17,150000,A,NORM,Normal,0,2026-03-20,Platinum Credit Card,75404.1,74452.63,F,1975-11-03,Primary,100368,,0.0,29,,,,NORM,0,369
7,Luxor,2023-10-17,150000,A,30DD,30 Days Delinquent,30,2026-03-21,Travel Rewards Card,54555.12,94997.68,F,1975-11-03,Primary,100368,,50597.11,29,,,,30DD,0,369
6,Assiut,2020-06-14,200000,A,NORM,Normal,0,2026-03-19,World Elite Card,110324.78,89196.35,M,1975-11-10,Primary,100369,,0.0,70,,,,NORM,0,370
4,Mansoura,2020-10-19,200000,A,NORM,Normal,0,2026-03-25,World Elite Card,70046.21,129478.98,F,1969-02-04,Primary,100370,,0.0,66,,,,NORM,0,371
8,Zagazig,2024-12-17,50000,A,NORM,Normal,0,2026-03-30,Business Credit Card,27085.38,22756.1,M,1976-08-25,Secondary,100371,,0.0,15,,,,NORM,0,372
8,Zagazig,2024-12-17,50000,A,NORM,Normal,0,2026-03-21,World Elite Card,6169.96,43408.28,M,1976-08-25,Secondary,100371,,0.0,15,,,,NORM,0,372
7,Luxor,2024-06-20,15000,A,NORM,Normal,0,2026-03-18,Gold Credit Card,14223.89,312.96,M,1969-12-17,Primary,100372,,0.0,21,,,,NORM,0,373
8,Zagazig,2023-10-24,100000,A,NORM,Normal,0,2026-03-20,World Elite Card,-9711.99,90268.37,M,1965-05-26,Primary,100373,,0.0,29,,,,NORM,0,374
3,Alexandria,2020-12-12,20000,A,NORM,Normal,0,2026-03-19,Cashback Card,15598.06,4215.31,M,1984-08-09,Primary,100374,,0.0,64,,,,NORM,0,375
6,Assiut,2022-06-29,30000,A,NEW,New,0,2026-03-25,Classic Credit Card,1396.2,28578.71,F,1976-05-17,Secondary,100375,,0.0,45,,,,NEW,0,376
7,Luxor,2019-08-21,15000,A,30DD,30 Days Delinquent,30,2026-03-28,Gold Credit Card,1004.81,13518.78,M,1968-10-17,Secondary,100376,,8693.15,80,,,,30DD,0,377
7,Luxor,2019-08-21,15000,A,NEW,New,0,2026-04-01,Business Credit Card,14096.04,409.46,M,1968-10-17,Secondary,100376,,0.0,80,,,,NEW,0,377
6,Assiut,2023-06-17,30000,A,NORM,Normal,0,2026-03-29,Cashback Card,11421.8,18325.23,M,1995-03-24,Primary,100377,,0.0,33,,,,NORM,0,378
5,Tanta,2019-01-30,100000,A,NORM,Normal,0,2026-04-01,Platinum Credit Card,22018.14,77811.65,M,1981-05-17,Primary,100378,,0.0,87,,,,NORM,0,379
4,Mansoura,2024-06-16,150000,A,NORM,Normal,0,2026-03-26,Platinum Credit Card,119516.73,30045.54,M,1985-11-16,Primary,100379,,0.0,21,,,,NORM,0,380
4,Mansoura,2024-06-16,150000,A,NORM,Normal,0,2026-03-24,Business Credit Card,94900.9,54996.33,M,1985-11-16,Primary,100379,,0.0,21,,,,NORM,0,380
4,Mansoura,2024-06-16,150000,A,NEW,New,0,2026-03-28,Travel Rewards Card,23727.65,125953.91,M,1985-11-16,Primary,100379,,0.0,21,,,,NEW,0,380
3,Alexandria,2019-11-18,50000,A,NORM,Normal,0,2026-03-18,Titanium Credit Card,33444.51,16287.44,M,1998-12-12,Primary,100380,,0.0,77,,,,NORM,0,381
5,Tanta,2020-12-31,200000,A,NORM,Normal,0,2026-03-19,Platinum Credit Card,151437.09,48549.1,F,1991-11-13,Primary,100381,,0.0,63,,,,NORM,0,382
3,Alexandria,2020-08-19,30000,A,NORM,Normal,0,2026-03-25,Gold Credit Card,26567.2,3383.14,M,1992-08-23,Secondary,100382,,0.0,68,,,,NORM,0,383
1,Cairo Main,2022-06-15,150000,A,NORM,Normal,0,2026-03-17,World Elite Card,-6986.13,142874.98,F,1961-03-07,Primary,100383,,0.0,46,,,,NORM,0,384
3,Alexandria,2023-11-28,15000,A,NEW,New,0,2026-03-20,Gold Credit Card,2968.46,11837.78,F,1965-11-20,Secondary,100384,,0.0,28,,,,NEW,0,385
9,Ismailia,2019-07-08,150000,A,NEW,New,0,2026-03-17,Platinum Credit Card,57202.98,92703.79,F,1979-12-15,Secondary,100385,,0.0,81,,,,NEW,0,386
4,Mansoura,2019-01-02,100000,A,NORM,Normal,0,2026-03-19,Platinum Credit Card,77407.16,22223.31,M,1996-02-05,Primary,100386,,0.0,88,,,,NORM,0,387
5,Tanta,2024-01-01,5000,A,NORM,Normal,0,2026-03-24,Platinum Credit Card,1024.97,3705.42,F,1981-01-17,Primary,100387,,0.0,27,,,,NORM,0,388
5,Tanta,2024-01-01,5000,A,NORM,Normal,0,2026-03-17,Business Credit Card,4132.49,553.63,F,1981-01-17,Primary,100387,,0.0,27,,,,NORM,0,388
5,Tanta,2024-01-01,5000,A,NORM,Normal,0,2026-03-28,Titanium Credit Card,855.75,3858.27,F,1981-01-17,Primary,100387,,0.0,27,,,,NORM,0,388
6,Assiut,2022-08-14,150000,A,NORM,Normal,0,2026-03-27,World Elite Card,121949.23,27633.52,M,1968-06-16,Primary,100388,,0.0,44,,,,NORM,0,389
9,Ismailia,2024-11-16,30000,A,NORM,Normal,0,2026-03-28,Cashback Card,-2249.97,27519.52,M,1994-04-18,Secondary,100389,,0.0,16,,,,NORM,0,390
5,Tanta,2023-02-09,200000,A,NORM,Normal,0,2026-03-21,Platinum Credit Card,130858.67,68667.29,M,1964-12-13,Primary,100390,,0.0,38,,,,NORM,0,391
3,Alexandria,2021-03-01,30000,A,NEW,New,0,2026-03-29,Classic Credit Card,12213.79,17604.52,M,1964-08-02,Primary,100391,,0.0,61,,,,NEW,0,392
3,Alexandria,2021-03-01,30000,A,NORM,Normal,0,2026-03-25,Cashback Card,18915.5,10889.21,M,1964-08-02,Primary,100391,,0.0,61,,,,NORM,0,392
7,Luxor,2023-08-04,50000,A,NEW,New,0,2026-03-20,Platinum Credit Card,16098.14,33492.46,M,1973-12-22,Primary,100392,,0.0,32,,,,NEW,0,393
9,Ismailia,2020-01-14,20000,A,NORM,Normal,0,2026-03-21,Classic Credit Card,12014.6,7760.34,F,1981-02-01,Primary,100393,,0.0,75,,,,NORM,0,394
9,Ismailia,2020-01-14,20000,A,NORM,Normal,0,2026-03-31,Cashback Card,6082.2,13487.14,F,1981-02-01,Primary,100393,,0.0,75,,,,NORM,0,394
8,Zagazig,2019-01-20,150000,A,NORM,Normal,0,2026-03-28,Platinum Credit Card,63771.1,85860.2,M,1992-12-25,Primary,100394,,0.0,87,,,,NORM,0,395
2,Giza,2023-05-26,30000,A,NORM,Normal,0,2026-03-31,Classic Credit Card,24734.61,4802.1,M,1971-05-13,Primary,100395,,0.0,34,,,,NORM,0,396
3,Alexandria,2021-02-04,200000,A,NORM,Normal,0,2026-03-17,World Elite Card,89075.58,110659.81,F,1995-08-20,Primary,100396,,0.0,62,,,,NORM,0,397
2,Giza,2019-10-08,100000,A,NORM,Normal,0,2026-03-30,Platinum Credit Card,21404.06,78458.0,F,1971-02-27,Primary,100397,,0.0,78,,,,NORM,0,398
3,Alexandria,2020-08-11,50000,A,NORM,Normal,0,2026-03-18,Titanium Credit Card,31347.94,18444.98,M,1981-11-18,Primary,100398,,0.0,68,,,,NORM,0,399
3,Alexandria,2020-08-11,50000,A,NORM,Normal,0,2026-03-20,Business Credit Card,22624.79,26982.65,M,1981-11-18,Primary,100398,,0.0,68,,,,NORM,0,399
5,Tanta,2023-06-11,100000,A,NORM,Normal,0,2026-03-25,Platinum Credit Card,33562.99,65956.96,M,1961-10-08,Primary,100399,,0.0,34,,,,NORM,0,400
5,Tanta,2024-09-18,150000,A,NORM,Normal,0,2026-03-26,World Elite Card,25468.54,124503.66,F,1998-12-02,Primary,100400,,0.0,18,,,,NORM,0,401
9,Ismailia,2020-01-30,5000,A,NORM,Normal,0,2026-03-29,Gold Credit Card,755.09,3834.51,F,1977-01-01,Primary,100401,,0.0,75,,,,NORM,0,402
9,Ismailia,2020-01-30,5000,A,NORM,Normal,0,2026-03-22,Cashback Card,3010.07,1789.69,F,1977-01-01,Primary,100401,,0.0,75,,,,NORM,0,402
3,Alexandria,2021-03-05,50000,A,NORM,Normal,0,2026-03-20,Platinum Credit Card,14505.36,35146.38,M,1987-07-02,Primary,100402,,0.0,61,,,,NORM,0,403
1,Cairo Main,2019-03-15,100000,A,NORM,Normal,0,2026-03-18,Platinum Credit Card,10250.02,89445.67,F,1969-01-23,Primary,100403,,0.0,85,,,,NORM,0,404
2,Giza,2020-05-04,100000,A,NORM,Normal,0,2026-03-26,World Elite Card,23325.03,76206.24,F,1960-08-02,Secondary,100404,,0.0,71,,,,NORM,0,405
5,Tanta,2018-06-16,10000,A,NORM,Normal,0,2026-03-19,Classic Credit Card,8717.0,954.63,M,1983-09-24,Primary,100405,,0.0,94,,,,NORM,0,406
9,Ismailia,2020-10-15,200000,A,NORM,Normal,0,2026-03-21,Platinum Credit Card,164121.28,35550.19,F,1989-06-19,Primary,100406,,0.0,66,,,,NORM,0,407
3,Alexandria,2020-01-09,150000,A,NORM,Normal,0,2026-03-28,World Elite Card,53884.69,95990.14,F,1995-07-19,Primary,100407,,0.0,75,,,,NORM,0,408
7,Luxor,2022-10-30,50000,A,NORM,Normal,0,2026-03-29,Platinum Credit Card,42457.79,7195.96,F,1994-04-12,Primary,100408,,0.0,41,,,,NORM,0,409
7,Luxor,2018-05-22,30000,A,NEW,New,0,2026-03-23,Classic Credit Card,10613.2,19254.93,F,1960-01-04,Secondary,100409,,0.0,95,,,,NEW,0,410
1,Cairo Main,2021-02-04,150000,A,NORM,Normal,0,2026-03-23,World Elite Card,134464.02,15240.02,F,1994-08-10,Primary,100410,,0.0,62,,,,NORM,0,411
6,Assiut,2024-07-12,20000,A,NORM,Normal,0,2026-03-26,Gold Credit Card,5599.64,14341.9,F,1999-11-27,Primary,100411,,0.0,20,,,,NORM,0,412
6,Assiut,2023-05-31,15000,A,NORM,Normal,0,2026-04-01,Cashback Card,11705.7,2851.08,F,1995-07-26,Primary,100412,,0.0,34,,,,NORM,0,413
6,Assiut,2023-05-31,15000,A,60DA,60 Days Delinquent,60,2026-03-22,Business Credit Card,11363.73,3389.04,F,1995-07-26,Primary,100412,,1155.17,34,,,,60DA,0,413
2,Giza,2018-08-18,50000,A,NORM,Normal,0,2026-03-18,Titanium Credit Card,40353.41,9228.25,M,1994-12-29,Primary,100413,,0.0,92,,,,NORM,0,414
2,Giza,2018-08-18,50000,A,NEW,New,0,2026-03-31,World Elite Card,1520.5,48049.27,M,1994-12-29,Primary,100413,,0.0,92,,,,NEW,0,414
5,Tanta,2018-06-18,50000,A,NEW,New,0,2026-03-24,Titanium Credit Card,33378.01,16430.64,M,1983-07-10,Primary,100414,,0.0,94,,,,NEW,0,415
10,Suez,2023-08-30,10000,A,NORM,Normal,0,2026-03-25,Gold Credit Card,-625.66,9179.0,F,1985-10-20,Primary,100415,,0.0,31,,,,NORM,0,416
9,Ismailia,2020-12-11,10000,A,60DA,60 Days Delinquent,60,2026-03-28,Cashback Card,2704.47,7034.57,F,1977-11-27,Primary,100416,,2083.72,64,,,,60DA,0,417
10,Suez,2024-04-17,200000,A,NORM,Normal,0,2026-03-17,World Elite Card,-817.83,199043.91,F,1968-10-17,Primary,100417,,0.0,23,,,,NORM,0,418
2,Giza,2022-08-22,75000,A,30DD,30 Days Delinquent,30,2026-03-27,Titanium Credit Card,39379.89,35356.58,M,1990-02-17,Primary,100418,,13129.9,43,,,,30DD,0,419
10,Suez,2022-12-17,200000,A,NEW,New,0,2026-03-17,World Elite Card,91136.11,108769.08,M,1996-11-07,Primary,100419,,0.0,40,,,,NEW,0,420
1,Cairo Main,2024-12-18,15000,A,NORM,Normal,0,2026-03-27,Cashback Card,13537.51,1162.37,F,1970-11-26,Primary,100420,,0.0,15,,,,NORM,0,421
9,Ismailia,2020-04-14,150000,A,NORM,Normal,0,2026-04-01,Platinum Credit Card,85745.04,63813.97,F,1969-07-03,Primary,100421,,0.0,72,,,,NORM,0,422
9,Ismailia,2020-04-14,150000,A,NORM,Normal,0,2026-04-01,Travel Rewards Card,32609.09,116997.04,F,1969-07-03,Primary,100421,,0.0,72,,,,NORM,0,422
5,Tanta,2018-09-04,30000,A,NORM,Normal,0,2026-03-25,Platinum Credit Card,14553.76,15328.44,M,1967-08-22,Primary,100422,,0.0,92,,,,NORM,0,423
5,Tanta,2018-09-04,30000,A,NORM,Normal,0,2026-03-19,Cashback Card,24400.19,5362.45,M,1967-08-22,Primary,100422,,0.0,92,,,,NORM,0,423
2,Giza,2021-04-13,75000,A,NORM,Normal,0,2026-03-25,Platinum Credit Card,23829.66,50951.55,M,1960-11-08,Primary,100423,,0.0,60,,,,NORM,0,424
2,Giza,2021-04-13,75000,A,NORM,Normal,0,2026-03-20,World Elite Card,65481.74,9374.21,M,1960-11-08,Primary,100423,,0.0,60,,,,NORM,0,424
2,Giza,2021-04-13,75000,A,NORM,Normal,0,2026-03-28,Travel Rewards Card,62691.08,12185.39,M,1960-11-08,Primary,100423,,0.0,60,,,,NORM,0,424
1,Cairo Main,2020-10-10,150000,A,NORM,Normal,0,2026-03-31,Platinum Credit Card,96478.93,53104.94,F,1961-10-13,Primary,100424,,0.0,66,,,,NORM,0,425
4,Mansoura,2021-02-03,5000,A,NORM,Normal,0,2026-03-31,Classic Credit Card,4144.69,440.06,F,1982-06-26,Secondary,100425,,0.0,62,,,,NORM,0,426
4,Mansoura,2021-02-03,5000,A,NORM,Normal,0,2026-03-22,Titanium Credit Card,3987.06,743.14,F,1982-06-26,Secondary,100425,,0.0,62,,,,NORM,0,426
7,Luxor,2024-11-13,20000,A,NEW,New,0,2026-03-30,Classic Credit Card,15059.48,4703.94,F,1983-05-11,Primary,100426,,0.0,16,,,,NEW,0,427
3,Alexandria,2024-01-27,20000,A,NORM,Normal,0,2026-03-29,Cashback Card,10677.13,9301.17,M,1986-01-23,Primary,100427,,0.0,26,,,,NORM,0,428
6,Assiut,2024-04-01,150000,A,NORM,Normal,0,2026-03-18,World Elite Card,79414.06,70302.26,F,1963-01-16,Secondary,100428,,0.0,24,,,,NORM,0,429
5,Tanta,2020-02-09,10000,A,NORM,Normal,0,2026-03-19,Cashback Card,2022.15,7887.47,M,1966-10-25,Primary,100429,,0.0,74,,,,NORM,0,430
6,Assiut,2023-05-07,15000,A,NORM,Normal,0,2026-03-22,Gold Credit Card,1292.09,13291.29,F,1963-07-26,Primary,100430,,0.0,35,,,,NORM,0,431
6,Assiut,2023-05-07,15000,A,NORM,Normal,0,2026-03-26,Titanium Credit Card,9794.98,4787.94,F,1963-07-26,Primary,100430,,0.0,35,,,,NORM,0,431
4,Mansoura,2022-08-01,5000,A,NORM,Normal,0,2026-03-19,Classic Credit Card,603.89,4315.93,F,1961-06-12,Secondary,100431,,0.0,44,,,,NORM,0,432
4,Mansoura,2022-08-01,5000,A,NORM,Normal,0,2026-03-31,Titanium Credit Card,320.63,4299.3,F,1961-06-12,Secondary,100431,,0.0,44,,,,NORM,0,432
4,Mansoura,2022-08-01,5000,A,NORM,Normal,0,2026-03-25,Platinum Credit Card,4329.2,191.98,F,1961-06-12,Secondary,100431,,0.0,44,,,,NORM,0,432
8,Zagazig,2020-10-07,75000,A,NORM,Normal,0,2026-03-18,Titanium Credit Card,-3802.11,70884.29,M,1999-10-25,Primary,100432,,0.0,66,,,,NORM,0,433
8,Zagazig,2020-10-07,75000,A,NORM,Normal,0,2026-03-21,Travel Rewards Card,30489.3,44482.51,M,1999-10-25,Primary,100432,,0.0,66,,,,NORM,0,433
1,Cairo Main,2020-10-03,150000,A,NORM,Normal,0,2026-03-28,World Elite Card,77610.25,71939.99,M,1999-05-17,Primary,100433,,0.0,66,,,,NORM,0,434
5,Tanta,2021-03-17,100000,A,NORM,Normal,0,2026-03-22,World Elite Card,34533.5,64987.83,F,1994-09-14,Primary,100434,,0.0,61,,,,NORM,0,435
3,Alexandria,2024-07-25,150000,A,NORM,Normal,0,2026-03-18,Platinum Credit Card,50077.09,99683.19,M,1994-12-06,Primary,100435,,0.0,20,,,,NORM,0,436
2,Giza,2021-08-20,15000,A,NORM,Normal,0,2026-03-23,Cashback Card,2818.93,11970.49,M,1971-03-21,Primary,100436,,0.0,56,,,,NORM,0,437
10,Suez,2022-04-01,150000,A,NORM,Normal,0,2026-03-23,World Elite Card,109260.02,40359.62,M,1967-03-04,Primary,100437,,0.0,48,,,,NORM,0,438
1,Cairo Main,2021-06-15,30000,A,NORM,Normal,0,2026-03-29,Classic Credit Card,7526.82,22098.9,M,1978-10-27,Primary,100438,,0.0,58,,,,NORM,0,439
8,Zagazig,2023-08-05,150000,A,NORM,Normal,0,2026-03-21,Platinum Credit Card,34389.19,115116.75,F,1982-04-28,Primary,100439,,0.0,32,,,,NORM,0,440
10,Suez,2018-01-27,20000,A,NORM,Normal,0,2026-03-21,Cashback Card,18840.27,961.79,M,1986-12-02,Primary,100440,,0.0,99,,,,NORM,0,441
3,Alexandria,2018-05-13,200000,A,NORM,Normal,0,2026-03-25,World Elite Card,145704.52,54289.18,F,1998-04-20,Secondary,100441,,0.0,96,,,,NORM,0,442
10,Suez,2024-09-02,200000,A,NORM,Normal,0,2026-03-24,Platinum Credit Card,46103.11,153805.72,M,1989-08-24,Primary,100442,,0.0,19,,,,NORM,0,443
7,Luxor,2018-10-05,75000,A,NORM,Normal,0,2026-03-28,Titanium Credit Card,-548.29,74169.73,F,1996-10-17,Primary,100443,,0.0,91,,,,NORM,0,444
4,Mansoura,2020-05-06,200000,A,NORM,Normal,0,2026-03-26,World Elite Card,51087.41,148672.61,F,1991-03-19,Primary,100444,,0.0,71,,,,NORM,0,445
9,Ismailia,2024-12-27,50000,A,NORM,Normal,0,2026-03-28,Titanium Credit Card,20445.33,29348.06,M,1985-10-19,Secondary,100445,,0.0,15,,,,NORM,0,446
4,Mansoura,2019-04-30,5000,A,NORM,Normal,0,2026-03-30,Classic Credit Card,-198.56,4492.03,F,1960-01-26,Primary,100446,,0.0,84,,,,NORM,0,447
9,Ismailia,2020-05-19,5000,A,NORM,Normal,0,2026-03-26,Gold Credit Card,439.42,4280.8,F,1996-02-27,Primary,100447,,0.0,71,,,,NORM,0,448
2,Giza,2021-09-27,50000,A,NORM,Normal,0,2026-03-27,Platinum Credit Card,11348.35,38162.18,F,1990-10-06,Secondary,100448,,0.0,54,,,,NORM,0,449
2,Giza,2021-09-27,50000,A,NORM,Normal,0,2026-03-23,Gold Credit Card,-435.17,49070.21,F,1990-10-06,Secondary,100448,,0.0,54,,,,NORM,0,449
8,Zagazig,2023-03-02,150000,A,NEW,New,0,2026-03-22,Platinum Credit Card,72726.23,77260.98,F,1966-12-20,Primary,100449,,0.0,37,,,,NEW,0,450
9,Ismailia,2020-05-03,200000,A,NORM,Normal,0,2026-03-23,Platinum Credit Card,94611.7,105119.05,M,1960-11-02,Primary,100450,,0.0,71,,,,NORM,0,451
9,Ismailia,2020-05-03,200000,A,NORM,Normal,0,2026-03-28,Travel Rewards Card,124277.99,75709.99,M,1960-11-02,Primary,100450,,0.0,71,,,,NORM,0,451
3,Alexandria,2024-10-16,75000,A,NORM,Normal,0,2026-03-25,Titanium Credit Card,69717.69,5093.67,F,1985-08-11,Primary,100451,,0.0,17,,,,NORM,0,452
6,Assiut,2021-05-24,20000,A,NORM,Normal,0,2026-03-19,Classic Credit Card,-1897.65,17618.47,M,1980-04-09,Secondary,100452,,0.0,59,,,,NORM,0,453
1,Cairo Main,2023-05-31,150000,A,NORM,Normal,0,2026-03-22,Platinum Credit Card,102085.99,47461.3,M,1995-11-04,Primary,100453,,0.0,34,,,,NORM,0,454
3,Alexandria,2018-05-30,100000,A,NORM,Normal,0,2026-03-20,World Elite Card,56487.22,43430.2,M,1969-03-15,Primary,100454,,0.0,95,,,,NORM,0,455
3,Alexandria,2018-05-30,100000,A,NORM,Normal,0,2026-03-18,Travel Rewards Card,5366.0,94230.4,M,1969-03-15,Primary,100454,,0.0,95,,,,NORM,0,455
9,Ismailia,2021-07-03,5000,A,NORM,Normal,0,2026-03-19,Gold Credit Card,786.5,3740.76,M,1994-05-15,Primary,100455,,0.0,57,,,,NORM,0,456
9,Ismailia,2021-07-03,5000,A,NORM,Normal,0,2026-03-24,Cashback Card,2680.13,2237.05,M,1994-05-15,Primary,100455,,0.0,57,,,,NORM,0,456
8,Zagazig,2019-04-27,30000,A,NORM,Normal,0,2026-03-19,Classic Credit Card,18167.18,11712.34,M,1990-02-07,Primary,100456,,0.0,84,,,,NORM,0,457
6,Assiut,2019-08-03,30000,A,NORM,Normal,0,2026-03-20,Classic Credit Card,8133.3,21398.03,F,1972-02-27,Primary,100457,,0.0,81,,,,NORM,0,458
1,Cairo Main,2018-07-26,10000,A,NORM,Normal,0,2026-03-20,Gold Credit Card,2973.5,6769.9,F,1981-02-11,Primary,100458,,0.0,93,,,,NORM,0,459
4,Mansoura,2023-12-26,10000,A,NORM,Normal,0,2026-03-27,Classic Credit Card,6301.67,3220.47,F,1991-12-24,Primary,100459,,0.0,27,,,,NORM,0,460
4,Mansoura,2019-08-12,200000,A,NORM,Normal,0,2026-03-21,Platinum Credit Card,167768.04,32104.55,F,1970-01-14,Primary,100460,,0.0,80,,,,NORM,0,461
4,Mansoura,2019-08-12,200000,A,30DD,30 Days Delinquent,30,2026-03-24,Business Credit Card,110532.47,89305.53,F,1970-01-14,Primary,100460,,96100.25,80,,,,30DD,0,461
4,Mansoura,2019-08-12,200000,A,NORM,Normal,0,2026-03-25,Travel Rewards Card,93448.79,106203.51,F,1970-01-14,Primary,100460,,0.0,80,,,,NORM,0,461
2,Giza,2023-05-15,100000,A,NORM,Normal,0,2026-03-30,Platinum Credit Card,50826.73,49077.96,M,1975-10-07,Primary,100461,,0.0,35,,,,NORM,0,462
9,Ismailia,2018-10-18,30000,A,NORM,Normal,0,2026-03-25,Cashback Card,21884.55,8013.7,M,1989-02-17,Primary,100462,,0.0,90,,,,NORM,0,463
2,Giza,2020-05-02,200000,A,NORM,Normal,0,2026-03-27,Platinum Credit Card,149481.12,50473.35,M,1975-04-14,Primary,100463,,0.0,72,,,,NORM,0,464
2,Giza,2020-05-02,200000,A,NORM,Normal,0,2026-04-01,Travel Rewards Card,60966.71,138985.39,M,1975-04-14,Primary,100463,,0.0,72,,,,NORM,0,464
8,Zagazig,2024-08-22,200000,A,NORM,Normal,0,2026-03-26,World Elite Card,101787.44,98030.65,F,1965-02-16,Secondary,100464,,0.0,19,,,,NORM,0,465
2,Giza,2024-09-08,75000,A,NORM,Normal,0,2026-04-01,Platinum Credit Card,42676.33,31980.8,M,1990-10-01,Secondary,100465,,0.0,19,,,,NORM,0,466
3,Alexandria,2023-12-17,30000,A,NORM,Normal,0,2026-03-19,Gold Credit Card,2290.79,27686.46,F,1980-04-26,Primary,100466,,0.0,27,,,,NORM,0,467
6,Assiut,2024-07-14,5000,A,NORM,Normal,0,2026-03-25,Gold Credit Card,90.08,4598.71,M,1964-01-02,Primary,100467,,0.0,20,,,,NORM,0,468
6,Assiut,2024-07-14,5000,A,NORM,Normal,0,2026-04-01,Business Credit Card,2051.28,2788.62,M,1964-01-02,Primary,100467,,0.0,20,,,,NORM,0,468
6,Assiut,2024-07-14,5000,A,NORM,Normal,0,2026-03-30,Titanium Credit Card,52.29,4656.79,M,1964-01-02,Primary,100467,,0.0,20,,,,NORM,0,468
2,Giza,2021-03-01,5000,A,NORM,Normal,0,2026-03-27,Cashback Card,1299.46,3220.8,F,1998-08-19,Primary,100468,,0.0,61,,,,NORM,0,469
4,Mansoura,2019-12-12,100000,A,NORM,Normal,0,2026-03-17,Platinum Credit Card,45607.91,54263.5,M,1989-09-19,Primary,100469,,0.0,76,,,,NORM,0,470
1,Cairo Main,2018-03-06,15000,A,NEW,New,0,2026-03-29,Business Credit Card,3423.7,11216.91,M,1963-03-21,Primary,100470,,0.0,98,,,,NEW,0,471
10,Suez,2024-12-27,15000,A,60DA,60 Days Delinquent,60,2026-03-28,Cashback Card,-577.33,14064.9,F,1979-02-04,Primary,100471,,5195.82,15,,,,60DA,0,472
1,Cairo Main,2023-08-03,20000,A,NORM,Normal,0,2026-04-01,Cashback Card,-1303.25,18569.49,M,1985-12-03,Primary,100472,,0.0,32,,,,NORM,0,473
10,Suez,2018-11-24,15000,A,NORM,Normal,0,2026-03-29,Gold Credit Card,9951.67,4906.81,F,1981-08-07,Primary,100473,,0.0,89,,,,NORM,0,474
10,Suez,2018-11-24,15000,A,NORM,Normal,0,2026-03-26,Cashback Card,283.78,14383.19,F,1981-08-07,Primary,100473,,0.0,89,,,,NORM,0,474
10,Suez,2018-11-24,15000,A,NORM,Normal,0,2026-03-27,Classic Credit Card,7105.56,7825.02,F,1981-08-07,Primary,100473,,0.0,89,,,,NORM,0,474
10,Suez,2024-11-16,5000,A,NORM,Normal,0,2026-03-30,Classic Credit Card,1394.97,3277.26,F,1974-01-06,Primary,100474,,0.0,16,,,,NORM,0,475
6,Assiut,2021-04-21,30000,A,NORM,Normal,0,2026-03-26,Cashback Card,11720.66,18106.18,F,1995-10-22,Primary,100475,,0.0,60,,,,NORM,0,476
3,Alexandria,2018-07-31,30000,A,NORM,Normal,0,2026-03-18,Gold Credit Card,18408.45,11540.79,M,1985-09-11,Secondary,100476,,0.0,93,,,,NORM,0,477
3,Alexandria,2021-02-24,30000,A,NORM,Normal,0,2026-03-19,Classic Credit Card,10639.7,18898.8,M,1987-08-16,Primary,100477,,0.0,62,,,,NORM,0,478
5,Tanta,2020-08-25,100000,A,30DD,30 Days Delinquent,30,2026-03-24,World Elite Card,-9258.77,90581.3,M,1995-02-06,Secondary,100478,,20319.02,68,,,,30DD,0,479
5,Tanta,2020-08-25,100000,A,NORM,Normal,0,2026-03-23,Travel Rewards Card,14555.5,85436.63,M,1995-02-06,Secondary,100478,,0.0,68,,,,NORM,0,479
4,Mansoura,2022-12-08,15000,A,NORM,Normal,0,2026-03-23,Gold Credit Card,13164.34,1666.66,M,1989-08-20,Primary,100479,,0.0,40,,,,NORM,0,480
8,Zagazig,2023-05-05,150000,A,NORM,Normal,0,2026-03-30,Platinum Credit Card,109730.69,40230.51,M,1973-07-08,Primary,100480,,0.0,35,,,,NORM,0,481
5,Tanta,2023-01-13,75000,A,NORM,Normal,0,2026-03-22,Platinum Credit Card,27729.5,46872.82,F,1995-10-07,Primary,100481,,0.0,39,,,,NORM,0,482
5,Tanta,2023-01-13,75000,A,NORM,Normal,0,2026-03-24,Cashback Card,65665.59,9111.12,F,1995-10-07,Primary,100481,,0.0,39,,,,NORM,0,482
5,Tanta,2023-01-13,75000,A,NORM,Normal,0,2026-04-01,Travel Rewards Card,-3601.01,71395.52,F,1995-10-07,Primary,100481,,0.0,39,,,,NORM,0,482
5,Tanta,2024-07-20,75000,A,NORM,Normal,0,2026-03-25,Platinum Credit Card,44465.5,30119.11,F,1989-05-08,Primary,100482,,0.0,20,,,,NORM,0,483
5,Tanta,2024-07-20,75000,A,NORM,Normal,0,2026-03-18,Travel Rewards Card,-6887.44,67863.78,F,1989-05-08,Primary,100482,,0.0,20,,,,NORM,0,483
9,Ismailia,2018-02-04,10000,A,60DA,60 Days Delinquent,60,2026-03-25,Cashback Card,1544.93,8092.53,F,1960-06-22,Primary,100483,,3516.74,99,,,,60DA,0,484
4,Mansoura,2018-04-08,200000,A,NORM,Normal,0,2026-04-01,World Elite Card,-1101.91,198819.26,M,1961-07-11,Secondary,100484,,0.0,97,,,,NORM,0,485
10,Suez,2020-01-27,10000,A,NORM,Normal,0,2026-03-31,Gold Credit Card,3025.19,6959.29,F,1996-01-11,Primary,100485,,0.0,75,,,,NORM,0,486
3,Alexandria,2018-10-31,30000,A,NORM,Normal,0,2026-03-24,Gold Credit Card,-1694.09,28148.51,F,1995-01-08,Primary,100486,,0.0,90,,,,NORM,0,487
4,Mansoura,2022-05-28,15000,A,NORM,Normal,0,2026-03-24,Business Credit Card,-277.17,14678.47,M,1987-05-18,Secondary,100487,,0.0,46,,,,NORM,0,488
1,Cairo Main,2018-10-16,200000,A,30DD,30 Days Delinquent,30,2026-03-30,Gold Credit Card,160139.54,39577.09,F,1963-04-09,Primary,100488,,109526.92,90,,,,30DD,0,489
1,Cairo Main,2018-10-16,200000,A,30DD,30 Days Delinquent,30,2026-03-23,World Elite Card,146565.12,53020.15,F,1963-04-09,Primary,100488,,54015.8,90,,,,30DD,0,489
10,Suez,2023-10-13,100000,A,NORM,Normal,0,2026-03-29,Business Credit Card,-1573.75,98303.02,M,1960-03-01,Primary,100489,,0.0,30,,,,NORM,0,490
10,Suez,2022-01-10,50000,A,NEW,New,0,2026-03-22,Platinum Credit Card,239.42,49384.05,F,1984-01-05,Primary,100490,,0.0,51,,,,NEW,0,491
4,Mansoura,2024-03-21,5000,A,NORM,Normal,0,2026-03-22,Gold Credit Card,3149.81,1617.83,F,1967-12-03,Primary,100491,,0.0,24,,,,NORM,0,492
3,Alexandria,2020-03-01,5000,A,NORM,Normal,0,2026-03-29,Gold Credit Card,3373.42,1578.36,F,1961-08-07,Primary,100492,,0.0,74,,,,NORM,0,493
1,Cairo Main,2018-08-18,50000,A,NORM,Normal,0,2026-03-31,Platinum Credit Card,-1057.18,48493.07,M,1975-03-21,Primary,100493,,0.0,92,,,,NORM,0,494
1,Cairo Main,2019-08-03,100000,A,NORM,Normal,0,2026-03-25,World Elite Card,11591.75,88406.15,M,1992-12-27,Primary,100494,,0.0,81,,,,NORM,0,495
2,Giza,2024-11-08,15000,A,NORM,Normal,0,2026-03-26,Classic Credit Card,1054.06,13715.72,M,1980-06-18,Primary,100495,,0.0,16,,,,NORM,0,496
6,Assiut,2022-07-05,50000,A,NORM,Normal,0,2026-03-24,Platinum Credit Card,43163.82,6518.12,M,1996-05-26,Primary,100496,,0.0,45,,,,NORM,0,497
6,Assiut,2022-07-05,50000,A,NORM,Normal,0,2026-03-18,Gold Credit Card,36151.61,13668.01,M,1996-05-26,Primary,100496,,0.0,45,,,,NORM,0,497
6,Assiut,2022-07-05,50000,A,NORM,Normal,0,2026-03-17,Travel Rewards Card,41011.39,8893.52,M,1996-05-26,Primary,100496,,0.0,45,,,,NORM,0,497
3,Alexandria,2022-08-28,15000,A,NORM,Normal,0,2026-03-25,Gold Credit Card,1073.69,13475.74,M,1993-12-24,Primary,100497,,0.0,43,,,,NORM,0,498
3,Alexandria,2023-06-18,10000,A,NORM,Normal,0,2026-03-20,Classic Credit Card,3448.72,6194.35,F,1960-09-13,Primary,100498,,0.0,33,,,,NORM,0,499
5,Tanta,2023-01-19,75000,A,NORM,Normal,0,2026-03-22,Platinum Credit Card,3156.07,71616.47,M,1983-06-19,Primary,100499,,0.0,38,,,,NORM,0,500
5,Tanta,2023-01-19,75000,A,NORM,Normal,0,2026-03-19,Business Credit Card,45816.5,29118.06,M,1983-06-19,Primary,100499,,0.0,38,,,,NORM,0,500
5,Tanta,2023-01-19,75000,A,NORM,Normal,0,2026-03-25,Travel Rewards Card,54636.43,20285.81,M,1983-06-19,Primary,100499,,0.0,38,,,,NORM,0,500
7,Luxor,2024-04-03,20000,A,NORM,Normal,0,2026-03-29,Cashback Card,16794.04,2736.42,F,1960-03-15,Secondary,100500,,0.0,24,,,,NORM,0,501
4,Mansoura,2020-05-02,30000,A,NORM,Normal,0,2026-03-28,Classic Credit Card,5510.35,24460.1,M,1980-10-27,Primary,100501,,0.0,72,,,,NORM,0,502
6,Assiut,2020-05-08,75000,A,NORM,Normal,0,2026-03-19,Titanium Credit Card,7954.31,66604.57,M,1972-10-14,Secondary,100502,,0.0,71,,,,NORM,0,503
1,Cairo Main,2023-10-11,10000,A,NORM,Normal,0,2026-03-26,Cashback Card,8121.79,1599.91,M,1981-10-04,Primary,100503,,0.0,30,,,,NORM,0,504
1,Cairo Main,2023-10-11,10000,A,NORM,Normal,0,2026-03-23,Titanium Credit Card,1897.35,7920.75,M,1981-10-04,Primary,100503,,0.0,30,,,,NORM,0,504
2,Giza,2020-07-21,10000,A,NORM,Normal,0,2026-03-24,Classic Credit Card,8807.16,1150.81,F,1974-08-18,Primary,100504,,0.0,69,,,,NORM,0,505
2,Giza,2020-07-21,10000,A,NORM,Normal,0,2026-03-30,Cashback Card,9412.08,421.7,F,1974-08-18,Primary,100504,,0.0,69,,,,NORM,0,505
3,Alexandria,2024-11-01,100000,A,NORM,Normal,0,2026-03-25,World Elite Card,21424.68,78147.17,F,1969-09-11,Secondary,100505,,0.0,17,,,,NORM,0,506
3,Alexandria,2024-05-18,5000,A,NEW,New,0,2026-03-19,Gold Credit Card,-108.38,4579.6,M,1961-06-09,Primary,100506,,0.0,22,,,,NEW,0,507
10,Suez,2024-11-09,15000,A,NORM,Normal,0,2026-03-27,Classic Credit Card,8114.6,6434.36,F,1967-01-12,Secondary,100507,,0.0,16,,,,NORM,0,508
10,Suez,2024-11-09,15000,A,NORM,Normal,0,2026-03-22,Cashback Card,14103.48,809.76,F,1967-01-12,Secondary,100507,,0.0,16,,,,NORM,0,508
10,Suez,2024-11-09,15000,A,NEW,New,0,2026-03-29,Travel Rewards Card,8238.56,6320.36,F,1967-01-12,Secondary,100507,,0.0,16,,,,NEW,0,508
7,Luxor,2020-10-07,20000,A,NORM,Normal,0,2026-03-30,Classic Credit Card,-715.74,19126.22,M,1993-01-08,Primary,100508,,0.0,66,,,,NORM,0,509
8,Zagazig,2023-08-28,5000,A,NORM,Normal,0,2026-03-25,Gold Credit Card,959.29,3598.99,F,1992-11-25,Primary,100509,,0.0,31,,,,NORM,0,510
7,Luxor,2019-06-28,50000,A,30DD,30 Days Delinquent,30,2026-04-01,Platinum Credit Card,37670.27,12050.88,F,1969-10-11,Primary,100510,,8172.22,82,,,,30DD,0,511
10,Suez,2023-02-07,100000,A,NORM,Normal,0,2026-03-17,Platinum Credit Card,16354.38,83155.77,M,1961-02-03,Secondary,100511,,0.0,38,,,,NORM,0,512
10,Suez,2023-02-07,100000,A,NORM,Normal,0,2026-03-31,Travel Rewards Card,92740.29,6789.83,M,1961-02-03,Secondary,100511,,0.0,38,,,,NORM,0,512
6,Assiut,2018-05-14,30000,A,NORM,Normal,0,2026-03-20,Cashback Card,26008.86,3675.19,F,1983-10-25,Primary,100512,,0.0,95,,,,NORM,0,513
6,Assiut,2018-05-14,30000,A,NORM,Normal,0,2026-03-18,World Elite Card,22483.58,7218.95,F,1983-10-25,Primary,100512,,0.0,95,,,,NORM,0,513
6,Assiut,2018-07-31,10000,A,NORM,Normal,0,2026-03-17,Cashback Card,8250.0,1676.48,F,1999-10-31,Primary,100513,,0.0,93,,,,NORM,0,514
9,Ismailia,2020-04-18,15000,A,NORM,Normal,0,2026-03-24,Classic Credit Card,-917.66,13913.26,M,1991-10-26,Primary,100514,,0.0,72,,,,NORM,0,515
6,Assiut,2023-08-25,75000,A,NORM,Normal,0,2026-03-28,Titanium Credit Card,-6792.14,68154.12,F,1971-12-29,Primary,100515,,0.0,31,,,,NORM,0,516
9,Ismailia,2023-12-23,30000,A,NORM,Normal,0,2026-03-27,Cashback Card,10082.42,19916.76,F,1990-06-05,Primary,100516,,0.0,27,,,,NORM,0,517
5,Tanta,2019-03-24,15000,A,NORM,Normal,0,2026-03-25,Classic Credit Card,7287.27,7307.05,M,1963-06-14,Primary,100517,,0.0,85,,,,NORM,0,518
7,Luxor,2024-01-27,15000,A,NORM,Normal,0,2026-03-23,Business Credit Card,1219.27,13503.64,F,1990-08-11,Primary,100518,,0.0,26,,,,NORM,0,519
9,Ismailia,2021-10-07,75000,A,NORM,Normal,0,2026-03-18,Titanium Credit Card,28889.85,45912.64,F,1988-12-01,Primary,100519,,0.0,54,,,,NORM,0,520
5,Tanta,2020-11-30,20000,A,NORM,Normal,0,2026-03-24,Business Credit Card,-1319.17,18650.0,M,1967-09-14,Primary,100520,,0.0,64,,,,NORM,0,521
10,Suez,2024-01-02,30000,A,NORM,Normal,0,2026-03-27,Cashback Card,9356.08,20323.1,M,1967-03-19,Primary,100521,,0.0,27,,,,NORM,0,522
10,Suez,2024-01-02,30000,A,NORM,Normal,0,2026-03-21,Business Credit Card,25896.72,4069.42,M,1967-03-19,Primary,100521,,0.0,27,,,,NORM,0,522
10,Suez,2024-01-02,30000,A,NORM,Normal,0,2026-03-24,Travel Rewards Card,23556.29,6073.78,M,1967-03-19,Primary,100521,,0.0,27,,,,NORM,0,522
3,Alexandria,2020-12-02,50000,A,NORM,Normal,0,2026-03-17,Platinum Credit Card,19703.24,30078.35,M,1979-10-11,Primary,100522,,0.0,64,,,,NORM,0,523
9,Ismailia,2019-05-13,5000,A,NORM,Normal,0,2026-03-17,Classic Credit Card,394.79,4490.4,F,1973-07-11,Primary,100523,,0.0,83,,,,NORM,0,524
9,Ismailia,2019-05-13,5000,A,NORM,Normal,0,2026-03-18,Titanium Credit Card,2654.3,2078.38,F,1973-07-11,Primary,100523,,0.0,83,,,,NORM,0,524
9,Ismailia,2019-05-13,5000,A,NORM,Normal,0,2026-03-24,Platinum Credit Card,3279.43,1670.72,F,1973-07-11,Primary,100523,,0.0,83,,,,NORM,0,524
5,Tanta,2024-06-07,15000,A,NORM,Normal,0,2026-03-31,Gold Credit Card,3484.23,11129.83,M,1993-10-30,Primary,100524,,0.0,22,,,,NORM,0,525
5,Tanta,2024-06-07,15000,A,NORM,Normal,0,2026-03-21,Cashback Card,11233.69,3395.27,M,1993-10-30,Primary,100524,,0.0,22,,,,NORM,0,525
5,Tanta,2022-07-04,200000,A,NORM,Normal,0,2026-03-19,World Elite Card,109984.17,89533.91,M,1961-02-10,Primary,100525,,0.0,45,,,,NORM,0,526
4,Mansoura,2018-12-09,150000,A,NORM,Normal,0,2026-03-22,World Elite Card,58710.47,90830.91,F,1961-01-04,Primary,100526,,0.0,89,,,,NORM,0,527
1,Cairo Main,2022-01-18,75000,A,NORM,Normal,0,2026-03-27,Platinum Credit Card,-643.04,74312.66,M,1989-11-28,Primary,100527,,0.0,51,,,,NORM,0,528
1,Cairo Main,2022-01-18,75000,A,NORM,Normal,0,2026-03-28,Titanium Credit Card,58528.75,16328.39,M,1989-11-28,Primary,100527,,0.0,51,,,,NORM,0,528
8,Zagazig,2024-04-16,10000,A,NORM,Normal,0,2026-03-25,Gold Credit Card,2080.64,7668.51,M,1999-03-21,Secondary,100528,,0.0,23,,,,NORM,0,529
8,Zagazig,2024-04-16,10000,A,NORM,Normal,0,2026-03-18,World Elite Card,2531.84,7067.61,M,1999-03-21,Secondary,100528,,0.0,23,,,,NORM,0,529
3,Alexandria,2024-08-02,200000,A,30DD,30 Days Delinquent,30,2026-03-21,Platinum Credit Card,49478.9,150109.62,F,1997-06-24,Primary,100529,,86866.94,20,,,,30DD,0,530
2,Giza,2022-08-05,30000,A,NORM,Normal,0,2026-03-21,Gold Credit Card,25225.62,4531.46,M,1960-04-18,Secondary,100530,,0.0,44,,,,NORM,0,531
8,Zagazig,2021-05-21,200000,A,NORM,Normal,0,2026-03-23,Platinum Credit Card,49354.18,150560.59,M,1961-11-22,Primary,100531,,0.0,59,,,,NORM,0,532
2,Giza,2021-03-24,75000,A,NORM,Normal,0,2026-03-22,Platinum Credit Card,59099.03,15875.28,F,1989-04-30,Primary,100532,,0.0,61,,,,NORM,0,533
6,Assiut,2023-05-23,200000,A,NORM,Normal,0,2026-03-24,Platinum Credit Card,158902.77,40802.74,M,1986-01-24,Secondary,100533,,0.0,34,,,,NORM,0,534
6,Assiut,2023-05-23,200000,A,NORM,Normal,0,2026-03-20,Business Credit Card,188333.7,11502.42,M,1986-01-24,Secondary,100533,,0.0,34,,,,NORM,0,534
1,Cairo Main,2021-08-02,100000,A,NORM,Normal,0,2026-03-31,World Elite Card,51404.08,48128.13,F,1966-07-22,Primary,100534,,0.0,56,,,,NORM,0,535
5,Tanta,2023-12-10,10000,A,NORM,Normal,0,2026-03-24,Cashback Card,2563.9,7417.08,M,1973-01-30,Primary,100535,,0.0,28,,,,NORM,0,536
5,Tanta,2022-01-24,10000,A,NORM,Normal,0,2026-03-22,Classic Credit Card,6502.24,3027.09,F,1990-09-30,Primary,100536,,0.0,50,,,,NORM,0,537
6,Assiut,2019-02-24,20000,A,NORM,Normal,0,2026-03-17,Classic Credit Card,15580.29,4148.03,F,1967-04-25,Secondary,100537,,0.0,86,,,,NORM,0,538
1,Cairo Main,2021-11-27,30000,A,NORM,Normal,0,2026-03-19,Gold Credit Card,2072.29,27785.55,F,1981-07-05,Primary,100538,,0.0,52,,,,NORM,0,539
3,Alexandria,2019-08-07,20000,A,NORM,Normal,0,2026-03-25,Classic Credit Card,-749.43,19073.49,M,1998-06-08,Primary,100539,,0.0,80,,,,NORM,0,540
1,Cairo Main,2019-03-18,5000,A,NEW,New,0,2026-03-26,Gold Credit Card,-99.79,4636.6,M,1968-10-22,Primary,100540,,0.0,85,,,,NEW,0,541
2,Giza,2020-04-21,200000,A,NORM,Normal,0,2026-03-26,Platinum Credit Card,116648.47,82900.56,M,1986-12-29,Secondary,100541,,0.0,72,,,,NORM,0,542
6,Assiut,2019-10-20,150000,A,NORM,Normal,0,2026-03-17,World Elite Card,-8531.97,141416.83,M,1975-10-19,Primary,100542,,0.0,78,,,,NORM,0,543
3,Alexandria,2024-01-10,5000,A,NEW,New,0,2026-03-25,Cashback Card,1519.11,2984.7,M,1993-10-27,Primary,100543,,0.0,27,,,,NEW,0,544
3,Alexandria,2024-01-10,5000,A,NORM,Normal,0,2026-03-19,Business Credit Card,1032.35,3924.23,M,1993-10-27,Primary,100543,,0.0,27,,,,NORM,0,544
3,Alexandria,2024-01-10,5000,A,NORM,Normal,0,2026-03-26,Travel Rewards Card,-215.34,4694.29,M,1993-10-27,Primary,100543,,0.0,27,,,,NORM,0,544
6,Assiut,2022-10-04,20000,A,NORM,Normal,0,2026-03-30,Classic Credit Card,9619.83,10356.03,F,1977-01-10,Primary,100544,,0.0,42,,,,NORM,0,545
6,Assiut,2021-03-26,150000,A,NORM,Normal,0,2026-03-17,Platinum Credit Card,50441.91,99195.66,F,1991-08-12,Primary,100545,,0.0,61,,,,NORM,0,546
4,Mansoura,2022-07-27,30000,A,NORM,Normal,0,2026-03-20,Classic Credit Card,11329.96,18243.38,M,1984-11-05,Primary,100546,,0.0,44,,,,NORM,0,547
7,Luxor,2023-11-11,10000,A,NORM,Normal,0,2026-03-29,Gold Credit Card,2473.65,7083.54,M,1979-08-26,Primary,100547,,0.0,29,,,,NORM,0,548
4,Mansoura,2022-07-14,10000,A,NORM,Normal,0,2026-03-29,Cashback Card,6306.0,3592.98,F,1986-09-08,Primary,100548,,0.0,45,,,,NORM,0,549
4,Mansoura,2022-07-14,10000,A,NORM,Normal,0,2026-03-25,Titanium Credit Card,3009.1,6888.74,F,1986-09-08,Primary,100548,,0.0,45,,,,NORM,0,549
8,Zagazig,2024-10-06,75000,A,NORM,Normal,0,2026-03-30,Business Credit Card,50112.2,24820.15,M,1989-11-26,Primary,100549,,0.0,18,,,,NORM,0,550
4,Mansoura,2019-07-06,5000,A,NORM,Normal,0,2026-03-22,Classic Credit Card,4662.84,181.5,F,1988-03-09,Primary,100550,,0.0,82,,,,NORM,0,551
4,Mansoura,2019-07-06,5000,A,NORM,Normal,0,2026-03-19,Cashback Card,-380.1,4431.64,F,1988-03-09,Primary,100550,,0.0,82,,,,NORM,0,551
5,Tanta,2024-12-27,10000,A,NORM,Normal,0,2026-03-23,Cashback Card,6531.66,3308.43,M,1987-11-25,Primary,100551,,0.0,15,,,,NORM,0,552
9,Ismailia,2024-01-31,50000,A,NORM,Normal,0,2026-03-23,Platinum Credit Card,17941.42,32004.9,F,1971-09-27,Primary,100552,,0.0,26,,,,NORM,0,553
8,Zagazig,2018-05-15,15000,A,NORM,Normal,0,2026-03-18,Gold Credit Card,14072.75,596.8,F,1961-08-12,Primary,100553,,0.0,95,,,,NORM,0,554
2,Giza,2023-07-03,150000,A,NORM,Normal,0,2026-03-27,Platinum Credit Card,29395.09,120386.52,M,1985-07-08,Primary,100554,,0.0,33,,,,NORM,0,555
7,Luxor,2021-12-15,30000,A,NORM,Normal,0,2026-03-26,Cashback Card,1967.02,27662.72,F,1987-09-03,Primary,100555,,0.0,52,,,,NORM,0,556
6,Assiut,2019-02-03,75000,A,NORM,Normal,0,2026-03-30,Platinum Credit Card,5163.63,69563.27,M,1977-01-26,Primary,100556,,0.0,87,,,,NORM,0,557
6,Assiut,2019-02-03,75000,A,NEW,New,0,2026-03-21,Titanium Credit Card,49068.09,25455.05,M,1977-01-26,Primary,100556,,0.0,87,,,,NEW,0,557
6,Assiut,2019-02-03,75000,A,NORM,Normal,0,2026-03-24,Classic Credit Card,49611.75,25075.78,M,1977-01-26,Primary,100556,,0.0,87,,,,NORM,0,557
2,Giza,2021-06-02,10000,A,NORM,Normal,0,2026-03-22,Cashback Card,5896.52,3956.88,F,1998-12-23,Primary,100557,,0.0,58,,,,NORM,0,558
9,Ismailia,2020-12-28,5000,A,NORM,Normal,0,2026-03-23,Business Credit Card,-469.0,4402.09,F,1978-11-22,Primary,100558,,0.0,64,,,,NORM,0,559
2,Giza,2020-04-23,50000,A,60DA,60 Days Delinquent,60,2026-03-24,Business Credit Card,41140.0,8491.29,F,1990-12-28,Primary,100559,,11582.59,72,,,,60DA,0,560
8,Zagazig,2018-11-05,150000,A,NORM,Normal,0,2026-03-21,World Elite Card,-4112.58,145593.46,F,1988-07-03,Secondary,100560,,0.0,90,,,,NORM,0,561
10,Suez,2024-08-21,50000,A,NORM,Normal,0,2026-03-25,Titanium Credit Card,30954.92,18857.2,F,1964-04-01,Primary,100561,,0.0,19,,,,NORM,0,562
5,Tanta,2024-01-21,50000,A,NORM,Normal,0,2026-04-01,Titanium Credit Card,28688.19,21139.95,M,1979-06-02,Secondary,100562,,0.0,26,,,,NORM,0,563
10,Suez,2020-05-22,100000,A,NORM,Normal,0,2026-03-17,Platinum Credit Card,59933.29,39836.0,M,1982-05-23,Primary,100563,,0.0,71,,,,NORM,0,564
10,Suez,2020-05-22,100000,A,NORM,Normal,0,2026-03-25,Business Credit Card,34452.55,65210.99,M,1982-05-23,Primary,100563,,0.0,71,,,,NORM,0,564
10,Suez,2020-05-22,100000,A,NORM,Normal,0,2026-03-30,Travel Rewards Card,41169.36,58521.6,M,1982-05-23,Primary,100563,,0.0,71,,,,NORM,0,564
3,Alexandria,2021-05-14,75000,A,NORM,Normal,0,2026-03-27,Platinum Credit Card,30412.73,44165.75,F,1993-06-25,Secondary,100564,,0.0,59,,,,NORM,0,565
10,Suez,2022-07-21,20000,A,NORM,Normal,0,2026-03-20,Classic Credit Card,11999.44,7899.95,F,1970-08-04,Primary,100565,,0.0,45,,,,NORM,0,566
1,Cairo Main,2019-10-15,30000,A,NEW,New,0,2026-03-19,Gold Credit Card,7661.18,22293.67,F,1969-01-22,Primary,100566,,0.0,78,,,,NEW,0,567
6,Assiut,2021-05-05,10000,A,NORM,Normal,0,2026-03-29,Cashback Card,8823.14,1141.74,M,1986-12-26,Primary,100567,,0.0,59,,,,NORM,0,568
6,Assiut,2021-05-05,10000,A,NORM,Normal,0,2026-03-23,Travel Rewards Card,3366.74,6425.06,M,1986-12-26,Primary,100567,,0.0,59,,,,NORM,0,568
2,Giza,2024-07-05,150000,A,NORM,Normal,0,2026-04-01,World Elite Card,51241.0,98385.87,M,1983-05-31,Primary,100568,,0.0,21,,,,NORM,0,569
10,Suez,2022-05-17,20000,A,NEW,New,0,2026-03-30,Classic Credit Card,4585.25,15066.95,F,1993-01-25,Primary,100569,,0.0,47,,,,NEW,0,570
1,Cairo Main,2023-12-26,50000,A,NORM,Normal,0,2026-03-21,Titanium Credit Card,16804.62,33101.44,F,1981-12-30,Secondary,100570,,0.0,27,,,,NORM,0,571
8,Zagazig,2022-02-15,30000,A,NORM,Normal,0,2026-03-30,Cashback Card,8755.57,20940.93,M,1992-02-07,Primary,100571,,0.0,50,,,,NORM,0,572
6,Assiut,2019-05-15,150000,A,NORM,Normal,0,2026-03-23,Platinum Credit Card,52670.92,97045.33,F,1996-06-07,Primary,100572,,0.0,83,,,,NORM,0,573
6,Assiut,2019-05-15,150000,A,NORM,Normal,0,2026-03-17,Travel Rewards Card,123183.48,26526.65,F,1996-06-07,Primary,100572,,0.0,83,,,,NORM,0,573
4,Mansoura,2019-10-19,100000,A,NORM,Normal,0,2026-03-19,Platinum Credit Card,55884.67,43620.13,F,1998-07-20,Primary,100573,,0.0,78,,,,NORM,0,574
4,Mansoura,2019-10-19,100000,A,NORM,Normal,0,2026-03-20,Travel Rewards Card,7013.81,92672.7,F,1998-07-20,Primary,100573,,0.0,78,,,,NORM,0,574
7,Luxor,2019-02-16,15000,A,NORM,Normal,0,2026-03-30,Gold Credit Card,1385.44,13233.6,F,1999-04-30,Primary,100574,,0.0,86,,,,NORM,0,575
3,Alexandria,2022-12-22,15000,A,NORM,Normal,0,2026-04-01,Cashback Card,-1431.89,13507.86,M,1988-04-07,Primary,100575,,0.0,39,,,,NORM,0,576
3,Alexandria,2024-08-30,75000,A,NORM,Normal,0,2026-03-19,Platinum Credit Card,69125.84,5497.59,F,1997-12-28,Primary,100576,,0.0,19,,,,NORM,0,577
7,Luxor,2020-01-16,75000,A,90DA,90 Days Delinquent,90,2026-03-20,Platinum Credit Card,43812.37,30769.2,F,1976-06-27,Primary,100577,,16645.52,75,,,,90DA,0,578
7,Luxor,2020-01-16,75000,A,NORM,Normal,0,2026-03-17,Classic Credit Card,6184.92,68809.04,F,1976-06-27,Primary,100577,,0.0,75,,,,NORM,0,578
7,Luxor,2020-01-16,75000,A,NORM,Normal,0,2026-03-27,Travel Rewards Card,31113.65,43699.49,F,1976-06-27,Primary,100577,,0.0,75,,,,NORM,0,578
7,Luxor,2022-10-23,200000,A,NORM,Normal,0,2026-03-31,Platinum Credit Card,148081.41,51917.66,M,1987-09-21,Primary,100578,,0.0,41,,,,NORM,0,579
8,Zagazig,2023-07-18,10000,A,NORM,Normal,0,2026-03-27,Classic Credit Card,3922.12,6068.65,F,1997-02-08,Primary,100579,,0.0,32,,,,NORM,0,580
8,Zagazig,2023-07-18,10000,A,NORM,Normal,0,2026-03-28,Business Credit Card,6295.02,3514.51,F,1997-02-08,Primary,100579,,0.0,32,,,,NORM,0,580
10,Suez,2021-03-05,20000,A,NORM,Normal,0,2026-03-28,Classic Credit Card,5172.35,14621.07,F,1969-09-01,Primary,100580,,0.0,61,,,,NORM,0,581
6,Assiut,2023-02-20,10000,A,NORM,Normal,0,2026-03-22,Gold Credit Card,9243.75,754.6,F,1986-02-23,Primary,100581,,0.0,37,,,,NORM,0,582
2,Giza,2024-03-31,5000,A,60DA,60 Days Delinquent,60,2026-03-30,Classic Credit Card,4574.56,94.78,M,1964-04-10,Primary,100582,,1905.45,24,,,,60DA,0,583
7,Luxor,2022-06-05,50000,A,NORM,Normal,0,2026-04-01,Platinum Credit Card,43831.18,5917.56,F,1973-07-27,Secondary,100583,,0.0,46,,,,NORM,0,584
7,Luxor,2022-06-05,50000,A,NORM,Normal,0,2026-03-23,Titanium Credit Card,15543.62,34263.91,F,1973-07-27,Secondary,100583,,0.0,46,,,,NORM,0,584
7,Luxor,2022-06-05,50000,A,NORM,Normal,0,2026-03-24,Travel Rewards Card,29127.31,20793.51,F,1973-07-27,Secondary,100583,,0.0,46,,,,NORM,0,584
2,Giza,2023-12-13,75000,A,NORM,Normal,0,2026-03-24,Titanium Credit Card,69452.75,5301.58,F,1974-03-26,Secondary,100584,,0.0,28,,,,NORM,0,585
7,Luxor,2020-12-14,200000,A,NORM,Normal,0,2026-03-26,Platinum Credit Card,27232.12,172587.27,F,1972-09-09,Primary,100585,,0.0,64,,,,NORM,0,586
8,Zagazig,2020-02-13,15000,A,NORM,Normal,0,2026-03-18,Classic Credit Card,1663.69,12981.06,M,1962-05-21,Primary,100586,,0.0,74,,,,NORM,0,587
8,Zagazig,2022-12-14,50000,A,NORM,Normal,0,2026-03-25,Titanium Credit Card,18710.47,31240.46,M,1961-10-30,Primary,100587,,0.0,40,,,,NORM,0,588
3,Alexandria,2019-11-21,150000,A,NORM,Normal,0,2026-03-20,World Elite Card,56627.03,93342.18,M,1997-06-14,Primary,100588,,0.0,77,,,,NORM,0,589
8,Zagazig,2019-01-22,50000,A,NORM,Normal,0,2026-03-21,Platinum Credit Card,39851.61,10002.34,M,1990-05-13,Secondary,100589,,0.0,87,,,,NORM,0,590
2,Giza,2023-05-20,100000,A,NORM,Normal,0,2026-04-01,World Elite Card,90401.03,9479.99,F,1980-08-23,Primary,100590,,0.0,34,,,,NORM,0,591
4,Mansoura,2018-07-19,30000,A,NORM,Normal,0,2026-03-24,Classic Credit Card,805.32,28901.13,F,1998-09-21,Primary,100591,,0.0,93,,,,NORM,0,592
4,Mansoura,2018-07-19,30000,A,NORM,Normal,0,2026-03-21,Cashback Card,19865.3,9930.6,F,1998-09-21,Primary,100591,,0.0,93,,,,NORM,0,592
2,Giza,2020-05-02,15000,A,NEW,New,0,2026-03-20,Gold Credit Card,1122.74,13810.32,F,1960-12-02,Primary,100592,,0.0,72,,,,NEW,0,593
2,Giza,2020-05-02,15000,A,NORM,Normal,0,2026-04-01,Cashback Card,3662.68,11202.87,F,1960-12-02,Primary,100592,,0.0,72,,,,NORM,0,593
10,Suez,2022-01-10,10000,A,30DD,30 Days Delinquent,30,2026-03-24,Gold Credit Card,4908.59,4810.46,F,1965-11-21,Primary,100593,,1949.47,51,,,,30DD,0,594
2,Giza,2022-09-27,50000,A,NORM,Normal,0,2026-03-30,Titanium Credit Card,20213.54,29382.07,F,1993-12-07,Secondary,100594,,0.0,42,,,,NORM,0,595
8,Zagazig,2023-11-20,10000,A,NORM,Normal,0,2026-04-01,Classic Credit Card,4694.49,4883.39,M,1983-08-26,Secondary,100595,,0.0,28,,,,NORM,0,596
9,Ismailia,2021-04-25,200000,A,30DD,30 Days Delinquent,30,2026-03-21,World Elite Card,172282.65,27363.83,F,1979-03-09,Primary,100596,,70123.16,60,,,,30DD,0,597
5,Tanta,2020-11-09,200000,A,NORM,Normal,0,2026-03-21,World Elite Card,88269.35,111659.83,M,1975-12-11,Secondary,100597,,0.0,65,,,,NORM,0,598
5,Tanta,2020-11-09,200000,A,NORM,Normal,0,2026-03-23,Travel Rewards Card,138889.14,60919.05,M,1975-12-11,Secondary,100597,,0.0,65,,,,NORM,0,598
7,Luxor,2021-05-04,50000,A,NORM,Normal,0,2026-03-25,Cashback Card,-3388.72,46419.85,M,1999-04-30,Primary,100598,,0.0,59,,,,NORM,0,599
7,Luxor,2021-05-04,50000,A,NORM,Normal,0,2026-04-01,Titanium Credit Card,20867.94,29111.27,M,1999-04-30,Primary,100598,,0.0,59,,,,NORM,0,599
5,Tanta,2019-03-12,75000,A,NORM,Normal,0,2026-03-29,Titanium Credit Card,60060.91,14827.34,M,1999-02-05,Primary,100599,,0.0,85,,,,NORM,0,600
10,Suez,2023-06-17,30000,A,NORM,Normal,0,2026-03-17,Platinum Credit Card,20888.08,8823.0,M,1992-07-24,Primary,100600,,0.0,33,,,,NORM,0,601
10,Suez,2023-06-17,30000,A,NORM,Normal,0,2026-03-23,Cashback Card,2162.59,27828.68,M,1992-07-24,Primary,100600,,0.0,33,,,,NORM,0,601
2,Giza,2018-03-07,20000,A,NORM,Normal,0,2026-03-18,Cashback Card,18725.47,1086.86,F,1996-08-07,Secondary,100601,,0.0,98,,,,NORM,0,602
2,Giza,2023-03-14,15000,A,NORM,Normal,0,2026-03-17,Business Credit Card,9470.18,5356.07,M,1973-07-01,Primary,100602,,0.0,37,,,,NORM,0,603
8,Zagazig,2023-01-16,200000,A,NORM,Normal,0,2026-03-22,Platinum Credit Card,157767.86,41937.66,M,1960-11-17,Primary,100603,,0.0,39,,,,NORM,0,604
8,Zagazig,2024-06-28,200000,A,NORM,Normal,0,2026-04-01,Titanium Credit Card,22257.63,177620.38,M,1993-01-23,Primary,100604,,0.0,21,,,,NORM,0,605
8,Zagazig,2024-06-28,200000,A,NORM,Normal,0,2026-03-17,World Elite Card,51761.06,147745.07,M,1993-01-23,Primary,100604,,0.0,21,,,,NORM,0,605
8,Zagazig,2024-06-28,200000,A,NORM,Normal,0,2026-03-19,Travel Rewards Card,118827.09,80795.38,M,1993-01-23,Primary,100604,,0.0,21,,,,NORM,0,605
6,Assiut,2018-09-18,30000,A,NORM,Normal,0,2026-03-27,Classic Credit Card,2066.08,27827.75,F,1984-10-25,Primary,100605,,0.0,91,,,,NORM,0,606
6,Assiut,2018-09-18,30000,A,NORM,Normal,0,2026-03-31,Cashback Card,1025.07,28838.87,F,1984-10-25,Primary,100605,,0.0,91,,,,NORM,0,606
8,Zagazig,2022-11-30,20000,A,NORM,Normal,0,2026-03-23,Cashback Card,8829.29,11017.78,F,1975-06-04,Primary,100606,,0.0,40,,,,NORM,0,607
7,Luxor,2022-01-15,100000,A,NORM,Normal,0,2026-04-01,Platinum Credit Card,53881.63,45884.95,M,1997-05-15,Primary,100607,,0.0,51,,,,NORM,0,608
8,Zagazig,2022-08-31,100000,A,NORM,Normal,0,2026-03-22,World Elite Card,-4162.46,95393.05,F,1964-07-11,Primary,100608,,0.0,43,,,,NORM,0,609
9,Ismailia,2018-09-18,50000,A,NORM,Normal,0,2026-03-23,Platinum Credit Card,34809.51,15074.59,M,1961-06-07,Primary,100609,,0.0,91,,,,NORM,0,610
1,Cairo Main,2024-03-31,30000,A,NORM,Normal,0,2026-03-24,Cashback Card,15032.34,14557.52,F,1994-07-18,Primary,100610,,0.0,24,,,,NORM,0,611
1,Cairo Main,2024-03-31,30000,A,NORM,Normal,0,2026-03-25,World Elite Card,13730.57,15796.27,F,1994-07-18,Primary,100610,,0.0,24,,,,NORM,0,611
10,Suez,2019-02-22,150000,A,NORM,Normal,0,2026-03-24,World Elite Card,-12909.61,136943.49,F,1987-05-07,Primary,100611,,0.0,86,,,,NORM,0,612
9,Ismailia,2019-02-11,15000,A,NORM,Normal,0,2026-03-31,Classic Credit Card,4145.77,10820.35,F,1982-05-10,Secondary,100612,,0.0,86,,,,NORM,0,613
8,Zagazig,2021-03-20,150000,A,NORM,Normal,0,2026-03-23,Platinum Credit Card,32286.48,117339.53,M,1975-04-24,Primary,100613,,0.0,61,,,,NORM,0,614
4,Mansoura,2022-10-23,75000,A,NORM,Normal,0,2026-03-31,Classic Credit Card,36971.47,37717.81,M,1966-03-10,Primary,100614,,0.0,41,,,,NORM,0,615
4,Mansoura,2022-10-23,75000,A,NORM,Normal,0,2026-03-19,Titanium Credit Card,53263.5,21613.05,M,1966-03-10,Primary,100614,,0.0,41,,,,NORM,0,615
2,Giza,2021-07-13,75000,A,NORM,Normal,0,2026-03-22,Titanium Credit Card,26378.72,48124.41,M,1975-03-05,Secondary,100615,,0.0,57,,,,NORM,0,616
7,Luxor,2024-03-17,30000,A,NORM,Normal,0,2026-03-26,Classic Credit Card,25168.68,4440.77,F,1978-01-12,Primary,100616,,0.0,24,,,,NORM,0,617
7,Luxor,2024-03-17,30000,A,NORM,Normal,0,2026-03-26,Cashback Card,11817.12,18073.95,F,1978-01-12,Primary,100616,,0.0,24,,,,NORM,0,617
7,Luxor,2024-03-17,30000,A,NORM,Normal,0,2026-03-26,Travel Rewards Card,3191.42,26689.17,F,1978-01-12,Primary,100616,,0.0,24,,,,NORM,0,617
10,Suez,2022-12-17,50000,A,NORM,Normal,0,2026-03-20,Classic Credit Card,37994.61,11652.57,F,1989-03-31,Primary,100617,,0.0,40,,,,NORM,0,618
10,Suez,2022-12-17,50000,A,NORM,Normal,0,2026-03-30,Titanium Credit Card,-4768.22,45170.58,F,1989-03-31,Primary,100617,,0.0,40,,,,NORM,0,618
9,Ismailia,2020-05-25,10000,A,NORM,Normal,0,2026-03-19,Cashback Card,1344.26,8222.18,M,1972-09-25,Primary,100618,,0.0,71,,,,NORM,0,619
5,Tanta,2021-05-29,75000,A,NORM,Normal,0,2026-03-28,Platinum Credit Card,27864.76,46714.13,F,1970-10-29,Primary,100619,,0.0,58,,,,NORM,0,620
5,Tanta,2018-01-22,100000,A,NORM,Normal,0,2026-03-31,Platinum Credit Card,75343.43,24377.23,M,1985-09-04,Primary,100620,,0.0,99,,,,NORM,0,621
5,Tanta,2018-01-22,100000,A,NORM,Normal,0,2026-03-18,World Elite Card,6388.98,93125.96,M,1985-09-04,Primary,100620,,0.0,99,,,,NORM,0,621
5,Tanta,2018-01-22,100000,A,NORM,Normal,0,2026-04-01,Travel Rewards Card,55545.8,44000.13,M,1985-09-04,Primary,100620,,0.0,99,,,,NORM,0,621
4,Mansoura,2022-01-19,100000,A,NORM,Normal,0,2026-03-27,Platinum Credit Card,35980.15,63754.92,M,1996-11-28,Primary,100621,,0.0,51,,,,NORM,0,622
4,Mansoura,2018-11-16,50000,A,NORM,Normal,0,2026-03-18,Titanium Credit Card,29775.49,20137.03,F,1980-01-05,Primary,100622,,0.0,89,,,,NORM,0,623
7,Luxor,2019-10-30,15000,A,NEW,New,0,2026-03-21,Cashback Card,2938.41,11640.83,M,1996-12-14,Primary,100623,,0.0,78,,,,NEW,0,624
1,Cairo Main,2019-10-05,150000,A,NORM,Normal,0,2026-03-18,Titanium Credit Card,34825.91,114947.79,F,1993-06-26,Primary,100624,,0.0,79,,,,NORM,0,625
1,Cairo Main,2019-10-05,150000,A,60DA,60 Days Delinquent,60,2026-03-22,World Elite Card,31804.44,117790.12,F,1993-06-26,Primary,100624,,74212.12,79,,,,60DA,0,625
1,Cairo Main,2019-10-05,150000,A,NORM,Normal,0,2026-03-29,Travel Rewards Card,117872.31,31825.92,F,1993-06-26,Primary,100624,,0.0,79,,,,NORM,0,625
3,Alexandria,2022-03-02,30000,A,NORM,Normal,0,2026-03-19,Gold Credit Card,283.2,29254.05,M,1965-04-13,Primary,100625,,0.0,49,,,,NORM,0,626
5,Tanta,2021-03-07,20000,A,NORM,Normal,0,2026-03-19,Gold Credit Card,2876.69,16691.01,M,1999-11-18,Primary,100626,,0.0,61,,,,NORM,0,627
5,Tanta,2021-03-07,20000,A,NORM,Normal,0,2026-04-01,Cashback Card,18856.92,818.58,M,1999-11-18,Primary,100626,,0.0,61,,,,NORM,0,627
10,Suez,2021-10-15,75000,A,NORM,Normal,0,2026-03-25,Business Credit Card,32190.38,42704.86,F,1980-04-16,Primary,100627,,0.0,54,,,,NORM,0,628
10,Suez,2021-10-15,75000,A,NORM,Normal,0,2026-03-31,Travel Rewards Card,-2733.07,71887.23,F,1980-04-16,Primary,100627,,0.0,54,,,,NORM,0,628
6,Assiut,2024-12-29,75000,A,NORM,Normal,0,2026-03-25,Titanium Credit Card,51291.14,23258.89,M,1964-01-03,Secondary,100628,,0.0,15,,,,NORM,0,629
2,Giza,2019-11-10,5000,A,NORM,Normal,0,2026-03-21,Cashback Card,2534.94,2342.96,M,1998-11-04,Primary,100629,,0.0,77,,,,NORM,0,630
10,Suez,2024-06-20,5000,A,NORM,Normal,0,2026-03-22,Gold Credit Card,1873.37,2957.13,M,1984-04-21,Secondary,100630,,0.0,21,,,,NORM,0,631
4,Mansoura,2024-07-01,100000,A,NORM,Normal,0,2026-04-01,Platinum Credit Card,88549.55,11131.47,M,1997-03-20,Primary,100631,,0.0,21,,,,NORM,0,632
4,Mansoura,2024-07-01,100000,A,NORM,Normal,0,2026-03-28,Travel Rewards Card,7449.74,92415.59,M,1997-03-20,Primary,100631,,0.0,21,,,,NORM,0,632
1,Cairo Main,2023-12-03,50000,A,NORM,Normal,0,2026-03-20,Platinum Credit Card,29917.36,19708.92,M,1998-07-24,Primary,100632,,0.0,28,,,,NORM,0,633
2,Giza,2021-06-10,75000,A,NORM,Normal,0,2026-03-26,Titanium Credit Card,50447.13,24312.17,M,1966-12-01,Primary,100633,,0.0,58,,,,NORM,0,634
3,Alexandria,2021-08-20,30000,A,NORM,Normal,0,2026-03-18,Classic Credit Card,18562.69,11265.04,F,1978-07-08,Secondary,100634,,0.0,56,,,,NORM,0,635
3,Alexandria,2021-08-20,30000,A,NORM,Normal,0,2026-03-29,Cashback Card,10016.06,19935.95,F,1978-07-08,Secondary,100634,,0.0,56,,,,NORM,0,635
3,Alexandria,2021-08-20,30000,A,NORM,Normal,0,2026-03-27,Platinum Credit Card,19802.98,9721.31,F,1978-07-08,Secondary,100634,,0.0,56,,,,NORM,0,635
6,Assiut,2024-03-15,75000,A,NORM,Normal,0,2026-03-20,Titanium Credit Card,3485.46,71137.71,F,1980-11-06,Primary,100635,,0.0,24,,,,NORM,0,636
4,Mansoura,2024-03-22,15000,A,NORM,Normal,0,2026-03-21,Gold Credit Card,7631.31,6934.92,M,1994-03-23,Primary,100636,,0.0,24,,,,NORM,0,637
9,Ismailia,2020-10-01,150000,A,NORM,Normal,0,2026-03-25,Platinum Credit Card,-4853.19,144877.23,M,1967-07-18,Primary,100637,,0.0,66,,,,NORM,0,638
9,Ismailia,2020-10-01,150000,A,NORM,Normal,0,2026-03-26,World Elite Card,-6941.36,142942.52,M,1967-07-18,Primary,100637,,0.0,66,,,,NORM,0,638
9,Ismailia,2020-10-01,150000,A,NORM,Normal,0,2026-04-01,Travel Rewards Card,8729.36,141033.22,M,1967-07-18,Primary,100637,,0.0,66,,,,NORM,0,638
10,Suez,2022-04-07,50000,A,NORM,Normal,0,2026-03-29,Titanium Credit Card,37699.52,12027.15,M,1971-04-03,Primary,100638,,0.0,48,,,,NORM,0,639
3,Alexandria,2024-03-29,30000,A,NORM,Normal,0,2026-03-28,Cashback Card,15402.72,14378.94,F,1992-07-10,Secondary,100639,,0.0,24,,,,NORM,0,640
4,Mansoura,2021-08-10,50000,A,NORM,Normal,0,2026-03-22,Titanium Credit Card,-1866.67,47924.42,M,1989-09-15,Primary,100640,,0.0,56,,,,NORM,0,641
3,Alexandria,2024-03-26,100000,A,30DD,30 Days Delinquent,30,2026-03-27,World Elite Card,12084.34,87696.53,M,1978-07-14,Primary,100641,,3507.06,24,,,,30DD,0,642
6,Assiut,2019-12-27,5000,A,NORM,Normal,0,2026-03-23,Classic Credit Card,3967.95,759.86,M,1977-05-07,Primary,100642,,0.0,76,,,,NORM,0,643
4,Mansoura,2024-11-17,30000,A,30DD,30 Days Delinquent,30,2026-03-23,Gold Credit Card,17927.96,11875.57,F,1964-01-14,Primary,100643,,1865.6,16,,,,30DD,0,644
1,Cairo Main,2022-06-11,10000,A,NORM,Normal,0,2026-04-01,Gold Credit Card,655.82,9147.11,M,1968-10-17,Primary,100644,,0.0,46,,,,NORM,0,645
10,Suez,2018-09-25,200000,A,NORM,Normal,0,2026-03-23,World Elite Card,167015.54,32828.66,F,1967-11-15,Primary,100645,,0.0,91,,,,NORM,0,646
10,Suez,2018-09-25,200000,A,NORM,Normal,0,2026-03-25,Travel Rewards Card,39070.42,160889.21,F,1967-11-15,Primary,100645,,0.0,91,,,,NORM,0,646
10,Suez,2024-04-13,100000,A,NORM,Normal,0,2026-03-31,Platinum Credit Card,13369.81,86131.58,M,1971-05-06,Primary,100646,,0.0,23,,,,NORM,0,647
10,Suez,2024-04-13,100000,A,NORM,Normal,0,2026-03-28,Cashback Card,30759.86,69122.71,M,1971-05-06,Primary,100646,,0.0,23,,,,NORM,0,647
10,Suez,2024-04-13,100000,A,NORM,Normal,0,2026-03-22,World Elite Card,23406.15,76557.66,M,1971-05-06,Primary,100646,,0.0,23,,,,NORM,0,647
6,Assiut,2018-06-28,20000,A,NEW,New,0,2026-03-21,Gold Credit Card,15924.27,3886.55,M,1983-03-15,Primary,100647,,0.0,94,,,,NEW,0,648
10,Suez,2018-04-14,20000,A,NORM,Normal,0,2026-03-31,Classic Credit Card,11310.95,8433.32,M,1996-03-24,Primary,100648,,0.0,96,,,,NORM,0,649
10,Suez,2018-04-14,20000,A,60DA,60 Days Delinquent,60,2026-03-20,Cashback Card,6706.01,13272.11,M,1996-03-24,Primary,100648,,8087.98,96,,,,60DA,0,649
10,Suez,2018-04-14,20000,A,NORM,Normal,0,2026-03-22,Titanium Credit Card,10413.89,9267.54,M,1996-03-24,Primary,100648,,0.0,96,,,,NORM,0,649
10,Suez,2021-10-01,30000,A,NORM,Normal,0,2026-03-28,Classic Credit Card,16664.18,12881.31,F,1995-10-05,Primary,100649,,0.0,54,,,,NORM,0,650
10,Suez,2022-12-02,10000,A,NORM,Normal,0,2026-03-23,Classic Credit Card,9126.24,665.55,F,1987-10-16,Primary,100650,,0.0,40,,,,NORM,0,651
1,Cairo Main,2022-12-16,5000,A,NORM,Normal,0,2026-03-19,Gold Credit Card,4381.99,193.83,M,1995-12-29,Primary,100651,,0.0,40,,,,NORM,0,652
7,Luxor,2024-12-03,75000,A,NORM,Normal,0,2026-03-26,Platinum Credit Card,64255.05,10608.05,M,1964-04-19,Primary,100652,,0.0,16,,,,NORM,0,653
7,Luxor,2024-12-03,75000,A,NORM,Normal,0,2026-04-01,Travel Rewards Card,59212.1,15780.91,M,1964-04-19,Primary,100652,,0.0,16,,,,NORM,0,653
9,Ismailia,2024-08-04,20000,A,NORM,Normal,0,2026-04-01,Cashback Card,10947.44,8865.13,M,1974-09-21,Secondary,100653,,0.0,20,,,,NORM,0,654
5,Tanta,2022-09-21,100000,A,NORM,Normal,0,2026-03-24,World Elite Card,68648.05,30931.68,M,1975-12-10,Primary,100654,,0.0,42,,,,NORM,0,655
9,Ismailia,2022-01-05,30000,A,NORM,Normal,0,2026-03-30,Classic Credit Card,4004.82,25895.58,F,1989-03-26,Primary,100655,,0.0,51,,,,NORM,0,656
9,Ismailia,2022-01-05,30000,A,NORM,Normal,0,2026-03-27,Cashback Card,6978.87,22893.4,F,1989-03-26,Primary,100655,,0.0,51,,,,NORM,0,656
10,Suez,2019-08-16,5000,A,NORM,Normal,0,2026-03-30,Cashback Card,433.31,4563.8,F,1989-07-02,Primary,100656,,0.0,80,,,,NORM,0,657
2,Giza,2020-02-15,100000,A,NORM,Normal,0,2026-03-28,Platinum Credit Card,-5006.34,94700.41,F,1975-04-27,Primary,100657,,0.0,74,,,,NORM,0,658
8,Zagazig,2018-06-22,100000,A,NORM,Normal,0,2026-03-19,Titanium Credit Card,31209.98,68788.23,F,1999-04-20,Primary,100658,,0.0,94,,,,NORM,0,659
8,Zagazig,2018-06-22,100000,A,NORM,Normal,0,2026-03-25,World Elite Card,91310.36,8264.12,F,1999-04-20,Primary,100658,,0.0,94,,,,NORM,0,659
8,Zagazig,2018-06-22,100000,A,NORM,Normal,0,2026-03-23,Travel Rewards Card,68732.74,30967.19,F,1999-04-20,Primary,100658,,0.0,94,,,,NORM,0,659
4,Mansoura,2020-01-25,5000,A,NORM,Normal,0,2026-03-27,Gold Credit Card,4562.13,62.67,M,1977-12-15,Primary,100659,,0.0,75,,,,NORM,0,660
10,Suez,2022-01-14,5000,A,NORM,Normal,0,2026-03-23,Gold Credit Card,3773.94,831.9,F,1994-05-04,Primary,100660,,0.0,51,,,,NORM,0,661
4,Mansoura,2020-03-13,5000,A,NORM,Normal,0,2026-03-17,Classic Credit Card,4390.99,122.55,M,1968-01-04,Primary,100661,,0.0,73,,,,NORM,0,662
4,Mansoura,2020-03-13,5000,A,NORM,Normal,0,2026-03-21,Cashback Card,605.06,4102.92,M,1968-01-04,Primary,100661,,0.0,73,,,,NORM,0,662
8,Zagazig,2022-02-23,50000,A,NORM,Normal,0,2026-03-29,Classic Credit Card,6800.14,43186.71,M,1970-10-09,Primary,100662,,0.0,49,,,,NORM,0,663
8,Zagazig,2022-02-23,50000,A,NORM,Normal,0,2026-03-22,Titanium Credit Card,7904.08,42031.9,M,1970-10-09,Primary,100662,,0.0,49,,,,NORM,0,663
8,Zagazig,2022-02-23,50000,A,NORM,Normal,0,2026-03-17,Travel Rewards Card,-1995.63,47589.43,M,1970-10-09,Primary,100662,,0.0,49,,,,NORM,0,663
7,Luxor,2022-03-13,50000,A,NORM,Normal,0,2026-03-26,Platinum Credit Card,-3544.08,46298.44,M,1991-02-23,Secondary,100663,,0.0,49,,,,NORM,0,664
6,Assiut,2018-08-07,30000,A,NORM,Normal,0,2026-03-17,Cashback Card,-1130.35,28843.66,F,1971-02-01,Primary,100664,,0.0,93,,,,NORM,0,665
6,Assiut,2018-08-07,30000,A,NORM,Normal,0,2026-04-01,Titanium Credit Card,377.48,29586.66,F,1971-02-01,Primary,100664,,0.0,93,,,,NORM,0,665
3,Alexandria,2022-05-09,150000,A,NORM,Normal,0,2026-03-24,Platinum Credit Card,41155.8,108580.26,F,1982-10-25,Primary,100665,,0.0,47,,,,NORM,0,666
8,Zagazig,2024-07-08,75000,A,NORM,Normal,0,2026-03-23,Platinum Credit Card,18452.37,56080.91,F,1972-01-14,Secondary,100666,,0.0,21,,,,NORM,0,667
5,Tanta,2022-03-25,200000,A,NORM,Normal,0,2026-03-20,Platinum Credit Card,65020.88,134506.31,F,1979-01-24,Primary,100667,,0.0,48,,,,NORM,0,668
5,Tanta,2022-03-25,200000,A,NORM,Normal,0,2026-03-28,Classic Credit Card,41358.74,158200.44,F,1979-01-24,Primary,100667,,0.0,48,,,,NORM,0,668
5,Tanta,2022-03-25,200000,A,NORM,Normal,0,2026-03-28,Travel Rewards Card,-19669.86,180111.96,F,1979-01-24,Primary,100667,,0.0,48,,,,NORM,0,668
10,Suez,2023-03-21,150000,A,NORM,Normal,0,2026-04-01,Platinum Credit Card,109506.43,40154.38,F,1961-11-05,Primary,100668,,0.0,36,,,,NORM,0,669
5,Tanta,2018-04-12,15000,A,NORM,Normal,0,2026-03-22,Cashback Card,10686.01,4255.51,M,1977-02-24,Primary,100669,,0.0,97,,,,NORM,0,670
9,Ismailia,2018-11-17,30000,A,NORM,Normal,0,2026-03-31,Classic Credit Card,1170.56,28370.42,M,1988-11-14,Primary,100670,,0.0,89,,,,NORM,0,671
5,Tanta,2021-01-29,20000,A,NORM,Normal,0,2026-03-22,Cashback Card,6974.43,12825.38,F,1993-06-05,Primary,100671,,0.0,62,,,,NORM,0,672
5,Tanta,2021-01-29,20000,A,NORM,Normal,0,2026-03-24,World Elite Card,9622.99,10252.76,F,1993-06-05,Primary,100671,,0.0,62,,,,NORM,0,672
5,Tanta,2021-01-29,20000,A,NORM,Normal,0,2026-03-26,Travel Rewards Card,17883.05,2001.93,F,1993-06-05,Primary,100671,,0.0,62,,,,NORM,0,672
7,Luxor,2024-07-03,5000,A,NORM,Normal,0,2026-03-20,Business Credit Card,1378.96,3321.33,M,1996-11-12,Primary,100672,,0.0,21,,,,NORM,0,673
4,Mansoura,2024-08-01,150000,A,NORM,Normal,0,2026-03-18,Platinum Credit Card,139615.32,10290.58,M,1983-02-20,Primary,100673,,0.0,20,,,,NORM,0,674
4,Mansoura,2024-08-01,150000,A,NORM,Normal,0,2026-03-17,Travel Rewards Card,121249.51,28703.99,M,1983-02-20,Primary,100673,,0.0,20,,,,NORM,0,674
8,Zagazig,2024-04-06,5000,A,NORM,Normal,0,2026-03-18,Classic Credit Card,4635.94,227.89,F,1980-03-08,Secondary,100674,,0.0,24,,,,NORM,0,675
4,Mansoura,2022-10-10,75000,A,NORM,Normal,0,2026-03-18,Platinum Credit Card,52417.02,22106.6,M,1978-10-20,Secondary,100675,,0.0,42,,,,NORM,0,676
10,Suez,2024-06-08,75000,A,NORM,Normal,0,2026-03-17,Titanium Credit Card,21211.78,53392.29,F,1987-04-07,Primary,100676,,0.0,22,,,,NORM,0,677
10,Suez,2021-06-01,10000,A,NORM,Normal,0,2026-03-24,Cashback Card,3041.93,6568.17,F,1980-04-02,Primary,100677,,0.0,58,,,,NORM,0,678
7,Luxor,2020-04-23,20000,A,NORM,Normal,0,2026-03-29,Classic Credit Card,17079.0,2720.27,F,1972-09-24,Primary,100678,,0.0,72,,,,NORM,0,679
7,Luxor,2019-10-06,10000,A,NORM,Normal,0,2026-03-17,Gold Credit Card,6831.09,3022.24,M,1977-07-17,Primary,100679,,0.0,78,,,,NORM,0,680
7,Luxor,2023-04-29,15000,A,NORM,Normal,0,2026-03-27,Gold Credit Card,8342.17,6518.87,F,1996-09-08,Primary,100680,,0.0,35,,,,NORM,0,681
8,Zagazig,2022-06-24,200000,A,NEW,New,0,2026-03-30,Platinum Credit Card,85600.57,114002.93,M,1962-11-14,Primary,100681,,0.0,45,,,,NEW,0,682
6,Assiut,2021-05-03,75000,A,NORM,Normal,0,2026-03-18,Platinum Credit Card,65201.78,9504.12,F,1991-05-31,Primary,100682,,0.0,59,,,,NORM,0,683
6,Assiut,2021-05-03,75000,A,NORM,Normal,0,2026-03-22,Travel Rewards Card,16770.97,58193.96,F,1991-05-31,Primary,100682,,0.0,59,,,,NORM,0,683
2,Giza,2018-06-28,20000,A,NORM,Normal,0,2026-03-20,Cashback Card,12991.4,6783.97,M,1977-08-26,Secondary,100683,,0.0,94,,,,NORM,0,684
2,Giza,2018-11-10,10000,A,NORM,Normal,0,2026-03-29,Gold Credit Card,678.04,8906.0,M,1976-07-16,Primary,100684,,0.0,89,,,,NORM,0,685
2,Giza,2018-11-10,10000,A,NORM,Normal,0,2026-03-27,Cashback Card,4903.23,4776.1,M,1976-07-16,Primary,100684,,0.0,89,,,,NORM,0,685
2,Giza,2023-03-07,75000,A,30DD,30 Days Delinquent,30,2026-03-29,Platinum Credit Card,38371.87,36315.87,M,1988-08-28,Primary,100685,,18492.89,37,,,,30DD,0,686
2,Giza,2023-03-07,75000,A,NORM,Normal,0,2026-03-18,Travel Rewards Card,71201.85,3408.96,M,1988-08-28,Primary,100685,,0.0,37,,,,NORM,0,686
8,Zagazig,2023-03-05,10000,A,NORM,Normal,0,2026-03-29,Classic Credit Card,7345.41,2547.34,F,1981-09-29,Secondary,100686,,0.0,37,,,,NORM,0,687
1,Cairo Main,2019-02-16,15000,A,NORM,Normal,0,2026-03-19,Cashback Card,4856.06,9896.93,M,1987-03-24,Primary,100687,,0.0,86,,,,NORM,0,688
3,Alexandria,2022-01-06,15000,A,NORM,Normal,0,2026-03-23,Cashback Card,2520.49,12124.52,M,1979-10-07,Secondary,100688,,0.0,51,,,,NORM,0,689
3,Alexandria,2022-01-06,15000,A,NORM,Normal,0,2026-03-31,World Elite Card,10064.2,4917.7,M,1979-10-07,Secondary,100688,,0.0,51,,,,NORM,0,689
7,Luxor,2021-06-16,100000,A,NORM,Normal,0,2026-03-31,World Elite Card,94459.57,5514.97,M,1990-12-19,Primary,100689,,0.0,58,,,,NORM,0,690
2,Giza,2022-09-24,5000,A,90DA,90 Days Delinquent,90,2026-03-22,Classic Credit Card,2052.9,2654.94,M,1960-09-19,Primary,100690,,1810.14,42,,,,90DA,0,691
1,Cairo Main,2023-10-01,10000,A,NORM,Normal,0,2026-03-17,Cashback Card,3761.25,6135.68,M,1978-08-24,Secondary,100691,,0.0,30,,,,NORM,0,692
2,Giza,2020-05-25,10000,A,NORM,Normal,0,2026-03-17,Classic Credit Card,566.62,9001.48,M,1970-06-04,Primary,100692,,0.0,71,,,,NORM,0,693
2,Giza,2021-02-14,200000,A,NORM,Normal,0,2026-03-18,World Elite Card,65651.75,133936.25,F,1989-07-07,Secondary,100693,,0.0,62,,,,NORM,0,694
10,Suez,2020-10-28,10000,A,NORM,Normal,0,2026-03-25,Cashback Card,8464.03,1305.25,F,1967-09-10,Primary,100694,,0.0,66,,,,NORM,0,695
2,Giza,2018-03-14,200000,A,NORM,Normal,0,2026-03-28,World Elite Card,-5945.37,194024.71,M,1975-01-12,Primary,100695,,0.0,98,,,,NORM,0,696
4,Mansoura,2022-10-22,20000,A,NORM,Normal,0,2026-03-29,Classic Credit Card,-841.99,18942.93,F,1993-02-05,Primary,100696,,0.0,41,,,,NORM,0,697
1,Cairo Main,2024-09-15,100000,A,NORM,Normal,0,2026-03-25,Platinum Credit Card,32136.72,67479.35,F,1970-09-05,Primary,100697,,0.0,18,,,,NORM,0,698
4,Mansoura,2021-09-18,50000,A,NORM,Normal,0,2026-03-31,Platinum Credit Card,45558.17,4362.93,F,1997-12-28,Primary,100698,,0.0,55,,,,NORM,0,699
1,Cairo Main,2023-07-07,10000,A,NORM,Normal,0,2026-03-18,Classic Credit Card,8453.99,1341.51,M,1962-11-24,Primary,100699,,0.0,33,,,,NORM,0,700
4,Mansoura,2018-11-17,75000,A,NORM,Normal,0,2026-03-18,Platinum Credit Card,71223.31,3557.78,M,1982-10-05,Primary,100700,,0.0,89,,,,NORM,0,701
10,Suez,2020-04-04,30000,A,NORM,Normal,0,2026-03-22,Business Credit Card,18688.74,11259.97,F,1980-02-09,Primary,100701,,0.0,72,,,,NORM,0,702
9,Ismailia,2022-11-11,15000,A,NORM,Normal,0,2026-04-01,Business Credit Card,10486.94,4423.84,M,1987-05-03,Primary,100702,,0.0,41,,,,NORM,0,703
9,Ismailia,2024-03-14,15000,A,NORM,Normal,0,2026-03-18,Gold Credit Card,7127.19,7822.46,F,1966-11-08,Primary,100703,,0.0,24,,,,NORM,0,704
6,Assiut,2023-04-07,20000,A,30DD,30 Days Delinquent,30,2026-03-25,Classic Credit Card,1526.95,18031.14,F,1966-02-16,Secondary,100704,,898.42,36,,,,30DD,0,705
6,Assiut,2023-04-07,20000,A,NORM,Normal,0,2026-03-23,Cashback Card,18664.4,1219.53,F,1966-02-16,Secondary,100704,,0.0,36,,,,NORM,0,705
6,Assiut,2023-04-07,20000,A,NORM,Normal,0,2026-03-20,Travel Rewards Card,8132.34,11699.93,F,1966-02-16,Secondary,100704,,0.0,36,,,,NORM,0,705
7,Luxor,2021-06-14,200000,A,60DA,60 Days Delinquent,60,2026-04-01,World Elite Card,87598.3,111911.16,M,1981-12-16,Primary,100705,,5853.98,58,,,,60DA,0,706
6,Assiut,2023-06-25,50000,A,NEW,New,0,2026-03-27,Titanium Credit Card,11814.3,37787.93,F,1982-11-10,Primary,100706,,0.0,33,,,,NEW,0,707
3,Alexandria,2024-10-15,100000,A,NORM,Normal,0,2026-03-25,World Elite Card,17023.47,82625.74,M,1971-09-21,Primary,100707,,0.0,17,,,,NORM,0,708
10,Suez,2023-10-25,20000,A,NORM,Normal,0,2026-03-19,Gold Credit Card,14652.22,5011.77,F,1963-08-09,Primary,100708,,0.0,29,,,,NORM,0,709
2,Giza,2024-06-03,50000,A,NORM,Normal,0,2026-03-27,Platinum Credit Card,45932.41,3924.35,M,1988-07-15,Secondary,100709,,0.0,22,,,,NORM,0,710
2,Giza,2022-09-08,150000,A,NORM,Normal,0,2026-03-24,Platinum Credit Card,87678.85,61975.35,F,1963-02-18,Primary,100710,,0.0,43,,,,NORM,0,711
8,Zagazig,2023-08-21,10000,A,NORM,Normal,0,2026-03-30,Classic Credit Card,749.98,8766.86,M,1968-02-29,Primary,100711,,0.0,31,,,,NORM,0,712
7,Luxor,2019-03-24,15000,A,NORM,Normal,0,2026-03-31,Gold Credit Card,4259.67,10295.6,M,1979-10-08,Primary,100712,,0.0,85,,,,NORM,0,713
8,Zagazig,2019-02-17,5000,A,NORM,Normal,0,2026-03-20,Classic Credit Card,480.65,4407.56,M,1981-10-06,Primary,100713,,0.0,86,,,,NORM,0,714
10,Suez,2020-12-24,100000,A,NORM,Normal,0,2026-03-18,Business Credit Card,29090.42,70705.2,F,1983-04-30,Primary,100714,,0.0,64,,,,NORM,0,715
10,Suez,2020-12-24,100000,A,NORM,Normal,0,2026-03-21,World Elite Card,59887.39,39621.72,F,1983-04-30,Primary,100714,,0.0,64,,,,NORM,0,715
4,Mansoura,2022-06-21,75000,A,NORM,Normal,0,2026-03-26,Titanium Credit Card,31301.07,43300.01,M,1976-03-15,Primary,100715,,0.0,46,,,,NORM,0,716
1,Cairo Main,2019-05-19,150000,A,NORM,Normal,0,2026-03-19,Cashback Card,76749.88,72824.69,F,1986-12-31,Primary,100716,,0.0,83,,,,NORM,0,717
1,Cairo Main,2019-05-19,150000,A,30DD,30 Days Delinquent,30,2026-03-19,World Elite Card,35079.29,114722.14,F,1986-12-31,Primary,100716,,13966.99,83,,,,30DD,0,717
1,Cairo Main,2019-05-19,150000,A,NORM,Normal,0,2026-03-17,Travel Rewards Card,14466.09,135201.15,F,1986-12-31,Primary,100716,,0.0,83,,,,NORM,0,717
1,Cairo Main,2022-01-15,5000,A,30DD,30 Days Delinquent,30,2026-03-26,Classic Credit Card,4080.92,695.71,M,1988-06-05,Primary,100717,,2880.3,51,,,,30DD,0,718
7,Luxor,2024-10-22,20000,A,NORM,Normal,0,2026-03-18,Cashback Card,10347.19,9543.87,F,1973-03-07,Primary,100718,,0.0,17,,,,NORM,0,719
7,Luxor,2024-10-22,20000,A,NORM,Normal,0,2026-04-01,Business Credit Card,16234.34,3362.04,F,1973-03-07,Primary,100718,,0.0,17,,,,NORM,0,719
8,Zagazig,2023-01-02,10000,A,NORM,Normal,0,2026-03-19,Business Credit Card,4171.39,5484.75,M,1967-07-16,Primary,100719,,0.0,39,,,,NORM,0,720
7,Luxor,2018-04-30,15000,A,NORM,Normal,0,2026-03-19,Gold Credit Card,9261.08,5700.45,M,1992-02-09,Secondary,100720,,0.0,96,,,,NORM,0,721
7,Luxor,2018-04-30,15000,A,NORM,Normal,0,2026-03-18,Cashback Card,11295.42,3640.83,M,1992-02-09,Secondary,100720,,0.0,96,,,,NORM,0,721
7,Luxor,2018-04-30,15000,A,NORM,Normal,0,2026-03-29,Titanium Credit Card,-7.21,14498.01,M,1992-02-09,Secondary,100720,,0.0,96,,,,NORM,0,721
6,Assiut,2020-07-05,200000,A,NORM,Normal,0,2026-03-24,Platinum Credit Card,-4816.64,194904.17,F,1999-02-10,Secondary,100721,,0.0,69,,,,NORM,0,722
2,Giza,2018-12-26,10000,A,NORM,Normal,0,2026-03-29,Cashback Card,8958.22,764.88,F,1973-01-19,Primary,100722,,0.0,88,,,,NORM,0,723
10,Suez,2018-01-07,30000,A,NEW,New,0,2026-04-01,Classic Credit Card,13232.78,16523.45,F,1993-01-20,Primary,100723,,0.0,100,,,,NEW,0,724
10,Suez,2020-06-28,10000,A,NORM,Normal,0,2026-04-01,Gold Credit Card,-809.77,8932.74,F,1986-07-02,Secondary,100724,,0.0,70,,,,NORM,0,725
3,Alexandria,2021-03-06,15000,A,NORM,Normal,0,2026-03-26,Gold Credit Card,14080.72,898.38,F,1986-12-24,Primary,100725,,0.0,61,,,,NORM,0,726
5,Tanta,2022-03-23,5000,A,NORM,Normal,0,2026-03-29,Cashback Card,-367.9,4135.12,M,1991-08-02,Secondary,100726,,0.0,49,,,,NORM,0,727
7,Luxor,2019-10-15,5000,A,NEW,New,0,2026-03-19,Gold Credit Card,1280.29,3229.25,F,1973-06-01,Primary,100727,,0.0,78,,,,NEW,0,728
5,Tanta,2020-03-10,150000,A,NORM,Normal,0,2026-03-30,Platinum Credit Card,-9009.25,140898.56,F,1991-03-28,Primary,100728,,0.0,73,,,,NORM,0,729
8,Zagazig,2023-05-31,30000,A,NORM,Normal,0,2026-03-30,Cashback Card,14904.46,14886.53,F,1991-03-21,Primary,100729,,0.0,34,,,,NORM,0,730
3,Alexandria,2022-10-16,15000,A,30DD,30 Days Delinquent,30,2026-03-28,Gold Credit Card,3077.14,11707.78,M,1976-11-21,Secondary,100730,,4308.15,42,,,,30DD,0,731
7,Luxor,2022-07-13,20000,A,NORM,Normal,0,2026-03-26,Gold Credit Card,12393.86,7242.52,M,1966-08-31,Primary,100731,,0.0,45,,,,NORM,0,732
8,Zagazig,2022-04-15,30000,A,NORM,Normal,0,2026-03-24,Classic Credit Card,11396.67,18198.97,M,1998-10-18,Primary,100732,,0.0,48,,,,NORM,0,733
1,Cairo Main,2024-06-04,200000,A,NORM,Normal,0,2026-03-28,Business Credit Card,47416.65,152545.92,M,1986-04-28,Primary,100733,,0.0,22,,,,NORM,0,734
10,Suez,2019-02-12,50000,A,NORM,Normal,0,2026-03-21,Platinum Credit Card,33009.67,16860.47,F,1965-08-13,Primary,100734,,0.0,86,,,,NORM,0,735
10,Suez,2019-02-12,50000,A,NEW,New,0,2026-03-29,Travel Rewards Card,1299.12,48491.1,F,1965-08-13,Primary,100734,,0.0,86,,,,NEW,0,735
2,Giza,2020-04-29,10000,A,NORM,Normal,0,2026-03-20,Gold Credit Card,5034.34,4792.98,F,1993-10-19,Secondary,100735,,0.0,72,,,,NORM,0,736
2,Giza,2020-04-29,10000,A,NORM,Normal,0,2026-03-22,Cashback Card,1842.04,8138.23,F,1993-10-19,Secondary,100735,,0.0,72,,,,NORM,0,736
3,Alexandria,2020-04-24,15000,A,NEW,New,0,2026-03-24,Classic Credit Card,10609.6,3966.89,F,1985-10-18,Primary,100736,,0.0,72,,,,NEW,0,737
7,Luxor,2018-01-01,20000,A,60DA,60 Days Delinquent,60,2026-03-29,Cashback Card,9604.26,10151.14,F,1989-07-10,Primary,100737,,3428.74,100,,,,60DA,0,738
9,Ismailia,2024-10-18,150000,A,NORM,Normal,0,2026-03-17,World Elite Card,74540.39,75052.24,M,1975-10-18,Primary,100738,,0.0,17,,,,NORM,0,739
3,Alexandria,2024-03-11,20000,A,NORM,Normal,0,2026-03-26,Classic Credit Card,489.97,19137.09,F,1987-01-04,Primary,100739,,0.0,25,,,,NORM,0,740
8,Zagazig,2020-11-07,75000,A,NORM,Normal,0,2026-03-24,Platinum Credit Card,68443.64,6297.32,F,1963-09-26,Primary,100740,,0.0,65,,,,NORM,0,741
3,Alexandria,2019-09-21,50000,A,NORM,Normal,0,2026-03-29,Platinum Credit Card,19875.87,29858.93,M,1978-10-29,Primary,100741,,0.0,79,,,,NORM,0,742
2,Giza,2018-12-31,50000,A,NORM,Normal,0,2026-03-21,Platinum Credit Card,27125.41,22688.15,M,1974-10-10,Primary,100742,,0.0,88,,,,NORM,0,743
2,Giza,2018-12-31,50000,A,NORM,Normal,0,2026-03-28,Gold Credit Card,37537.36,11986.7,M,1974-10-10,Primary,100742,,0.0,88,,,,NORM,0,743
2,Giza,2019-05-21,15000,A,NORM,Normal,0,2026-03-24,Gold Credit Card,-194.2,14718.79,F,1995-02-10,Primary,100743,,0.0,83,,,,NORM,0,744
2,Giza,2019-05-21,15000,A,NORM,Normal,0,2026-03-17,Cashback Card,10147.6,4500.54,F,1995-02-10,Primary,100743,,0.0,83,,,,NORM,0,744
5,Tanta,2019-02-10,5000,A,NORM,Normal,0,2026-03-28,Gold Credit Card,3590.17,1393.47,F,1987-04-01,Primary,100744,,0.0,86,,,,NORM,0,745
1,Cairo Main,2023-10-05,15000,A,NORM,Normal,0,2026-03-19,Cashback Card,12059.08,2692.35,F,1990-10-20,Primary,100745,,0.0,30,,,,NORM,0,746
7,Luxor,2023-02-19,15000,A,NORM,Normal,0,2026-03-23,Gold Credit Card,12163.86,2827.27,M,1991-09-14,Primary,100746,,0.0,37,,,,NORM,0,747
7,Luxor,2023-02-19,15000,A,NORM,Normal,0,2026-03-23,Cashback Card,4244.88,10648.35,M,1991-09-14,Primary,100746,,0.0,37,,,,NORM,0,747
7,Luxor,2023-02-19,15000,A,NORM,Normal,0,2026-03-29,Titanium Credit Card,-1017.25,13874.27,M,1991-09-14,Primary,100746,,0.0,37,,,,NORM,0,747
7,Luxor,2021-07-04,10000,A,NORM,Normal,0,2026-03-31,Classic Credit Card,5961.29,3825.23,M,1994-07-26,Primary,100747,,0.0,57,,,,NORM,0,748
8,Zagazig,2018-02-13,75000,A,NORM,Normal,0,2026-03-28,Platinum Credit Card,30800.25,43827.41,M,1996-04-04,Primary,100748,,0.0,98,,,,NORM,0,749
8,Zagazig,2018-02-13,75000,A,NORM,Normal,0,2026-03-25,Cashback Card,185.44,74483.63,M,1996-04-04,Primary,100748,,0.0,98,,,,NORM,0,749
8,Zagazig,2018-02-13,75000,A,NORM,Normal,0,2026-03-30,Travel Rewards Card,29376.66,45344.44,M,1996-04-04,Primary,100748,,0.0,98,,,,NORM,0,749
9,Ismailia,2021-11-14,20000,A,NORM,Normal,0,2026-03-25,Classic Credit Card,12942.97,6664.11,M,1993-08-17,Primary,100749,,0.0,53,,,,NORM,0,750
9,Ismailia,2018-07-28,75000,A,30DD,30 Days Delinquent,30,2026-03-28,Business Credit Card,65928.23,9000.54,F,1975-11-06,Secondary,100750,,14940.36,93,,,,30DD,0,751
2,Giza,2021-05-10,100000,A,NORM,Normal,0,2026-03-18,World Elite Card,82932.62,16821.11,F,1973-01-04,Secondary,100751,,0.0,59,,,,NORM,0,752
8,Zagazig,2023-06-23,5000,A,NORM,Normal,0,2026-03-21,Gold Credit Card,3040.88,1935.17,F,1987-09-17,Primary,100752,,0.0,33,,,,NORM,0,753
7,Luxor,2018-02-06,10000,A,NORM,Normal,0,2026-03-25,Classic Credit Card,8718.5,1018.33,M,1975-11-26,Secondary,100753,,0.0,99,,,,NORM,0,754
5,Tanta,2023-04-12,75000,A,NORM,Normal,0,2026-03-17,Titanium Credit Card,10635.57,63950.88,F,1970-02-21,Primary,100754,,0.0,36,,,,NORM,0,755
3,Alexandria,2021-12-19,75000,A,NORM,Normal,0,2026-03-23,Platinum Credit Card,15946.43,58647.9,F,1966-04-10,Primary,100755,,0.0,52,,,,NORM,0,756
6,Assiut,2019-10-19,20000,A,NEW,New,0,2026-03-21,Platinum Credit Card,11142.94,8414.85,F,1961-06-01,Primary,100756,,0.0,78,,,,NEW,0,757
6,Assiut,2019-10-19,20000,A,NORM,Normal,0,2026-03-25,Business Credit Card,4532.54,15091.05,F,1961-06-01,Primary,100756,,0.0,78,,,,NORM,0,757
6,Assiut,2019-10-19,20000,A,NORM,Normal,0,2026-03-22,Classic Credit Card,5146.99,14787.61,F,1961-06-01,Primary,100756,,0.0,78,,,,NORM,0,757
7,Luxor,2022-05-12,15000,A,NORM,Normal,0,2026-03-23,Classic Credit Card,5110.06,9557.36,M,1982-07-06,Primary,100757,,0.0,47,,,,NORM,0,758
7,Luxor,2022-05-12,15000,A,60DA,60 Days Delinquent,60,2026-03-19,Cashback Card,8656.3,6081.03,M,1982-07-06,Primary,100757,,7241.4,47,,,,60DA,0,758
7,Luxor,2022-05-12,15000,A,NORM,Normal,0,2026-03-23,Titanium Credit Card,12982.25,1581.2,M,1982-07-06,Primary,100757,,0.0,47,,,,NORM,0,758
10,Suez,2018-02-02,75000,A,NORM,Normal,0,2026-03-22,Business Credit Card,54333.26,20599.21,F,1993-01-29,Primary,100758,,0.0,99,,,,NORM,0,759
3,Alexandria,2021-02-25,10000,A,NORM,Normal,0,2026-03-24,Classic Credit Card,9004.97,828.94,M,1971-03-11,Primary,100759,,0.0,62,,,,NORM,0,760
3,Alexandria,2021-02-25,10000,A,NORM,Normal,0,2026-03-20,Cashback Card,4994.95,4936.23,M,1971-03-11,Primary,100759,,0.0,62,,,,NORM,0,760
3,Alexandria,2021-02-25,10000,A,NORM,Normal,0,2026-03-18,World Elite Card,7040.8,2677.84,M,1971-03-11,Primary,100759,,0.0,62,,,,NORM,0,760
3,Alexandria,2024-08-18,15000,A,NORM,Normal,0,2026-03-28,Gold Credit Card,7224.8,7459.37,M,1968-06-18,Secondary,100760,,0.0,19,,,,NORM,0,761
10,Suez,2019-01-08,5000,A,NORM,Normal,0,2026-03-24,Gold Credit Card,2885.22,2103.16,F,1968-12-14,Primary,100761,,0.0,88,,,,NORM,0,762
7,Luxor,2018-07-31,30000,A,NORM,Normal,0,2026-03-30,Gold Credit Card,18035.85,11666.07,M,1988-11-18,Primary,100762,,0.0,93,,,,NORM,0,763
1,Cairo Main,2018-08-02,50000,A,NORM,Normal,0,2026-03-31,Titanium Credit Card,12860.23,37013.09,M,1960-01-09,Primary,100763,,0.0,93,,,,NORM,0,764
6,Assiut,2019-04-02,10000,A,NORM,Normal,0,2026-04-01,Classic Credit Card,30.63,9620.73,F,1973-08-26,Primary,100764,,0.0,85,,,,NORM,0,765
10,Suez,2020-09-02,30000,A,NORM,Normal,0,2026-03-17,Classic Credit Card,19464.94,10219.48,M,1976-09-01,Primary,100765,,0.0,67,,,,NORM,0,766
8,Zagazig,2018-11-03,150000,A,NORM,Normal,0,2026-03-23,Platinum Credit Card,88785.89,60972.22,M,1964-06-04,Primary,100766,,0.0,90,,,,NORM,0,767
9,Ismailia,2020-10-31,150000,A,NORM,Normal,0,2026-03-28,Platinum Credit Card,77785.58,72017.38,M,1991-12-02,Primary,100767,,0.0,65,,,,NORM,0,768
9,Ismailia,2020-10-31,150000,A,NORM,Normal,0,2026-03-18,Travel Rewards Card,16244.05,133733.51,M,1991-12-02,Primary,100767,,0.0,65,,,,NORM,0,768
1,Cairo Main,2024-09-20,30000,A,NORM,Normal,0,2026-03-24,Cashback Card,20402.68,9565.35,F,1967-06-28,Primary,100768,,0.0,18,,,,NORM,0,769
2,Giza,2022-11-29,150000,A,30DD,30 Days Delinquent,30,2026-03-17,Platinum Credit Card,36588.6,112939.13,F,1967-06-04,Primary,100769,,41964.97,40,,,,30DD,0,770
10,Suez,2024-08-22,5000,A,NORM,Normal,0,2026-03-22,Cashback Card,4241.8,364.69,M,1969-10-08,Primary,100770,,0.0,19,,,,NORM,0,771
2,Giza,2020-07-06,5000,A,NORM,Normal,0,2026-03-18,Classic Credit Card,-247.54,4419.65,M,1967-09-04,Primary,100771,,0.0,69,,,,NORM,0,772
4,Mansoura,2019-04-21,5000,A,NORM,Normal,0,2026-03-27,Gold Credit Card,1969.14,2792.17,F,1983-12-24,Primary,100772,,0.0,84,,,,NORM,0,773
5,Tanta,2018-08-23,5000,A,NORM,Normal,0,2026-03-31,Gold Credit Card,3639.56,1317.77,M,1974-07-24,Primary,100773,,0.0,92,,,,NORM,0,774
7,Luxor,2020-11-20,200000,A,NORM,Normal,0,2026-03-17,Platinum Credit Card,62808.89,136747.42,F,1989-04-30,Primary,100774,,0.0,65,,,,NORM,0,775
8,Zagazig,2022-11-13,50000,A,NORM,Normal,0,2026-03-18,Platinum Credit Card,2956.95,46620.71,M,1970-05-24,Primary,100775,,0.0,41,,,,NORM,0,776
8,Zagazig,2022-11-13,50000,A,30DD,30 Days Delinquent,30,2026-03-25,World Elite Card,10216.13,39668.74,M,1970-05-24,Primary,100775,,12006.42,41,,,,30DD,0,776
8,Zagazig,2022-11-13,50000,A,NORM,Normal,0,2026-03-21,Travel Rewards Card,6446.25,43379.62,M,1970-05-24,Primary,100775,,0.0,41,,,,NORM,0,776
1,Cairo Main,2019-10-30,15000,A,NEW,New,0,2026-03-17,Classic Credit Card,3633.31,11143.95,M,1973-11-29,Primary,100776,,0.0,78,,,,NEW,0,777
2,Giza,2023-11-28,15000,A,NORM,Normal,0,2026-03-17,Gold Credit Card,5974.14,8745.74,M,1992-06-28,Secondary,100777,,0.0,28,,,,NORM,0,778
4,Mansoura,2018-12-09,30000,A,NORM,Normal,0,2026-03-24,Classic Credit Card,17552.45,12298.78,F,1994-07-18,Secondary,100778,,0.0,89,,,,NORM,0,779
4,Mansoura,2018-12-09,30000,A,NORM,Normal,0,2026-03-30,Gold Credit Card,18370.51,11159.68,F,1994-07-18,Secondary,100778,,0.0,89,,,,NORM,0,779
4,Mansoura,2018-12-09,30000,A,NORM,Normal,0,2026-03-25,Cashback Card,21843.27,8054.43,F,1994-07-18,Secondary,100778,,0.0,89,,,,NORM,0,779
3,Alexandria,2024-04-24,100000,A,NORM,Normal,0,2026-03-23,Platinum Credit Card,8485.74,91033.22,M,1981-07-20,Primary,100779,,0.0,23,,,,NORM,0,780
2,Giza,2018-07-02,10000,A,NORM,Normal,0,2026-03-22,Cashback Card,7001.56,2706.91,M,1960-12-13,Secondary,100780,,0.0,94,,,,NORM,0,781
7,Luxor,2019-08-27,50000,A,90DA,90 Days Delinquent,90,2026-03-29,Titanium Credit Card,6429.88,43561.87,M,1977-04-15,Secondary,100781,,19732.4,80,,,,90DA,0,782
5,Tanta,2018-11-09,200000,A,NORM,Normal,0,2026-03-18,World Elite Card,122552.77,77252.81,M,1976-01-11,Primary,100782,,0.0,90,,,,NORM,0,783
10,Suez,2022-10-08,15000,A,30DD,30 Days Delinquent,30,2026-03-29,Gold Credit Card,11254.59,3321.98,F,1968-02-19,Secondary,100783,,971.52,42,,,,30DD,0,784
2,Giza,2018-01-09,15000,A,NORM,Normal,0,2026-03-17,Gold Credit Card,4232.14,10336.08,M,1995-05-21,Primary,100784,,0.0,100,,,,NORM,0,785
3,Alexandria,2021-08-16,15000,A,90DA,90 Days Delinquent,90,2026-03-27,Gold Credit Card,8438.22,6259.6,F,1964-01-21,Primary,100785,,3601.57,56,,,,90DA,0,786
3,Alexandria,2021-08-16,15000,A,NORM,Normal,0,2026-03-31,Cashback Card,7646.73,7081.21,F,1964-01-21,Primary,100785,,0.0,56,,,,NORM,0,786
4,Mansoura,2022-09-11,150000,A,NORM,Normal,0,2026-03-27,Business Credit Card,78354.08,71288.81,M,1977-03-10,Primary,100786,,0.0,43,,,,NORM,0,787
9,Ismailia,2020-06-17,10000,A,NEW,New,0,2026-03-23,Classic Credit Card,3033.9,6583.31,F,1985-12-02,Secondary,100787,,0.0,70,,,,NEW,0,788
6,Assiut,2019-07-25,30000,A,NORM,Normal,0,2026-03-25,Cashback Card,22895.91,6864.96,M,1976-03-09,Secondary,100788,,0.0,81,,,,NORM,0,789
2,Giza,2019-08-10,75000,A,NORM,Normal,0,2026-03-26,Titanium Credit Card,758.45,73751.25,M,1991-03-18,Primary,100789,,0.0,80,,,,NORM,0,790
10,Suez,2019-10-10,5000,A,NORM,Normal,0,2026-03-23,Classic Credit Card,-396.51,4571.32,M,1999-01-17,Primary,100790,,0.0,78,,,,NORM,0,791
3,Alexandria,2019-07-28,150000,A,NORM,Normal,0,2026-03-24,Platinum Credit Card,-1834.26,148098.04,F,1981-01-26,Primary,100791,,0.0,81,,,,NORM,0,792
10,Suez,2019-12-12,150000,A,NORM,Normal,0,2026-03-30,Platinum Credit Card,43969.59,105669.19,F,1993-09-10,Secondary,100792,,0.0,76,,,,NORM,0,793
4,Mansoura,2019-10-05,30000,A,NORM,Normal,0,2026-03-25,Classic Credit Card,25576.58,4255.42,M,1979-01-02,Primary,100793,,0.0,79,,,,NORM,0,794
10,Suez,2018-11-13,100000,A,NORM,Normal,0,2026-04-01,Business Credit Card,3612.84,96113.76,M,1997-10-03,Primary,100794,,0.0,89,,,,NORM,0,795
4,Mansoura,2019-03-21,10000,A,NEW,New,0,2026-03-27,Gold Credit Card,1047.07,8561.01,F,1972-02-09,Primary,100795,,0.0,85,,,,NEW,0,796
4,Mansoura,2018-02-14,30000,A,NORM,Normal,0,2026-03-17,Cashback Card,4419.43,25105.31,F,1986-10-14,Primary,100796,,0.0,98,,,,NORM,0,797
1,Cairo Main,2023-06-05,5000,A,NORM,Normal,0,2026-03-23,Gold Credit Card,517.9,4080.68,F,1985-04-15,Secondary,100797,,0.0,34,,,,NORM,0,798
6,Assiut,2022-05-20,50000,A,NORM,Normal,0,2026-03-19,Platinum Credit Card,22628.02,27217.08,M,1993-09-22,Primary,100798,,0.0,47,,,,NORM,0,799
6,Assiut,2022-05-20,50000,A,NORM,Normal,0,2026-03-29,Travel Rewards Card,-3224.0,46433.78,M,1993-09-22,Primary,100798,,0.0,47,,,,NORM,0,799
10,Suez,2018-06-03,30000,A,NEW,New,0,2026-03-31,Gold Credit Card,871.47,28853.22,M,1998-12-21,Secondary,100799,,0.0,95,,,,NEW,0,800
9,Ismailia,2024-10-29,150000,A,NORM,Normal,0,2026-03-21,World Elite Card,70025.09,79816.86,F,1983-02-28,Primary,100800,,0.0,17,,,,NORM,0,801
7,Luxor,2020-05-05,200000,A,NORM,Normal,0,2026-04-01,World Elite Card,51067.87,148876.57,M,1970-09-22,Primary,100801,,0.0,71,,,,NORM,0,802
2,Giza,2019-01-21,100000,A,NORM,Normal,0,2026-03-17,Platinum Credit Card,57383.76,42171.41,F,1982-05-19,Primary,100802,,0.0,87,,,,NORM,0,803
2,Giza,2023-03-03,30000,A,NORM,Normal,0,2026-03-19,Business Credit Card,12735.77,17224.54,F,1968-01-14,Primary,100803,,0.0,37,,,,NORM,0,804
2,Giza,2023-03-03,30000,A,NORM,Normal,0,2026-03-25,Titanium Credit Card,21752.89,8099.27,F,1968-01-14,Primary,100803,,0.0,37,,,,NORM,0,804
2,Giza,2023-03-03,30000,A,NORM,Normal,0,2026-03-26,Travel Rewards Card,10944.6,18683.52,F,1968-01-14,Primary,100803,,0.0,37,,,,NORM,0,804
7,Luxor,2024-12-13,15000,A,NORM,Normal,0,2026-03-19,Cashback Card,12054.75,2867.14,M,1998-06-11,Primary,100804,,0.0,15,,,,NORM,0,805
5,Tanta,2018-06-24,200000,A,NORM,Normal,0,2026-03-26,World Elite Card,4033.1,195504.47,M,1999-05-11,Primary,100805,,0.0,94,,,,NORM,0,806
5,Tanta,2018-06-24,200000,A,NORM,Normal,0,2026-03-31,Travel Rewards Card,166074.36,33676.27,M,1999-05-11,Primary,100805,,0.0,94,,,,NORM,0,806
7,Luxor,2018-10-26,20000,A,NORM,Normal,0,2026-03-24,Classic Credit Card,10606.02,9389.64,F,1998-04-20,Primary,100806,,0.0,90,,,,NORM,0,807
7,Luxor,2018-10-26,20000,A,NORM,Normal,0,2026-03-19,Cashback Card,-1445.17,18315.73,F,1998-04-20,Primary,100806,,0.0,90,,,,NORM,0,807
2,Giza,2019-03-20,75000,A,NORM,Normal,0,2026-03-20,Titanium Credit Card,20487.97,54218.28,F,1968-02-01,Secondary,100807,,0.0,85,,,,NORM,0,808
8,Zagazig,2021-02-14,100000,A,NORM,Normal,0,2026-03-30,Platinum Credit Card,67855.71,31985.75,F,1965-02-16,Primary,100808,,0.0,62,,,,NORM,0,809
1,Cairo Main,2022-01-20,75000,A,NORM,Normal,0,2026-03-18,Business Credit Card,69437.46,5446.62,F,1996-04-08,Primary,100809,,0.0,51,,,,NORM,0,810
3,Alexandria,2021-01-26,75000,A,NORM,Normal,0,2026-03-21,Titanium Credit Card,33762.85,40834.03,M,1963-02-08,Primary,100810,,0.0,63,,,,NORM,0,811
1,Cairo Main,2022-10-22,50000,A,NORM,Normal,0,2026-03-24,Titanium Credit Card,18765.87,31111.76,F,1964-02-23,Primary,100811,,0.0,41,,,,NORM,0,812
6,Assiut,2024-05-25,75000,A,NORM,Normal,0,2026-03-19,Platinum Credit Card,54920.87,19778.67,M,1991-01-30,Primary,100812,,0.0,22,,,,NORM,0,813
3,Alexandria,2019-08-28,100000,A,NORM,Normal,0,2026-03-24,Platinum Credit Card,9014.49,90746.06,M,1980-07-28,Secondary,100813,,0.0,80,,,,NORM,0,814
10,Suez,2018-05-30,20000,A,NORM,Normal,0,2026-03-18,Cashback Card,-333.46,19555.41,F,1964-05-15,Primary,100814,,0.0,95,,,,NORM,0,815
10,Suez,2022-02-25,50000,A,NEW,New,0,2026-03-17,Titanium Credit Card,-1182.84,48388.56,F,1960-08-23,Primary,100815,,0.0,49,,,,NEW,0,816
9,Ismailia,2023-11-13,50000,A,NORM,Normal,0,2026-03-27,Platinum Credit Card,40699.83,9031.24,M,1979-02-07,Primary,100816,,0.0,29,,,,NORM,0,817
9,Ismailia,2023-11-13,50000,A,NORM,Normal,0,2026-03-22,Titanium Credit Card,35896.02,13644.91,M,1979-02-07,Primary,100816,,0.0,29,,,,NORM,0,817
9,Ismailia,2023-11-13,50000,A,NORM,Normal,0,2026-03-31,World Elite Card,18002.88,31807.23,M,1979-02-07,Primary,100816,,0.0,29,,,,NORM,0,817
7,Luxor,2021-03-06,200000,A,NORM,Normal,0,2026-03-19,Classic Credit Card,100047.04,99814.34,F,1988-06-11,Primary,100817,,0.0,61,,,,NORM,0,818
7,Luxor,2021-03-06,200000,A,NORM,Normal,0,2026-03-25,World Elite Card,162643.17,37305.26,F,1988-06-11,Primary,100817,,0.0,61,,,,NORM,0,818
7,Luxor,2021-03-06,200000,A,NEW,New,0,2026-03-26,Travel Rewards Card,-8381.83,191128.67,F,1988-06-11,Primary,100817,,0.0,61,,,,NEW,0,818
2,Giza,2022-12-25,150000,A,NORM,Normal,0,2026-04-01,Platinum Credit Card,123093.22,26722.57,F,1988-06-01,Primary,100818,,0.0,39,,,,NORM,0,819
2,Giza,2022-12-25,150000,A,90DA,90 Days Delinquent,90,2026-04-01,Gold Credit Card,9637.81,140269.24,F,1988-06-01,Primary,100818,,63501.37,39,,,,90DA,0,819
6,Assiut,2023-03-16,75000,A,NORM,Normal,0,2026-03-28,Titanium Credit Card,52657.69,22179.7,F,1995-08-09,Primary,100819,,0.0,37,,,,NORM,0,820
7,Luxor,2020-09-16,5000,A,NORM,Normal,0,2026-03-31,Classic Credit Card,4667.22,100.25,F,1990-03-15,Primary,100820,,0.0,67,,,,NORM,0,821
4,Mansoura,2022-05-23,20000,A,NORM,Normal,0,2026-03-19,Classic Credit Card,2609.34,17070.05,F,1984-12-05,Secondary,100821,,0.0,46,,,,NORM,0,822
6,Assiut,2019-10-11,75000,A,NORM,Normal,0,2026-03-22,Platinum Credit Card,37325.99,37345.34,F,1983-03-16,Secondary,100822,,0.0,78,,,,NORM,0,823
3,Alexandria,2020-04-14,10000,A,60DA,60 Days Delinquent,60,2026-03-31,Classic Credit Card,7305.11,2317.85,M,1974-06-18,Primary,100823,,4273.65,72,,,,60DA,0,824
8,Zagazig,2022-01-06,15000,A,NORM,Normal,0,2026-04-01,Classic Credit Card,4795.75,9731.67,M,1988-06-17,Primary,100824,,0.0,51,,,,NORM,0,825
1,Cairo Main,2018-12-06,15000,A,NORM,Normal,0,2026-03-20,Cashback Card,5452.73,9431.61,F,1972-05-02,Secondary,100825,,0.0,89,,,,NORM,0,826
3,Alexandria,2020-12-09,15000,A,NORM,Normal,0,2026-03-23,Gold Credit Card,993.83,13861.35,M,1972-09-01,Primary,100826,,0.0,64,,,,NORM,0,827
2,Giza,2018-11-09,20000,A,NORM,Normal,0,2026-03-26,Gold Credit Card,6932.46,13007.01,M,1981-10-28,Primary,100827,,0.0,90,,,,NORM,0,828
10,Suez,2018-05-09,10000,A,NORM,Normal,0,2026-03-22,Gold Credit Card,9051.03,476.17,F,1998-05-06,Secondary,100828,,0.0,96,,,,NORM,0,829
10,Suez,2018-05-09,10000,A,NORM,Normal,0,2026-03-31,Cashback Card,5198.26,4378.58,F,1998-05-06,Secondary,100828,,0.0,96,,,,NORM,0,829
10,Suez,2018-05-09,10000,A,NORM,Normal,0,2026-03-26,Travel Rewards Card,2193.66,7558.92,F,1998-05-06,Secondary,100828,,0.0,96,,,,NORM,0,829
1,Cairo Main,2018-04-05,150000,A,NORM,Normal,0,2026-03-17,Classic Credit Card,42419.19,107209.98,F,1984-01-16,Primary,100829,,0.0,97,,,,NORM,0,830
1,Cairo Main,2018-04-05,150000,A,NORM,Normal,0,2026-04-01,World Elite Card,122092.37,27434.85,F,1984-01-16,Primary,100829,,0.0,97,,,,NORM,0,830
5,Tanta,2023-05-27,20000,A,NORM,Normal,0,2026-03-30,Cashback Card,15893.16,3902.47,F,1972-04-10,Primary,100830,,0.0,34,,,,NORM,0,831
5,Tanta,2020-03-21,30000,A,NORM,Normal,0,2026-04-01,Cashback Card,7003.52,22722.73,M,1967-10-04,Secondary,100831,,0.0,73,,,,NORM,0,832
8,Zagazig,2024-09-08,30000,A,NORM,Normal,0,2026-03-28,Cashback Card,24249.16,5490.49,M,1979-01-03,Primary,100832,,0.0,19,,,,NORM,0,833
8,Zagazig,2018-05-19,150000,A,60DA,60 Days Delinquent,60,2026-03-25,Platinum Credit Card,99194.64,50720.04,M,1967-07-03,Primary,100833,,8060.17,95,,,,60DA,0,834
3,Alexandria,2020-10-01,10000,A,NEW,New,0,2026-03-21,Gold Credit Card,6229.14,3487.68,M,1976-01-18,Primary,100834,,0.0,66,,,,NEW,0,835
4,Mansoura,2024-05-13,50000,A,NORM,Normal,0,2026-03-19,Titanium Credit Card,24361.53,25296.74,M,1980-11-15,Primary,100835,,0.0,22,,,,NORM,0,836
5,Tanta,2024-10-25,10000,A,NORM,Normal,0,2026-03-20,Gold Credit Card,8753.08,1035.23,F,1992-02-17,Primary,100836,,0.0,17,,,,NORM,0,837
5,Tanta,2024-10-25,10000,A,NORM,Normal,0,2026-03-21,Cashback Card,-517.76,9282.69,F,1992-02-17,Primary,100836,,0.0,17,,,,NORM,0,837
8,Zagazig,2021-01-29,75000,A,NORM,Normal,0,2026-03-29,Platinum Credit Card,11676.7,62866.29,F,1962-02-05,Primary,100837,,0.0,62,,,,NORM,0,838
1,Cairo Main,2024-06-16,5000,A,NORM,Normal,0,2026-03-28,Gold Credit Card,3411.51,1269.09,M,1988-11-14,Primary,100838,,0.0,21,,,,NORM,0,839
8,Zagazig,2022-08-28,30000,A,NORM,Normal,0,2026-03-30,Gold Credit Card,-1768.37,28067.53,F,1964-04-07,Primary,100839,,0.0,43,,,,NORM,0,840
5,Tanta,2023-02-05,100000,A,NORM,Normal,0,2026-03-22,World Elite Card,23616.46,76220.87,M,1991-03-29,Primary,100840,,0.0,38,,,,NORM,0,841
5,Tanta,2023-02-05,100000,A,NORM,Normal,0,2026-04-01,Travel Rewards Card,27777.84,71985.84,M,1991-03-29,Primary,100840,,0.0,38,,,,NORM,0,841
4,Mansoura,2018-12-27,20000,A,30DD,30 Days Delinquent,30,2026-03-23,Classic Credit Card,-1655.26,18201.61,M,1967-08-20,Primary,100841,,4753.26,88,,,,30DD,0,842
4,Mansoura,2018-12-27,20000,A,NORM,Normal,0,2026-03-29,Cashback Card,5958.48,13780.02,M,1967-08-20,Primary,100841,,0.0,88,,,,NORM,0,842
5,Tanta,2024-11-14,75000,A,NORM,Normal,0,2026-03-23,Platinum Credit Card,42087.8,32427.6,M,1974-10-09,Primary,100842,,0.0,16,,,,NORM,0,843
7,Luxor,2023-01-05,10000,A,NORM,Normal,0,2026-03-23,Cashback Card,5967.43,3854.42,F,1988-07-27,Primary,100843,,0.0,39,,,,NORM,0,844
2,Giza,2021-04-28,10000,A,NORM,Normal,0,2026-03-17,Classic Credit Card,8964.11,759.02,M,1971-11-01,Secondary,100844,,0.0,59,,,,NORM,0,845
1,Cairo Main,2020-06-04,100000,A,NORM,Normal,0,2026-03-23,World Elite Card,49921.33,49737.78,F,1990-01-28,Primary,100845,,0.0,70,,,,NORM,0,846
3,Alexandria,2023-08-29,10000,A,NORM,Normal,0,2026-03-31,Gold Credit Card,1540.96,8240.49,M,1998-01-11,Primary,100846,,0.0,31,,,,NORM,0,847
5,Tanta,2019-11-04,30000,A,NORM,Normal,0,2026-03-17,Classic Credit Card,17645.59,12248.83,M,1978-12-23,Primary,100847,,0.0,78,,,,NORM,0,848
5,Tanta,2023-05-05,150000,A,NORM,Normal,0,2026-03-17,World Elite Card,42144.14,107470.25,F,1961-04-13,Primary,100848,,0.0,35,,,,NORM,0,849
7,Luxor,2021-09-28,5000,A,NORM,Normal,0,2026-03-27,Classic Credit Card,737.49,4230.2,F,1982-10-13,Primary,100849,,0.0,54,,,,NORM,0,850
3,Alexandria,2021-02-04,150000,A,NORM,Normal,0,2026-03-20,Platinum Credit Card,122334.92,27358.79,M,1986-08-24,Secondary,100850,,0.0,62,,,,NORM,0,851
1,Cairo Main,2024-06-14,30000,A,NORM,Normal,0,2026-03-26,Classic Credit Card,-1890.63,28089.06,F,1961-08-07,Primary,100851,,0.0,21,,,,NORM,0,852
5,Tanta,2020-04-22,15000,A,30DD,30 Days Delinquent,30,2026-03-19,Gold Credit Card,7143.17,7720.22,M,1982-03-18,Primary,100852,,8769.61,72,,,,30DD,0,853
5,Tanta,2020-09-04,15000,A,NORM,Normal,0,2026-03-29,Classic Credit Card,3479.8,11369.4,F,1998-03-30,Primary,100853,,0.0,67,,,,NORM,0,854
7,Luxor,2018-03-27,15000,A,NORM,Normal,0,2026-04-01,Classic Credit Card,7627.91,6899.48,F,1974-12-26,Secondary,100854,,0.0,97,,,,NORM,0,855
7,Luxor,2018-03-27,15000,A,NORM,Normal,0,2026-03-29,Cashback Card,322.37,14478.63,F,1974-12-26,Secondary,100854,,0.0,97,,,,NORM,0,855
8,Zagazig,2020-10-10,100000,A,NORM,Normal,0,2026-03-27,World Elite Card,80082.72,19644.49,M,1999-03-03,Primary,100855,,0.0,66,,,,NORM,0,856
5,Tanta,2021-10-06,100000,A,NORM,Normal,0,2026-03-20,Business Credit Card,620.53,99253.28,F,1996-01-22,Primary,100856,,0.0,54,,,,NORM,0,857
5,Tanta,2021-10-06,100000,A,NORM,Normal,0,2026-03-29,World Elite Card,14321.59,85601.02,F,1996-01-22,Primary,100856,,0.0,54,,,,NORM,0,857
5,Tanta,2021-09-28,150000,A,NORM,Normal,0,2026-03-21,Platinum Credit Card,63841.13,85961.54,F,1991-11-09,Secondary,100857,,0.0,54,,,,NORM,0,858
8,Zagazig,2020-09-27,200000,A,NORM,Normal,0,2026-03-31,World Elite Card,114163.88,85365.21,M,1961-05-21,Secondary,100858,,0.0,67,,,,NORM,0,859
9,Ismailia,2020-12-22,50000,A,NORM,Normal,0,2026-03-25,Titanium Credit Card,28997.03,20694.52,M,1967-11-06,Primary,100859,,0.0,64,,,,NORM,0,860
10,Suez,2022-11-11,100000,A,NORM,Normal,0,2026-03-24,Platinum Credit Card,25369.41,74382.57,F,1965-07-07,Primary,100860,,0.0,41,,,,NORM,0,861
10,Suez,2022-11-11,100000,A,30DD,30 Days Delinquent,30,2026-03-19,Classic Credit Card,76832.76,23034.71,F,1965-07-07,Primary,100860,,54539.75,41,,,,30DD,0,861
10,Suez,2022-11-11,100000,A,NORM,Normal,0,2026-03-23,Travel Rewards Card,17561.69,82385.92,F,1965-07-07,Primary,100860,,0.0,41,,,,NORM,0,861
10,Suez,2019-10-29,30000,A,NORM,Normal,0,2026-03-19,Business Credit Card,12757.1,16926.46,F,1985-01-13,Primary,100861,,0.0,78,,,,NORM,0,862
2,Giza,2023-06-24,30000,A,NORM,Normal,0,2026-03-29,Cashback Card,28059.76,1811.76,F,1962-05-21,Primary,100862,,0.0,33,,,,NORM,0,863
9,Ismailia,2018-12-19,30000,A,30DD,30 Days Delinquent,30,2026-03-19,Classic Credit Card,22760.74,6960.41,M,1966-12-15,Primary,100863,,4950.08,88,,,,30DD,0,864
9,Ismailia,2018-12-19,30000,A,NORM,Normal,0,2026-03-20,Gold Credit Card,22533.41,7062.6,M,1966-12-15,Primary,100863,,0.0,88,,,,NORM,0,864
9,Ismailia,2018-12-19,30000,A,NORM,Normal,0,2026-04-01,Cashback Card,6842.44,23070.75,M,1966-12-15,Primary,100863,,0.0,88,,,,NORM,0,864
7,Luxor,2022-06-23,10000,A,NORM,Normal,0,2026-03-24,Platinum Credit Card,5928.91,4010.56,M,1978-12-15,Primary,100864,,0.0,45,,,,NORM,0,865
7,Luxor,2022-06-23,10000,A,NORM,Normal,0,2026-03-22,Gold Credit Card,6284.81,3620.02,M,1978-12-15,Primary,100864,,0.0,45,,,,NORM,0,865
7,Luxor,2022-06-23,10000,A,NORM,Normal,0,2026-03-28,Cashback Card,4848.36,5079.95,M,1978-12-15,Primary,100864,,0.0,45,,,,NORM,0,865
3,Alexandria,2024-03-20,20000,A,NORM,Normal,0,2026-03-30,Gold Credit Card,3372.45,16566.11,M,1978-09-03,Primary,100865,,0.0,24,,,,NORM,0,866
3,Alexandria,2022-12-16,50000,A,NORM,Normal,0,2026-03-21,Platinum Credit Card,13457.54,36077.59,F,1983-08-15,Secondary,100866,,0.0,40,,,,NORM,0,867
3,Alexandria,2022-12-16,50000,A,NORM,Normal,0,2026-03-31,Titanium Credit Card,12811.59,37004.51,F,1983-08-15,Secondary,100866,,0.0,40,,,,NORM,0,867
3,Alexandria,2022-12-16,50000,A,NORM,Normal,0,2026-03-27,World Elite Card,41032.76,8505.91,F,1983-08-15,Secondary,100866,,0.0,40,,,,NORM,0,867
9,Ismailia,2022-09-21,10000,A,NORM,Normal,0,2026-03-26,Gold Credit Card,975.55,8871.02,F,1961-03-08,Primary,100867,,0.0,42,,,,NORM,0,868
5,Tanta,2022-05-28,15000,A,30DD,30 Days Delinquent,30,2026-03-25,Gold Credit Card,10049.52,4826.36,M,1962-05-27,Primary,100868,,3957.03,46,,,,30DD,0,869
10,Suez,2021-04-05,200000,A,NORM,Normal,0,2026-03-19,Business Credit Card,74253.32,125288.73,M,1964-05-14,Primary,100869,,0.0,60,,,,NORM,0,870
9,Ismailia,2023-07-22,15000,A,NORM,Normal,0,2026-03-23,Cashback Card,6479.09,8266.56,F,1993-03-19,Primary,100870,,0.0,32,,,,NORM,0,871
9,Ismailia,2023-07-22,15000,A,NORM,Normal,0,2026-03-28,Business Credit Card,5530.0,9116.81,F,1993-03-19,Primary,100870,,0.0,32,,,,NORM,0,871
10,Suez,2020-04-02,10000,A,NORM,Normal,0,2026-03-17,Cashback Card,5374.52,4528.54,M,1990-11-07,Primary,100871,,0.0,73,,,,NORM,0,872
1,Cairo Main,2023-09-03,100000,A,NEW,New,0,2026-03-20,World Elite Card,6483.23,93083.6,F,1997-05-09,Secondary,100872,,0.0,31,,,,NEW,0,873
5,Tanta,2024-11-14,100000,A,NORM,Normal,0,2026-03-22,World Elite Card,75573.26,23944.77,M,1996-11-09,Secondary,100873,,0.0,16,,,,NORM,0,874
9,Ismailia,2024-02-18,20000,A,NORM,Normal,0,2026-03-31,Business Credit Card,16848.85,2828.07,F,1993-04-08,Primary,100874,,0.0,25,,,,NORM,0,875
7,Luxor,2019-03-16,100000,A,NORM,Normal,0,2026-03-17,World Elite Card,84703.85,14940.53,F,1991-04-18,Primary,100875,,0.0,85,,,,NORM,0,876
7,Luxor,2019-03-16,100000,A,NORM,Normal,0,2026-03-25,Travel Rewards Card,15549.2,84430.18,F,1991-04-18,Primary,100875,,0.0,85,,,,NORM,0,876
10,Suez,2018-06-24,50000,A,NORM,Normal,0,2026-03-29,Titanium Credit Card,11742.15,37771.45,M,1979-12-09,Primary,100876,,0.0,94,,,,NORM,0,877
6,Assiut,2023-11-21,75000,A,NORM,Normal,0,2026-03-19,Platinum Credit Card,24221.67,50508.05,F,1991-09-05,Primary,100877,,0.0,28,,,,NORM,0,878
5,Tanta,2018-10-07,100000,A,NORM,Normal,0,2026-03-21,Cashback Card,2519.57,97181.93,F,1977-09-02,Primary,100878,,0.0,91,,,,NORM,0,879
5,Tanta,2018-10-07,100000,A,NORM,Normal,0,2026-03-17,World Elite Card,27129.2,72483.35,F,1977-09-02,Primary,100878,,0.0,91,,,,NORM,0,879
5,Tanta,2018-10-07,100000,A,NORM,Normal,0,2026-03-30,Travel Rewards Card,40892.16,58977.79,F,1977-09-02,Primary,100878,,0.0,91,,,,NORM,0,879
10,Suez,2022-07-12,10000,A,NORM,Normal,0,2026-03-20,Cashback Card,3476.22,6273.73,M,1987-09-12,Primary,100879,,0.0,45,,,,NORM,0,880
6,Assiut,2020-08-06,20000,A,NORM,Normal,0,2026-03-27,Classic Credit Card,-1204.66,18724.77,M,1994-02-01,Primary,100880,,0.0,68,,,,NORM,0,881
6,Assiut,2020-08-06,20000,A,NORM,Normal,0,2026-03-22,World Elite Card,17990.05,1733.85,M,1994-02-01,Primary,100880,,0.0,68,,,,NORM,0,881
2,Giza,2022-03-14,200000,A,NORM,Normal,0,2026-03-29,Platinum Credit Card,188557.29,11369.5,M,1979-10-22,Primary,100881,,0.0,49,,,,NORM,0,882
2,Giza,2022-03-14,200000,A,NORM,Normal,0,2026-03-23,World Elite Card,50843.67,148678.6,M,1979-10-22,Primary,100881,,0.0,49,,,,NORM,0,882
2,Giza,2022-03-14,200000,A,NORM,Normal,0,2026-04-01,Travel Rewards Card,80814.18,118879.05,M,1979-10-22,Primary,100881,,0.0,49,,,,NORM,0,882
5,Tanta,2020-04-04,15000,A,NORM,Normal,0,2026-03-17,Classic Credit Card,12427.33,2540.52,M,1970-02-11,Primary,100882,,0.0,72,,,,NORM,0,883
5,Tanta,2020-04-04,15000,A,NORM,Normal,0,2026-03-31,Cashback Card,13557.25,1177.26,M,1970-02-11,Primary,100882,,0.0,72,,,,NORM,0,883
6,Assiut,2022-07-30,200000,A,NORM,Normal,0,2026-03-27,Platinum Credit Card,95992.43,103626.17,M,1994-09-26,Primary,100883,,0.0,44,,,,NORM,0,884
6,Assiut,2022-07-30,200000,A,NORM,Normal,0,2026-03-18,Travel Rewards Card,180301.81,19462.67,M,1994-09-26,Primary,100883,,0.0,44,,,,NORM,0,884
6,Assiut,2024-12-08,150000,A,NORM,Normal,0,2026-03-28,Platinum Credit Card,16135.1,133855.95,M,1975-12-28,Primary,100884,,0.0,15,,,,NORM,0,885
6,Assiut,2024-12-08,150000,A,NORM,Normal,0,2026-03-31,Travel Rewards Card,118169.25,31461.28,M,1975-12-28,Primary,100884,,0.0,15,,,,NORM,0,885
2,Giza,2023-08-05,20000,A,NORM,Normal,0,2026-03-22,Gold Credit Card,18683.9,848.23,F,1965-04-16,Secondary,100885,,0.0,32,,,,NORM,0,886
6,Assiut,2019-10-09,30000,A,NORM,Normal,0,2026-03-30,Classic Credit Card,13488.22,16244.65,M,1963-01-18,Primary,100886,,0.0,78,,,,NORM,0,887
8,Zagazig,2018-05-03,5000,A,NORM,Normal,0,2026-03-26,Classic Credit Card,2297.98,2257.14,M,1971-10-19,Primary,100887,,0.0,96,,,,NORM,0,888
4,Mansoura,2018-10-26,200000,A,NORM,Normal,0,2026-03-31,World Elite Card,120830.41,79082.26,M,1982-02-20,Secondary,100888,,0.0,90,,,,NORM,0,889
4,Mansoura,2018-10-26,200000,A,NORM,Normal,0,2026-03-23,Travel Rewards Card,159233.13,40642.46,M,1982-02-20,Secondary,100888,,0.0,90,,,,NORM,0,889
5,Tanta,2018-06-20,10000,A,NEW,New,0,2026-03-23,Classic Credit Card,2062.23,7617.33,F,1992-06-12,Primary,100889,,0.0,94,,,,NEW,0,890
1,Cairo Main,2020-03-14,150000,A,NORM,Normal,0,2026-03-27,World Elite Card,71007.32,78963.96,F,1961-03-07,Primary,100890,,0.0,73,,,,NORM,0,891
1,Cairo Main,2020-03-14,150000,A,NORM,Normal,0,2026-03-25,Travel Rewards Card,52489.29,97310.82,F,1961-03-07,Primary,100890,,0.0,73,,,,NORM,0,891
9,Ismailia,2019-04-19,100000,A,NORM,Normal,0,2026-03-22,Platinum Credit Card,92697.33,6977.89,M,1966-03-07,Primary,100891,,0.0,84,,,,NORM,0,892
9,Ismailia,2019-04-19,100000,A,NORM,Normal,0,2026-03-18,Travel Rewards Card,27891.37,72101.82,M,1966-03-07,Primary,100891,,0.0,84,,,,NORM,0,892
1,Cairo Main,2022-08-19,150000,A,NORM,Normal,0,2026-03-29,World Elite Card,-6461.67,143444.19,M,1970-03-10,Primary,100892,,0.0,44,,,,NORM,0,893
5,Tanta,2021-07-10,50000,A,NORM,Normal,0,2026-04-01,Platinum Credit Card,6918.62,42900.1,F,1961-12-17,Primary,100893,,0.0,57,,,,NORM,0,894
2,Giza,2024-02-05,20000,A,NORM,Normal,0,2026-03-19,Business Credit Card,309.82,19311.5,F,1971-03-23,Primary,100894,,0.0,26,,,,NORM,0,895
2,Giza,2024-02-05,20000,A,NORM,Normal,0,2026-03-26,Travel Rewards Card,-248.68,19548.47,F,1971-03-23,Primary,100894,,0.0,26,,,,NORM,0,895
5,Tanta,2020-09-27,150000,A,NEW,New,0,2026-03-27,World Elite Card,36482.94,113513.49,F,1998-12-24,Primary,100895,,0.0,67,,,,NEW,0,896
5,Tanta,2020-04-13,15000,A,NORM,Normal,0,2026-03-24,Cashback Card,9313.57,5582.9,F,1963-07-09,Primary,100896,,0.0,72,,,,NORM,0,897
4,Mansoura,2022-12-09,100000,A,NORM,Normal,0,2026-03-23,World Elite Card,77977.33,21909.31,F,1991-04-29,Primary,100897,,0.0,40,,,,NORM,0,898
5,Tanta,2024-11-02,75000,A,NORM,Normal,0,2026-03-18,Business Credit Card,4797.88,70149.42,F,1998-05-02,Primary,100898,,0.0,17,,,,NORM,0,899
3,Alexandria,2022-11-01,150000,A,NORM,Normal,0,2026-03-22,World Elite Card,31478.76,118288.68,F,1989-08-08,Secondary,100899,,0.0,41,,,,NORM,0,900
4,Mansoura,2018-04-23,50000,A,NORM,Normal,0,2026-04-01,Titanium Credit Card,28434.08,21384.93,F,1993-12-19,Secondary,100900,,0.0,96,,,,NORM,0,901
8,Zagazig,2024-06-03,200000,A,NORM,Normal,0,2026-03-25,Platinum Credit Card,150913.96,48879.51,M,1979-01-05,Secondary,100901,,0.0,22,,,,NORM,0,902
2,Giza,2024-02-02,30000,A,NORM,Normal,0,2026-03-17,Classic Credit Card,10141.67,19745.41,F,1971-03-18,Primary,100902,,0.0,26,,,,NORM,0,903
2,Giza,2024-05-17,50000,A,NORM,Normal,0,2026-03-28,Titanium Credit Card,4561.25,45384.04,M,1973-10-07,Primary,100903,,0.0,22,,,,NORM,0,904
2,Giza,2024-05-17,50000,A,NORM,Normal,0,2026-03-31,World Elite Card,46063.72,3544.59,M,1973-10-07,Primary,100903,,0.0,22,,,,NORM,0,904
9,Ismailia,2022-08-01,5000,A,NORM,Normal,0,2026-03-21,Gold Credit Card,1723.01,3192.72,M,1969-10-09,Primary,100904,,0.0,44,,,,NORM,0,905
9,Ismailia,2022-08-01,5000,A,NORM,Normal,0,2026-03-17,Cashback Card,1009.63,3658.22,M,1969-10-09,Primary,100904,,0.0,44,,,,NORM,0,905
9,Ismailia,2022-08-01,5000,A,NORM,Normal,0,2026-03-17,Titanium Credit Card,293.58,4349.74,M,1969-10-09,Primary,100904,,0.0,44,,,,NORM,0,905
8,Zagazig,2020-07-20,15000,A,NORM,Normal,0,2026-03-18,Classic Credit Card,3979.04,10824.08,M,1965-09-15,Primary,100905,,0.0,69,,,,NORM,0,906
8,Zagazig,2020-07-20,15000,A,NORM,Normal,0,2026-03-29,Cashback Card,9574.47,5003.55,M,1965-09-15,Primary,100905,,0.0,69,,,,NORM,0,906
10,Suez,2018-06-21,150000,A,NORM,Normal,0,2026-03-29,Platinum Credit Card,120744.02,29206.66,F,1974-03-27,Primary,100906,,0.0,94,,,,NORM,0,907
4,Mansoura,2019-03-24,10000,A,NORM,Normal,0,2026-03-23,Cashback Card,6594.85,3347.15,M,1975-09-08,Primary,100907,,0.0,85,,,,NORM,0,908
2,Giza,2022-10-13,30000,A,NEW,New,0,2026-03-26,Cashback Card,27433.82,2346.38,F,1988-10-16,Secondary,100908,,0.0,42,,,,NEW,0,909
5,Tanta,2018-05-08,15000,A,NEW,New,0,2026-04-01,Classic Credit Card,5901.92,8677.3,M,1987-11-24,Secondary,100909,,0.0,96,,,,NEW,0,910
10,Suez,2021-11-10,20000,A,NORM,Normal,0,2026-03-21,Classic Credit Card,4744.71,14802.94,M,1991-12-23,Secondary,100910,,0.0,53,,,,NORM,0,911
10,Suez,2021-11-10,20000,A,NORM,Normal,0,2026-03-30,Cashback Card,2033.18,17963.1,M,1991-12-23,Secondary,100910,,0.0,53,,,,NORM,0,911
9,Ismailia,2024-02-24,75000,A,NORM,Normal,0,2026-03-31,Platinum Credit Card,63875.56,10893.69,F,1985-10-07,Primary,100911,,0.0,25,,,,NORM,0,912
9,Ismailia,2024-02-24,75000,A,NORM,Normal,0,2026-03-30,Travel Rewards Card,28089.87,46644.0,F,1985-10-07,Primary,100911,,0.0,25,,,,NORM,0,912
4,Mansoura,2020-09-22,50000,A,NORM,Normal,0,2026-03-19,Platinum Credit Card,7830.51,42010.54,F,1974-09-29,Primary,100912,,0.0,67,,,,NORM,0,913
9,Ismailia,2022-01-23,100000,A,NORM,Normal,0,2026-03-22,Platinum Credit Card,49822.32,49844.83,M,1963-06-06,Secondary,100913,,0.0,50,,,,NORM,0,914
10,Suez,2019-07-20,200000,A,NORM,Normal,0,2026-03-28,Platinum Credit Card,63750.29,136221.08,F,1989-11-14,Primary,100914,,0.0,81,,,,NORM,0,915
10,Suez,2019-07-20,200000,A,NORM,Normal,0,2026-03-27,Travel Rewards Card,68440.61,131419.31,F,1989-11-14,Primary,100914,,0.0,81,,,,NORM,0,915
8,Zagazig,2020-03-22,15000,A,NORM,Normal,0,2026-03-17,Classic Credit Card,14040.95,924.19,F,1988-05-18,Primary,100915,,0.0,73,,,,NORM,0,916
7,Luxor,2019-11-15,10000,A,NORM,Normal,0,2026-03-28,Cashback Card,3155.43,6626.32,F,1961-01-27,Primary,100916,,0.0,77,,,,NORM,0,917
5,Tanta,2021-10-11,50000,A,30DD,30 Days Delinquent,30,2026-03-30,Platinum Credit Card,-1721.53,48065.76,F,1965-05-04,Secondary,100917,,29787.29,54,,,,30DD,0,918
7,Luxor,2023-05-09,15000,A,NORM,Normal,0,2026-03-21,Cashback Card,6551.61,8248.22,M,1972-12-22,Primary,100918,,0.0,35,,,,NORM,0,919
7,Luxor,2023-05-09,15000,A,NORM,Normal,0,2026-03-20,Business Credit Card,8160.76,6720.21,M,1972-12-22,Primary,100918,,0.0,35,,,,NORM,0,919
7,Luxor,2022-12-02,15000,A,NORM,Normal,0,2026-03-25,Gold Credit Card,10368.65,4488.04,F,1974-05-17,Primary,100919,,0.0,40,,,,NORM,0,920
7,Luxor,2022-12-02,15000,A,NORM,Normal,0,2026-03-31,Classic Credit Card,12142.57,2567.19,F,1974-05-17,Primary,100919,,0.0,40,,,,NORM,0,920
9,Ismailia,2023-09-13,75000,A,NORM,Normal,0,2026-03-29,Titanium Credit Card,15179.42,59772.52,M,1986-01-03,Secondary,100920,,0.0,31,,,,NORM,0,921
9,Ismailia,2024-06-13,200000,A,NORM,Normal,0,2026-03-29,Platinum Credit Card,41026.15,158761.2,F,1972-06-24,Primary,100921,,0.0,21,,,,NORM,0,922
3,Alexandria,2020-11-28,200000,A,NORM,Normal,0,2026-03-17,Platinum Credit Card,84236.93,115463.76,M,1972-12-09,Secondary,100922,,0.0,65,,,,NORM,0,923
3,Alexandria,2020-11-28,200000,A,NORM,Normal,0,2026-03-29,Gold Credit Card,123745.12,76094.27,M,1972-12-09,Secondary,100922,,0.0,65,,,,NORM,0,923
3,Alexandria,2020-11-28,200000,A,NORM,Normal,0,2026-03-22,Travel Rewards Card,27758.57,172234.58,M,1972-12-09,Secondary,100922,,0.0,65,,,,NORM,0,923
4,Mansoura,2023-06-24,5000,A,30DD,30 Days Delinquent,30,2026-03-25,Cashback Card,2853.31,1902.46,M,1960-04-19,Secondary,100923,,2594.53,33,,,,30DD,0,924
2,Giza,2022-11-06,100000,A,NORM,Normal,0,2026-03-17,World Elite Card,58568.15,41127.5,F,1979-12-08,Secondary,100924,,0.0,41,,,,NORM,0,925
6,Assiut,2023-09-08,50000,A,NORM,Normal,0,2026-03-25,Platinum Credit Card,21353.06,28466.81,F,1967-01-11,Primary,100925,,0.0,31,,,,NORM,0,926
4,Mansoura,2024-04-05,5000,A,NORM,Normal,0,2026-04-01,Cashback Card,3187.53,1413.96,M,1997-09-29,Primary,100926,,0.0,24,,,,NORM,0,927
3,Alexandria,2023-07-28,30000,A,NORM,Normal,0,2026-03-20,Classic Credit Card,-2415.95,27128.08,F,1992-11-26,Primary,100927,,0.0,32,,,,NORM,0,928
4,Mansoura,2019-12-31,5000,A,NORM,Normal,0,2026-04-01,Cashback Card,910.49,4080.59,M,1991-11-06,Primary,100928,,0.0,76,,,,NORM,0,929
3,Alexandria,2021-05-14,20000,A,NORM,Normal,0,2026-03-28,Gold Credit Card,17699.76,2283.99,F,1999-05-19,Primary,100929,,0.0,59,,,,NORM,0,930
4,Mansoura,2021-03-22,75000,A,NORM,Normal,0,2026-03-20,Titanium Credit Card,27694.37,47228.97,F,1965-01-15,Secondary,100930,,0.0,61,,,,NORM,0,931
7,Luxor,2019-06-09,100000,A,NORM,Normal,0,2026-03-19,Business Credit Card,53666.06,46016.39,F,1991-08-13,Primary,100931,,0.0,82,,,,NORM,0,932
1,Cairo Main,2021-08-16,30000,A,NORM,Normal,0,2026-03-20,Gold Credit Card,15800.05,13769.03,F,1985-03-22,Secondary,100932,,0.0,56,,,,NORM,0,933
4,Mansoura,2018-07-06,30000,A,NORM,Normal,0,2026-03-31,Cashback Card,17351.55,12202.22,M,1975-03-30,Primary,100933,,0.0,94,,,,NORM,0,934
10,Suez,2019-06-14,200000,A,NORM,Normal,0,2026-03-29,World Elite Card,-1303.72,198634.91,F,1974-10-15,Secondary,100934,,0.0,82,,,,NORM,0,935
1,Cairo Main,2020-05-12,50000,A,NORM,Normal,0,2026-03-27,Platinum Credit Card,26640.48,22920.42,F,1983-04-07,Secondary,100935,,0.0,71,,,,NORM,0,936
7,Luxor,2024-03-14,20000,A,30DD,30 Days Delinquent,30,2026-03-26,Classic Credit Card,1892.92,17911.99,F,1969-09-02,Primary,100936,,6231.25,24,,,,30DD,0,937
5,Tanta,2018-04-10,20000,A,NORM,Normal,0,2026-03-18,Cashback Card,13890.04,5895.5,F,1973-07-10,Primary,100937,,0.0,97,,,,NORM,0,938
2,Giza,2023-08-29,75000,A,30DD,30 Days Delinquent,30,2026-03-17,Platinum Credit Card,13069.95,61835.31,F,1963-04-25,Primary,100938,,35706.5,31,,,,30DD,0,939
6,Assiut,2023-09-30,5000,A,NORM,Normal,0,2026-03-27,Classic Credit Card,2915.43,1968.31,F,1979-01-26,Primary,100939,,0.0,30,,,,NORM,0,940
4,Mansoura,2024-04-16,30000,A,NORM,Normal,0,2026-03-27,Business Credit Card,25220.58,4418.21,M,1978-03-24,Secondary,100940,,0.0,23,,,,NORM,0,941
9,Ismailia,2019-03-20,100000,A,NORM,Normal,0,2026-03-18,World Elite Card,84120.22,15749.33,F,1992-01-20,Primary,100941,,0.0,85,,,,NORM,0,942
5,Tanta,2019-08-12,10000,A,NORM,Normal,0,2026-03-22,Classic Credit Card,2018.63,7810.18,M,1974-11-29,Primary,100942,,0.0,80,,,,NORM,0,943
8,Zagazig,2024-05-09,20000,A,NORM,Normal,0,2026-04-01,Gold Credit Card,18144.36,1458.85,M,1983-06-24,Primary,100943,,0.0,23,,,,NORM,0,944
8,Zagazig,2024-05-09,20000,A,NORM,Normal,0,2026-03-17,Cashback Card,5536.77,14039.04,M,1983-06-24,Primary,100943,,0.0,23,,,,NORM,0,944
7,Luxor,2018-01-23,30000,A,30DD,30 Days Delinquent,30,2026-03-18,Gold Credit Card,16116.64,13685.67,F,1999-02-02,Primary,100944,,12249.6,99,,,,30DD,0,945
7,Luxor,2018-01-23,30000,A,NORM,Normal,0,2026-03-30,Cashback Card,4009.6,25629.57,F,1999-02-02,Primary,100944,,0.0,99,,,,NORM,0,945
9,Ismailia,2018-11-30,10000,A,NORM,Normal,0,2026-03-30,Gold Credit Card,1513.21,8434.96,M,1998-07-08,Primary,100945,,0.0,89,,,,NORM,0,946
4,Mansoura,2019-04-11,5000,A,NORM,Normal,0,2026-03-31,Cashback Card,61.25,4701.04,F,1979-08-18,Primary,100946,,0.0,84,,,,NORM,0,947
7,Luxor,2021-01-15,150000,A,NORM,Normal,0,2026-03-23,Platinum Credit Card,138459.49,11401.05,F,1973-03-13,Primary,100947,,0.0,63,,,,NORM,0,948
6,Assiut,2024-10-12,30000,A,NORM,Normal,0,2026-03-25,Business Credit Card,2371.71,27558.57,M,1983-04-19,Primary,100948,,0.0,17,,,,NORM,0,949
6,Assiut,2020-01-05,15000,A,NEW,New,0,2026-03-17,Business Credit Card,7284.03,7323.29,M,1978-09-03,Primary,100949,,0.0,75,,,,NEW,0,950
8,Zagazig,2019-01-23,5000,A,NORM,Normal,0,2026-03-29,Classic Credit Card,3511.68,1200.56,M,1974-11-06,Primary,100950,,0.0,87,,,,NORM,0,951
5,Tanta,2022-10-12,200000,A,NORM,Normal,0,2026-03-26,Platinum Credit Card,90626.24,109197.13,M,1972-09-30,Primary,100951,,0.0,42,,,,NORM,0,952
4,Mansoura,2020-01-01,30000,A,NORM,Normal,0,2026-03-27,Cashback Card,4093.52,25412.76,F,1972-07-23,Secondary,100952,,0.0,76,,,,NORM,0,953
4,Mansoura,2018-01-11,20000,A,NORM,Normal,0,2026-03-18,Cashback Card,8833.15,10858.21,M,1967-07-17,Primary,100953,,0.0,100,,,,NORM,0,954
2,Giza,2019-07-16,150000,A,NORM,Normal,0,2026-03-24,Platinum Credit Card,21521.91,128015.39,M,1962-05-05,Primary,100954,,0.0,81,,,,NORM,0,955
7,Luxor,2023-04-28,50000,A,NORM,Normal,0,2026-03-18,Cashback Card,36303.79,13294.17,M,1991-09-06,Secondary,100955,,0.0,35,,,,NORM,0,956
7,Luxor,2023-04-28,50000,A,60DA,60 Days Delinquent,60,2026-03-26,Titanium Credit Card,17977.73,31652.06,M,1991-09-06,Secondary,100955,,7323.64,35,,,,60DA,0,956
7,Luxor,2022-12-14,100000,A,NORM,Normal,0,2026-03-22,Platinum Credit Card,50360.6,49441.56,M,1985-02-21,Secondary,100956,,0.0,40,,,,NORM,0,957
7,Luxor,2024-12-02,150000,A,NORM,Normal,0,2026-03-25,World Elite Card,61903.73,87604.42,F,1969-08-03,Primary,100957,,0.0,16,,,,NORM,0,958
10,Suez,2021-09-07,10000,A,NORM,Normal,0,2026-03-24,Classic Credit Card,8904.92,835.69,F,1973-12-03,Primary,100958,,0.0,55,,,,NORM,0,959
10,Suez,2021-09-07,10000,A,NORM,Normal,0,2026-03-27,Cashback Card,305.35,9439.06,F,1973-12-03,Primary,100958,,0.0,55,,,,NORM,0,959
10,Suez,2021-09-07,10000,A,NORM,Normal,0,2026-03-24,Travel Rewards Card,4433.48,5405.51,F,1973-12-03,Primary,100958,,0.0,55,,,,NORM,0,959
5,Tanta,2018-08-23,200000,A,NORM,Normal,0,2026-03-21,Platinum Credit Card,96200.05,103716.96,M,1972-04-19,Primary,100959,,0.0,92,,,,NORM,0,960
5,Tanta,2018-08-23,200000,A,NORM,Normal,0,2026-03-25,Travel Rewards Card,57930.65,141684.28,M,1972-04-19,Primary,100959,,0.0,92,,,,NORM,0,960
1,Cairo Main,2018-04-29,200000,A,NORM,Normal,0,2026-03-17,Gold Credit Card,142079.21,57730.13,M,1976-07-29,Primary,100960,,0.0,96,,,,NORM,0,961
1,Cairo Main,2018-04-29,200000,A,NEW,New,0,2026-03-29,World Elite Card,126601.99,73291.43,M,1976-07-29,Primary,100960,,0.0,96,,,,NEW,0,961
2,Giza,2024-02-07,30000,A,60DA,60 Days Delinquent,60,2026-03-22,Cashback Card,19636.96,10014.56,F,1998-06-25,Secondary,100961,,17980.74,26,,,,60DA,0,962
6,Assiut,2018-02-28,75000,A,NORM,Normal,0,2026-03-26,Platinum Credit Card,39353.89,35401.07,M,1983-02-28,Primary,100962,,0.0,98,,,,NORM,0,963
6,Assiut,2018-02-28,75000,A,NORM,Normal,0,2026-03-26,Travel Rewards Card,30903.7,43784.92,M,1983-02-28,Primary,100962,,0.0,98,,,,NORM,0,963
10,Suez,2023-09-02,75000,A,NORM,Normal,0,2026-03-28,Platinum Credit Card,9132.59,65660.33,F,1968-11-29,Primary,100963,,0.0,31,,,,NORM,0,964
2,Giza,2023-03-12,10000,A,NEW,New,0,2026-03-17,Classic Credit Card,2011.36,7528.87,M,1985-05-25,Primary,100964,,0.0,37,,,,NEW,0,965
2,Giza,2023-03-12,10000,A,NORM,Normal,0,2026-03-28,Platinum Credit Card,916.37,8948.48,M,1985-05-25,Primary,100964,,0.0,37,,,,NORM,0,965
2,Giza,2023-03-12,10000,A,NORM,Normal,0,2026-03-22,World Elite Card,8782.62,1095.46,M,1985-05-25,Primary,100964,,0.0,37,,,,NORM,0,965
2,Giza,2020-10-07,30000,A,NORM,Normal,0,2026-03-22,Gold Credit Card,7346.97,22585.83,F,1999-05-08,Primary,100965,,0.0,66,,,,NORM,0,966
2,Giza,2020-10-07,30000,A,NORM,Normal,0,2026-03-28,Cashback Card,22422.65,7107.32,F,1999-05-08,Primary,100965,,0.0,66,,,,NORM,0,966
3,Alexandria,2021-07-16,75000,A,NORM,Normal,0,2026-03-21,Gold Credit Card,5013.91,69537.4,F,1985-05-06,Primary,100966,,0.0,57,,,,NORM,0,967
3,Alexandria,2021-07-16,75000,A,NORM,Normal,0,2026-03-22,Titanium Credit Card,68863.44,6125.21,F,1985-05-06,Primary,100966,,0.0,57,,,,NORM,0,967
8,Zagazig,2024-06-28,50000,A,60DA,60 Days Delinquent,60,2026-03-24,Titanium Credit Card,182.59,49515.16,F,1975-12-06,Primary,100967,,24165.71,21,,,,60DA,0,968
8,Zagazig,2024-06-28,50000,A,NORM,Normal,0,2026-03-30,Business Credit Card,44951.75,4824.9,F,1975-12-06,Primary,100967,,0.0,21,,,,NORM,0,968
7,Luxor,2021-03-28,20000,A,NORM,Normal,0,2026-03-31,Cashback Card,4182.9,15724.38,M,1975-07-24,Primary,100968,,0.0,61,,,,NORM,0,969
1,Cairo Main,2023-10-19,15000,A,NORM,Normal,0,2026-03-22,Business Credit Card,12740.9,1772.23,F,1965-03-04,Primary,100969,,0.0,29,,,,NORM,0,970
2,Giza,2022-01-09,5000,A,NORM,Normal,0,2026-03-20,Gold Credit Card,973.19,3744.82,M,1988-03-27,Secondary,100970,,0.0,51,,,,NORM,0,971
8,Zagazig,2020-02-02,5000,A,NORM,Normal,0,2026-04-01,Gold Credit Card,2657.45,2044.17,F,1984-07-11,Secondary,100971,,0.0,75,,,,NORM,0,972
8,Zagazig,2020-02-02,5000,A,NEW,New,0,2026-03-31,Cashback Card,4036.5,924.28,F,1984-07-11,Secondary,100971,,0.0,75,,,,NEW,0,972
10,Suez,2023-05-31,75000,A,NORM,Normal,0,2026-03-19,Platinum Credit Card,37459.25,37119.3,F,1975-02-26,Primary,100972,,0.0,34,,,,NORM,0,973
10,Suez,2019-11-03,150000,A,NORM,Normal,0,2026-03-31,Gold Credit Card,-14124.71,135850.78,M,1961-04-12,Secondary,100973,,0.0,78,,,,NORM,0,974
10,Suez,2019-11-03,150000,A,NORM,Normal,0,2026-03-26,Cashback Card,25142.03,124678.58,M,1961-04-12,Secondary,100973,,0.0,78,,,,NORM,0,974
10,Suez,2019-11-03,150000,A,30DD,30 Days Delinquent,30,2026-03-28,World Elite Card,112532.27,37292.23,M,1961-04-12,Secondary,100973,,32834.7,78,,,,30DD,0,974
6,Assiut,2022-06-10,15000,A,NORM,Normal,0,2026-03-31,Classic Credit Card,619.18,14159.08,F,1980-07-29,Primary,100974,,0.0,46,,,,NORM,0,975
4,Mansoura,2019-01-05,20000,A,NORM,Normal,0,2026-03-29,Gold Credit Card,13508.06,6447.35,M,1979-08-01,Primary,100975,,0.0,88,,,,NORM,0,976
7,Luxor,2020-05-20,100000,A,NORM,Normal,0,2026-03-29,World Elite Card,8572.69,91098.37,M,1991-05-06,Primary,100976,,0.0,71,,,,NORM,0,977
7,Luxor,2020-05-20,100000,A,NORM,Normal,0,2026-03-18,Travel Rewards Card,-7637.96,92241.91,M,1991-05-06,Primary,100976,,0.0,71,,,,NORM,0,977
6,Assiut,2022-10-06,200000,A,NEW,New,0,2026-03-24,Platinum Credit Card,-5165.98,194585.39,M,1972-09-13,Primary,100977,,0.0,42,,,,NEW,0,978
4,Mansoura,2022-01-23,50000,A,NORM,Normal,0,2026-03-26,Classic Credit Card,39979.72,9534.96,F,1976-07-22,Primary,100978,,0.0,50,,,,NORM,0,979
4,Mansoura,2022-01-23,50000,A,NORM,Normal,0,2026-03-27,Titanium Credit Card,329.95,49650.12,F,1976-07-22,Primary,100978,,0.0,50,,,,NORM,0,979
7,Luxor,2021-10-22,75000,A,NORM,Normal,0,2026-03-20,Titanium Credit Card,28612.12,46151.98,F,1964-03-01,Primary,100979,,0.0,54,,,,NORM,0,980
3,Alexandria,2023-10-21,10000,A,NORM,Normal,0,2026-03-21,Gold Credit Card,8666.62,1194.35,M,1977-11-11,Primary,100980,,0.0,29,,,,NORM,0,981
3,Alexandria,2023-10-21,10000,A,NORM,Normal,0,2026-03-30,Cashback Card,5372.86,4247.59,M,1977-11-11,Primary,100980,,0.0,29,,,,NORM,0,981
9,Ismailia,2023-02-06,5000,A,NORM,Normal,0,2026-03-25,Business Credit Card,472.41,4080.22,M,1977-03-23,Primary,100981,,0.0,38,,,,NORM,0,982
10,Suez,2023-01-19,150000,A,NORM,Normal,0,2026-03-17,Platinum Credit Card,27817.36,121809.7,F,1996-03-15,Primary,100982,,0.0,38,,,,NORM,0,983
10,Suez,2023-01-19,150000,A,NORM,Normal,0,2026-03-22,Titanium Credit Card,96862.96,52746.47,F,1996-03-15,Primary,100982,,0.0,38,,,,NORM,0,983
3,Alexandria,2021-10-12,200000,A,NORM,Normal,0,2026-03-23,Platinum Credit Card,160431.14,39111.14,F,1960-04-23,Primary,100983,,0.0,54,,,,NORM,0,984
8,Zagazig,2018-07-25,200000,A,NORM,Normal,0,2026-03-24,Platinum Credit Card,118715.41,81092.35,F,1976-06-19,Primary,100984,,0.0,93,,,,NORM,0,985
1,Cairo Main,2021-08-22,30000,A,NORM,Normal,0,2026-03-17,Gold Credit Card,27570.33,2139.65,F,1980-01-15,Primary,100985,,0.0,56,,,,NORM,0,986
2,Giza,2019-08-16,100000,A,NORM,Normal,0,2026-03-17,Platinum Credit Card,40042.04,59836.01,F,1965-08-27,Primary,100986,,0.0,80,,,,NORM,0,987
2,Giza,2019-08-16,100000,A,NORM,Normal,0,2026-03-22,Travel Rewards Card,50077.76,49459.62,F,1965-08-27,Primary,100986,,0.0,80,,,,NORM,0,987
1,Cairo Main,2024-10-31,10000,A,NORM,Normal,0,2026-03-29,Cashback Card,2681.42,7037.13,F,1966-08-01,Primary,100987,,0.0,17,,,,NORM,0,988
5,Tanta,2018-11-21,75000,A,NORM,Normal,0,2026-03-19,Platinum Credit Card,37517.42,37329.27,F,1992-05-14,Primary,100988,,0.0,89,,,,NORM,0,989
5,Tanta,2018-11-21,75000,A,30DD,30 Days Delinquent,30,2026-03-21,Titanium Credit Card,51842.03,22811.93,F,1992-05-14,Primary,100988,,4131.83,89,,,,30DD,0,989
5,Tanta,2020-01-31,30000,A,NORM,Normal,0,2026-03-29,Cashback Card,974.66,28736.91,F,1993-07-02,Primary,100989,,0.0,75,,,,NORM,0,990
1,Cairo Main,2022-08-25,15000,A,NORM,Normal,0,2026-03-21,Cashback Card,6315.42,8220.41,M,1995-01-30,Primary,100990,,0.0,43,,,,NORM,0,991
2,Giza,2021-03-24,200000,A,NORM,Normal,0,2026-03-19,Platinum Credit Card,46897.37,153044.24,M,1987-06-04,Primary,100991,,0.0,61,,,,NORM,0,992
8,Zagazig,2023-03-08,100000,A,NORM,Normal,0,2026-03-17,World Elite Card,83559.73,16144.66,F,1966-10-22,Primary,100992,,0.0,37,,,,NORM,0,993
8,Zagazig,2021-11-15,10000,A,NORM,Normal,0,2026-03-29,Platinum Credit Card,1913.46,7863.87,F,1985-03-06,Primary,100993,,0.0,53,,,,NORM,0,994
8,Zagazig,2021-11-15,10000,A,NORM,Normal,0,2026-03-28,Cashback Card,3727.95,5848.33,F,1985-03-06,Primary,100993,,0.0,53,,,,NORM,0,994
3,Alexandria,2024-07-23,15000,A,90DA,90 Days Delinquent,90,2026-03-23,Gold Credit Card,10310.42,4340.97,F,1988-01-11,Primary,100994,,3559.79,20,,,,90DA,0,995
7,Luxor,2019-06-24,75000,A,NORM,Normal,0,2026-03-22,Platinum Credit Card,41396.69,33291.82,F,1984-02-11,Primary,100995,,0.0,82,,,,NORM,0,996
7,Luxor,2019-06-24,75000,A,NORM,Normal,0,2026-03-24,Gold Credit Card,42107.01,32647.68,F,1984-02-11,Primary,100995,,0.0,82,,,,NORM,0,996
7,Luxor,2019-06-24,75000,A,NORM,Normal,0,2026-03-19,Travel Rewards Card,48374.6,26298.15,F,1984-02-11,Primary,100995,,0.0,82,,,,NORM,0,996
9,Ismailia,2021-12-12,20000,A,NORM,Normal,0,2026-03-22,Gold Credit Card,12486.81,7027.41,F,1978-04-29,Primary,100996,,0.0,52,,,,NORM,0,997
9,Ismailia,2021-12-12,20000,A,NORM,Normal,0,2026-03-27,Cashback Card,5170.69,14721.4,F,1978-04-29,Primary,100996,,0.0,52,,,,NORM,0,997
9,Ismailia,2021-12-12,20000,A,NORM,Normal,0,2026-03-17,Titanium Credit Card,745.56,18941.93,F,1978-04-29,Primary,100996,,0.0,52,,,,NORM,0,997
8,Zagazig,2023-01-15,15000,A,NORM,Normal,0,2026-03-24,Classic Credit Card,6493.28,8228.56,M,1972-11-03,Primary,100997,,0.0,39,,,,NORM,0,998
10,Suez,2022-09-09,75000,A,NORM,Normal,0,2026-04-01,Platinum Credit Card,50411.26,24266.18,M,1989-04-18,Primary,100998,,0.0,43,,,,NORM,0,999
6,Assiut,2020-10-20,15000,A,NEW,New,0,2026-03-18,Cashback Card,11272.56,3457.29,M,1987-05-10,Primary,100999,,0.0,66,,,,NEW,0,1000
