BRANCH_ID,BRANCH_NAME,CREATION_DATE,CREDIT_LIMIT,ACTIVATED,STATUS,STATUS_NAME,DELINQUENCY,LAST_STATEMENT_DATE,PRODUCT_NAME,LEDGER_BALANCE,AVAILABLE_LIMIT,GENDER,DOB,CUSTOMER_TYPE,RIMNO,CLOSURE_DATE,OVERDUEAMOUNT,NO_OF_CYCLES,FIRST_REPLACED_CARD,SECOND_REPLACED_CARD,THIRD_REPLACED_CARD,Card account status ,DOB_WAS_MISSING,CUSTOMER_ID
2,Giza,2021-01-31,20000,A,NORM,Normal,0,2026-02-17,Classic Credit Card,3452.71,16375.0,F,1961-02-13,Primary,100000,,0.0,61,,,,NORM,0,1
7,Luxor,2021-02-12,15000,A,NORM,Normal,0,2026-02-17,Cashback Card,10768.36,3897.99,F,1975-04-06,Secondary,100002,,0.0,61,,,,NORM,0,3
7,Luxor,2021-02-12,15000,A,NORM,Normal,0,2026-02-22,World Elite Card,3112.18,11672.28,F,1975-04-06,Secondary,100002,,0.0,61,,,,NORM,0,3
2,Giza,2018-11-19,150000,A,NORM,Normal,0,2026-02-17,Platinum Credit Card,116421.58,33242.1,F,1976-12-23,Secondary,100003,,0.0,88,,,,NORM,0,4
2,Giza,2018-11-19,150000,A,NORM,Normal,0,2026-02-24,Travel Rewards Card,54502.67,95350.58,F,1976-12-23,Secondary,100003,,0.0,88,,,,NORM,0,4
7,Luxor,2023-02-01,50000,A,NEW,New,0,2026-02-20,Platinum Credit Card,32178.28,17406.49,M,1972-06-20,Primary,100004,,0.0,37,,,,NEW,0,5
8,Zagazig,2021-01-10,150000,A,NORM,Normal,0,2026-02-16,World Elite Card,50090.93,99844.26,F,1977-01-07,Primary,100005,,0.0,62,,,,NORM,0,6
8,Zagazig,2021-01-10,150000,A,NORM,Normal,0,2026-02-16,Travel Rewards Card,2302.5,147288.29,F,1977-01-07,Primary,100005,,0.0,62,,,,NORM,0,6
4,Mansoura,2023-09-19,100000,A,90DA,90 Days Delinquent,90,2026-02-25,World Elite Card,17027.07,82534.26,M,1966-03-16,Primary,100007,,52055.13,29,,,,90DA,0,8
9,Ismailia,2024-03-16,5000,A,NORM,Normal,0,2026-03-01,Cashback Card,4665.82,0.0,M,1971-04-12,Primary,100008,,0.0,23,,,,NORM,0,9
9,Ismailia,2024-03-16,5000,A,NORM,Normal,0,2026-02-18,Business Credit Card,2478.0,2093.02,M,1971-04-12,Primary,100008,,0.0,23,,,,NORM,0,9
1,Cairo Main,2020-12-14,150000,A,30DD,30 Days Delinquent,30,2026-02-25,World Elite Card,-6819.52,143168.37,F,1992-05-22,Primary,100009,,21100.95,63,,,,30DD,0,10
1,Cairo Main,2021-08-20,100000,A,30DD,30 Days Delinquent,30,2026-02-23,Platinum Credit Card,89417.59,10089.89,M,1986-11-13,Primary,100010,,9069.09,55,,,,30DD,0,11
2,Giza,2023-06-14,10000,A,NORM,Normal,0,2026-02-21,Classic Credit Card,-410.95,9305.36,F,1992-10-30,Secondary,100011,,0.0,33,,,,NORM,0,12
2,Giza,2023-06-14,10000,A,NORM,Normal,0,2026-02-17,Cashback Card,3202.11,6432.97,F,1992-10-30,Secondary,100011,,0.0,33,,,,NORM,0,12
5,Tanta,2022-03-10,100000,A,30DD,30 Days Delinquent,30,2026-02-23,World Elite Card,79113.75,20494.34,M,1977-11-24,Primary,100012,,48576.71,48,,,,30DD,0,13
2,Giza,2021-09-15,10000,A,NORM,Normal,0,2026-02-28,Cashback Card,7334.64,2589.59,M,1961-05-29,Primary,100013,,0.0,54,,,,NORM,0,14
8,Zagazig,2023-04-22,75000,A,NORM,Normal,0,2026-02-21,Titanium Credit Card,32141.16,42724.63,F,1970-11-25,Primary,100014,,0.0,34,,,,NORM,0,15
1,Cairo Main,2021-10-21,10000,A,NORM,Normal,0,2026-02-15,Cashback Card,9424.94,468.8,F,1978-01-22,Primary,100015,,0.0,53,,,,NORM,0,16
2,Giza,2024-03-04,10000,A,NORM,Normal,0,2026-02-21,Business Credit Card,1171.88,8823.76,M,1979-11-17,Primary,100016,,0.0,24,,,,NORM,0,17
4,Mansoura,2022-07-01,5000,A,NORM,Normal,0,2026-02-18,Gold Credit Card,4308.9,624.56,F,1998-10-14,Primary,100017,,0.0,44,,,,NORM,0,18
3,Alexandria,2021-04-30,20000,A,60DA,60 Days Delinquent,60,2026-02-18,Cashback Card,-908.03,18658.43,M,1968-07-08,Primary,100018,,2174.07,58,,,,60DA,0,19
9,Ismailia,2018-08-21,150000,A,NEW,New,0,2026-03-01,World Elite Card,18885.96,131089.08,M,1967-01-23,Primary,100019,,0.0,91,,,,NEW,0,20
9,Ismailia,2018-08-21,150000,A,NORM,Normal,0,2026-02-28,Travel Rewards Card,2281.6,147545.91,M,1967-01-23,Primary,100019,,0.0,91,,,,NORM,0,20
2,Giza,2024-07-18,200000,A,NORM,Normal,0,2026-02-17,Platinum Credit Card,-7098.47,192780.53,F,1978-10-21,Primary,100020,,0.0,19,,,,NORM,0,21
6,Assiut,2018-10-25,5000,A,NORM,Normal,0,2026-02-26,Cashback Card,621.28,4213.63,M,1993-09-22,Primary,100021,,0.0,89,,,,NORM,0,22
6,Assiut,2018-10-25,5000,A,NORM,Normal,0,2026-02-23,Classic Credit Card,1904.93,2918.94,M,1993-09-22,Primary,100021,,0.0,89,,,,NORM,0,22
2,Giza,2020-09-27,50000,A,NORM,Normal,0,2026-02-20,Titanium Credit Card,16174.08,33360.22,F,1999-06-10,Secondary,100022,,0.0,66,,,,NORM,0,23
7,Luxor,2021-02-07,5000,A,30DD,30 Days Delinquent,30,2026-02-23,Classic Credit Card,1625.19,3071.66,F,1997-03-15,Primary,100024,,2234.79,61,,,,30DD,0,25
1,Cairo Main,2018-11-05,15000,A,NORM,Normal,0,2026-02-16,Gold Credit Card,4261.56,10274.52,M,1965-01-06,Primary,100025,,0.0,89,,,,NORM,0,26
6,Assiut,2020-10-19,10000,A,NORM,Normal,0,2026-02-23,Gold Credit Card,7731.85,2048.88,M,1969-06-03,Secondary,100026,,0.0,65,,,,NORM,0,27
6,Assiut,2020-10-19,10000,A,NORM,Normal,0,2026-03-01,Travel Rewards Card,8132.74,1507.55,M,1969-06-03,Secondary,100026,,0.0,65,,,,NORM,0,27
1,Cairo Main,2021-09-22,75000,A,NORM,Normal,0,2026-02-27,Platinum Credit Card,7430.32,67391.41,M,1968-01-17,Secondary,100027,,0.0,54,,,,NORM,0,28
5,Tanta,2020-07-21,20000,A,NORM,Normal,0,2026-02-22,Gold Credit Card,1148.97,18666.22,F,1996-10-21,Primary,100028,,0.0,68,,,,NORM,0,29
5,Tanta,2020-07-21,20000,A,NEW,New,0,2026-02-17,Cashback Card,13982.78,5935.67,F,1996-10-21,Primary,100028,,0.0,68,,,,NEW,0,29
6,Assiut,2019-04-18,30000,A,NORM,Normal,0,2026-02-28,Gold Credit Card,21468.47,8290.54,F,1961-03-28,Primary,100029,,0.0,83,,,,NORM,0,30
7,Luxor,2020-02-18,30000,A,NORM,Normal,0,2026-02-15,Classic Credit Card,21843.83,7985.68,F,1985-11-11,Primary,100030,,0.0,73,,,,NORM,0,31
7,Luxor,2020-02-18,30000,A,NORM,Normal,0,2026-02-19,Cashback Card,14645.53,15030.8,F,1985-11-11,Primary,100030,,0.0,73,,,,NORM,0,31
6,Assiut,2019-05-26,30000,A,60DA,60 Days Delinquent,60,2026-02-20,Gold Credit Card,-1071.25,28768.78,M,1989-10-03,Primary,100031,,15808.79,82,,,,60DA,0,32
10,Suez,2021-05-17,75000,A,NORM,Normal,0,2026-03-01,Titanium Credit Card,35369.02,39221.89,F,1985-07-12,Primary,100032,,0.0,58,,,,NORM,0,33
10,Suez,2021-05-17,75000,A,NORM,Normal,0,2026-02-15,Platinum Credit Card,62272.59,12306.22,F,1985-07-12,Primary,100032,,0.0,58,,,,NORM,0,33
9,Ismailia,2019-11-27,10000,A,90DA,90 Days Delinquent,90,2026-02-25,Cashback Card,269.14,9350.88,M,1981-03-23,Primary,100033,,2108.69,76,,,,90DA,0,34
3,Alexandria,2018-07-09,20000,A,NORM,Normal,0,2026-02-28,Business Credit Card,6188.65,13810.8,M,1961-02-04,Primary,100034,,0.0,93,,,,NORM,0,35
3,Alexandria,2018-07-09,20000,A,NORM,Normal,0,2026-02-21,Titanium Credit Card,-990.95,18938.27,M,1961-02-04,Primary,100034,,0.0,93,,,,NORM,0,35
7,Luxor,2019-08-28,5000,A,NORM,Normal,0,2026-02-18,Classic Credit Card,637.18,4023.91,M,1970-12-11,Secondary,100035,,0.0,79,,,,NORM,0,36
3,Alexandria,2023-03-19,150000,A,NEW,New,0,2026-02-16,Platinum Credit Card,2062.99,147754.63,F,1995-12-13,Secondary,100036,,0.0,35,,,,NEW,0,37
3,Alexandria,2023-03-19,150000,A,90DA,90 Days Delinquent,90,2026-02-17,Travel Rewards Card,49058.34,100921.31,F,1995-12-13,Secondary,100036,,55041.3,35,,,,90DA,0,37
5,Tanta,2020-10-09,30000,A,NORM,Normal,0,2026-02-18,Classic Credit Card,5379.45,24611.82,M,1993-09-21,Primary,100037,,0.0,65,,,,NORM,0,38
1,Cairo Main,2022-09-17,75000,A,NEW,New,0,2026-02-20,Platinum Credit Card,-6453.79,68535.58,F,1969-04-11,Primary,100039,,0.0,42,,,,NEW,0,40
1,Cairo Main,2022-09-17,75000,A,NORM,Normal,0,2026-02-26,World Elite Card,1478.89,73274.69,F,1969-04-11,Primary,100039,,0.0,42,,,,NORM,0,40
1,Cairo Main,2022-09-17,75000,A,NORM,Normal,0,2026-02-25,Cashback Card,47790.3,27187.77,F,1969-04-11,Primary,100039,,0.0,42,,,,NORM,0,40
9,Ismailia,2024-10-06,20000,A,NORM,Normal,0,2026-02-23,Business Credit Card,6427.84,13291.9,F,1995-11-18,Primary,100040,,0.0,17,,,,NORM,0,41
8,Zagazig,2021-10-14,75000,A,60DA,60 Days Delinquent,60,2026-02-20,Titanium Credit Card,20704.83,53847.95,M,1974-08-30,Primary,100042,,27205.47,53,,,,60DA,0,43
8,Zagazig,2021-10-14,75000,A,NORM,Normal,0,2026-02-16,Platinum Credit Card,12356.74,62522.03,M,1974-08-30,Primary,100042,,0.0,53,,,,NORM,0,43
4,Mansoura,2018-10-09,5000,A,NORM,Normal,0,2026-02-23,Classic Credit Card,3866.71,727.13,F,1989-02-28,Primary,100043,,0.0,90,,,,NORM,0,44
4,Mansoura,2018-10-09,5000,A,NORM,Normal,0,2026-02-18,Cashback Card,228.22,4443.08,F,1989-02-28,Primary,100043,,0.0,90,,,,NORM,0,44
4,Mansoura,2018-10-09,5000,A,NORM,Normal,0,2026-02-24,Platinum Credit Card,2328.31,2539.76,F,1989-02-28,Primary,100043,,0.0,90,,,,NORM,0,44
8,Zagazig,2020-11-15,50000,A,NORM,Normal,0,2026-02-25,Platinum Credit Card,-4862.78,44731.8,M,1991-05-18,Secondary,100044,,0.0,64,,,,NORM,0,45
8,Zagazig,2020-11-15,50000,A,NORM,Normal,0,2026-03-01,Travel Rewards Card,10970.2,38656.66,M,1991-05-18,Secondary,100044,,0.0,64,,,,NORM,0,45
7,Luxor,2020-03-23,10000,A,NEW,New,0,2026-02-14,Cashback Card,2548.16,7347.6,M,1992-01-27,Primary,100045,,0.0,72,,,,NEW,0,46
7,Luxor,2020-03-23,10000,A,30DD,30 Days Delinquent,30,2026-02-22,Gold Credit Card,6661.15,2899.3,M,1992-01-27,Primary,100045,,4328.41,72,,,,30DD,0,46
6,Assiut,2022-10-21,50000,A,30DD,30 Days Delinquent,30,2026-02-23,Titanium Credit Card,6396.2,43304.66,F,1983-11-24,Primary,100046,,22997.5,40,,,,30DD,0,47
3,Alexandria,2019-12-23,150000,A,NORM,Normal,0,2026-02-22,Platinum Credit Card,98775.15,50930.18,M,1979-07-15,Secondary,100047,,0.0,75,,,,NORM,0,48
3,Alexandria,2019-12-23,150000,A,NORM,Normal,0,2026-02-28,Travel Rewards Card,-14440.64,135089.1,M,1979-07-15,Secondary,100047,,0.0,75,,,,NORM,0,48
8,Zagazig,2023-03-19,200000,A,90DA,90 Days Delinquent,90,2026-02-21,Travel Rewards Card,111248.59,88726.12,M,1970-12-09,Primary,100048,,88881.61,35,,,,90DA,0,49
5,Tanta,2024-09-07,30000,A,NORM,Normal,0,2026-02-24,Classic Credit Card,-211.61,29403.23,M,1999-06-28,Primary,100049,,0.0,18,,,,NORM,0,50
1,Cairo Main,2021-04-20,20000,A,NORM,Normal,0,2026-02-16,Gold Credit Card,15026.26,4903.57,F,1964-03-04,Primary,100050,,0.0,59,,,,NORM,0,51
10,Suez,2023-11-19,200000,A,NORM,Normal,0,2026-02-26,Travel Rewards Card,85806.02,113704.61,M,1994-02-06,Secondary,100052,,0.0,27,,,,NORM,0,53
10,Suez,2023-11-19,200000,A,NORM,Normal,0,2026-02-18,Platinum Credit Card,28883.91,170616.74,M,1994-02-06,Secondary,100052,,0.0,27,,,,NORM,0,53
10,Suez,2023-11-19,200000,A,NORM,Normal,0,2026-02-26,Classic Credit Card,150581.84,49204.59,M,1994-02-06,Secondary,100052,,0.0,27,,,,NORM,0,53
2,Giza,2023-07-08,10000,A,NORM,Normal,0,2026-02-17,Classic Credit Card,5980.41,3840.82,M,1977-12-22,Primary,100054,,0.0,32,,,,NORM,0,55
2,Giza,2023-07-08,10000,A,NORM,Normal,0,2026-02-24,Cashback Card,8705.34,1208.71,M,1977-12-22,Primary,100054,,0.0,32,,,,NORM,0,55
10,Suez,2024-12-08,20000,A,NORM,Normal,0,2026-02-23,Gold Credit Card,12513.73,7480.67,M,1995-06-21,Primary,100055,,0.0,14,,,,NORM,0,56
5,Tanta,2023-02-03,10000,A,NORM,Normal,0,2026-02-19,Cashback Card,2338.91,7393.36,M,1991-07-14,Primary,100057,,0.0,37,,,,NORM,0,58
5,Tanta,2023-02-03,10000,A,NORM,Normal,0,2026-02-14,World Elite Card,3555.26,5957.47,M,1991-07-14,Primary,100057,,0.0,37,,,,NORM,0,58
3,Alexandria,2018-09-02,15000,A,60DA,60 Days Delinquent,60,2026-02-17,Cashback Card,13227.32,1710.28,F,1963-03-15,Primary,100058,,4246.94,91,,,,60DA,0,59
3,Alexandria,2018-09-02,15000,A,NORM,Normal,0,2026-02-18,Platinum Credit Card,-397.96,14190.56,F,1963-03-15,Primary,100058,,0.0,91,,,,NORM,0,59
9,Ismailia,2023-07-16,100000,A,NORM,Normal,0,2026-02-20,Platinum Credit Card,45952.07,54007.79,M,1984-03-22,Secondary,100059,,0.0,31,,,,NORM,0,60
1,Cairo Main,2021-01-08,200000,A,NORM,Normal,0,2026-02-14,World Elite Card,179057.77,20661.64,F,1994-04-21,Primary,100060,,0.0,62,,,,NORM,0,61
1,Cairo Main,2021-01-08,200000,A,NORM,Normal,0,2026-02-23,Travel Rewards Card,28912.06,171079.61,F,1994-04-21,Primary,100060,,0.0,62,,,,NORM,0,61
8,Zagazig,2022-07-31,50000,A,NORM,Normal,0,2026-02-18,Travel Rewards Card,34597.35,15391.17,M,1975-08-10,Primary,100061,,0.0,43,,,,NORM,0,62
6,Assiut,2022-07-14,150000,A,NORM,Normal,0,2026-02-26,Platinum Credit Card,14772.63,134925.01,F,1965-03-14,Primary,100062,,0.0,44,,,,NORM,0,63
6,Assiut,2022-07-14,150000,A,NORM,Normal,0,2026-02-23,Travel Rewards Card,-8408.98,141199.79,F,1965-03-14,Primary,100062,,0.0,44,,,,NORM,0,63
5,Tanta,2019-06-21,30000,A,NORM,Normal,0,2026-02-16,Gold Credit Card,2441.97,27365.58,F,1984-08-20,Primary,100063,,0.0,81,,,,NORM,0,64
5,Tanta,2019-06-21,30000,A,NEW,New,0,2026-02-20,Cashback Card,8449.62,21315.59,F,1984-08-20,Primary,100063,,0.0,81,,,,NEW,0,64
5,Tanta,2019-06-21,30000,A,NORM,Normal,0,2026-02-21,Business Credit Card,24850.08,4804.73,F,1984-08-20,Primary,100063,,0.0,81,,,,NORM,0,64
2,Giza,2019-04-10,100000,A,NORM,Normal,0,2026-02-20,Travel Rewards Card,41759.42,58136.44,F,1970-01-29,Secondary,100064,,0.0,83,,,,NORM,0,65
9,Ismailia,2022-04-21,20000,A,NORM,Normal,0,2026-02-16,Classic Credit Card,13215.63,6644.03,F,1966-06-27,Secondary,100065,,0.0,47,,,,NORM,0,66
1,Cairo Main,2021-05-07,200000,A,30DD,30 Days Delinquent,30,2026-02-21,Platinum Credit Card,67954.95,131581.31,F,1972-09-08,Secondary,100066,,61936.54,58,,,,30DD,0,67
1,Cairo Main,2021-05-07,200000,A,NEW,New,0,2026-02-18,World Elite Card,159791.42,39877.9,F,1972-09-08,Secondary,100066,,0.0,58,,,,NEW,0,67
1,Cairo Main,2021-05-07,200000,A,NEW,New,0,2026-02-16,Titanium Credit Card,159481.96,40101.98,F,1972-09-08,Secondary,100066,,0.0,58,,,,NEW,0,67
1,Cairo Main,2021-05-07,200000,A,NORM,Normal,0,2026-02-15,Cashback Card,30470.89,169514.46,F,1972-09-08,Secondary,100066,,0.0,58,,,,NORM,0,67
7,Luxor,2022-08-10,5000,A,NORM,Normal,0,2026-02-24,Cashback Card,2166.44,2529.09,M,1970-06-23,Primary,100067,,0.0,43,,,,NORM,0,68
7,Luxor,2022-08-10,5000,A,90DA,90 Days Delinquent,90,2026-02-20,Business Credit Card,2702.94,2187.84,M,1970-06-23,Primary,100067,,2572.8,43,,,,90DA,0,68
9,Ismailia,2021-09-21,10000,A,NORM,Normal,0,2026-02-28,Gold Credit Card,5269.16,4562.23,M,1986-06-22,Primary,100068,,0.0,54,,,,NORM,0,69
10,Suez,2022-06-17,10000,A,NORM,Normal,0,2026-02-21,Titanium Credit Card,7638.68,2335.75,M,1991-01-27,Primary,100069,,0.0,45,,,,NORM,0,70
10,Suez,2022-06-17,10000,A,NEW,New,0,2026-02-15,Platinum Credit Card,1059.59,8917.57,M,1991-01-27,Primary,100069,,0.0,45,,,,NEW,0,70
4,Mansoura,2019-01-06,75000,A,NORM,Normal,0,2026-02-19,Travel Rewards Card,65373.37,9594.91,F,1993-07-01,Primary,100070,,0.0,87,,,,NORM,0,71
6,Assiut,2019-08-20,20000,A,NORM,Normal,0,2026-03-01,Cashback Card,12208.26,7447.18,M,1979-04-27,Primary,100071,,0.0,79,,,,NORM,0,72
4,Mansoura,2024-07-16,15000,A,30DD,30 Days Delinquent,30,2026-02-27,Gold Credit Card,13610.89,1342.0,F,1982-04-28,Primary,100072,,2282.6,19,,,,30DD,0,73
8,Zagazig,2024-08-03,30000,A,NORM,Normal,0,2026-02-22,Gold Credit Card,18539.07,11124.76,M,1975-07-02,Primary,100073,,0.0,19,,,,NORM,0,74
10,Suez,2021-04-24,5000,A,NEW,New,0,2026-02-18,Cashback Card,942.55,3622.98,F,1973-04-09,Secondary,100074,,0.0,59,,,,NEW,0,75
10,Suez,2021-12-14,20000,A,NORM,Normal,0,2026-02-24,Cashback Card,9578.57,10001.18,M,1995-12-21,Primary,100075,,0.0,51,,,,NORM,0,76
10,Suez,2021-12-14,20000,A,30DD,30 Days Delinquent,30,2026-02-18,Business Credit Card,8995.02,10757.02,M,1995-12-21,Primary,100075,,6578.09,51,,,,30DD,0,76
10,Suez,2019-06-23,10000,A,NORM,Normal,0,2026-02-27,Gold Credit Card,5635.17,4149.14,F,1976-05-13,Primary,100076,,0.0,81,,,,NORM,0,77
5,Tanta,2023-05-28,30000,A,NORM,Normal,0,2026-02-18,Gold Credit Card,17965.21,11573.21,F,1996-12-28,Primary,100077,,0.0,33,,,,NORM,0,78
5,Tanta,2023-05-28,30000,A,30DD,30 Days Delinquent,30,2026-02-24,Platinum Credit Card,19003.94,10534.16,F,1996-12-28,Primary,100077,,7812.88,33,,,,30DD,0,78
5,Tanta,2019-05-22,100000,A,NORM,Normal,0,2026-02-25,Platinum Credit Card,15982.33,83892.58,M,1984-01-26,Primary,100078,,0.0,82,,,,NORM,0,79
6,Assiut,2020-06-25,10000,A,NORM,Normal,0,2026-02-26,Gold Credit Card,3455.31,6287.84,M,1987-05-14,Primary,100079,,0.0,69,,,,NORM,0,80
6,Assiut,2020-06-25,10000,A,NORM,Normal,0,2026-02-28,Cashback Card,677.73,9027.69,M,1987-05-14,Primary,100079,,0.0,69,,,,NORM,0,80
6,Assiut,2020-06-25,10000,A,NEW,New,0,2026-02-22,Classic Credit Card,3530.62,6459.29,M,1987-05-14,Primary,100079,,0.0,69,,,,NEW,0,80
10,Suez,2021-02-19,5000,A,60DA,60 Days Delinquent,60,2026-02-16,Gold Credit Card,3812.91,917.16,F,1978-04-22,Primary,100081,,2794.21,61,,,,60DA,0,82
7,Luxor,2020-02-17,10000,A,NORM,Normal,0,2026-02-22,Classic Credit Card,819.06,8800.65,F,1972-05-17,Primary,100082,,0.0,73,,,,NORM,0,83
4,Mansoura,2024-03-20,20000,A,NEW,New,0,2026-02-27,Classic Credit Card,18102.66,1743.05,M,1963-01-29,Primary,100083,,0.0,23,,,,NEW,0,84
9,Ismailia,2019-12-16,10000,A,NORM,Normal,0,2026-02-20,Gold Credit Card,2877.62,6714.42,F,1971-03-30,Primary,100084,,0.0,75,,,,NORM,0,85
3,Alexandria,2022-09-21,150000,A,NORM,Normal,0,2026-02-22,Platinum Credit Card,12673.42,136965.4,M,1993-04-09,Secondary,100085,,0.0,41,,,,NORM,0,86
3,Alexandria,2022-09-21,150000,A,90DA,90 Days Delinquent,90,2026-02-26,Travel Rewards Card,54546.24,95220.48,M,1993-04-09,Secondary,100085,,54770.88,41,,,,90DA,0,86
5,Tanta,2018-05-08,5000,A,NORM,Normal,0,2026-02-27,Business Credit Card,997.5,3873.12,M,1980-07-18,Primary,100086,,0.0,95,,,,NORM,0,87
5,Tanta,2018-05-08,5000,A,30DD,30 Days Delinquent,30,2026-02-27,Gold Credit Card,805.84,3752.69,M,1980-07-18,Primary,100086,,1431.28,95,,,,30DD,0,87
3,Alexandria,2024-07-25,150000,A,NORM,Normal,0,2026-02-15,Platinum Credit Card,92622.89,57319.76,M,1972-05-02,Primary,100087,,0.0,19,,,,NORM,0,88
6,Assiut,2023-02-01,75000,A,NORM,Normal,0,2026-02-14,World Elite Card,40882.72,33745.46,F,1997-02-11,Secondary,100088,,0.0,37,,,,NORM,0,89
2,Giza,2018-12-16,10000,A,NORM,Normal,0,2026-02-27,Cashback Card,5233.89,4643.02,M,1997-04-23,Primary,100089,,0.0,87,,,,NORM,0,90
6,Assiut,2019-05-16,75000,A,30DD,30 Days Delinquent,30,2026-02-25,Titanium Credit Card,26768.02,47989.96,F,1990-01-20,Primary,100090,,34892.98,82,,,,30DD,0,91
6,Assiut,2019-05-16,75000,A,NORM,Normal,0,2026-02-27,Business Credit Card,27313.09,47540.9,F,1990-01-20,Primary,100090,,0.0,82,,,,NORM,0,91
6,Assiut,2019-05-16,75000,A,NORM,Normal,0,2026-03-01,Travel Rewards Card,17526.44,57468.38,F,1990-01-20,Primary,100090,,0.0,82,,,,NORM,0,91
4,Mansoura,2023-05-30,20000,A,60DA,60 Days Delinquent,60,2026-02-23,Cashback Card,8935.6,10784.17,F,1966-12-10,Primary,100091,,6881.94,33,,,,60DA,0,92
10,Suez,2024-03-30,5000,A,NORM,Normal,0,2026-02-17,Cashback Card,-209.73,4493.05,F,1987-07-10,Secondary,100092,,0.0,23,,,,NORM,0,93
10,Suez,2024-03-30,5000,A,NORM,Normal,0,2026-02-23,Platinum Credit Card,3590.33,1273.57,F,1987-07-10,Secondary,100092,,0.0,23,,,,NORM,0,93
10,Suez,2024-03-30,5000,A,NORM,Normal,0,2026-02-25,Classic Credit Card,1326.92,3360.36,F,1987-07-10,Secondary,100092,,0.0,23,,,,NORM,0,93
3,Alexandria,2019-08-10,200000,A,NORM,Normal,0,2026-02-25,World Elite Card,-10622.76,188932.91,F,1999-01-07,Primary,100093,,0.0,79,,,,NORM,0,94
6,Assiut,2024-05-13,200000,A,NORM,Normal,0,2026-02-24,Travel Rewards Card,693.41,199038.88,F,1994-11-05,Primary,100094,,0.0,21,,,,NORM,0,95
6,Assiut,2024-05-13,200000,A,NORM,Normal,0,2026-02-27,Business Credit Card,95536.38,104365.13,F,1994-11-05,Primary,100094,,0.0,21,,,,NORM,0,95
8,Zagazig,2021-01-23,20000,A,NORM,Normal,0,2026-02-16,Gold Credit Card,13196.96,6484.45,F,1978-07-30,Primary,100095,,0.0,62,,,,NORM,0,96
1,Cairo Main,2020-04-17,30000,A,NEW,New,0,2026-02-14,Gold Credit Card,18028.28,11928.74,F,1960-05-05,Primary,100096,,0.0,71,,,,NEW,0,97
1,Cairo Main,2020-04-17,30000,A,NEW,New,0,2026-02-20,Cashback Card,11674.48,18070.38,F,1960-05-05,Primary,100096,,0.0,71,,,,NEW,0,97
7,Luxor,2020-07-31,150000,A,NORM,Normal,0,2026-02-21,Platinum Credit Card,-8268.18,141555.03,F,1983-11-21,Secondary,100097,,0.0,67,,,,NORM,0,98
7,Luxor,2020-07-31,150000,A,NORM,Normal,0,2026-02-16,Travel Rewards Card,59637.55,90358.03,F,1983-11-21,Secondary,100097,,0.0,67,,,,NORM,0,98
7,Luxor,2022-07-15,75000,A,NORM,Normal,0,2026-02-27,Platinum Credit Card,-1127.0,73817.94,M,1985-09-20,Primary,100098,,0.0,44,,,,NORM,0,99
7,Luxor,2022-06-29,150000,A,NORM,Normal,0,2026-02-14,Platinum Credit Card,25877.82,123940.5,M,1986-06-01,Primary,100099,,0.0,44,,,,NORM,0,100
6,Assiut,2019-08-28,20000,A,NORM,Normal,0,2026-02-16,Classic Credit Card,15276.75,4423.23,M,1992-08-17,Secondary,100100,,0.0,79,,,,NORM,0,101
10,Suez,2024-07-01,100000,A,NORM,Normal,0,2026-02-16,Platinum Credit Card,61857.31,38084.53,F,1994-01-31,Primary,100101,,0.0,20,,,,NORM,0,102
10,Suez,2024-07-01,100000,A,NORM,Normal,0,2026-02-17,Gold Credit Card,27209.42,72737.3,F,1994-01-31,Primary,100101,,0.0,20,,,,NORM,0,102
10,Suez,2021-12-12,150000,A,90DA,90 Days Delinquent,90,2026-02-23,Platinum Credit Card,70664.69,78865.33,M,1962-07-09,Primary,100102,,33816.85,51,,,,90DA,0,103
8,Zagazig,2024-03-20,5000,A,30DD,30 Days Delinquent,30,2026-02-20,Travel Rewards Card,3266.29,1256.03,F,1986-01-12,Primary,100103,,2168.04,23,,,,30DD,0,104
8,Zagazig,2024-03-20,5000,A,NORM,Normal,0,2026-03-01,Gold Credit Card,2094.76,2802.84,F,1986-01-12,Primary,100103,,0.0,23,,,,NORM,0,104
2,Giza,2021-11-07,10000,A,NORM,Normal,0,2026-02-20,Classic Credit Card,3799.33,5811.1,M,1996-05-17,Primary,100104,,0.0,52,,,,NORM,0,105
2,Giza,2021-11-07,10000,A,NORM,Normal,0,2026-02-17,Cashback Card,2102.98,7783.64,M,1996-05-17,Primary,100104,,0.0,52,,,,NORM,0,105
7,Luxor,2021-10-17,200000,A,NORM,Normal,0,2026-02-21,Platinum Credit Card,173847.18,26021.85,F,1994-09-27,Primary,100105,,0.0,53,,,,NORM,0,106
4,Mansoura,2019-09-27,10000,A,NEW,New,0,2026-02-28,Classic Credit Card,5943.87,3972.3,M,1966-03-03,Primary,100108,,0.0,78,,,,NEW,0,109
4,Mansoura,2019-09-27,10000,A,NORM,Normal,0,2026-02-25,Cashback Card,-541.35,9326.54,M,1966-03-03,Primary,100108,,0.0,78,,,,NORM,0,109
4,Mansoura,2019-09-27,10000,A,NORM,Normal,0,2026-02-26,Travel Rewards Card,346.97,9574.59,M,1966-03-03,Primary,100108,,0.0,78,,,,NORM,0,109
3,Alexandria,2019-11-10,100000,A,NORM,Normal,0,2026-02-28,World Elite Card,36866.75,62841.56,M,1997-04-16,Primary,100109,,0.0,76,,,,NORM,0,110
6,Assiut,2024-05-25,100000,A,30DD,30 Days Delinquent,30,2026-02-21,Platinum Credit Card,45211.13,54424.32,M,1990-06-05,Secondary,100110,,50272.42,21,,,,30DD,0,111
6,Assiut,2024-05-25,100000,A,NORM,Normal,0,2026-02-19,Travel Rewards Card,54501.54,45186.32,M,1990-06-05,Secondary,100110,,0.0,21,,,,NORM,0,111
6,Assiut,2019-02-25,150000,A,NORM,Normal,0,2026-02-16,World Elite Card,4567.61,145292.81,M,1984-11-15,Secondary,100111,,0.0,85,,,,NORM,0,112
6,Assiut,2022-08-27,5000,A,NORM,Normal,0,2026-02-26,Classic Credit Card,3373.29,1350.26,M,1961-03-12,Primary,100112,,0.0,42,,,,NORM,0,113
3,Alexandria,2018-06-06,30000,A,NORM,Normal,0,2026-02-19,Business Credit Card,-575.46,29318.91,M,1966-03-04,Secondary,100113,,0.0,94,,,,NORM,0,114
4,Mansoura,2019-09-05,150000,A,NORM,Normal,0,2026-02-16,World Elite Card,113831.24,35796.34,M,1997-06-15,Primary,100114,,0.0,78,,,,NORM,0,115
2,Giza,2023-08-10,200000,A,NEW,New,0,2026-02-27,World Elite Card,25762.91,173780.16,F,1964-12-21,Primary,100115,,0.0,31,,,,NEW,0,116
2,Giza,2022-01-17,10000,A,NORM,Normal,0,2026-02-28,Cashback Card,7955.93,1688.81,F,1983-06-25,Primary,100116,,0.0,50,,,,NORM,0,117
5,Tanta,2018-03-08,50000,A,NORM,Normal,0,2026-03-01,Platinum Credit Card,-2513.54,47104.66,M,1993-07-10,Primary,100117,,0.0,97,,,,NORM,0,118
8,Zagazig,2023-05-15,15000,A,NORM,Normal,0,2026-02-26,Gold Credit Card,1469.27,13189.1,M,1991-03-12,Secondary,100118,,0.0,34,,,,NORM,0,119
9,Ismailia,2024-02-03,100000,A,30DD,30 Days Delinquent,30,2026-02-14,World Elite Card,34267.13,65672.6,F,1977-11-11,Primary,100119,,50335.92,25,,,,30DD,0,120
7,Luxor,2022-12-07,75000,A,NORM,Normal,0,2026-02-28,Titanium Credit Card,-4615.31,69960.75,F,1993-05-05,Primary,100120,,0.0,39,,,,NORM,0,121
7,Luxor,2022-12-07,75000,A,NEW,New,0,2026-02-19,Travel Rewards Card,51541.64,23272.57,F,1993-05-05,Primary,100120,,0.0,39,,,,NEW,0,121
7,Luxor,2022-12-07,75000,A,NORM,Normal,0,2026-02-26,World Elite Card,68705.26,5860.95,F,1993-05-05,Primary,100120,,0.0,39,,,,NORM,0,121
9,Ismailia,2021-08-08,10000,A,NORM,Normal,0,2026-02-24,Gold Credit Card,7491.58,2473.55,F,1973-03-06,Primary,100121,,0.0,55,,,,NORM,0,122
10,Suez,2021-01-29,5000,A,NORM,Normal,0,2026-02-21,Gold Credit Card,3380.03,1129.24,M,1979-07-06,Secondary,100122,,0.0,61,,,,NORM,0,123
3,Alexandria,2020-08-24,50000,A,NORM,Normal,0,2026-02-21,Platinum Credit Card,23455.0,26428.36,F,1963-01-06,Primary,100123,,0.0,67,,,,NORM,0,124
9,Ismailia,2022-06-19,50000,A,NORM,Normal,0,2026-02-26,Platinum Credit Card,35559.42,14314.74,M,1976-06-17,Primary,100124,,0.0,45,,,,NORM,0,125
4,Mansoura,2021-03-15,100000,A,NORM,Normal,0,2026-02-14,World Elite Card,15447.95,84104.67,F,1987-06-12,Primary,100125,,0.0,60,,,,NORM,0,126
9,Ismailia,2021-05-13,15000,A,60DA,60 Days Delinquent,60,2026-02-20,Cashback Card,10708.93,3980.19,M,1973-01-09,Primary,100126,,6030.2,58,,,,60DA,0,127
9,Ismailia,2021-05-13,15000,A,NORM,Normal,0,2026-02-28,Gold Credit Card,635.88,14225.34,M,1973-01-09,Primary,100126,,0.0,58,,,,NORM,0,127
6,Assiut,2024-06-02,50000,A,NEW,New,0,2026-02-23,Platinum Credit Card,4231.7,45714.49,F,1984-11-07,Primary,100127,,0.0,21,,,,NEW,0,128
6,Assiut,2024-04-27,5000,A,30DD,30 Days Delinquent,30,2026-03-01,Cashback Card,789.58,3843.66,F,1997-10-17,Primary,100131,,1584.7,22,,,,30DD,0,132
9,Ismailia,2021-05-22,100000,A,30DD,30 Days Delinquent,30,2026-02-21,Platinum Credit Card,22550.41,77315.36,F,1972-12-28,Primary,100132,,18143.59,58,,,,30DD,0,133
9,Ismailia,2021-05-22,100000,A,NORM,Normal,0,2026-02-18,Travel Rewards Card,62778.36,37099.31,F,1972-12-28,Primary,100132,,0.0,58,,,,NORM,0,133
6,Assiut,2019-08-12,50000,A,NORM,Normal,0,2026-02-26,Titanium Credit Card,13429.46,36123.32,M,1987-03-19,Primary,100133,,0.0,79,,,,NORM,0,134
6,Assiut,2019-08-12,50000,A,30DD,30 Days Delinquent,30,2026-02-20,World Elite Card,46443.42,3348.32,M,1987-03-19,Primary,100133,,8581.95,79,,,,30DD,0,134
5,Tanta,2020-10-12,15000,A,NORM,Normal,0,2026-02-23,Gold Credit Card,6991.64,7655.02,M,1980-03-02,Secondary,100134,,0.0,65,,,,NORM,0,135
6,Assiut,2018-07-27,30000,A,NEW,New,0,2026-02-28,Cashback Card,2709.02,27002.03,M,1962-03-08,Secondary,100136,,0.0,92,,,,NEW,0,137
5,Tanta,2022-02-07,75000,A,NORM,Normal,0,2026-02-16,Platinum Credit Card,48501.09,26282.52,F,1992-08-19,Primary,100137,,0.0,49,,,,NORM,0,138
10,Suez,2024-11-07,10000,A,NEW,New,0,2026-02-21,Gold Credit Card,1454.14,8277.23,M,1990-07-09,Primary,100138,,0.0,15,,,,NEW,0,139
10,Suez,2024-11-07,10000,A,30DD,30 Days Delinquent,30,2026-02-24,Titanium Credit Card,8015.95,1837.02,M,1990-07-09,Primary,100138,,2582.01,15,,,,30DD,0,139
10,Suez,2024-11-07,10000,A,NORM,Normal,0,2026-02-22,Business Credit Card,1116.5,8733.55,M,1990-07-09,Primary,100138,,0.0,15,,,,NORM,0,139
1,Cairo Main,2018-06-09,15000,A,NORM,Normal,0,2026-02-17,Cashback Card,114.81,14406.66,M,1962-01-12,Primary,100139,,0.0,94,,,,NORM,0,140
1,Cairo Main,2018-06-09,15000,A,60DA,60 Days Delinquent,60,2026-02-24,Titanium Credit Card,6496.75,8115.23,M,1962-01-12,Primary,100139,,3576.76,94,,,,60DA,0,140
3,Alexandria,2024-11-30,30000,A,NORM,Normal,0,2026-02-19,Cashback Card,26728.96,2798.68,F,1977-08-17,Primary,100140,,0.0,15,,,,NORM,0,141
6,Assiut,2019-03-25,75000,A,NORM,Normal,0,2026-02-18,Platinum Credit Card,57168.91,17820.24,F,1990-03-23,Primary,100141,,0.0,84,,,,NORM,0,142
3,Alexandria,2020-09-19,5000,A,NEW,New,0,2026-02-18,Classic Credit Card,4242.96,495.51,M,1996-11-09,Primary,100142,,0.0,66,,,,NEW,0,143
3,Alexandria,2020-09-19,5000,A,NORM,Normal,0,2026-02-14,World Elite Card,1215.49,3623.15,M,1996-11-09,Primary,100142,,0.0,66,,,,NORM,0,143
9,Ismailia,2024-11-09,100000,A,NORM,Normal,0,2026-02-28,World Elite Card,74269.61,25468.87,F,1994-10-06,Primary,100143,,0.0,15,,,,NORM,0,144
9,Ismailia,2024-11-09,100000,A,NORM,Normal,0,2026-02-23,Travel Rewards Card,4319.3,95426.37,F,1994-10-06,Primary,100143,,0.0,15,,,,NORM,0,144
9,Ismailia,2024-02-16,50000,A,60DA,60 Days Delinquent,60,2026-02-16,Platinum Credit Card,27052.33,22746.69,F,1975-05-10,Primary,100144,,11630.09,24,,,,60DA,0,145
9,Ismailia,2024-02-16,50000,A,NEW,New,0,2026-02-15,Titanium Credit Card,18991.72,30803.99,F,1975-05-10,Primary,100144,,0.0,24,,,,NEW,0,145
6,Assiut,2021-11-29,150000,A,NORM,Normal,0,2026-02-28,Platinum Credit Card,120968.24,28604.2,F,1981-07-10,Primary,100145,,0.0,51,,,,NORM,0,146
8,Zagazig,2020-11-16,100000,A,NORM,Normal,0,2026-02-23,Platinum Credit Card,-1386.28,98600.56,M,1989-06-04,Primary,100146,,0.0,64,,,,NORM,0,147
4,Mansoura,2019-02-15,75000,A,NORM,Normal,0,2026-02-27,Travel Rewards Card,49821.78,25178.19,F,1962-05-10,Primary,100147,,0.0,85,,,,NORM,0,148
7,Luxor,2023-07-23,15000,A,30DD,30 Days Delinquent,30,2026-02-16,Classic Credit Card,1719.46,12933.39,F,1995-05-06,Primary,100149,,8742.08,31,,,,30DD,0,150
8,Zagazig,2019-07-04,150000,A,90DA,90 Days Delinquent,90,2026-02-14,World Elite Card,26626.23,123284.8,M,1999-11-21,Primary,100150,,50708.61,81,,,,90DA,0,151
4,Mansoura,2024-11-07,75000,A,NORM,Normal,0,2026-02-28,Platinum Credit Card,18576.73,56200.42,F,1967-11-15,Secondary,100151,,0.0,15,,,,NORM,0,152
8,Zagazig,2019-10-17,75000,A,NORM,Normal,0,2026-02-27,Titanium Credit Card,57935.06,16807.86,M,1973-10-05,Primary,100153,,0.0,77,,,,NORM,0,154
8,Zagazig,2019-10-17,75000,A,NORM,Normal,0,2026-02-16,Travel Rewards Card,43437.47,31276.04,M,1973-10-05,Primary,100153,,0.0,77,,,,NORM,0,154
8,Zagazig,2019-10-17,75000,A,30DD,30 Days Delinquent,30,2026-02-27,Classic Credit Card,7924.16,66819.77,M,1973-10-05,Primary,100153,,10322.69,77,,,,30DD,0,154
3,Alexandria,2024-10-17,50000,A,90DA,90 Days Delinquent,90,2026-02-23,Titanium Credit Card,18061.93,31649.02,M,1980-05-29,Primary,100154,,18231.92,16,,,,90DA,0,155
2,Giza,2019-04-05,5000,A,NORM,Normal,0,2026-02-25,Classic Credit Card,4180.55,625.8,F,1985-04-22,Primary,100155,,0.0,84,,,,NORM,0,156
2,Giza,2019-04-05,5000,A,NORM,Normal,0,2026-02-21,Cashback Card,832.08,3827.92,F,1985-04-22,Primary,100155,,0.0,84,,,,NORM,0,156
2,Giza,2019-04-05,5000,A,NORM,Normal,0,2026-02-27,Platinum Credit Card,3378.44,1499.26,F,1985-04-22,Primary,100155,,0.0,84,,,,NORM,0,156
8,Zagazig,2023-09-22,100000,A,NORM,Normal,0,2026-02-28,Platinum Credit Card,36173.16,63616.0,M,1964-01-29,Primary,100156,,0.0,29,,,,NORM,0,157
10,Suez,2018-07-05,75000,A,NORM,Normal,0,2026-02-15,Platinum Credit Card,27661.92,47198.11,F,1963-04-11,Primary,100157,,0.0,93,,,,NORM,0,158
10,Suez,2018-07-05,75000,A,30DD,30 Days Delinquent,30,2026-02-19,Titanium Credit Card,62602.63,12203.31,F,1963-04-11,Primary,100157,,42472.44,93,,,,30DD,0,158
1,Cairo Main,2020-04-24,10000,A,NORM,Normal,0,2026-02-15,Gold Credit Card,5168.05,4407.73,M,1970-10-18,Primary,100160,,0.0,71,,,,NORM,0,161
4,Mansoura,2018-08-20,15000,A,NORM,Normal,0,2026-02-14,Classic Credit Card,12235.88,2752.86,F,1993-11-02,Secondary,100161,,0.0,91,,,,NORM,0,162
4,Mansoura,2018-08-20,15000,A,NORM,Normal,0,2026-02-27,Travel Rewards Card,5511.15,9388.99,F,1993-11-02,Secondary,100161,,0.0,91,,,,NORM,0,162
4,Mansoura,2018-08-20,15000,A,NORM,Normal,0,2026-02-28,Cashback Card,10737.05,4233.25,F,1993-11-02,Secondary,100161,,0.0,91,,,,NORM,0,162
4,Mansoura,2018-08-20,15000,A,NORM,Normal,0,2026-02-16,Titanium Credit Card,11904.92,2725.84,F,1993-11-02,Secondary,100161,,0.0,91,,,,NORM,0,162
7,Luxor,2021-02-01,5000,A,NORM,Normal,0,2026-02-19,Cashback Card,771.38,4083.37,F,1973-06-24,Primary,100162,,0.0,61,,,,NORM,0,163
7,Luxor,2021-02-01,5000,A,NORM,Normal,0,2026-03-01,Business Credit Card,4665.23,19.12,F,1973-06-24,Primary,100162,,0.0,61,,,,NORM,0,163
9,Ismailia,2022-09-02,75000,A,NORM,Normal,0,2026-02-27,Platinum Credit Card,59868.04,14846.65,M,1974-04-19,Secondary,100163,,0.0,42,,,,NORM,0,164
7,Luxor,2024-04-01,150000,A,NORM,Normal,0,2026-02-16,Platinum Credit Card,140862.0,8805.16,M,1978-09-07,Primary,100164,,0.0,23,,,,NORM,0,165
5,Tanta,2024-10-13,200000,A,90DA,90 Days Delinquent,90,2026-02-27,World Elite Card,85391.48,114312.74,M,1976-12-01,Secondary,100165,,48192.71,16,,,,90DA,0,166
5,Tanta,2024-10-13,200000,A,NORM,Normal,0,2026-02-16,Cashback Card,74222.23,125316.11,M,1976-12-01,Secondary,100165,,0.0,16,,,,NORM,0,166
1,Cairo Main,2020-02-18,10000,A,NORM,Normal,0,2026-02-17,Business Credit Card,3846.36,5861.86,F,1969-07-02,Primary,100166,,0.0,73,,,,NORM,0,167
1,Cairo Main,2020-02-18,10000,A,NEW,New,0,2026-02-17,Cashback Card,6773.93,2870.06,F,1969-07-02,Primary,100166,,0.0,73,,,,NEW,0,167
1,Cairo Main,2020-02-18,10000,A,NORM,Normal,0,2026-02-24,Gold Credit Card,4530.92,5159.67,F,1969-07-02,Primary,100166,,0.0,73,,,,NORM,0,167
9,Ismailia,2022-01-11,30000,A,NORM,Normal,0,2026-02-16,Gold Credit Card,2685.14,26962.67,M,1989-02-05,Primary,100167,,0.0,50,,,,NORM,0,168
10,Suez,2020-06-25,15000,A,NORM,Normal,0,2026-02-16,Cashback Card,11701.27,2958.53,M,1998-10-05,Primary,100168,,0.0,69,,,,NORM,0,169
10,Suez,2020-10-03,100000,A,NORM,Normal,0,2026-02-17,Platinum Credit Card,27228.1,72663.76,M,1997-05-19,Primary,100169,,0.0,65,,,,NORM,0,170
10,Suez,2020-10-03,100000,A,NORM,Normal,0,2026-02-27,Travel Rewards Card,81099.56,18793.83,M,1997-05-19,Primary,100169,,0.0,65,,,,NORM,0,170
3,Alexandria,2024-02-17,100000,A,NORM,Normal,0,2026-02-20,World Elite Card,7604.26,92168.14,F,1992-04-23,Primary,100170,,0.0,24,,,,NORM,0,171
3,Alexandria,2024-02-17,100000,A,NORM,Normal,0,2026-02-24,Travel Rewards Card,17557.84,82390.6,F,1992-04-23,Primary,100170,,0.0,24,,,,NORM,0,171
3,Alexandria,2024-02-17,100000,A,NORM,Normal,0,2026-02-16,Classic Credit Card,57739.67,41841.18,F,1992-04-23,Primary,100170,,0.0,24,,,,NORM,0,171
5,Tanta,2023-08-20,75000,A,NORM,Normal,0,2026-02-21,Platinum Credit Card,3631.65,71111.29,F,1960-10-07,Primary,100172,,0.0,30,,,,NORM,0,173
7,Luxor,2024-05-03,20000,A,90DA,90 Days Delinquent,90,2026-02-18,Classic Credit Card,9224.75,10735.98,F,1980-08-03,Primary,100173,,2915.43,22,,,,90DA,0,174
1,Cairo Main,2018-02-08,15000,A,NORM,Normal,0,2026-02-28,Gold Credit Card,7986.5,6841.64,M,1988-07-24,Secondary,100174,,0.0,98,,,,NORM,0,175
4,Mansoura,2024-05-10,100000,A,30DD,30 Days Delinquent,30,2026-02-17,World Elite Card,61128.75,38384.52,F,1998-12-10,Primary,100175,,55042.09,22,,,,30DD,0,176
9,Ismailia,2021-11-17,5000,A,NORM,Normal,0,2026-02-27,Classic Credit Card,3982.53,723.67,M,1993-06-09,Primary,100177,,0.0,52,,,,NORM,0,178
4,Mansoura,2024-03-15,75000,A,NORM,Normal,0,2026-02-27,Titanium Credit Card,-3130.39,71771.57,F,1975-12-17,Primary,100178,,0.0,23,,,,NORM,0,179
5,Tanta,2022-04-06,15000,A,NORM,Normal,0,2026-02-24,Classic Credit Card,502.38,14194.27,F,1966-12-01,Primary,100179,,0.0,47,,,,NORM,0,180
2,Giza,2022-11-01,100000,A,30DD,30 Days Delinquent,30,2026-02-28,Platinum Credit Card,82011.66,17701.22,F,1968-05-28,Secondary,100180,,44801.49,40,,,,30DD,0,181
7,Luxor,2018-12-13,150000,A,NORM,Normal,0,2026-02-23,World Elite Card,-5028.01,144814.79,F,1977-05-24,Primary,100181,,0.0,87,,,,NORM,0,182
7,Luxor,2022-09-21,30000,A,NORM,Normal,0,2026-02-19,Business Credit Card,9649.69,20251.99,M,1972-05-18,Primary,100182,,0.0,41,,,,NORM,0,183
7,Luxor,2022-09-21,30000,A,NORM,Normal,0,2026-02-28,Gold Credit Card,-1299.82,28668.79,M,1972-05-18,Primary,100182,,0.0,41,,,,NORM,0,183
1,Cairo Main,2021-09-22,200000,A,NORM,Normal,0,2026-02-26,Platinum Credit Card,74453.85,125279.74,F,1977-10-01,Primary,100183,,0.0,54,,,,NORM,0,184
6,Assiut,2022-06-20,50000,A,60DA,60 Days Delinquent,60,2026-02-20,Titanium Credit Card,7462.5,42137.39,F,1967-12-20,Primary,100184,,10103.32,45,,,,60DA,0,185
2,Giza,2020-03-29,200000,A,NORM,Normal,0,2026-02-26,World Elite Card,-2772.84,196918.1,F,1985-04-17,Secondary,100185,,0.0,72,,,,NORM,0,186
7,Luxor,2023-09-07,75000,A,NORM,Normal,0,2026-02-25,Titanium Credit Card,34674.34,40116.96,M,1983-12-21,Primary,100187,,0.0,30,,,,NORM,0,188
10,Suez,2024-04-25,75000,A,NORM,Normal,0,2026-02-25,Gold Credit Card,-7194.28,67633.09,M,1961-12-26,Primary,100188,,0.0,22,,,,NORM,0,189
10,Suez,2023-08-12,15000,A,NORM,Normal,0,2026-02-15,Gold Credit Card,795.83,14180.86,F,1990-12-21,Primary,100189,,0.0,31,,,,NORM,0,190
10,Suez,2023-08-12,15000,A,NORM,Normal,0,2026-02-23,Cashback Card,6270.2,8665.39,F,1990-12-21,Primary,100189,,0.0,31,,,,NORM,0,190
10,Suez,2023-08-12,15000,A,NORM,Normal,0,2026-02-28,World Elite Card,4006.96,10845.42,F,1990-12-21,Primary,100189,,0.0,31,,,,NORM,0,190
9,Ismailia,2021-11-27,100000,A,NORM,Normal,0,2026-02-24,Platinum Credit Card,29910.85,69945.13,F,1981-08-30,Primary,100190,,0.0,51,,,,NORM,0,191
9,Ismailia,2024-03-10,15000,A,NORM,Normal,0,2026-02-14,Gold Credit Card,5091.52,9729.17,M,1967-10-29,Primary,100191,,0.0,24,,,,NORM,0,192
1,Cairo Main,2024-11-20,20000,A,NORM,Normal,0,2026-03-01,Gold Credit Card,18574.34,942.64,F,1993-01-28,Primary,100192,,0.0,15,,,,NORM,0,193
1,Cairo Main,2024-11-20,20000,A,NORM,Normal,0,2026-02-17,Cashback Card,13302.22,6445.25,F,1993-01-28,Primary,100192,,0.0,15,,,,NORM,0,193
2,Giza,2024-01-09,15000,A,NORM,Normal,0,2026-02-18,Gold Credit Card,12684.14,2151.25,F,1995-11-12,Primary,100193,,0.0,26,,,,NORM,0,194
10,Suez,2021-11-26,50000,A,NORM,Normal,0,2026-02-15,Titanium Credit Card,20837.19,28908.48,F,1965-02-14,Primary,100194,,0.0,51,,,,NORM,0,195
10,Suez,2021-11-26,50000,A,NORM,Normal,0,2026-02-22,Cashback Card,46583.15,2928.53,F,1965-02-14,Primary,100194,,0.0,51,,,,NORM,0,195
3,Alexandria,2021-07-12,100000,A,NORM,Normal,0,2026-02-17,Platinum Credit Card,257.13,99379.41,F,1968-05-23,Primary,100196,,0.0,56,,,,NORM,0,197
8,Zagazig,2023-09-24,10000,A,NORM,Normal,0,2026-02-21,Cashback Card,1176.8,8762.57,M,1984-08-28,Primary,100198,,0.0,29,,,,NORM,0,199
4,Mansoura,2019-02-24,20000,A,90DA,90 Days Delinquent,90,2026-02-22,Cashback Card,3451.93,16143.63,M,1979-01-26,Primary,100199,,8907.39,85,,,,90DA,0,200
4,Mansoura,2019-02-24,20000,A,NORM,Normal,0,2026-02-16,Titanium Credit Card,5526.55,14426.96,M,1979-01-26,Primary,100199,,0.0,85,,,,NORM,0,200
3,Alexandria,2021-04-13,30000,A,NORM,Normal,0,2026-02-16,Cashback Card,13287.64,16305.01,F,1974-07-08,Secondary,100201,,0.0,59,,,,NORM,0,202
3,Alexandria,2019-08-23,50000,A,30DD,30 Days Delinquent,30,2026-02-24,Titanium Credit Card,2835.61,46718.93,F,1971-03-14,Primary,100202,,11343.02,79,,,,30DD,0,203
2,Giza,2019-01-17,75000,A,NORM,Normal,0,2026-02-16,Titanium Credit Card,26897.18,47847.84,M,1988-06-03,Secondary,100203,,0.0,86,,,,NORM,0,204
6,Assiut,2018-09-17,150000,A,NORM,Normal,0,2026-02-21,Platinum Credit Card,36021.77,113702.4,F,1998-02-18,Primary,100204,,0.0,90,,,,NORM,0,205
3,Alexandria,2021-05-21,15000,A,NORM,Normal,0,2026-02-24,Gold Credit Card,3927.65,10678.7,M,1999-07-28,Primary,100206,,0.0,58,,,,NORM,0,207
7,Luxor,2019-01-09,10000,A,NORM,Normal,0,2026-02-27,Classic Credit Card,4643.21,5128.11,F,1989-05-27,Primary,100207,,0.0,86,,,,NORM,0,208
7,Luxor,2019-06-26,100000,A,NEW,New,0,2026-02-24,World Elite Card,91926.91,7880.2,F,1991-02-18,Primary,100208,,0.0,81,,,,NEW,0,209
2,Giza,2024-04-26,5000,A,NORM,Normal,0,2026-02-14,Gold Credit Card,3428.01,1513.08,F,1983-10-18,Primary,100209,,0.0,22,,,,NORM,0,210
2,Giza,2024-04-26,5000,A,NORM,Normal,0,2026-02-18,Cashback Card,1632.86,2973.57,F,1983-10-18,Primary,100209,,0.0,22,,,,NORM,0,210
10,Suez,2024-10-24,30000,A,NORM,Normal,0,2026-02-14,Cashback Card,-1814.37,27806.33,F,1986-11-30,Primary,100211,,0.0,16,,,,NORM,0,212
10,Suez,2024-10-24,30000,A,NORM,Normal,0,2026-02-21,Gold Credit Card,9921.61,20053.98,F,1986-11-30,Primary,100211,,0.0,16,,,,NORM,0,212
7,Luxor,2022-07-06,10000,A,NORM,Normal,0,2026-02-14,Classic Credit Card,8252.01,1548.42,M,1991-06-25,Secondary,100214,,0.0,44,,,,NORM,0,215
6,Assiut,2024-07-30,10000,A,NORM,Normal,0,2026-02-25,Cashback Card,3376.7,6615.41,M,1977-07-11,Primary,100215,,0.0,19,,,,NORM,0,216
8,Zagazig,2024-10-29,5000,A,NORM,Normal,0,2026-02-20,Cashback Card,1246.98,3649.91,M,1987-06-19,Primary,100216,,0.0,16,,,,NORM,0,217
8,Zagazig,2024-10-29,5000,A,NEW,New,0,2026-02-16,Travel Rewards Card,304.07,4430.57,M,1987-06-19,Primary,100216,,0.0,16,,,,NEW,0,217
8,Zagazig,2023-11-13,150000,A,30DD,30 Days Delinquent,30,2026-02-18,World Elite Card,111475.58,38342.2,F,1975-07-21,Secondary,100217,,4310.35,27,,,,30DD,0,218
2,Giza,2023-09-16,5000,A,NORM,Normal,0,2026-02-24,Classic Credit Card,1180.13,3750.49,M,1970-03-31,Primary,100219,,0.0,29,,,,NORM,0,220
2,Giza,2023-09-16,5000,A,NORM,Normal,0,2026-02-21,Cashback Card,2688.53,2112.64,M,1970-03-31,Primary,100219,,0.0,29,,,,NORM,0,220
2,Giza,2023-09-16,5000,A,NORM,Normal,0,2026-02-14,World Elite Card,2699.93,1883.97,M,1970-03-31,Primary,100219,,0.0,29,,,,NORM,0,220
7,Luxor,2021-08-11,20000,A,NORM,Normal,0,2026-02-26,Cashback Card,10024.32,9631.68,M,1970-01-26,Primary,100220,,0.0,55,,,,NORM,0,221
7,Luxor,2021-08-11,20000,A,NORM,Normal,0,2026-02-21,Classic Credit Card,2326.18,17623.66,M,1970-01-26,Primary,100220,,0.0,55,,,,NORM,0,221
7,Luxor,2023-03-21,30000,A,90DA,90 Days Delinquent,90,2026-02-14,Cashback Card,20938.55,8802.78,F,1963-02-03,Primary,100221,,11771.62,35,,,,90DA,0,222
10,Suez,2023-03-16,50000,A,NORM,Normal,0,2026-02-14,Platinum Credit Card,35956.93,13751.9,M,1970-11-18,Primary,100222,,0.0,36,,,,NORM,0,223
10,Suez,2023-03-16,50000,A,60DA,60 Days Delinquent,60,2026-02-20,Travel Rewards Card,8824.51,40778.59,M,1970-11-18,Primary,100222,,6702.28,36,,,,60DA,0,223
10,Suez,2023-03-16,50000,A,NORM,Normal,0,2026-02-16,Gold Credit Card,29505.24,20443.84,M,1970-11-18,Primary,100222,,0.0,36,,,,NORM,0,223
10,Suez,2023-03-16,50000,A,NORM,Normal,0,2026-02-28,Titanium Credit Card,-4859.67,44849.2,M,1970-11-18,Primary,100222,,0.0,36,,,,NORM,0,223
6,Assiut,2022-03-22,30000,A,30DD,30 Days Delinquent,30,2026-02-15,Classic Credit Card,6401.43,23542.29,F,1960-01-24,Primary,100223,,4183.91,48,,,,30DD,0,224
7,Luxor,2022-03-06,100000,A,30DD,30 Days Delinquent,30,2026-02-15,World Elite Card,1527.93,97997.2,M,1991-06-09,Primary,100224,,38785.22,48,,,,30DD,0,225
7,Luxor,2022-03-06,100000,A,NEW,New,0,2026-02-21,Travel Rewards Card,17597.22,82071.17,M,1991-06-09,Primary,100224,,0.0,48,,,,NEW,0,225
7,Luxor,2021-08-29,50000,A,NORM,Normal,0,2026-02-19,Platinum Credit Card,44485.67,5280.18,M,1991-06-07,Primary,100225,,0.0,54,,,,NORM,0,226
7,Luxor,2024-01-05,50000,A,NORM,Normal,0,2026-02-20,Titanium Credit Card,29028.28,20606.11,M,1965-06-01,Primary,100226,,0.0,26,,,,NORM,0,227
1,Cairo Main,2021-09-04,15000,A,NORM,Normal,0,2026-02-18,Cashback Card,4372.85,10350.81,F,1969-08-23,Secondary,100227,,0.0,54,,,,NORM,0,228
4,Mansoura,2022-06-29,50000,A,NORM,Normal,0,2026-02-20,Business Credit Card,33643.26,15963.19,M,1996-12-12,Primary,100229,,0.0,44,,,,NORM,0,230
2,Giza,2021-09-20,10000,A,NORM,Normal,0,2026-02-26,Classic Credit Card,1642.04,7954.53,F,1998-01-02,Primary,100230,,0.0,54,,,,NORM,0,231
2,Giza,2021-09-20,10000,A,30DD,30 Days Delinquent,30,2026-02-20,Cashback Card,4135.97,5459.35,F,1998-01-02,Primary,100230,,5012.83,54,,,,30DD,0,231
2,Giza,2021-09-20,10000,A,NORM,Normal,0,2026-02-23,Travel Rewards Card,2570.48,7408.65,F,1998-01-02,Primary,100230,,0.0,54,,,,NORM,0,231
6,Assiut,2020-02-06,30000,A,60DA,60 Days Delinquent,60,2026-02-17,Classic Credit Card,9676.29,20262.38,F,1969-08-18,Primary,100231,,944.47,73,,,,60DA,0,232
1,Cairo Main,2021-02-19,75000,A,NORM,Normal,0,2026-02-26,Platinum Credit Card,45877.1,28793.37,F,1963-12-08,Primary,100232,,0.0,61,,,,NORM,0,233
10,Suez,2021-08-10,75000,A,NORM,Normal,0,2026-02-28,Titanium Credit Card,37606.32,37070.58,F,1982-07-15,Primary,100233,,0.0,55,,,,NORM,0,234
6,Assiut,2024-07-20,20000,A,NEW,New,0,2026-02-26,Cashback Card,17827.34,2016.36,M,1994-05-25,Primary,100234,,0.0,19,,,,NEW,0,235
7,Luxor,2019-12-13,15000,A,NORM,Normal,0,2026-02-22,Cashback Card,11070.49,3640.36,M,1975-12-01,Primary,100235,,0.0,75,,,,NORM,0,236
10,Suez,2024-04-25,20000,A,NORM,Normal,0,2026-02-16,Business Credit Card,16463.02,3139.19,M,1966-05-17,Primary,100236,,0.0,22,,,,NORM,0,237
8,Zagazig,2021-09-20,200000,A,NORM,Normal,0,2026-02-27,Platinum Credit Card,92135.48,107757.32,M,1960-01-12,Primary,100237,,0.0,54,,,,NORM,0,238
8,Zagazig,2021-09-20,200000,A,NORM,Normal,0,2026-02-27,Travel Rewards Card,2358.8,197544.28,M,1960-01-12,Primary,100237,,0.0,54,,,,NORM,0,238
9,Ismailia,2022-02-03,10000,A,NORM,Normal,0,2026-02-20,Cashback Card,8001.34,1916.18,F,1998-08-10,Primary,100238,,0.0,49,,,,NORM,0,239
9,Ismailia,2022-02-03,10000,A,NORM,Normal,0,2026-02-16,Titanium Credit Card,6059.91,3827.58,F,1998-08-10,Primary,100238,,0.0,49,,,,NORM,0,239
8,Zagazig,2021-07-23,15000,A,NORM,Normal,0,2026-02-23,Cashback Card,9438.44,5301.48,M,1989-02-13,Primary,100239,,0.0,56,,,,NORM,0,240
3,Alexandria,2018-01-08,200000,A,NORM,Normal,0,2026-02-14,Travel Rewards Card,188249.15,11543.31,M,1992-09-10,Secondary,100240,,0.0,99,,,,NORM,0,241
3,Alexandria,2018-01-08,200000,A,60DA,60 Days Delinquent,60,2026-02-17,Titanium Credit Card,147983.05,51946.2,M,1992-09-10,Secondary,100240,,61036.3,99,,,,60DA,0,241
2,Giza,2021-11-21,50000,A,NORM,Normal,0,2026-02-24,Platinum Credit Card,1628.43,48307.36,M,1970-09-04,Primary,100241,,0.0,52,,,,NORM,0,242
2,Giza,2021-11-21,50000,A,NORM,Normal,0,2026-02-26,Travel Rewards Card,40503.7,9093.75,M,1970-09-04,Primary,100241,,0.0,52,,,,NORM,0,242
6,Assiut,2019-03-19,5000,A,NORM,Normal,0,2026-02-20,Cashback Card,3731.65,1194.98,F,1971-07-07,Primary,100242,,0.0,84,,,,NORM,0,243
9,Ismailia,2019-02-20,100000,A,NORM,Normal,0,2026-02-17,World Elite Card,91194.91,8490.5,M,1976-11-01,Primary,100243,,0.0,85,,,,NORM,0,244
9,Ismailia,2019-02-20,100000,A,NORM,Normal,0,2026-02-27,Travel Rewards Card,62076.28,37765.21,M,1976-11-01,Primary,100243,,0.0,85,,,,NORM,0,244
6,Assiut,2022-03-18,15000,A,90DA,90 Days Delinquent,90,2026-02-27,Classic Credit Card,6884.09,7690.91,F,1967-08-19,Secondary,100244,,8193.22,48,,,,90DA,0,245
7,Luxor,2018-08-08,10000,A,NORM,Normal,0,2026-02-28,Classic Credit Card,9146.9,509.53,F,1967-01-17,Primary,100245,,0.0,92,,,,NORM,0,246
10,Suez,2023-07-04,15000,A,30DD,30 Days Delinquent,30,2026-02-16,Gold Credit Card,79.21,14624.23,M,1984-08-27,Primary,100246,,4278.75,32,,,,30DD,0,247
2,Giza,2019-04-19,30000,A,NORM,Normal,0,2026-02-21,Cashback Card,25280.98,4288.04,F,1981-03-29,Primary,100247,,0.0,83,,,,NORM,0,248
3,Alexandria,2018-07-02,30000,A,NORM,Normal,0,2026-02-23,Classic Credit Card,-653.22,29015.84,M,1979-12-30,Primary,100248,,0.0,93,,,,NORM,0,249
7,Luxor,2024-08-12,20000,A,NORM,Normal,0,2026-02-23,Gold Credit Card,46.36,19861.35,F,1993-12-06,Primary,100249,,0.0,18,,,,NORM,0,250
5,Tanta,2022-06-06,5000,A,NORM,Normal,0,2026-02-20,Cashback Card,2028.84,2582.3,F,1963-07-17,Primary,100250,,0.0,45,,,,NORM,0,251
4,Mansoura,2018-06-24,75000,A,60DA,60 Days Delinquent,60,2026-02-26,Titanium Credit Card,-6667.84,68121.27,M,1965-08-29,Primary,100251,,30093.04,93,,,,60DA,0,252
4,Mansoura,2018-06-24,75000,A,NORM,Normal,0,2026-02-14,Gold Credit Card,3870.02,70828.13,M,1965-08-29,Primary,100251,,0.0,93,,,,NORM,0,252
9,Ismailia,2021-02-05,150000,A,NORM,Normal,0,2026-02-20,World Elite Card,124552.59,25111.77,F,1974-08-18,Primary,100252,,0.0,61,,,,NORM,0,253
9,Ismailia,2021-02-05,150000,A,NORM,Normal,0,2026-02-27,Travel Rewards Card,52630.46,97220.28,F,1974-08-18,Primary,100252,,0.0,61,,,,NORM,0,253
10,Suez,2019-02-15,10000,A,NEW,New,0,2026-02-14,Gold Credit Card,9135.19,505.15,F,1994-01-07,Primary,100253,,0.0,85,,,,NEW,0,254
10,Suez,2019-02-15,10000,A,NORM,Normal,0,2026-02-15,Titanium Credit Card,7550.68,1950.3,F,1994-01-07,Primary,100253,,0.0,85,,,,NORM,0,254
8,Zagazig,2019-12-07,30000,A,NORM,Normal,0,2026-02-23,Cashback Card,24196.36,5524.31,F,1961-09-05,Secondary,100254,,0.0,75,,,,NORM,0,255
1,Cairo Main,2023-05-01,30000,A,NEW,New,0,2026-02-24,Gold Credit Card,11633.23,18361.38,M,1993-06-14,Primary,100255,,0.0,34,,,,NEW,0,256
5,Tanta,2022-09-04,200000,A,NORM,Normal,0,2026-02-25,World Elite Card,105655.83,94025.36,F,1992-09-09,Secondary,100256,,0.0,42,,,,NORM,0,257
2,Giza,2023-09-07,75000,A,NORM,Normal,0,2026-02-16,Platinum Credit Card,55176.36,19753.34,M,1973-12-15,Primary,100257,,0.0,30,,,,NORM,0,258
2,Giza,2023-09-07,75000,A,NORM,Normal,0,2026-02-21,Travel Rewards Card,48242.32,26529.93,M,1973-12-15,Primary,100257,,0.0,30,,,,NORM,0,258
9,Ismailia,2021-11-11,15000,A,30DD,30 Days Delinquent,30,2026-02-22,Cashback Card,8289.53,6669.13,F,1975-09-09,Primary,100259,,3970.16,52,,,,30DD,0,260
9,Ismailia,2021-11-11,15000,A,NORM,Normal,0,2026-02-23,Classic Credit Card,3406.1,11134.76,F,1975-09-09,Primary,100259,,0.0,52,,,,NORM,0,260
4,Mansoura,2020-07-11,20000,A,NORM,Normal,0,2026-02-28,Cashback Card,16397.72,3235.08,M,1989-01-14,Primary,100260,,0.0,68,,,,NORM,0,261
4,Mansoura,2020-07-11,20000,A,NORM,Normal,0,2026-02-19,Classic Credit Card,9404.68,10500.62,M,1989-01-14,Primary,100260,,0.0,68,,,,NORM,0,261
4,Mansoura,2024-10-27,30000,A,NEW,New,0,2026-02-22,Gold Credit Card,12189.02,17521.89,M,1971-04-28,Primary,100261,,0.0,16,,,,NEW,0,262
7,Luxor,2019-02-24,5000,A,NEW,New,0,2026-02-14,Gold Credit Card,24.82,4510.71,M,1986-03-21,Primary,100262,,0.0,85,,,,NEW,0,263
7,Luxor,2019-02-24,5000,A,NORM,Normal,0,2026-02-20,Cashback Card,2126.66,2419.56,M,1986-03-21,Primary,100262,,0.0,85,,,,NORM,0,263
7,Luxor,2019-02-24,5000,A,NEW,New,0,2026-02-17,Business Credit Card,2600.63,2294.95,M,1986-03-21,Primary,100262,,0.0,85,,,,NEW,0,263
6,Assiut,2021-02-08,30000,A,NEW,New,0,2026-02-16,Cashback Card,21064.87,8733.27,F,1998-08-23,Primary,100263,,0.0,61,,,,NEW,0,264
8,Zagazig,2020-11-28,75000,A,NORM,Normal,0,2026-02-15,Platinum Credit Card,16925.42,57603.71,M,1973-04-05,Primary,100264,,0.0,63,,,,NORM,0,265
9,Ismailia,2019-11-28,150000,A,NORM,Normal,0,2026-02-22,Platinum Credit Card,-2395.45,147223.27,M,1973-06-19,Primary,100265,,0.0,76,,,,NORM,0,266
7,Luxor,2021-09-19,50000,A,NORM,Normal,0,2026-02-15,Titanium Credit Card,36540.37,13085.42,M,1995-05-09,Secondary,100266,,0.0,54,,,,NORM,0,267
7,Luxor,2021-09-19,50000,A,NORM,Normal,0,2026-02-26,Business Credit Card,46451.27,3051.46,M,1995-05-09,Secondary,100266,,0.0,54,,,,NORM,0,267
10,Suez,2023-04-19,20000,A,NORM,Normal,0,2026-02-15,Cashback Card,9199.91,10778.5,F,1963-03-12,Primary,100267,,0.0,34,,,,NORM,0,268
4,Mansoura,2022-08-04,200000,A,NORM,Normal,0,2026-02-19,World Elite Card,-526.77,199301.01,M,1975-05-16,Primary,100268,,0.0,43,,,,NORM,0,269
3,Alexandria,2019-10-11,100000,A,NORM,Normal,0,2026-02-18,Platinum Credit Card,52406.91,47168.73,M,1985-11-06,Primary,100269,,0.0,77,,,,NORM,0,270
1,Cairo Main,2023-12-16,20000,A,NORM,Normal,0,2026-02-26,Cashback Card,8023.7,11560.32,F,1974-06-15,Primary,100270,,0.0,26,,,,NORM,0,271
1,Cairo Main,2023-12-16,20000,A,NEW,New,0,2026-02-20,Travel Rewards Card,6236.3,13323.14,F,1974-06-15,Primary,100270,,0.0,26,,,,NEW,0,271
9,Ismailia,2021-06-07,15000,A,NORM,Normal,0,2026-02-25,Gold Credit Card,860.26,13857.1,M,1986-05-28,Primary,100271,,0.0,57,,,,NORM,0,272
9,Ismailia,2021-06-07,15000,A,NORM,Normal,0,2026-03-01,World Elite Card,6483.83,8381.99,M,1986-05-28,Primary,100271,,0.0,57,,,,NORM,0,272
4,Mansoura,2022-07-11,5000,A,NEW,New,0,2026-02-18,Classic Credit Card,853.56,3803.8,M,1967-05-25,Primary,100272,,0.0,44,,,,NEW,0,273
5,Tanta,2023-12-31,200000,A,NORM,Normal,0,2026-02-16,World Elite Card,131948.63,67686.91,M,1994-08-06,Primary,100273,,0.0,26,,,,NORM,0,274
9,Ismailia,2023-04-28,15000,A,NEW,New,0,2026-02-16,Cashback Card,5877.1,8744.47,M,1971-05-03,Primary,100274,,0.0,34,,,,NEW,0,275
9,Ismailia,2023-04-28,15000,A,NORM,Normal,0,2026-02-15,Classic Credit Card,1393.87,13233.42,M,1971-05-03,Primary,100274,,0.0,34,,,,NORM,0,275
10,Suez,2019-07-16,75000,A,NORM,Normal,0,2026-02-26,Platinum Credit Card,26977.13,47903.69,M,1991-06-07,Primary,100275,,0.0,80,,,,NORM,0,276
6,Assiut,2022-08-06,30000,A,NORM,Normal,0,2026-02-24,Gold Credit Card,17811.7,12172.06,M,1991-07-22,Primary,100276,,0.0,43,,,,NORM,0,277
10,Suez,2023-07-17,15000,A,NORM,Normal,0,2026-02-25,Classic Credit Card,13330.84,1548.23,F,1990-01-04,Secondary,100277,,0.0,31,,,,NORM,0,278
10,Suez,2023-07-17,15000,A,NORM,Normal,0,2026-03-01,Gold Credit Card,2908.79,12079.93,F,1990-01-04,Secondary,100277,,0.0,31,,,,NORM,0,278
8,Zagazig,2019-02-13,15000,A,NORM,Normal,0,2026-03-01,Gold Credit Card,14012.34,858.36,M,1962-03-31,Primary,100278,,0.0,85,,,,NORM,0,279
8,Zagazig,2019-02-13,15000,A,NORM,Normal,0,2026-02-19,Titanium Credit Card,3871.12,10860.04,M,1962-03-31,Primary,100278,,0.0,85,,,,NORM,0,279
8,Zagazig,2019-02-13,15000,A,NORM,Normal,0,2026-02-28,Cashback Card,6467.11,8411.67,M,1962-03-31,Primary,100278,,0.0,85,,,,NORM,0,279
8,Zagazig,2022-09-24,15000,A,90DA,90 Days Delinquent,90,2026-02-14,Cashback Card,3267.26,11666.73,M,1995-11-18,Primary,100280,,3330.68,41,,,,90DA,0,281
10,Suez,2022-11-30,15000,A,NORM,Normal,0,2026-02-17,Gold Credit Card,6848.04,7671.67,F,1990-06-06,Primary,100281,,0.0,39,,,,NORM,0,282
1,Cairo Main,2020-12-07,50000,A,NORM,Normal,0,2026-02-22,Platinum Credit Card,25979.82,23955.15,M,1962-11-03,Primary,100282,,0.0,63,,,,NORM,0,283
1,Cairo Main,2020-12-07,50000,A,NORM,Normal,0,2026-02-19,Titanium Credit Card,42215.01,7474.27,M,1962-11-03,Primary,100282,,0.0,63,,,,NORM,0,283
1,Cairo Main,2020-07-01,150000,A,90DA,90 Days Delinquent,90,2026-02-27,World Elite Card,10118.03,139439.2,F,1982-09-27,Primary,100284,,44987.14,68,,,,90DA,0,285
1,Cairo Main,2022-07-11,75000,A,NORM,Normal,0,2026-02-26,Platinum Credit Card,21030.58,53765.07,M,1964-08-08,Primary,100285,,0.0,44,,,,NORM,0,286
6,Assiut,2018-08-11,20000,A,NORM,Normal,0,2026-02-23,Cashback Card,4308.76,15477.68,F,1997-01-07,Primary,100286,,0.0,91,,,,NORM,0,287
6,Assiut,2021-04-10,150000,A,NORM,Normal,0,2026-02-28,World Elite Card,59183.66,90806.65,M,1975-12-06,Primary,100287,,0.0,59,,,,NORM,0,288
2,Giza,2022-05-29,20000,A,NORM,Normal,0,2026-02-24,Classic Credit Card,-334.95,19195.55,M,1998-03-24,Primary,100288,,0.0,45,,,,NORM,0,289
2,Giza,2022-05-29,20000,A,NORM,Normal,0,2026-02-18,Gold Credit Card,13186.33,6569.12,M,1998-03-24,Primary,100288,,0.0,45,,,,NORM,0,289
10,Suez,2019-07-06,100000,A,NORM,Normal,0,2026-02-27,World Elite Card,42320.37,57610.89,M,1982-08-13,Primary,100289,,0.0,81,,,,NORM,0,290
2,Giza,2024-09-25,200000,A,NORM,Normal,0,2026-03-01,Platinum Credit Card,7637.69,192129.08,F,1977-05-18,Secondary,100290,,0.0,17,,,,NORM,0,291
3,Alexandria,2022-08-18,200000,A,NORM,Normal,0,2026-02-24,Platinum Credit Card,122914.65,76861.69,M,1966-03-13,Primary,100291,,0.0,43,,,,NORM,0,292
3,Alexandria,2019-12-30,150000,A,60DA,60 Days Delinquent,60,2026-02-23,Platinum Credit Card,-6274.16,143458.56,F,1991-11-13,Primary,100292,,69146.69,75,,,,60DA,0,293
3,Alexandria,2019-12-30,150000,A,NORM,Normal,0,2026-02-23,Travel Rewards Card,134994.68,14934.44,F,1991-11-13,Primary,100292,,0.0,75,,,,NORM,0,293
7,Luxor,2018-02-22,150000,A,NORM,Normal,0,2026-02-19,World Elite Card,-7286.54,142669.5,F,1996-04-04,Primary,100293,,0.0,97,,,,NORM,0,294
5,Tanta,2024-01-26,5000,A,NORM,Normal,0,2026-02-19,Classic Credit Card,1607.01,3355.25,F,1969-02-24,Primary,100294,,0.0,25,,,,NORM,0,295
5,Tanta,2024-01-26,5000,A,NEW,New,0,2026-02-26,Cashback Card,-463.42,4354.09,F,1969-02-24,Primary,100294,,0.0,25,,,,NEW,0,295
9,Ismailia,2024-10-07,20000,A,NORM,Normal,0,2026-02-18,Classic Credit Card,15816.1,4106.53,M,1993-02-14,Primary,100296,,0.0,17,,,,NORM,0,297
1,Cairo Main,2021-02-17,150000,A,NORM,Normal,0,2026-02-21,Platinum Credit Card,74003.57,75575.54,M,1979-03-22,Secondary,100297,,0.0,61,,,,NORM,0,298
10,Suez,2021-05-18,100000,A,90DA,90 Days Delinquent,90,2026-02-19,World Elite Card,51476.51,48270.73,M,1997-10-27,Primary,100298,,35806.69,58,,,,90DA,0,299
8,Zagazig,2018-02-06,10000,A,NORM,Normal,0,2026-02-15,Cashback Card,1965.44,7952.12,F,1985-03-06,Primary,100300,,0.0,98,,,,NORM,0,301
5,Tanta,2021-03-04,5000,A,NORM,Normal,0,2026-02-24,Gold Credit Card,4010.86,491.68,M,1984-03-26,Primary,100301,,0.0,60,,,,NORM,0,302
9,Ismailia,2019-01-29,15000,A,NORM,Normal,0,2026-02-14,Cashback Card,3230.97,11481.48,M,1963-09-11,Secondary,100302,,0.0,86,,,,NORM,0,303
9,Ismailia,2024-06-13,20000,A,NEW,New,0,2026-02-20,Gold Credit Card,2148.61,17409.72,M,1963-02-28,Primary,100304,,0.0,20,,,,NEW,0,305
1,Cairo Main,2024-12-07,10000,A,NORM,Normal,0,2026-02-14,Classic Credit Card,5337.81,4228.69,F,1988-10-09,Primary,100305,,0.0,14,,,,NORM,0,306
7,Luxor,2018-05-07,100000,A,90DA,90 Days Delinquent,90,2026-02-28,World Elite Card,79398.01,20490.59,F,1977-09-21,Primary,100306,,31352.38,95,,,,90DA,0,307
9,Ismailia,2024-03-23,15000,A,NEW,New,0,2026-03-01,Cashback Card,10515.66,4371.14,M,1999-03-29,Primary,100307,,0.0,23,,,,NEW,0,308
7,Luxor,2023-10-01,15000,A,NORM,Normal,0,2026-03-01,Cashback Card,12110.27,2409.23,M,1988-12-21,Primary,100308,,0.0,29,,,,NORM,0,309
9,Ismailia,2024-03-01,10000,A,NORM,Normal,0,2026-02-22,Gold Credit Card,-308.94,9341.56,F,1980-09-09,Primary,100309,,0.0,24,,,,NORM,0,310
7,Luxor,2018-01-20,50000,A,NORM,Normal,0,2026-02-26,Titanium Credit Card,38584.67,10928.06,F,1967-07-25,Secondary,100311,,0.0,98,,,,NORM,0,312
7,Luxor,2018-01-20,50000,A,NORM,Normal,0,2026-02-24,Platinum Credit Card,44571.69,5371.49,F,1967-07-25,Secondary,100311,,0.0,98,,,,NORM,0,312
1,Cairo Main,2023-09-09,5000,A,NORM,Normal,0,2026-02-22,Cashback Card,-154.68,4712.37,F,1998-02-09,Primary,100313,,0.0,30,,,,NORM,0,314
3,Alexandria,2022-05-27,20000,A,NORM,Normal,0,2026-02-24,Gold Credit Card,13476.2,6299.61,F,1976-05-29,Primary,100314,,0.0,45,,,,NORM,0,315
3,Alexandria,2022-05-27,20000,A,NORM,Normal,0,2026-02-19,Cashback Card,14672.64,4946.53,F,1976-05-29,Primary,100314,,0.0,45,,,,NORM,0,315
2,Giza,2022-02-22,20000,A,NORM,Normal,0,2026-03-01,Business Credit Card,-1103.17,18795.43,F,1971-11-10,Secondary,100316,,0.0,48,,,,NORM,0,317
6,Assiut,2023-11-06,30000,A,NEW,New,0,2026-02-27,Cashback Card,10618.2,18960.59,F,1964-08-18,Primary,100317,,0.0,28,,,,NEW,0,318
5,Tanta,2020-07-01,150000,A,NORM,Normal,0,2026-02-19,Platinum Credit Card,56128.59,93626.96,M,1976-11-17,Primary,100318,,0.0,68,,,,NORM,0,319
9,Ismailia,2021-02-24,20000,A,NORM,Normal,0,2026-02-26,Gold Credit Card,17342.62,2569.36,F,1988-11-11,Secondary,100319,,0.0,61,,,,NORM,0,320
8,Zagazig,2020-05-13,200000,A,NORM,Normal,0,2026-02-15,Platinum Credit Card,128119.19,71850.23,M,1981-06-27,Secondary,100320,,0.0,70,,,,NORM,0,321
8,Zagazig,2020-05-13,200000,A,NORM,Normal,0,2026-02-22,Travel Rewards Card,99889.91,99799.1,M,1981-06-27,Secondary,100320,,0.0,70,,,,NORM,0,321
3,Alexandria,2020-01-08,150000,A,NORM,Normal,0,2026-02-24,World Elite Card,35315.69,114578.3,M,1971-08-02,Primary,100321,,0.0,74,,,,NORM,0,322
3,Alexandria,2020-01-08,150000,A,NORM,Normal,0,2026-02-15,Business Credit Card,58837.55,90815.49,M,1971-08-02,Primary,100321,,0.0,74,,,,NORM,0,322
7,Luxor,2019-06-26,10000,A,NORM,Normal,0,2026-02-18,Cashback Card,3994.36,5878.89,M,1977-04-16,Primary,100323,,0.0,81,,,,NORM,0,324
1,Cairo Main,2023-12-17,150000,A,NORM,Normal,0,2026-02-27,World Elite Card,23072.08,126754.5,F,1999-05-17,Primary,100324,,0.0,26,,,,NORM,0,325
7,Luxor,2023-05-29,75000,A,NORM,Normal,0,2026-02-28,Travel Rewards Card,55812.78,18709.21,F,1970-04-17,Primary,100325,,0.0,33,,,,NORM,0,326
5,Tanta,2018-01-23,5000,A,30DD,30 Days Delinquent,30,2026-02-27,Cashback Card,3107.15,1743.27,M,1968-06-23,Primary,100326,,1352.22,98,,,,30DD,0,327
6,Assiut,2019-09-26,75000,A,NORM,Normal,0,2026-02-22,Titanium Credit Card,21815.6,53140.6,F,1964-10-12,Secondary,100327,,0.0,78,,,,NORM,0,328
3,Alexandria,2024-09-24,75000,A,NORM,Normal,0,2026-02-14,Platinum Credit Card,52514.72,22451.09,F,1981-02-26,Primary,100330,,0.0,17,,,,NORM,0,331
1,Cairo Main,2018-12-22,30000,A,NORM,Normal,0,2026-02-22,Gold Credit Card,17462.25,12047.42,M,1967-01-23,Primary,100332,,0.0,87,,,,NORM,0,333
9,Ismailia,2024-04-09,200000,A,NORM,Normal,0,2026-02-18,Platinum Credit Card,66208.64,133368.67,M,1972-10-05,Primary,100333,,0.0,23,,,,NORM,0,334
2,Giza,2018-10-24,150000,A,NORM,Normal,0,2026-02-15,World Elite Card,5699.17,143863.83,F,1985-01-21,Primary,100334,,0.0,89,,,,NORM,0,335
8,Zagazig,2023-03-03,200000,A,NORM,Normal,0,2026-02-17,Platinum Credit Card,12306.97,187535.83,F,1990-07-29,Primary,100335,,0.0,36,,,,NORM,0,336
9,Ismailia,2020-12-14,20000,A,30DD,30 Days Delinquent,30,2026-02-23,Cashback Card,10508.58,9261.13,M,1960-06-08,Primary,100336,,1389.48,63,,,,30DD,0,337
10,Suez,2020-01-19,20000,A,90DA,90 Days Delinquent,90,2026-02-25,Gold Credit Card,6769.55,13182.43,M,1972-01-26,Primary,100337,,1075.63,74,,,,90DA,0,338
6,Assiut,2019-03-13,10000,A,NORM,Normal,0,2026-02-21,Cashback Card,30.71,9672.34,M,1966-12-30,Secondary,100338,,0.0,84,,,,NORM,0,339
6,Assiut,2019-03-13,10000,A,30DD,30 Days Delinquent,30,2026-02-14,Titanium Credit Card,3051.67,6826.79,M,1966-12-30,Secondary,100338,,3376.51,84,,,,30DD,0,339
6,Assiut,2024-06-11,30000,A,NORM,Normal,0,2026-02-28,Business Credit Card,22744.96,7078.43,M,1982-01-31,Primary,100339,,0.0,20,,,,NORM,0,340
9,Ismailia,2022-09-30,100000,A,30DD,30 Days Delinquent,30,2026-02-24,Platinum Credit Card,30089.99,69413.38,M,1995-11-08,Primary,100340,,45645.35,41,,,,30DD,0,341
1,Cairo Main,2020-05-13,75000,A,NORM,Normal,0,2026-02-24,Titanium Credit Card,30234.43,44687.53,F,1960-07-12,Primary,100341,,0.0,70,,,,NORM,0,342
5,Tanta,2020-08-23,150000,A,NORM,Normal,0,2026-02-22,World Elite Card,40393.52,109465.12,M,1996-01-26,Primary,100343,,0.0,67,,,,NORM,0,344
5,Tanta,2020-08-23,150000,A,NORM,Normal,0,2026-02-15,Travel Rewards Card,69021.1,80954.04,M,1996-01-26,Primary,100343,,0.0,67,,,,NORM,0,344
5,Tanta,2020-08-23,150000,A,NEW,New,0,2026-02-21,Gold Credit Card,84037.71,65677.44,M,1996-01-26,Primary,100343,,0.0,67,,,,NEW,0,344
9,Ismailia,2021-07-17,100000,A,NORM,Normal,0,2026-02-17,World Elite Card,33223.89,66330.26,F,1992-04-27,Primary,100344,,0.0,56,,,,NORM,0,345
10,Suez,2024-01-15,15000,A,NORM,Normal,0,2026-02-20,Cashback Card,6239.92,8709.59,M,1985-10-31,Primary,100346,,0.0,25,,,,NORM,0,347
3,Alexandria,2019-11-18,50000,A,30DD,30 Days Delinquent,30,2026-02-22,Titanium Credit Card,36769.27,12820.22,M,1998-12-12,Primary,100347,,6613.23,76,,,,30DD,0,348
3,Alexandria,2019-11-18,50000,A,NORM,Normal,0,2026-02-25,Business Credit Card,27855.38,21925.17,M,1998-12-12,Primary,100347,,0.0,76,,,,NORM,0,348
5,Tanta,2020-12-31,200000,A,NORM,Normal,0,2026-02-23,Platinum Credit Card,155327.84,44499.11,M,1991-11-13,Primary,100348,,0.0,62,,,,NORM,0,349
4,Mansoura,2020-10-27,10000,A,NORM,Normal,0,2026-02-26,Classic Credit Card,7343.32,2647.47,M,1989-09-11,Primary,100349,,0.0,65,,,,NORM,0,350
2,Giza,2020-12-11,200000,A,NORM,Normal,0,2026-02-26,Platinum Credit Card,104299.56,95620.0,M,1964-08-29,Primary,100350,,0.0,63,,,,NORM,0,351
1,Cairo Main,2022-01-01,50000,A,30DD,30 Days Delinquent,30,2026-02-25,Business Credit Card,-4337.7,45610.55,F,1989-10-06,Primary,100351,,8247.32,50,,,,30DD,0,352
10,Suez,2023-02-14,200000,A,NORM,Normal,0,2026-02-20,Platinum Credit Card,47462.48,152208.43,F,1986-10-21,Primary,100352,,0.0,37,,,,NORM,0,353
3,Alexandria,2018-02-13,5000,A,NEW,New,0,2026-02-20,Cashback Card,743.73,4001.27,M,1973-08-13,Primary,100353,,0.0,97,,,,NEW,0,354
5,Tanta,2022-10-30,30000,A,NORM,Normal,0,2026-02-22,Classic Credit Card,22147.52,7466.51,F,1960-05-29,Primary,100354,,0.0,40,,,,NORM,0,355
7,Luxor,2020-12-13,10000,A,NORM,Normal,0,2026-02-20,Cashback Card,-165.59,9722.71,F,1969-11-23,Primary,100355,,0.0,63,,,,NORM,0,356
7,Luxor,2020-12-13,10000,A,NORM,Normal,0,2026-02-15,Business Credit Card,6262.24,3380.83,F,1969-11-23,Primary,100355,,0.0,63,,,,NORM,0,356
3,Alexandria,2019-03-29,100000,A,30DD,30 Days Delinquent,30,2026-02-14,Platinum Credit Card,22979.65,76884.62,M,1972-12-27,Primary,100356,,45398.39,84,,,,30DD,0,357
5,Tanta,2022-12-01,5000,A,NORM,Normal,0,2026-02-25,Classic Credit Card,3691.85,1229.77,F,1965-08-10,Primary,100357,,0.0,39,,,,NORM,0,358
8,Zagazig,2018-05-10,50000,A,NORM,Normal,0,2026-02-25,Platinum Credit Card,-4780.68,45155.62,M,1991-04-06,Secondary,100358,,0.0,95,,,,NORM,0,359
8,Zagazig,2018-05-10,50000,A,NORM,Normal,0,2026-02-26,Travel Rewards Card,15067.69,34698.26,M,1991-04-06,Secondary,100358,,0.0,95,,,,NORM,0,359
8,Zagazig,2018-05-10,50000,A,NORM,Normal,0,2026-02-26,Classic Credit Card,24602.76,25375.5,M,1991-04-06,Secondary,100358,,0.0,95,,,,NORM,0,359
1,Cairo Main,2020-10-16,75000,A,NORM,Normal,0,2026-02-19,Platinum Credit Card,60387.01,14171.71,M,1965-06-21,Primary,100359,,0.0,65,,,,NORM,0,360
3,Alexandria,2018-06-22,150000,A,NORM,Normal,0,2026-02-23,Platinum Credit Card,70406.73,79535.89,M,1988-03-22,Primary,100360,,0.0,93,,,,NORM,0,361
1,Cairo Main,2021-02-04,200000,A,NORM,Normal,0,2026-02-28,World Elite Card,141978.06,57778.98,M,1967-07-05,Primary,100361,,0.0,61,,,,NORM,0,362
3,Alexandria,2019-01-10,200000,A,NORM,Normal,0,2026-02-19,World Elite Card,-2591.5,197338.23,F,1982-06-04,Primary,100362,,0.0,86,,,,NORM,0,363
3,Alexandria,2019-01-10,200000,A,NORM,Normal,0,2026-02-23,Business Credit Card,32723.04,167004.85,F,1982-06-04,Primary,100362,,0.0,86,,,,NORM,0,363
8,Zagazig,2020-03-01,5000,A,NORM,Normal,0,2026-02-22,Classic Credit Card,1925.62,2924.28,F,1992-11-20,Primary,100363,,0.0,73,,,,NORM,0,364
6,Assiut,2018-01-03,150000,A,NORM,Normal,0,2026-02-22,World Elite Card,26512.31,123426.93,M,1980-05-14,Primary,100365,,0.0,99,,,,NORM,0,366
6,Assiut,2018-01-03,150000,A,NORM,Normal,0,2026-02-27,Travel Rewards Card,-11140.1,138632.8,M,1980-05-14,Primary,100365,,0.0,99,,,,NORM,0,366
4,Mansoura,2023-07-31,150000,A,60DA,60 Days Delinquent,60,2026-02-25,Platinum Credit Card,115854.04,33738.67,M,1983-07-05,Primary,100366,,72479.25,31,,,,60DA,0,367
4,Mansoura,2023-07-31,150000,A,NORM,Normal,0,2026-02-20,Travel Rewards Card,88599.96,61100.42,M,1983-07-05,Primary,100366,,0.0,31,,,,NORM,0,367
1,Cairo Main,2019-03-15,100000,A,NORM,Normal,0,2026-02-22,Platinum Credit Card,71591.58,28263.69,F,1969-01-23,Primary,100367,,0.0,84,,,,NORM,0,368
4,Mansoura,2023-07-06,10000,A,NORM,Normal,0,2026-02-26,Classic Credit Card,-267.51,9680.67,M,1989-05-31,Secondary,100368,,0.0,32,,,,NORM,0,369
4,Mansoura,2023-07-06,10000,A,NORM,Normal,0,2026-02-19,Cashback Card,-97.8,9550.26,M,1989-05-31,Secondary,100368,,0.0,32,,,,NORM,0,369
1,Cairo Main,2018-10-16,30000,A,NEW,New,0,2026-02-18,Cashback Card,-2929.87,26914.22,F,1992-12-08,Primary,100369,,0.0,89,,,,NEW,0,370
1,Cairo Main,2018-10-16,30000,A,NORM,Normal,0,2026-02-15,Classic Credit Card,-1495.36,28004.98,F,1992-12-08,Primary,100369,,0.0,89,,,,NORM,0,370
1,Cairo Main,2018-10-16,30000,A,NORM,Normal,0,2026-02-26,Gold Credit Card,13586.86,16378.54,F,1992-12-08,Primary,100369,,0.0,89,,,,NORM,0,370
10,Suez,2020-01-03,150000,A,90DA,90 Days Delinquent,90,2026-02-25,World Elite Card,46381.77,103460.88,M,1988-01-19,Primary,100370,,11700.32,74,,,,90DA,0,371
7,Luxor,2021-10-14,15000,A,NORM,Normal,0,2026-02-21,Gold Credit Card,2733.49,12239.18,F,1982-08-21,Secondary,100371,,0.0,53,,,,NORM,0,372
7,Luxor,2021-10-14,15000,A,NORM,Normal,0,2026-02-20,Travel Rewards Card,178.05,14707.57,F,1982-08-21,Secondary,100371,,0.0,53,,,,NORM,0,372
7,Luxor,2021-10-14,15000,A,NORM,Normal,0,2026-03-01,World Elite Card,3232.24,11765.61,F,1982-08-21,Secondary,100371,,0.0,53,,,,NORM,0,372
4,Mansoura,2024-02-13,20000,A,NORM,Normal,0,2026-02-17,Platinum Credit Card,12394.35,7587.55,F,1985-04-05,Secondary,100372,,0.0,24,,,,NORM,0,373
5,Tanta,2018-03-08,150000,A,NORM,Normal,0,2026-02-17,Travel Rewards Card,67065.95,82702.11,M,1986-09-21,Primary,100373,,0.0,97,,,,NORM,0,374
5,Tanta,2018-03-08,150000,A,NORM,Normal,0,2026-02-15,World Elite Card,140645.88,8893.44,M,1986-09-21,Primary,100373,,0.0,97,,,,NORM,0,374
3,Alexandria,2020-12-21,50000,A,NORM,Normal,0,2026-02-14,Titanium Credit Card,45177.15,4392.04,F,1966-03-17,Primary,100374,,0.0,63,,,,NORM,0,375
6,Assiut,2023-05-31,15000,A,NEW,New,0,2026-02-28,Business Credit Card,11240.88,3351.18,F,1995-07-26,Primary,100375,,0.0,33,,,,NEW,0,376
2,Giza,2018-08-18,50000,A,NEW,New,0,2026-02-20,Titanium Credit Card,3936.61,46016.98,M,1994-12-29,Primary,100376,,0.0,91,,,,NEW,0,377
2,Giza,2018-08-18,50000,A,NORM,Normal,0,2026-02-22,World Elite Card,39583.43,10205.13,M,1994-12-29,Primary,100376,,0.0,91,,,,NORM,0,377
2,Giza,2018-08-18,50000,A,NORM,Normal,0,2026-02-19,Classic Credit Card,29838.57,19796.22,M,1994-12-29,Primary,100376,,0.0,91,,,,NORM,0,377
5,Tanta,2018-06-18,50000,A,NEW,New,0,2026-02-23,Titanium Credit Card,717.14,48894.78,M,1983-07-10,Primary,100377,,0.0,93,,,,NEW,0,378
7,Luxor,2018-12-15,75000,A,NORM,Normal,0,2026-02-14,Platinum Credit Card,22890.95,52053.22,F,1971-10-11,Primary,100379,,0.0,87,,,,NORM,0,380
10,Suez,2023-11-18,20000,A,NORM,Normal,0,2026-02-20,Gold Credit Card,7543.03,11976.21,F,1992-12-31,Primary,100380,,0.0,27,,,,NORM,0,381
6,Assiut,2024-08-29,5000,A,NORM,Normal,0,2026-02-23,Gold Credit Card,2159.48,2481.69,M,1975-06-15,Primary,100381,,0.0,18,,,,NORM,0,382
8,Zagazig,2018-04-04,50000,A,30DD,30 Days Delinquent,30,2026-02-27,Platinum Credit Card,15371.07,34402.31,F,1981-02-18,Primary,100383,,3228.42,96,,,,30DD,0,384
8,Zagazig,2018-04-04,50000,A,NORM,Normal,0,2026-02-14,Travel Rewards Card,5539.81,44398.01,F,1981-02-18,Primary,100383,,0.0,96,,,,NORM,0,384
7,Luxor,2021-01-16,50000,A,NORM,Normal,0,2026-02-17,Titanium Credit Card,1578.01,47981.57,M,1989-08-15,Secondary,100385,,0.0,62,,,,NORM,0,386
9,Ismailia,2020-02-03,20000,A,30DD,30 Days Delinquent,30,2026-02-21,Cashback Card,10336.41,9357.41,F,1963-12-13,Primary,100386,,11246.32,73,,,,30DD,0,387
9,Ismailia,2020-02-03,20000,A,NORM,Normal,0,2026-02-14,Classic Credit Card,13064.29,6810.44,F,1963-12-13,Primary,100386,,0.0,73,,,,NORM,0,387
9,Ismailia,2020-02-03,20000,A,60DA,60 Days Delinquent,60,2026-02-18,Gold Credit Card,18696.86,1104.37,F,1963-12-13,Primary,100386,,9094.68,73,,,,60DA,0,387
5,Tanta,2019-09-14,50000,A,30DD,30 Days Delinquent,30,2026-02-28,Platinum Credit Card,36148.01,13453.85,M,1970-02-12,Primary,100388,,3777.04,78,,,,30DD,0,389
5,Tanta,2019-09-14,50000,A,NORM,Normal,0,2026-02-21,Travel Rewards Card,-1303.31,48403.98,M,1970-02-12,Primary,100388,,0.0,78,,,,NORM,0,389
10,Suez,2023-01-14,150000,A,60DA,60 Days Delinquent,60,2026-02-22,World Elite Card,83720.91,66238.14,F,1974-10-09,Primary,100389,,85306.52,38,,,,60DA,0,390
7,Luxor,2019-08-18,200000,A,NEW,New,0,2026-02-20,World Elite Card,9385.65,190232.46,F,1994-07-17,Secondary,100390,,0.0,79,,,,NEW,0,391
5,Tanta,2021-01-26,15000,A,NEW,New,0,2026-02-17,Classic Credit Card,-693.06,13966.74,M,1979-11-15,Primary,100391,,0.0,62,,,,NEW,0,392
6,Assiut,2023-05-07,15000,A,NORM,Normal,0,2026-02-18,Titanium Credit Card,8392.53,6293.41,F,1963-07-26,Primary,100392,,0.0,34,,,,NORM,0,393
6,Assiut,2023-05-07,15000,A,NORM,Normal,0,2026-02-25,Platinum Credit Card,681.42,13824.67,F,1963-07-26,Primary,100392,,0.0,34,,,,NORM,0,393
1,Cairo Main,2018-03-03,30000,A,NORM,Normal,0,2026-02-20,Cashback Card,-429.25,29207.13,M,1978-04-30,Primary,100393,,0.0,97,,,,NORM,0,394
8,Zagazig,2021-08-23,100000,A,30DD,30 Days Delinquent,30,2026-02-23,World Elite Card,55874.74,43766.37,M,1990-11-08,Primary,100394,,49793.96,55,,,,30DD,0,395
1,Cairo Main,2020-10-03,150000,A,30DD,30 Days Delinquent,30,2026-02-27,World Elite Card,53727.01,96153.62,F,1999-05-17,Primary,100395,,45853.49,65,,,,30DD,0,396
8,Zagazig,2022-09-27,30000,A,NORM,Normal,0,2026-02-27,Cashback Card,23352.94,6573.39,M,1967-06-20,Primary,100396,,0.0,41,,,,NORM,0,397
8,Zagazig,2022-09-27,30000,A,30DD,30 Days Delinquent,30,2026-02-17,World Elite Card,27791.59,2138.45,M,1967-06-20,Primary,100396,,16244.74,41,,,,30DD,0,397
8,Zagazig,2022-09-27,30000,A,NORM,Normal,0,2026-02-21,Gold Credit Card,24974.0,4905.8,M,1967-06-20,Primary,100396,,0.0,41,,,,NORM,0,397
10,Suez,2024-02-17,15000,A,NORM,Normal,0,2026-02-24,Gold Credit Card,12046.19,2485.67,M,1991-03-24,Secondary,100397,,0.0,24,,,,NORM,0,398
6,Assiut,2019-11-03,10000,A,NORM,Normal,0,2026-02-22,Gold Credit Card,2163.49,7576.39,F,1991-01-11,Primary,100398,,0.0,77,,,,NORM,0,399
3,Alexandria,2024-03-04,75000,A,NORM,Normal,0,2026-02-26,Titanium Credit Card,47898.63,26830.31,M,1976-12-26,Primary,100399,,0.0,24,,,,NORM,0,400
3,Alexandria,2024-03-04,75000,A,NORM,Normal,0,2026-02-16,Cashback Card,54173.35,20715.37,M,1976-12-26,Primary,100399,,0.0,24,,,,NORM,0,400
5,Tanta,2023-01-02,30000,A,NORM,Normal,0,2026-02-19,Classic Credit Card,7094.95,22655.21,F,1973-11-19,Primary,100400,,0.0,38,,,,NORM,0,401
9,Ismailia,2018-01-24,200000,A,30DD,30 Days Delinquent,30,2026-02-24,Business Credit Card,144164.39,55807.72,F,1996-03-21,Primary,100401,,77016.85,98,,,,30DD,0,402
1,Cairo Main,2024-02-20,30000,A,NORM,Normal,0,2026-02-26,Cashback Card,9290.47,20591.84,F,1970-12-23,Primary,100402,,0.0,24,,,,NORM,0,403
1,Cairo Main,2021-05-10,50000,A,NORM,Normal,0,2026-02-14,Platinum Credit Card,-4647.54,45041.22,M,1964-03-05,Primary,100404,,0.0,58,,,,NORM,0,405
1,Cairo Main,2021-05-10,50000,A,NORM,Normal,0,2026-02-18,Travel Rewards Card,43139.91,6574.46,M,1964-03-05,Primary,100404,,0.0,58,,,,NORM,0,405
1,Cairo Main,2021-05-10,50000,A,NORM,Normal,0,2026-02-25,Classic Credit Card,13178.48,36539.36,M,1964-03-05,Primary,100404,,0.0,58,,,,NORM,0,405
9,Ismailia,2023-11-19,20000,A,30DD,30 Days Delinquent,30,2026-02-15,Classic Credit Card,-456.7,19303.56,F,1978-07-24,Primary,100405,,2990.57,27,,,,30DD,0,406
9,Ismailia,2023-11-19,20000,A,NORM,Normal,0,2026-02-15,Cashback Card,18187.32,1616.21,F,1978-07-24,Primary,100405,,0.0,27,,,,NORM,0,406
9,Ismailia,2024-12-27,50000,A,NORM,Normal,0,2026-02-24,Titanium Credit Card,44773.92,5080.25,M,1985-10-19,Secondary,100406,,0.0,14,,,,NORM,0,407
9,Ismailia,2024-12-27,50000,A,NORM,Normal,0,2026-02-28,Cashback Card,-2744.54,47056.5,M,1985-10-19,Secondary,100406,,0.0,14,,,,NORM,0,407
4,Mansoura,2019-04-30,5000,A,NORM,Normal,0,2026-02-25,Classic Credit Card,4561.04,124.82,M,1960-01-26,Primary,100407,,0.0,83,,,,NORM,0,408
1,Cairo Main,2020-04-04,30000,A,NORM,Normal,0,2026-02-18,Gold Credit Card,17055.32,12829.92,M,1988-09-25,Primary,100408,,0.0,71,,,,NORM,0,409
1,Cairo Main,2020-04-04,30000,A,NORM,Normal,0,2026-02-27,Cashback Card,2792.6,26971.43,M,1988-09-25,Primary,100408,,0.0,71,,,,NORM,0,409
10,Suez,2018-04-30,15000,A,NORM,Normal,0,2026-02-27,Gold Credit Card,669.2,14095.82,M,1987-08-19,Primary,100409,,0.0,95,,,,NORM,0,410
8,Zagazig,2024-01-09,50000,A,NORM,Normal,0,2026-02-17,Titanium Credit Card,31654.82,17964.16,F,1998-10-23,Primary,100410,,0.0,26,,,,NORM,0,411
8,Zagazig,2024-01-09,50000,A,60DA,60 Days Delinquent,60,2026-03-01,Travel Rewards Card,12179.99,37654.0,F,1998-10-23,Primary,100410,,20690.72,26,,,,60DA,0,411
9,Ismailia,2020-05-03,200000,A,NORM,Normal,0,2026-02-21,Platinum Credit Card,4112.92,195735.29,F,1960-11-02,Primary,100411,,0.0,70,,,,NORM,0,412
10,Suez,2020-02-07,200000,A,NORM,Normal,0,2026-02-22,Platinum Credit Card,-11959.87,187667.22,F,1977-06-22,Primary,100412,,0.0,73,,,,NORM,0,413
10,Suez,2020-02-07,200000,A,30DD,30 Days Delinquent,30,2026-02-15,Travel Rewards Card,123388.6,76172.82,F,1977-06-22,Primary,100412,,76949.52,73,,,,30DD,0,413
10,Suez,2020-02-07,200000,A,NORM,Normal,0,2026-03-01,Titanium Credit Card,71295.19,128418.25,F,1977-06-22,Primary,100412,,0.0,73,,,,NORM,0,413
8,Zagazig,2021-05-24,20000,A,NORM,Normal,0,2026-02-16,Classic Credit Card,6324.3,13613.72,M,1997-03-16,Primary,100413,,0.0,58,,,,NORM,0,414
9,Ismailia,2020-02-19,50000,A,NORM,Normal,0,2026-03-01,Business Credit Card,30493.22,19502.16,M,1966-11-29,Primary,100414,,0.0,73,,,,NORM,0,415
9,Ismailia,2020-02-19,50000,A,NORM,Normal,0,2026-02-17,Platinum Credit Card,44500.54,5304.69,M,1966-11-29,Primary,100414,,0.0,73,,,,NORM,0,415
7,Luxor,2023-11-10,10000,A,NORM,Normal,0,2026-02-19,Classic Credit Card,4739.25,5115.68,F,1992-01-05,Secondary,100415,,0.0,28,,,,NORM,0,416
5,Tanta,2024-06-23,30000,A,60DA,60 Days Delinquent,60,2026-02-24,Classic Credit Card,-8.01,29788.38,M,1961-01-03,Primary,100416,,2997.27,20,,,,60DA,0,417
2,Giza,2024-12-26,150000,A,NORM,Normal,0,2026-03-01,Platinum Credit Card,3744.91,146252.05,M,1960-09-06,Primary,100417,,0.0,14,,,,NORM,0,418
6,Assiut,2022-12-23,5000,A,NORM,Normal,0,2026-02-23,Cashback Card,2509.02,2138.44,F,1984-03-31,Primary,100418,,0.0,38,,,,NORM,0,419
3,Alexandria,2024-09-07,200000,A,60DA,60 Days Delinquent,60,2026-02-28,Platinum Credit Card,58220.35,141430.58,M,1991-08-11,Primary,100419,,83709.54,18,,,,60DA,0,420
3,Alexandria,2024-09-07,200000,A,NORM,Normal,0,2026-02-22,Travel Rewards Card,75766.11,124011.36,M,1991-08-11,Primary,100419,,0.0,18,,,,NORM,0,420
8,Zagazig,2023-03-22,100000,A,NORM,Normal,0,2026-02-17,World Elite Card,63440.85,36202.6,F,1973-12-03,Primary,100420,,0.0,35,,,,NORM,0,421
8,Zagazig,2023-03-22,100000,A,NORM,Normal,0,2026-02-24,Cashback Card,24085.5,75661.23,F,1973-12-03,Primary,100420,,0.0,35,,,,NORM,0,421
8,Zagazig,2021-12-10,100000,A,NORM,Normal,0,2026-02-15,Platinum Credit Card,8602.67,91377.14,M,1965-01-23,Primary,100421,,0.0,51,,,,NORM,0,422
8,Zagazig,2021-12-10,100000,A,NORM,Normal,0,2026-02-20,Gold Credit Card,47074.7,52891.6,M,1965-01-23,Primary,100421,,0.0,51,,,,NORM,0,422
9,Ismailia,2022-06-30,200000,A,NEW,New,0,2026-02-19,World Elite Card,167503.45,32312.56,F,1980-09-04,Primary,100422,,0.0,44,,,,NEW,0,423
7,Luxor,2021-11-02,150000,A,30DD,30 Days Delinquent,30,2026-02-18,World Elite Card,42403.3,107157.06,F,1985-06-11,Primary,100423,,4545.0,52,,,,30DD,0,424
3,Alexandria,2022-07-21,10000,A,NORM,Normal,0,2026-02-26,Cashback Card,5295.64,4213.08,F,1973-10-25,Primary,100424,,0.0,43,,,,NORM,0,425
10,Suez,2021-06-01,75000,A,NORM,Normal,0,2026-02-15,Platinum Credit Card,69588.85,4986.72,M,1995-08-19,Primary,100426,,0.0,57,,,,NORM,0,427
10,Suez,2021-06-01,75000,A,90DA,90 Days Delinquent,90,2026-02-26,Travel Rewards Card,61657.82,13012.53,M,1995-08-19,Primary,100426,,43409.6,57,,,,90DA,0,427
10,Suez,2021-06-01,75000,A,60DA,60 Days Delinquent,60,2026-02-23,Gold Credit Card,39365.12,35446.9,M,1995-08-19,Primary,100426,,845.43,57,,,,60DA,0,427
10,Suez,2021-06-01,75000,A,90DA,90 Days Delinquent,90,2026-02-22,World Elite Card,2730.0,72016.21,M,1995-08-19,Primary,100426,,26210.64,57,,,,90DA,0,427
2,Giza,2021-03-01,5000,A,NORM,Normal,0,2026-02-22,Cashback Card,1549.68,3397.41,F,1998-08-19,Primary,100427,,0.0,60,,,,NORM,0,428
4,Mansoura,2019-12-12,100000,A,90DA,90 Days Delinquent,90,2026-02-15,Platinum Credit Card,40312.26,59245.81,F,1989-09-19,Secondary,100428,,50815.63,75,,,,90DA,0,429
1,Cairo Main,2018-03-06,15000,A,NORM,Normal,0,2026-02-22,Business Credit Card,4704.67,10271.01,F,1963-03-21,Secondary,100429,,0.0,97,,,,NORM,0,430
1,Cairo Main,2018-03-06,15000,A,90DA,90 Days Delinquent,90,2026-02-18,Gold Credit Card,12390.37,2271.32,F,1963-03-21,Secondary,100429,,8001.38,97,,,,90DA,0,430
10,Suez,2023-02-05,150000,A,NEW,New,0,2026-02-26,Platinum Credit Card,81826.21,67975.51,M,1968-01-24,Primary,100430,,0.0,37,,,,NEW,0,431
5,Tanta,2024-02-16,200000,A,90DA,90 Days Delinquent,90,2026-03-01,World Elite Card,183522.44,16243.85,F,1978-06-06,Secondary,100431,,83752.85,24,,,,90DA,0,432
9,Ismailia,2021-02-18,100000,A,NORM,Normal,0,2026-02-20,World Elite Card,19879.55,79829.25,F,1998-07-19,Primary,100432,,0.0,61,,,,NORM,0,433
1,Cairo Main,2023-02-03,150000,A,30DD,30 Days Delinquent,30,2026-02-26,Business Credit Card,86204.81,63668.86,M,1981-01-11,Primary,100433,,72097.4,37,,,,30DD,0,434
10,Suez,2018-09-09,100000,A,NORM,Normal,0,2026-02-25,World Elite Card,85090.8,14824.02,F,1971-09-07,Primary,100434,,0.0,91,,,,NORM,0,435
5,Tanta,2019-06-27,200000,A,NORM,Normal,0,2026-02-18,Platinum Credit Card,117380.35,82470.79,M,1971-04-22,Primary,100435,,0.0,81,,,,NORM,0,436
5,Tanta,2020-08-25,100000,A,NORM,Normal,0,2026-02-19,World Elite Card,88351.69,11281.5,M,1995-02-06,Secondary,100436,,0.0,67,,,,NORM,0,437
5,Tanta,2020-08-25,100000,A,NORM,Normal,0,2026-02-28,Travel Rewards Card,54178.51,45656.8,M,1995-02-06,Secondary,100436,,0.0,67,,,,NORM,0,437
5,Tanta,2023-12-22,20000,A,NORM,Normal,0,2026-02-14,Gold Credit Card,18710.67,1013.25,F,1981-05-13,Primary,100438,,0.0,26,,,,NORM,0,439
5,Tanta,2023-12-22,20000,A,NORM,Normal,0,2026-02-23,Cashback Card,4438.24,15542.29,F,1981-05-13,Primary,100438,,0.0,26,,,,NORM,0,439
6,Assiut,2018-06-18,10000,A,30DD,30 Days Delinquent,30,2026-02-26,Gold Credit Card,7466.89,2113.01,F,1983-10-14,Primary,100439,,3061.3,93,,,,30DD,0,440
10,Suez,2023-03-04,20000,A,NEW,New,0,2026-02-19,Cashback Card,1120.86,18780.45,M,1977-07-18,Primary,100440,,0.0,36,,,,NEW,0,441
10,Suez,2023-03-04,20000,A,NORM,Normal,0,2026-02-19,Platinum Credit Card,10214.5,9483.49,M,1977-07-18,Primary,100440,,0.0,36,,,,NORM,0,441
7,Luxor,2023-11-22,10000,A,NORM,Normal,0,2026-02-17,Cashback Card,-86.52,9413.64,M,1964-05-19,Primary,100441,,0.0,27,,,,NORM,0,442
1,Cairo Main,2020-06-07,200000,A,NORM,Normal,0,2026-02-26,World Elite Card,125814.71,73829.82,M,1986-08-26,Secondary,100442,,0.0,69,,,,NORM,0,443
1,Cairo Main,2020-06-07,200000,A,NORM,Normal,0,2026-02-22,Travel Rewards Card,124894.1,75011.71,M,1986-08-26,Secondary,100442,,0.0,69,,,,NORM,0,443
5,Tanta,2018-11-07,100000,A,NORM,Normal,0,2026-02-22,Platinum Credit Card,73182.12,26653.01,F,1980-12-11,Primary,100443,,0.0,89,,,,NORM,0,444
5,Tanta,2018-11-07,100000,A,NORM,Normal,0,2026-02-25,Travel Rewards Card,37405.88,62099.8,F,1980-12-11,Primary,100443,,0.0,89,,,,NORM,0,444
5,Tanta,2022-12-10,10000,A,NORM,Normal,0,2026-02-21,Business Credit Card,-226.75,9564.2,F,1967-12-25,Primary,100444,,0.0,39,,,,NORM,0,445
5,Tanta,2022-12-10,10000,A,NEW,New,0,2026-02-24,Platinum Credit Card,7392.87,2207.53,F,1967-12-25,Primary,100444,,0.0,39,,,,NEW,0,445
7,Luxor,2019-09-13,50000,A,NEW,New,0,2026-02-21,Titanium Credit Card,13516.81,36147.59,F,1971-12-14,Secondary,100446,,0.0,78,,,,NEW,0,447
8,Zagazig,2021-04-02,20000,A,NORM,Normal,0,2026-02-20,Gold Credit Card,8233.06,11497.47,M,1994-02-10,Primary,100448,,0.0,59,,,,NORM,0,449
2,Giza,2022-11-29,20000,A,30DD,30 Days Delinquent,30,2026-02-28,Classic Credit Card,8251.33,11319.76,F,1999-09-16,Primary,100449,,2704.39,39,,,,30DD,0,450
8,Zagazig,2023-01-15,5000,A,NORM,Normal,0,2026-02-22,Gold Credit Card,2227.63,2425.23,M,1983-12-14,Primary,100450,,0.0,38,,,,NORM,0,451
9,Ismailia,2024-07-01,20000,A,30DD,30 Days Delinquent,30,2026-03-01,Classic Credit Card,15211.96,4716.98,M,1966-09-06,Primary,100451,,11538.74,20,,,,30DD,0,452
3,Alexandria,2018-07-24,30000,A,NORM,Normal,0,2026-03-01,Classic Credit Card,14773.36,15039.38,M,1988-05-18,Primary,100452,,0.0,92,,,,NORM,0,453
2,Giza,2020-04-10,75000,A,NEW,New,0,2026-03-01,Titanium Credit Card,26493.69,48037.03,M,1996-02-01,Primary,100453,,0.0,71,,,,NEW,0,454
2,Giza,2020-04-10,75000,A,NORM,Normal,0,2026-02-23,Platinum Credit Card,990.38,73990.28,M,1996-02-01,Primary,100453,,0.0,71,,,,NORM,0,454
10,Suez,2021-10-06,10000,A,NORM,Normal,0,2026-02-26,Gold Credit Card,5290.89,4262.09,M,1967-10-12,Primary,100454,,0.0,53,,,,NORM,0,455
3,Alexandria,2024-11-13,75000,A,NORM,Normal,0,2026-02-22,Titanium Credit Card,7748.94,67132.22,M,1964-06-25,Primary,100455,,0.0,15,,,,NORM,0,456
3,Alexandria,2023-08-10,200000,A,NORM,Normal,0,2026-02-24,Platinum Credit Card,50806.75,149180.8,M,1992-03-03,Secondary,100457,,0.0,31,,,,NORM,0,458
6,Assiut,2024-01-20,150000,A,NORM,Normal,0,2026-02-19,World Elite Card,107756.1,42086.12,F,1998-09-12,Primary,100458,,0.0,25,,,,NORM,0,459
1,Cairo Main,2023-10-11,10000,A,30DD,30 Days Delinquent,30,2026-02-24,Cashback Card,4444.81,5208.34,M,1981-10-04,Primary,100460,,4583.76,29,,,,30DD,0,461
1,Cairo Main,2023-10-11,10000,A,NORM,Normal,0,2026-02-18,Titanium Credit Card,2056.93,7735.09,M,1981-10-04,Primary,100460,,0.0,29,,,,NORM,0,461
1,Cairo Main,2023-10-11,10000,A,60DA,60 Days Delinquent,60,2026-03-01,Travel Rewards Card,1842.89,7952.93,M,1981-10-04,Primary,100460,,5145.53,29,,,,60DA,0,461
2,Giza,2020-07-21,10000,A,NORM,Normal,0,2026-02-21,Cashback Card,3890.65,5984.05,F,1974-08-18,Primary,100461,,0.0,68,,,,NORM,0,462
3,Alexandria,2024-11-01,100000,A,30DD,30 Days Delinquent,30,2026-02-28,World Elite Card,53629.56,46162.15,M,1969-09-11,Primary,100462,,28973.8,16,,,,30DD,0,463
10,Suez,2020-07-29,10000,A,NORM,Normal,0,2026-02-17,Gold Credit Card,5286.76,4456.92,F,1984-10-17,Primary,100464,,0.0,68,,,,NORM,0,465
10,Suez,2020-07-29,10000,A,30DD,30 Days Delinquent,30,2026-02-23,Platinum Credit Card,2965.38,6974.86,F,1984-10-17,Primary,100464,,647.65,68,,,,30DD,0,465
10,Suez,2020-07-29,10000,A,NORM,Normal,0,2026-02-17,Travel Rewards Card,3454.58,6378.08,F,1984-10-17,Primary,100464,,0.0,68,,,,NORM,0,465
4,Mansoura,2022-11-14,200000,A,NORM,Normal,0,2026-02-17,World Elite Card,124894.48,74623.67,M,1974-09-06,Primary,100465,,0.0,40,,,,NORM,0,466
2,Giza,2023-07-22,20000,A,NORM,Normal,0,2026-02-27,Classic Credit Card,15607.55,3996.55,M,1980-04-17,Primary,100466,,0.0,31,,,,NORM,0,467
1,Cairo Main,2021-06-02,15000,A,NORM,Normal,0,2026-02-26,Cashback Card,-1189.4,13590.6,M,1981-07-09,Secondary,100467,,0.0,57,,,,NORM,0,468
1,Cairo Main,2021-06-02,15000,A,NORM,Normal,0,2026-02-28,Classic Credit Card,13447.58,1316.77,M,1981-07-09,Secondary,100467,,0.0,57,,,,NORM,0,468
9,Ismailia,2020-04-28,10000,A,60DA,60 Days Delinquent,60,2026-02-14,Travel Rewards Card,-875.88,9100.09,M,1985-10-20,Primary,100469,,2414.09,71,,,,60DA,0,470
1,Cairo Main,2022-02-09,15000,A,NEW,New,0,2026-02-27,Cashback Card,9577.44,5113.67,F,1976-05-25,Primary,100470,,0.0,49,,,,NEW,0,471
1,Cairo Main,2022-02-09,15000,A,NEW,New,0,2026-02-14,Travel Rewards Card,12449.71,2368.05,F,1976-05-25,Primary,100470,,0.0,49,,,,NEW,0,471
10,Suez,2020-05-09,20000,A,30DD,30 Days Delinquent,30,2026-02-16,Gold Credit Card,11935.83,7595.63,M,1999-01-28,Primary,100471,,7860.04,70,,,,30DD,0,472
8,Zagazig,2023-11-28,10000,A,30DD,30 Days Delinquent,30,2026-02-28,World Elite Card,5463.07,4165.93,F,1982-06-29,Primary,100472,,4179.22,27,,,,30DD,0,473
8,Zagazig,2018-11-25,75000,A,NORM,Normal,0,2026-02-28,Platinum Credit Card,53811.62,21082.79,M,1963-12-01,Secondary,100473,,0.0,88,,,,NORM,0,474
6,Assiut,2024-06-28,50000,A,90DA,90 Days Delinquent,90,2026-02-15,Titanium Credit Card,40590.91,9014.38,M,1978-06-20,Secondary,100475,,23988.53,20,,,,90DA,0,476
5,Tanta,2023-06-07,50000,A,30DD,30 Days Delinquent,30,2026-02-19,Platinum Credit Card,14778.01,34763.37,M,1970-03-04,Primary,100476,,25205.74,33,,,,30DD,0,477
3,Alexandria,2019-09-21,15000,A,NORM,Normal,0,2026-02-28,Gold Credit Card,2831.76,11874.12,F,1997-08-25,Primary,100477,,0.0,78,,,,NORM,0,478
6,Assiut,2019-08-29,50000,A,NORM,Normal,0,2026-02-18,Platinum Credit Card,16040.31,33818.07,F,1975-06-04,Primary,100478,,0.0,79,,,,NORM,0,479
3,Alexandria,2024-02-16,150000,A,NORM,Normal,0,2026-02-24,Platinum Credit Card,82209.42,67511.66,F,1960-03-11,Primary,100479,,0.0,24,,,,NORM,0,480
3,Alexandria,2024-02-16,150000,A,NORM,Normal,0,2026-02-26,Travel Rewards Card,138407.25,11224.43,F,1960-03-11,Primary,100479,,0.0,24,,,,NORM,0,480
4,Mansoura,2023-11-27,20000,A,30DD,30 Days Delinquent,30,2026-02-19,Classic Credit Card,16838.42,2856.74,F,1986-03-03,Primary,100481,,8185.59,27,,,,30DD,0,482
10,Suez,2018-08-18,50000,A,NORM,Normal,0,2026-02-23,Titanium Credit Card,13740.71,35970.85,F,1982-12-12,Primary,100482,,0.0,91,,,,NORM,0,483
5,Tanta,2024-04-16,10000,A,60DA,60 Days Delinquent,60,2026-03-01,Gold Credit Card,1084.88,8777.62,M,1979-12-27,Secondary,100483,,5653.47,22,,,,60DA,0,484
5,Tanta,2024-04-16,10000,A,NORM,Normal,0,2026-02-18,World Elite Card,5894.73,3895.97,M,1979-12-27,Secondary,100483,,0.0,22,,,,NORM,0,484
3,Alexandria,2024-08-02,200000,A,30DD,30 Days Delinquent,30,2026-02-24,Platinum Credit Card,8193.7,191638.83,F,1997-06-24,Primary,100484,,40159.93,19,,,,30DD,0,485
5,Tanta,2024-04-09,100000,A,NORM,Normal,0,2026-02-15,World Elite Card,-9483.41,90429.34,F,1982-03-01,Primary,100486,,0.0,23,,,,NORM,0,487
1,Cairo Main,2021-02-09,100000,A,NORM,Normal,0,2026-02-24,Platinum Credit Card,16467.35,83295.43,M,1965-05-09,Primary,100487,,0.0,61,,,,NORM,0,488
1,Cairo Main,2021-02-09,100000,A,NORM,Normal,0,2026-02-21,Travel Rewards Card,42398.83,57333.5,M,1965-05-09,Primary,100487,,0.0,61,,,,NORM,0,488
6,Assiut,2021-04-02,30000,A,NEW,New,0,2026-02-14,Classic Credit Card,15574.93,14154.19,M,1962-03-09,Primary,100489,,0.0,59,,,,NEW,0,490
6,Assiut,2021-04-02,30000,A,NORM,Normal,0,2026-02-22,Cashback Card,24829.55,4791.2,M,1962-03-09,Primary,100489,,0.0,59,,,,NORM,0,490
5,Tanta,2022-01-24,10000,A,NEW,New,0,2026-02-23,Classic Credit Card,9448.71,190.27,F,1990-09-30,Primary,100490,,0.0,49,,,,NEW,0,491
5,Tanta,2022-01-24,10000,A,NORM,Normal,0,2026-02-15,Cashback Card,2447.08,7251.89,F,1990-09-30,Primary,100490,,0.0,49,,,,NORM,0,491
4,Mansoura,2023-08-24,20000,A,NORM,Normal,0,2026-02-20,World Elite Card,3854.8,15656.47,F,1966-12-07,Secondary,100491,,0.0,30,,,,NORM,0,492
1,Cairo Main,2021-11-27,30000,A,60DA,60 Days Delinquent,60,2026-02-18,Gold Credit Card,18076.01,11720.43,F,1981-07-05,Primary,100492,,16619.63,51,,,,60DA,0,493
3,Alexandria,2019-08-07,20000,A,NORM,Normal,0,2026-02-28,Classic Credit Card,778.57,18760.63,M,1998-06-08,Primary,100493,,0.0,79,,,,NORM,0,494
1,Cairo Main,2019-03-18,5000,A,NORM,Normal,0,2026-03-01,Gold Credit Card,1699.15,2994.21,M,1968-10-22,Primary,100494,,0.0,84,,,,NORM,0,495
1,Cairo Main,2019-03-18,5000,A,NORM,Normal,0,2026-02-20,Cashback Card,-315.6,4331.12,M,1968-10-22,Primary,100494,,0.0,84,,,,NORM,0,495
4,Mansoura,2024-05-24,10000,A,NORM,Normal,0,2026-02-16,Classic Credit Card,2131.64,7432.26,M,1982-08-25,Secondary,100496,,0.0,21,,,,NORM,0,497
2,Giza,2023-08-28,100000,A,NORM,Normal,0,2026-02-17,Travel Rewards Card,55371.2,44373.47,F,1969-08-07,Primary,100497,,0.0,30,,,,NORM,0,498
7,Luxor,2021-07-11,10000,A,NORM,Normal,0,2026-03-01,Classic Credit Card,7750.5,2209.55,M,1965-01-22,Primary,100498,,0.0,56,,,,NORM,0,499
7,Luxor,2023-02-15,200000,A,30DD,30 Days Delinquent,30,2026-02-17,Platinum Credit Card,16964.32,182965.93,M,1972-09-20,Secondary,100499,,112607.92,37,,,,30DD,0,500
3,Alexandria,2022-01-29,20000,A,NORM,Normal,0,2026-02-15,Gold Credit Card,2624.61,17038.13,F,1962-11-26,Primary,100501,,0.0,49,,,,NORM,0,502
5,Tanta,2022-06-28,50000,A,NORM,Normal,0,2026-02-14,Titanium Credit Card,10381.44,39224.74,F,1993-12-04,Primary,100502,,0.0,44,,,,NORM,0,503
8,Zagazig,2019-07-06,5000,A,NORM,Normal,0,2026-02-14,Cashback Card,-347.43,4530.97,F,1970-05-09,Primary,100503,,0.0,81,,,,NORM,0,504
5,Tanta,2024-12-27,10000,A,NORM,Normal,0,2026-02-16,Cashback Card,9184.47,337.24,M,1987-11-25,Primary,100504,,0.0,14,,,,NORM,0,505
9,Ismailia,2024-01-31,50000,A,NORM,Normal,0,2026-02-15,Platinum Credit Card,45087.09,4848.38,F,1971-09-27,Primary,100505,,0.0,25,,,,NORM,0,506
8,Zagazig,2018-05-15,15000,A,NORM,Normal,0,2026-02-18,Gold Credit Card,2511.36,12382.16,M,1961-08-12,Primary,100506,,0.0,94,,,,NORM,0,507
8,Zagazig,2018-05-15,15000,A,NORM,Normal,0,2026-02-25,Platinum Credit Card,481.78,14287.08,M,1961-08-12,Primary,100506,,0.0,94,,,,NORM,0,507
7,Luxor,2018-08-20,20000,A,30DD,30 Days Delinquent,30,2026-02-15,Gold Credit Card,2681.57,17029.01,M,1975-10-04,Primary,100509,,5673.48,91,,,,30DD,0,510
6,Assiut,2023-03-03,75000,A,NORM,Normal,0,2026-02-27,Titanium Credit Card,30038.24,44682.8,F,1961-09-04,Primary,100510,,0.0,36,,,,NORM,0,511
10,Suez,2021-08-13,200000,A,30DD,30 Days Delinquent,30,2026-02-17,World Elite Card,161487.65,38312.48,F,1977-07-04,Primary,100511,,77568.35,55,,,,30DD,0,512
10,Suez,2021-08-13,200000,A,NORM,Normal,0,2026-02-21,Travel Rewards Card,107831.65,92019.84,F,1977-07-04,Primary,100511,,0.0,55,,,,NORM,0,512
7,Luxor,2023-07-29,10000,A,60DA,60 Days Delinquent,60,2026-02-24,Gold Credit Card,1175.91,8468.25,M,1969-01-18,Primary,100512,,3929.8,31,,,,60DA,0,513
10,Suez,2021-01-24,10000,A,NORM,Normal,0,2026-03-01,Gold Credit Card,3885.07,5770.19,F,1975-02-09,Primary,100513,,0.0,62,,,,NORM,0,514
10,Suez,2021-01-24,10000,A,NORM,Normal,0,2026-02-21,Cashback Card,6112.6,3756.51,F,1975-02-09,Primary,100513,,0.0,62,,,,NORM,0,514
9,Ismailia,2020-03-30,75000,A,NORM,Normal,0,2026-02-19,Titanium Credit Card,24990.71,49691.2,M,1974-01-20,Primary,100514,,0.0,72,,,,NORM,0,515
5,Tanta,2023-12-23,200000,A,NORM,Normal,0,2026-02-27,Gold Credit Card,111156.41,88683.36,F,1988-08-12,Secondary,100515,,0.0,26,,,,NORM,0,516
2,Giza,2020-04-13,75000,A,NORM,Normal,0,2026-02-14,Travel Rewards Card,-5832.4,68849.66,M,1988-06-08,Primary,100516,,0.0,71,,,,NORM,0,517
5,Tanta,2023-06-12,150000,A,NORM,Normal,0,2026-02-16,World Elite Card,35206.3,114603.21,F,1980-10-26,Primary,100517,,0.0,33,,,,NORM,0,518
8,Zagazig,2018-03-23,5000,A,30DD,30 Days Delinquent,30,2026-02-19,Gold Credit Card,2552.17,1998.84,M,1995-02-02,Primary,100518,,1383.63,96,,,,30DD,0,519
2,Giza,2023-08-12,10000,A,NORM,Normal,0,2026-02-22,Cashback Card,2862.37,6692.11,M,1985-08-11,Primary,100519,,0.0,31,,,,NORM,0,520
2,Giza,2023-08-12,10000,A,NEW,New,0,2026-02-18,Business Credit Card,5631.18,4147.26,M,1985-08-11,Primary,100519,,0.0,31,,,,NEW,0,520
6,Assiut,2024-07-21,75000,A,NORM,Normal,0,2026-02-24,Platinum Credit Card,-1648.35,73239.52,F,1997-05-02,Primary,100520,,0.0,19,,,,NORM,0,521
6,Assiut,2024-07-21,75000,A,NORM,Normal,0,2026-02-27,Titanium Credit Card,69400.71,5517.28,F,1997-05-02,Primary,100520,,0.0,19,,,,NORM,0,521
1,Cairo Main,2024-10-17,5000,A,60DA,60 Days Delinquent,60,2026-02-25,Cashback Card,1178.26,3791.72,F,1988-12-13,Primary,100522,,1011.27,16,,,,60DA,0,523
1,Cairo Main,2024-10-17,5000,A,NEW,New,0,2026-02-25,Gold Credit Card,875.9,4022.86,F,1988-12-13,Primary,100522,,0.0,16,,,,NEW,0,523
2,Giza,2022-09-20,200000,A,NORM,Normal,0,2026-02-21,Platinum Credit Card,-14348.97,185188.49,M,1975-10-13,Primary,100525,,0.0,41,,,,NORM,0,526
2,Giza,2022-09-20,200000,A,30DD,30 Days Delinquent,30,2026-02-27,Travel Rewards Card,169889.89,29947.65,M,1975-10-13,Primary,100525,,49093.04,41,,,,30DD,0,526
6,Assiut,2018-12-03,10000,A,NORM,Normal,0,2026-02-21,Cashback Card,2177.35,7341.03,F,1985-10-30,Primary,100526,,0.0,88,,,,NORM,0,527
8,Zagazig,2019-07-01,30000,A,NORM,Normal,0,2026-02-16,Gold Credit Card,3367.05,26332.54,F,1999-03-08,Primary,100527,,0.0,81,,,,NORM,0,528
8,Zagazig,2019-07-01,30000,A,NORM,Normal,0,2026-02-20,Platinum Credit Card,10104.34,19802.84,F,1999-03-08,Primary,100527,,0.0,81,,,,NORM,0,528
4,Mansoura,2018-04-05,150000,A,NORM,Normal,0,2026-02-23,World Elite Card,-10917.61,138999.68,F,1960-12-05,Primary,100528,,0.0,96,,,,NORM,0,529
4,Mansoura,2018-04-05,150000,A,NORM,Normal,0,2026-02-28,Titanium Credit Card,30674.87,118895.48,F,1960-12-05,Primary,100528,,0.0,96,,,,NORM,0,529
3,Alexandria,2022-02-16,15000,A,NEW,New,0,2026-02-27,Cashback Card,7257.91,7419.73,F,1963-12-30,Primary,100529,,0.0,49,,,,NEW,0,530
5,Tanta,2023-07-18,75000,A,NORM,Normal,0,2026-02-26,Platinum Credit Card,20886.51,54019.36,F,1972-11-30,Primary,100530,,0.0,31,,,,NORM,0,531
5,Tanta,2020-08-22,200000,A,NORM,Normal,0,2026-02-19,Platinum Credit Card,12356.76,187307.89,M,1971-09-29,Secondary,100531,,0.0,67,,,,NORM,0,532
5,Tanta,2020-08-22,200000,A,NORM,Normal,0,2026-02-27,Classic Credit Card,43082.49,156454.63,M,1971-09-29,Secondary,100531,,0.0,67,,,,NORM,0,532
7,Luxor,2022-06-05,50000,A,90DA,90 Days Delinquent,90,2026-02-22,Platinum Credit Card,10254.52,39584.95,F,1973-07-27,Primary,100533,,26070.83,45,,,,90DA,0,534
7,Luxor,2022-06-05,50000,A,NORM,Normal,0,2026-02-21,Travel Rewards Card,41586.1,8289.39,F,1973-07-27,Primary,100533,,0.0,45,,,,NORM,0,534
7,Luxor,2022-06-05,50000,A,NORM,Normal,0,2026-02-15,Business Credit Card,13204.5,36443.82,F,1973-07-27,Primary,100533,,0.0,45,,,,NORM,0,534
7,Luxor,2020-12-02,10000,A,NORM,Normal,0,2026-02-23,Classic Credit Card,6837.05,3104.11,F,1966-05-12,Primary,100534,,0.0,63,,,,NORM,0,535
5,Tanta,2021-07-06,75000,A,NORM,Normal,0,2026-02-28,Titanium Credit Card,-1449.69,73224.15,F,1983-03-11,Primary,100535,,0.0,56,,,,NORM,0,536
4,Mansoura,2018-05-27,100000,A,90DA,90 Days Delinquent,90,2026-02-17,Platinum Credit Card,92538.14,6976.34,F,1968-03-19,Primary,100536,,57269.33,94,,,,90DA,0,537
8,Zagazig,2019-04-06,15000,A,NORM,Normal,0,2026-02-21,Classic Credit Card,12196.93,2791.72,F,1982-02-11,Primary,100537,,0.0,84,,,,NORM,0,538
6,Assiut,2019-03-11,50000,A,NORM,Normal,0,2026-03-01,Titanium Credit Card,20890.49,28738.42,F,1986-06-25,Primary,100539,,0.0,84,,,,NORM,0,540
1,Cairo Main,2024-12-24,100000,A,NORM,Normal,0,2026-02-14,Travel Rewards Card,-6784.82,92838.86,M,1989-06-07,Primary,100540,,0.0,14,,,,NORM,0,541
1,Cairo Main,2024-12-24,100000,A,NORM,Normal,0,2026-02-24,Titanium Credit Card,45243.94,54659.71,M,1989-06-07,Primary,100540,,0.0,14,,,,NORM,0,541
7,Luxor,2022-06-22,30000,A,60DA,60 Days Delinquent,60,2026-02-19,Gold Credit Card,23482.98,6270.58,F,1964-02-25,Primary,100541,,2987.46,44,,,,60DA,0,542
2,Giza,2023-07-04,75000,A,NORM,Normal,0,2026-02-21,Platinum Credit Card,21939.42,52587.8,M,1973-05-23,Primary,100542,,0.0,32,,,,NORM,0,543
2,Giza,2023-07-04,75000,A,NORM,Normal,0,2026-02-16,Travel Rewards Card,41341.23,33601.61,M,1973-05-23,Primary,100542,,0.0,32,,,,NORM,0,543
5,Tanta,2024-09-24,75000,A,NORM,Normal,0,2026-02-23,Titanium Credit Card,48446.73,26455.54,F,1985-04-04,Primary,100543,,0.0,17,,,,NORM,0,544
5,Tanta,2024-09-24,75000,A,NORM,Normal,0,2026-02-15,Cashback Card,12825.19,62057.12,F,1985-04-04,Primary,100543,,0.0,17,,,,NORM,0,544
8,Zagazig,2020-07-07,15000,A,NORM,Normal,0,2026-02-14,Business Credit Card,11093.12,3648.25,F,1990-05-05,Primary,100544,,0.0,68,,,,NORM,0,545
3,Alexandria,2021-05-15,20000,A,NORM,Normal,0,2026-02-17,Cashback Card,8312.97,11642.86,M,1965-09-24,Secondary,100545,,0.0,58,,,,NORM,0,546
9,Ismailia,2022-08-19,10000,A,NORM,Normal,0,2026-02-28,Cashback Card,770.9,9007.97,F,1979-01-22,Primary,100546,,0.0,43,,,,NORM,0,547
9,Ismailia,2022-08-19,10000,A,NORM,Normal,0,2026-02-21,Business Credit Card,4385.15,5559.4,F,1979-01-22,Primary,100546,,0.0,43,,,,NORM,0,547
2,Giza,2023-03-11,15000,A,NORM,Normal,0,2026-02-23,Classic Credit Card,7068.79,7577.84,F,1993-03-20,Primary,100547,,0.0,36,,,,NORM,0,548
2,Giza,2023-03-11,15000,A,NORM,Normal,0,2026-02-17,Cashback Card,6989.49,7951.38,F,1993-03-20,Primary,100547,,0.0,36,,,,NORM,0,548
5,Tanta,2020-02-06,20000,A,NORM,Normal,0,2026-02-21,Cashback Card,12894.82,6970.37,F,1975-04-24,Primary,100548,,0.0,73,,,,NORM,0,549
2,Giza,2019-12-05,100000,A,NORM,Normal,0,2026-02-21,Travel Rewards Card,-7133.23,92721.74,F,1960-08-05,Primary,100549,,0.0,75,,,,NORM,0,550
2,Giza,2023-03-14,15000,A,NORM,Normal,0,2026-02-25,Business Credit Card,-141.83,14557.68,F,1973-07-01,Primary,100551,,0.0,36,,,,NORM,0,552
5,Tanta,2023-06-20,75000,A,30DD,30 Days Delinquent,30,2026-02-23,Business Credit Card,43816.1,30820.51,M,1961-08-29,Primary,100553,,34584.89,32,,,,30DD,0,554
6,Assiut,2018-09-18,30000,A,NORM,Normal,0,2026-02-19,Classic Credit Card,17730.79,11831.83,F,1984-10-25,Primary,100554,,0.0,90,,,,NORM,0,555
6,Assiut,2018-09-18,30000,A,NORM,Normal,0,2026-02-27,Cashback Card,21884.79,8018.37,F,1984-10-25,Primary,100554,,0.0,90,,,,NORM,0,555
6,Assiut,2018-09-18,30000,A,NORM,Normal,0,2026-02-21,Business Credit Card,14123.27,15841.91,F,1984-10-25,Primary,100554,,0.0,90,,,,NORM,0,555
7,Luxor,2022-01-15,100000,A,60DA,60 Days Delinquent,60,2026-02-24,Platinum Credit Card,39755.43,60012.87,M,1997-05-15,Primary,100556,,1427.95,50,,,,60DA,0,557
7,Luxor,2022-01-15,100000,A,NORM,Normal,0,2026-02-26,Travel Rewards Card,59380.48,40451.83,M,1997-05-15,Primary,100556,,0.0,50,,,,NORM,0,557
9,Ismailia,2019-09-12,150000,A,NORM,Normal,0,2026-02-27,World Elite Card,-13779.0,136215.01,M,1971-12-31,Secondary,100559,,0.0,78,,,,NORM,0,560
9,Ismailia,2019-09-12,150000,A,NORM,Normal,0,2026-02-19,Titanium Credit Card,57600.77,92068.1,M,1971-12-31,Secondary,100559,,0.0,78,,,,NORM,0,560
2,Giza,2019-04-29,20000,A,30DD,30 Days Delinquent,30,2026-02-24,Gold Credit Card,15138.41,4505.79,M,1967-06-29,Primary,100560,,6834.23,83,,,,30DD,0,561
2,Giza,2020-04-06,100000,A,NORM,Normal,0,2026-02-28,World Elite Card,41073.4,58881.05,M,1998-01-24,Primary,100561,,0.0,71,,,,NORM,0,562
2,Giza,2020-04-06,100000,A,NORM,Normal,0,2026-02-20,Travel Rewards Card,91425.35,8522.93,M,1998-01-24,Primary,100561,,0.0,71,,,,NORM,0,562
6,Assiut,2020-10-02,15000,A,NORM,Normal,0,2026-02-21,Classic Credit Card,-320.45,14310.33,F,1988-03-26,Secondary,100562,,0.0,65,,,,NORM,0,563
1,Cairo Main,2019-08-20,5000,A,30DD,30 Days Delinquent,30,2026-02-25,Cashback Card,4170.12,707.27,M,1979-11-08,Primary,100563,,2284.08,79,,,,30DD,0,564
10,Suez,2023-10-31,30000,A,NORM,Normal,0,2026-02-28,Cashback Card,28296.71,1640.94,F,1962-08-05,Primary,100564,,0.0,28,,,,NORM,0,565
10,Suez,2022-07-13,100000,A,NORM,Normal,0,2026-02-14,Platinum Credit Card,18761.48,81010.35,F,1966-08-03,Primary,100565,,0.0,44,,,,NORM,0,566
10,Suez,2022-07-13,100000,A,NORM,Normal,0,2026-02-15,Travel Rewards Card,3638.94,95996.68,F,1966-08-03,Primary,100565,,0.0,44,,,,NORM,0,566
10,Suez,2022-07-13,100000,A,NORM,Normal,0,2026-03-01,Business Credit Card,52424.34,47539.17,F,1966-08-03,Primary,100565,,0.0,44,,,,NORM,0,566
7,Luxor,2019-06-01,150000,A,NORM,Normal,0,2026-02-17,World Elite Card,50602.19,99359.78,M,1992-07-11,Primary,100566,,0.0,82,,,,NORM,0,567
5,Tanta,2021-05-29,75000,A,30DD,30 Days Delinquent,30,2026-02-28,Platinum Credit Card,68717.14,5783.18,M,1970-10-29,Primary,100567,,38603.51,57,,,,30DD,0,568
5,Tanta,2018-01-22,100000,A,30DD,30 Days Delinquent,30,2026-02-24,Travel Rewards Card,86310.85,13260.16,M,1985-09-04,Primary,100568,,46040.96,98,,,,30DD,0,569
5,Tanta,2018-01-22,100000,A,30DD,30 Days Delinquent,30,2026-02-14,Titanium Credit Card,91901.27,7818.95,M,1985-09-04,Primary,100568,,50407.55,98,,,,30DD,0,569
5,Tanta,2018-01-22,100000,A,NEW,New,0,2026-02-22,Business Credit Card,83172.39,16511.35,M,1985-09-04,Primary,100568,,0.0,98,,,,NEW,0,569
4,Mansoura,2022-01-19,100000,A,NORM,Normal,0,2026-03-01,Platinum Credit Card,68851.26,30785.2,M,1996-11-28,Primary,100569,,0.0,50,,,,NORM,0,570
6,Assiut,2023-11-26,75000,A,NORM,Normal,0,2026-02-16,Titanium Credit Card,30541.83,43972.38,F,1990-05-12,Primary,100570,,0.0,27,,,,NORM,0,571
7,Luxor,2019-10-30,15000,A,NORM,Normal,0,2026-02-23,Cashback Card,7023.0,7796.71,M,1996-12-14,Primary,100571,,0.0,77,,,,NORM,0,572
1,Cairo Main,2019-10-05,150000,A,NEW,New,0,2026-02-20,World Elite Card,142099.82,7670.49,F,1993-06-26,Primary,100572,,0.0,77,,,,NEW,0,573
1,Cairo Main,2019-10-05,150000,A,NORM,Normal,0,2026-03-01,Travel Rewards Card,138576.9,11038.83,F,1993-06-26,Primary,100572,,0.0,77,,,,NORM,0,573
1,Cairo Main,2019-10-05,150000,A,NORM,Normal,0,2026-03-01,Classic Credit Card,116034.74,33590.63,F,1993-06-26,Primary,100572,,0.0,77,,,,NORM,0,573
6,Assiut,2022-03-14,30000,A,NORM,Normal,0,2026-02-16,Classic Credit Card,21466.43,8269.71,F,1973-09-04,Secondary,100573,,0.0,48,,,,NORM,0,574
8,Zagazig,2019-05-17,150000,A,NORM,Normal,0,2026-02-28,World Elite Card,112194.34,37515.64,F,1960-02-04,Primary,100574,,0.0,82,,,,NORM,0,575
3,Alexandria,2023-03-03,100000,A,90DA,90 Days Delinquent,90,2026-02-21,Platinum Credit Card,-6312.09,93205.96,M,1982-08-23,Secondary,100575,,53462.11,36,,,,90DA,0,576
1,Cairo Main,2022-12-20,30000,A,30DD,30 Days Delinquent,30,2026-02-16,Cashback Card,18784.28,10969.87,M,1990-01-27,Primary,100576,,5828.2,38,,,,30DD,0,577
1,Cairo Main,2022-12-20,30000,A,NORM,Normal,0,2026-02-21,Classic Credit Card,-1133.15,28629.46,M,1990-01-27,Primary,100576,,0.0,38,,,,NORM,0,577
1,Cairo Main,2022-12-20,30000,A,NORM,Normal,0,2026-02-21,Travel Rewards Card,10452.72,19349.7,M,1990-01-27,Primary,100576,,0.0,38,,,,NORM,0,577
10,Suez,2024-06-20,5000,A,NORM,Normal,0,2026-02-14,Gold Credit Card,40.56,4460.47,M,1984-04-21,Secondary,100577,,0.0,20,,,,NORM,0,578
6,Assiut,2020-11-19,10000,A,NORM,Normal,0,2026-02-18,Cashback Card,8996.37,875.79,M,1977-02-18,Primary,100579,,0.0,64,,,,NORM,0,580
6,Assiut,2020-11-19,10000,A,NORM,Normal,0,2026-02-21,Gold Credit Card,8560.47,1060.06,M,1977-02-18,Primary,100579,,0.0,64,,,,NORM,0,580
6,Assiut,2020-11-19,10000,A,NORM,Normal,0,2026-02-25,Titanium Credit Card,2517.62,7266.04,M,1977-02-18,Primary,100579,,0.0,64,,,,NORM,0,580
6,Assiut,2020-11-19,10000,A,NORM,Normal,0,2026-02-23,Platinum Credit Card,4025.67,5913.24,M,1977-02-18,Primary,100579,,0.0,64,,,,NORM,0,580
1,Cairo Main,2021-08-25,15000,A,NEW,New,0,2026-02-23,Gold Credit Card,-1110.61,13529.33,F,1987-07-25,Secondary,100580,,0.0,54,,,,NEW,0,581
1,Cairo Main,2021-08-25,15000,A,NORM,Normal,0,2026-02-16,Cashback Card,13158.58,1744.36,F,1987-07-25,Secondary,100580,,0.0,54,,,,NORM,0,581
2,Giza,2020-04-09,20000,A,NORM,Normal,0,2026-02-24,Gold Credit Card,9188.59,10633.93,F,1962-04-29,Primary,100581,,0.0,71,,,,NORM,0,582
2,Giza,2020-04-09,20000,A,NORM,Normal,0,2026-02-22,Cashback Card,936.07,18670.67,F,1962-04-29,Primary,100581,,0.0,71,,,,NORM,0,582
7,Luxor,2023-06-07,5000,A,NORM,Normal,0,2026-02-22,Classic Credit Card,2543.58,2405.42,M,1962-12-08,Primary,100582,,0.0,33,,,,NORM,0,583
7,Luxor,2023-06-07,5000,A,60DA,60 Days Delinquent,60,2026-02-20,Cashback Card,3250.5,1722.9,M,1962-12-08,Primary,100582,,1858.05,33,,,,60DA,0,583
5,Tanta,2019-11-17,5000,A,NORM,Normal,0,2026-02-23,Gold Credit Card,149.9,4536.73,M,1989-04-17,Primary,100584,,0.0,76,,,,NORM,0,585
5,Tanta,2019-11-17,5000,A,NEW,New,0,2026-02-14,Cashback Card,4583.4,352.66,M,1989-04-17,Primary,100584,,0.0,76,,,,NEW,0,585
5,Tanta,2019-11-17,5000,A,NORM,Normal,0,2026-02-18,Titanium Credit Card,1939.89,2840.17,M,1989-04-17,Primary,100584,,0.0,76,,,,NORM,0,585
1,Cairo Main,2023-12-28,200000,A,NORM,Normal,0,2026-03-01,Platinum Credit Card,179390.29,20324.03,M,1967-03-29,Primary,100585,,0.0,26,,,,NORM,0,586
5,Tanta,2023-01-29,30000,A,NORM,Normal,0,2026-02-20,Gold Credit Card,8640.17,21006.82,F,1993-10-06,Primary,100586,,0.0,37,,,,NORM,0,587
5,Tanta,2023-01-29,30000,A,NORM,Normal,0,2026-02-22,Cashback Card,12418.23,17233.41,F,1993-10-06,Primary,100586,,0.0,37,,,,NORM,0,587
10,Suez,2018-01-18,5000,A,NORM,Normal,0,2026-02-15,Cashback Card,-341.88,4554.99,M,1981-05-17,Primary,100587,,0.0,98,,,,NORM,0,588
1,Cairo Main,2022-12-29,10000,A,NORM,Normal,0,2026-02-28,Titanium Credit Card,4838.97,4843.2,F,1997-04-28,Primary,100588,,0.0,38,,,,NORM,0,589
1,Cairo Main,2022-12-29,10000,A,NORM,Normal,0,2026-02-16,Platinum Credit Card,732.3,8970.77,F,1997-04-28,Primary,100588,,0.0,38,,,,NORM,0,589
5,Tanta,2024-10-18,20000,A,60DA,60 Days Delinquent,60,2026-02-15,Cashback Card,9004.17,10676.88,F,1982-02-08,Primary,100590,,9325.25,16,,,,60DA,0,591
9,Ismailia,2024-05-06,200000,A,NORM,Normal,0,2026-02-16,World Elite Card,-339.74,199511.34,F,1968-09-09,Primary,100591,,0.0,22,,,,NORM,0,592
10,Suez,2024-04-13,100000,A,NORM,Normal,0,2026-02-22,World Elite Card,54641.97,44912.74,F,1971-05-06,Primary,100592,,0.0,22,,,,NORM,0,593
10,Suez,2024-04-13,100000,A,NORM,Normal,0,2026-02-19,Titanium Credit Card,39318.79,60596.76,F,1971-05-06,Primary,100592,,0.0,22,,,,NORM,0,593
10,Suez,2024-04-13,100000,A,NORM,Normal,0,2026-02-16,Cashback Card,61085.48,38767.04,F,1971-05-06,Primary,100592,,0.0,22,,,,NORM,0,593
4,Mansoura,2021-02-12,75000,A,NEW,New,0,2026-02-18,Platinum Credit Card,64710.11,10145.37,F,1962-02-08,Secondary,100593,,0.0,61,,,,NEW,0,594
3,Alexandria,2021-06-27,10000,A,NORM,Normal,0,2026-02-23,Gold Credit Card,3572.54,6096.2,M,1974-10-08,Primary,100594,,0.0,56,,,,NORM,0,595
1,Cairo Main,2021-09-28,150000,A,NORM,Normal,0,2026-02-27,Platinum Credit Card,-10068.46,139856.73,M,1996-11-08,Secondary,100595,,0.0,53,,,,NORM,0,596
2,Giza,2019-06-07,5000,A,NORM,Normal,0,2026-02-17,Cashback Card,622.59,3887.57,M,1995-02-08,Primary,100596,,0.0,81,,,,NORM,0,597
5,Tanta,2022-04-12,75000,A,NORM,Normal,0,2026-02-16,Titanium Credit Card,40002.64,34846.18,F,1998-02-15,Primary,100597,,0.0,47,,,,NORM,0,598
5,Tanta,2022-04-12,75000,A,NORM,Normal,0,2026-02-25,Gold Credit Card,27336.26,47175.66,F,1998-02-15,Primary,100597,,0.0,47,,,,NORM,0,598
10,Suez,2021-10-23,5000,A,90DA,90 Days Delinquent,90,2026-02-23,Cashback Card,3561.13,1160.06,M,1964-07-17,Primary,100598,,1927.55,53,,,,90DA,0,599
4,Mansoura,2019-06-01,150000,A,NEW,New,0,2026-02-16,Platinum Credit Card,84240.9,65619.4,M,1985-09-17,Primary,100599,,0.0,82,,,,NEW,0,600
7,Luxor,2022-01-05,30000,A,NEW,New,0,2026-02-16,Classic Credit Card,-2268.92,27632.17,F,1983-01-07,Secondary,100600,,0.0,50,,,,NEW,0,601
7,Luxor,2022-01-05,30000,A,60DA,60 Days Delinquent,60,2026-02-20,Cashback Card,17848.46,11832.29,F,1983-01-07,Secondary,100600,,10286.47,50,,,,60DA,0,601
7,Luxor,2022-01-05,30000,A,NORM,Normal,0,2026-02-20,Titanium Credit Card,5564.85,24217.49,F,1983-01-07,Secondary,100600,,0.0,50,,,,NORM,0,601
3,Alexandria,2020-08-30,150000,A,NORM,Normal,0,2026-02-28,Platinum Credit Card,136263.24,13619.86,F,1962-07-28,Primary,100601,,0.0,66,,,,NORM,0,602
3,Alexandria,2020-08-30,150000,A,NORM,Normal,0,2026-02-20,Business Credit Card,140510.16,9213.28,F,1962-07-28,Primary,100601,,0.0,66,,,,NORM,0,602
10,Suez,2021-09-18,200000,A,NEW,New,0,2026-02-15,Platinum Credit Card,173696.25,26033.88,M,1991-01-22,Secondary,100602,,0.0,54,,,,NEW,0,603
10,Suez,2021-09-18,200000,A,NORM,Normal,0,2026-02-23,Travel Rewards Card,107308.34,92490.02,M,1991-01-22,Secondary,100602,,0.0,54,,,,NORM,0,603
10,Suez,2021-09-18,200000,A,60DA,60 Days Delinquent,60,2026-02-17,Titanium Credit Card,-7870.85,192009.28,M,1991-01-22,Secondary,100602,,61624.73,54,,,,60DA,0,603
8,Zagazig,2020-05-23,20000,A,NEW,New,0,2026-02-26,Business Credit Card,1712.89,18231.06,F,1987-12-27,Primary,100603,,0.0,70,,,,NEW,0,604
1,Cairo Main,2022-01-05,5000,A,NORM,Normal,0,2026-02-28,Gold Credit Card,1742.62,2805.02,M,1963-04-23,Primary,100604,,0.0,50,,,,NORM,0,605
4,Mansoura,2020-12-09,15000,A,NORM,Normal,0,2026-02-26,Classic Credit Card,5738.0,8894.67,M,1999-09-19,Primary,100605,,0.0,63,,,,NORM,0,606
4,Mansoura,2020-12-09,15000,A,NORM,Normal,0,2026-02-28,Cashback Card,1433.64,13508.46,M,1999-09-19,Primary,100605,,0.0,63,,,,NORM,0,606
4,Mansoura,2020-12-09,15000,A,NEW,New,0,2026-02-16,Gold Credit Card,9219.13,5431.49,M,1999-09-19,Primary,100605,,0.0,63,,,,NEW,0,606
2,Giza,2020-05-11,30000,A,30DD,30 Days Delinquent,30,2026-02-20,Gold Credit Card,17111.92,12436.61,M,1975-03-07,Primary,100606,,1277.25,70,,,,30DD,0,607
4,Mansoura,2022-03-30,50000,A,NORM,Normal,0,2026-02-16,Platinum Credit Card,6375.44,43559.05,F,1983-11-21,Primary,100607,,0.0,47,,,,NORM,0,608
4,Mansoura,2022-03-30,50000,A,NORM,Normal,0,2026-03-01,Cashback Card,37783.43,11958.76,F,1983-11-21,Primary,100607,,0.0,47,,,,NORM,0,608
1,Cairo Main,2021-02-21,15000,A,NEW,New,0,2026-03-01,Gold Credit Card,10870.12,3888.92,F,1988-03-27,Primary,100608,,0.0,61,,,,NEW,0,609
1,Cairo Main,2021-02-21,15000,A,NORM,Normal,0,2026-02-15,Cashback Card,1403.66,13449.19,F,1988-03-27,Primary,100608,,0.0,61,,,,NORM,0,609
1,Cairo Main,2021-02-21,15000,A,NEW,New,0,2026-02-18,Travel Rewards Card,1487.66,13311.75,F,1988-03-27,Primary,100608,,0.0,61,,,,NEW,0,609
8,Zagazig,2023-03-17,15000,A,NORM,Normal,0,2026-02-22,Cashback Card,-5.5,14588.01,F,1983-04-11,Primary,100609,,0.0,36,,,,NORM,0,610
8,Zagazig,2023-03-17,15000,A,NORM,Normal,0,2026-02-14,Travel Rewards Card,-216.63,14566.82,F,1983-04-11,Primary,100609,,0.0,36,,,,NORM,0,610
1,Cairo Main,2020-06-18,20000,A,NORM,Normal,0,2026-02-23,Gold Credit Card,4534.97,14991.07,M,1969-04-17,Secondary,100610,,0.0,69,,,,NORM,0,611
1,Cairo Main,2020-06-18,20000,A,30DD,30 Days Delinquent,30,2026-02-23,World Elite Card,10603.41,9354.73,M,1969-04-17,Secondary,100610,,11572.65,69,,,,30DD,0,611
9,Ismailia,2019-07-05,10000,A,NORM,Normal,0,2026-02-28,Gold Credit Card,5053.12,4865.28,F,1963-10-20,Primary,100611,,0.0,81,,,,NORM,0,612
7,Luxor,2023-07-31,50000,A,90DA,90 Days Delinquent,90,2026-02-23,Platinum Credit Card,8922.29,40744.85,M,1976-06-26,Primary,100612,,28338.24,31,,,,90DA,0,613
5,Tanta,2024-10-10,15000,A,NORM,Normal,0,2026-02-24,Classic Credit Card,4621.39,10325.5,M,1968-07-20,Primary,100614,,0.0,16,,,,NORM,0,615
5,Tanta,2024-10-10,15000,A,60DA,60 Days Delinquent,60,2026-02-18,Titanium Credit Card,9852.83,4822.34,M,1968-07-20,Primary,100614,,8293.23,16,,,,60DA,0,615
5,Tanta,2024-10-10,15000,A,NORM,Normal,0,2026-02-16,World Elite Card,-30.49,14914.43,M,1968-07-20,Primary,100614,,0.0,16,,,,NORM,0,615
7,Luxor,2020-07-18,20000,A,NORM,Normal,0,2026-02-22,Business Credit Card,16883.57,2782.82,F,1970-03-17,Primary,100615,,0.0,68,,,,NORM,0,616
7,Luxor,2022-09-07,20000,A,NEW,New,0,2026-02-18,Cashback Card,2654.69,17315.67,M,1994-07-18,Primary,100616,,0.0,42,,,,NEW,0,617
1,Cairo Main,2021-12-23,50000,A,90DA,90 Days Delinquent,90,2026-02-25,Titanium Credit Card,25492.48,24049.88,M,1982-06-02,Primary,100617,,2257.24,50,,,,90DA,0,618
10,Suez,2021-06-01,10000,A,NORM,Normal,0,2026-02-28,Cashback Card,131.24,9487.35,F,1980-04-02,Primary,100619,,0.0,57,,,,NORM,0,620
7,Luxor,2020-04-23,20000,A,NORM,Normal,0,2026-02-23,Classic Credit Card,-129.87,19799.64,M,1972-09-24,Primary,100620,,0.0,71,,,,NORM,0,621
7,Luxor,2020-04-23,20000,A,NORM,Normal,0,2026-03-01,Cashback Card,14506.49,5105.52,M,1972-09-24,Primary,100620,,0.0,71,,,,NORM,0,621
9,Ismailia,2024-05-20,100000,A,NORM,Normal,0,2026-02-19,World Elite Card,32413.71,67290.98,F,1974-10-02,Primary,100623,,0.0,21,,,,NORM,0,624
4,Mansoura,2024-12-05,75000,A,NORM,Normal,0,2026-02-21,Platinum Credit Card,57681.04,16972.8,M,1968-01-21,Primary,100624,,0.0,15,,,,NORM,0,625
2,Giza,2020-06-08,100000,A,NEW,New,0,2026-02-18,World Elite Card,61846.99,37834.17,F,1991-04-24,Primary,100625,,0.0,69,,,,NEW,0,626
2,Giza,2020-06-08,100000,A,NORM,Normal,0,2026-02-25,Titanium Credit Card,53880.8,45982.11,F,1991-04-24,Primary,100625,,0.0,69,,,,NORM,0,626
2,Giza,2020-06-08,100000,A,NORM,Normal,0,2026-02-15,Classic Credit Card,27704.1,71830.94,F,1991-04-24,Primary,100625,,0.0,69,,,,NORM,0,626
3,Alexandria,2023-03-17,100000,A,NORM,Normal,0,2026-02-20,World Elite Card,92943.05,6856.52,M,1974-09-03,Primary,100627,,0.0,36,,,,NORM,0,628
2,Giza,2021-04-19,10000,A,NORM,Normal,0,2026-02-17,Classic Credit Card,5115.73,4877.11,M,1967-12-13,Primary,100628,,0.0,59,,,,NORM,0,629
1,Cairo Main,2023-12-21,20000,A,NORM,Normal,0,2026-02-25,Cashback Card,14127.87,5717.91,F,1990-04-12,Primary,100629,,0.0,26,,,,NORM,0,630
1,Cairo Main,2022-03-26,20000,A,NORM,Normal,0,2026-02-20,Classic Credit Card,1305.43,18445.75,M,1994-08-25,Secondary,100630,,0.0,47,,,,NORM,0,631
2,Giza,2019-01-31,15000,A,NORM,Normal,0,2026-02-27,Cashback Card,13222.42,1301.66,F,1969-11-22,Primary,100631,,0.0,86,,,,NORM,0,632
4,Mansoura,2022-06-07,75000,A,NORM,Normal,0,2026-02-19,Platinum Credit Card,6620.78,68277.68,M,1984-04-19,Primary,100632,,0.0,45,,,,NORM,0,633
2,Giza,2021-02-14,200000,A,NORM,Normal,0,2026-02-20,World Elite Card,89409.77,110217.67,M,1989-07-07,Primary,100633,,0.0,61,,,,NORM,0,634
6,Assiut,2022-05-11,15000,A,NORM,Normal,0,2026-02-19,Cashback Card,201.01,14321.1,M,1988-04-19,Primary,100634,,0.0,46,,,,NORM,0,635
8,Zagazig,2023-09-25,20000,A,NORM,Normal,0,2026-02-27,Classic Credit Card,13375.17,6511.0,M,1977-02-24,Primary,100635,,0.0,29,,,,NORM,0,636
8,Zagazig,2023-09-25,20000,A,NORM,Normal,0,2026-02-22,Cashback Card,17289.38,2702.29,M,1977-02-24,Primary,100635,,0.0,29,,,,NORM,0,636
2,Giza,2019-07-18,50000,A,NORM,Normal,0,2026-02-27,Business Credit Card,33094.07,16550.38,F,1962-09-08,Primary,100636,,0.0,80,,,,NORM,0,637
5,Tanta,2018-06-12,150000,A,NEW,New,0,2026-02-26,Platinum Credit Card,129335.71,20219.74,M,1974-03-30,Primary,100637,,0.0,93,,,,NEW,0,638
5,Tanta,2018-06-12,150000,A,30DD,30 Days Delinquent,30,2026-02-14,Travel Rewards Card,110808.35,39051.13,M,1974-03-30,Primary,100637,,3271.71,93,,,,30DD,0,638
3,Alexandria,2024-02-27,20000,A,NORM,Normal,0,2026-02-25,Gold Credit Card,12472.67,7375.46,M,1986-08-01,Primary,100639,,0.0,24,,,,NORM,0,640
4,Mansoura,2021-03-14,200000,A,NORM,Normal,0,2026-02-20,Travel Rewards Card,123023.93,76784.64,M,1973-08-06,Primary,100640,,0.0,60,,,,NORM,0,641
4,Mansoura,2021-03-14,200000,A,NORM,Normal,0,2026-02-18,Titanium Credit Card,79428.99,120084.81,M,1973-08-06,Primary,100640,,0.0,60,,,,NORM,0,641
10,Suez,2022-11-11,15000,A,90DA,90 Days Delinquent,90,2026-02-14,Business Credit Card,3233.0,11505.66,M,1992-12-19,Primary,100641,,5032.08,40,,,,90DA,0,642
7,Luxor,2021-06-06,100000,A,NORM,Normal,0,2026-02-23,Platinum Credit Card,68524.46,31411.41,M,1980-10-18,Secondary,100642,,0.0,57,,,,NORM,0,643
9,Ismailia,2022-03-13,100000,A,NORM,Normal,0,2026-03-01,Platinum Credit Card,45270.6,54450.85,M,1992-10-05,Secondary,100643,,0.0,48,,,,NORM,0,644
9,Ismailia,2022-03-13,100000,A,NORM,Normal,0,2026-02-24,World Elite Card,28379.95,71343.04,M,1992-10-05,Secondary,100643,,0.0,48,,,,NORM,0,644
9,Ismailia,2022-03-13,100000,A,NORM,Normal,0,2026-02-17,Titanium Credit Card,17509.56,82292.08,M,1992-10-05,Secondary,100643,,0.0,48,,,,NORM,0,644
10,Suez,2020-03-06,75000,A,NORM,Normal,0,2026-02-19,Titanium Credit Card,35051.43,39463.64,M,1967-04-14,Primary,100644,,0.0,72,,,,NORM,0,645
10,Suez,2020-03-06,75000,A,NORM,Normal,0,2026-02-14,Cashback Card,49433.02,25502.29,M,1967-04-14,Primary,100644,,0.0,72,,,,NORM,0,645
4,Mansoura,2018-05-22,50000,A,90DA,90 Days Delinquent,90,2026-02-14,Travel Rewards Card,2153.87,47781.93,M,1981-06-06,Primary,100645,,19871.68,94,,,,90DA,0,646
9,Ismailia,2022-04-17,200000,A,NORM,Normal,0,2026-02-14,World Elite Card,36956.4,162941.23,F,1989-07-15,Primary,100647,,0.0,47,,,,NORM,0,648
1,Cairo Main,2023-07-08,5000,A,NEW,New,0,2026-03-01,Cashback Card,3920.5,845.8,F,1967-07-22,Primary,100648,,0.0,32,,,,NEW,0,649
4,Mansoura,2022-08-02,100000,A,NORM,Normal,0,2026-02-27,World Elite Card,47912.59,51880.73,M,1971-08-20,Primary,100650,,0.0,43,,,,NORM,0,651
8,Zagazig,2019-02-17,5000,A,NORM,Normal,0,2026-02-25,Classic Credit Card,4477.16,24.85,M,1981-10-06,Primary,100651,,0.0,85,,,,NORM,0,652
10,Suez,2020-12-24,100000,A,NORM,Normal,0,2026-02-22,Business Credit Card,53735.47,46155.85,F,1983-04-30,Secondary,100652,,0.0,63,,,,NORM,0,653
10,Suez,2020-12-24,100000,A,NORM,Normal,0,2026-02-23,Platinum Credit Card,81085.97,18437.74,F,1983-04-30,Secondary,100652,,0.0,63,,,,NORM,0,653
7,Luxor,2018-08-23,50000,A,NORM,Normal,0,2026-02-15,Platinum Credit Card,26609.3,23258.68,M,1987-05-26,Secondary,100653,,0.0,91,,,,NORM,0,654
7,Luxor,2018-08-23,50000,A,30DD,30 Days Delinquent,30,2026-02-23,Travel Rewards Card,46479.42,3154.66,M,1987-05-26,Secondary,100653,,26412.17,91,,,,30DD,0,654
6,Assiut,2024-12-07,100000,A,NORM,Normal,0,2026-03-01,World Elite Card,39517.86,60052.89,F,1980-04-09,Secondary,100654,,0.0,14,,,,NORM,0,655
4,Mansoura,2023-06-08,75000,A,NORM,Normal,0,2026-02-17,Titanium Credit Card,60195.73,14313.26,F,1987-03-21,Primary,100655,,0.0,33,,,,NORM,0,656
4,Mansoura,2023-06-08,75000,A,NORM,Normal,0,2026-02-25,World Elite Card,68285.46,6644.92,F,1987-03-21,Primary,100655,,0.0,33,,,,NORM,0,656
5,Tanta,2023-05-05,10000,A,60DA,60 Days Delinquent,60,2026-02-20,Cashback Card,1262.68,8634.32,M,1989-11-14,Secondary,100658,,5177.68,34,,,,60DA,0,659
5,Tanta,2023-05-05,10000,A,NEW,New,0,2026-02-28,Travel Rewards Card,7804.54,1910.5,M,1989-11-14,Secondary,100658,,0.0,34,,,,NEW,0,659
6,Assiut,2022-04-13,150000,A,30DD,30 Days Delinquent,30,2026-02-21,World Elite Card,26678.26,122822.5,F,1976-11-28,Primary,100659,,47134.08,47,,,,30DD,0,660
6,Assiut,2022-04-13,150000,A,NORM,Normal,0,2026-02-16,Travel Rewards Card,137237.4,12433.69,F,1976-11-28,Primary,100659,,0.0,47,,,,NORM,0,660
10,Suez,2019-06-06,50000,A,NORM,Normal,0,2026-02-22,Platinum Credit Card,1213.46,48350.08,F,1976-06-30,Primary,100660,,0.0,82,,,,NORM,0,661
9,Ismailia,2024-09-30,200000,A,NORM,Normal,0,2026-02-22,World Elite Card,128579.33,71267.21,M,1989-10-09,Primary,100661,,0.0,17,,,,NORM,0,662
5,Tanta,2022-03-23,5000,A,60DA,60 Days Delinquent,60,2026-02-21,Cashback Card,3806.41,790.34,M,1991-08-02,Secondary,100663,,2274.38,47,,,,60DA,0,664
7,Luxor,2019-10-15,5000,A,NORM,Normal,0,2026-02-16,Gold Credit Card,3462.2,1077.1,F,1973-06-01,Primary,100664,,0.0,77,,,,NORM,0,665
4,Mansoura,2024-02-23,75000,A,NORM,Normal,0,2026-02-16,Platinum Credit Card,31602.9,43152.67,M,1991-06-13,Primary,100665,,0.0,24,,,,NORM,0,666
3,Alexandria,2020-06-12,20000,A,NORM,Normal,0,2026-02-27,Cashback Card,2401.59,17204.25,F,1969-05-29,Secondary,100666,,0.0,69,,,,NORM,0,667
1,Cairo Main,2021-12-27,100000,A,NORM,Normal,0,2026-02-18,World Elite Card,16968.06,82734.13,M,1964-04-22,Primary,100667,,0.0,50,,,,NORM,0,668
1,Cairo Main,2021-12-27,100000,A,NORM,Normal,0,2026-02-20,Cashback Card,90792.98,8880.84,M,1964-04-22,Primary,100667,,0.0,50,,,,NORM,0,668
8,Zagazig,2024-09-07,15000,A,NORM,Normal,0,2026-02-26,Cashback Card,-19.86,14939.14,F,1973-07-30,Primary,100668,,0.0,18,,,,NORM,0,669
8,Zagazig,2024-09-07,15000,A,NORM,Normal,0,2026-02-21,Travel Rewards Card,2958.18,11667.13,F,1973-07-30,Primary,100668,,0.0,18,,,,NORM,0,669
1,Cairo Main,2019-04-23,10000,A,NORM,Normal,0,2026-03-01,Cashback Card,9424.64,273.51,F,1965-05-20,Primary,100669,,0.0,83,,,,NORM,0,670
3,Alexandria,2023-06-07,75000,A,NORM,Normal,0,2026-02-21,Platinum Credit Card,55517.95,19289.81,M,1977-03-22,Primary,100670,,0.0,33,,,,NORM,0,671
8,Zagazig,2023-10-27,200000,A,NORM,Normal,0,2026-02-27,World Elite Card,156241.59,43268.02,M,1962-11-13,Primary,100671,,0.0,28,,,,NORM,0,672
8,Zagazig,2023-10-27,200000,A,NORM,Normal,0,2026-02-17,Travel Rewards Card,118910.92,81075.7,M,1962-11-13,Primary,100671,,0.0,28,,,,NORM,0,672
2,Giza,2019-06-12,200000,A,NORM,Normal,0,2026-02-26,World Elite Card,185339.74,14368.24,M,1961-10-03,Primary,100672,,0.0,81,,,,NORM,0,673
2,Giza,2019-06-12,200000,A,NORM,Normal,0,2026-02-24,Travel Rewards Card,18052.9,181794.32,M,1961-10-03,Primary,100672,,0.0,81,,,,NORM,0,673
3,Alexandria,2018-01-01,20000,A,NORM,Normal,0,2026-02-21,Cashback Card,9883.98,9625.56,F,1978-12-23,Primary,100673,,0.0,99,,,,NORM,0,674
9,Ismailia,2024-10-18,150000,A,NORM,Normal,0,2026-02-18,World Elite Card,89670.26,59953.28,M,1975-10-18,Primary,100674,,0.0,16,,,,NORM,0,675
10,Suez,2020-06-03,200000,A,NORM,Normal,0,2026-02-26,Platinum Credit Card,141326.36,58429.19,F,1984-10-06,Primary,100675,,0.0,69,,,,NORM,0,676
3,Alexandria,2020-04-14,10000,A,30DD,30 Days Delinquent,30,2026-02-24,Cashback Card,6.69,9510.78,M,1984-01-15,Primary,100676,,4217.6,71,,,,30DD,0,677
3,Alexandria,2020-04-14,10000,A,NORM,Normal,0,2026-02-16,Travel Rewards Card,9147.32,640.67,M,1984-01-15,Primary,100676,,0.0,71,,,,NORM,0,677
3,Alexandria,2020-04-14,10000,A,NEW,New,0,2026-02-14,Titanium Credit Card,1104.9,8721.72,M,1984-01-15,Primary,100676,,0.0,71,,,,NEW,0,677
5,Tanta,2020-07-13,30000,A,NORM,Normal,0,2026-02-17,Classic Credit Card,2298.81,27600.81,M,1966-07-25,Primary,100678,,0.0,68,,,,NORM,0,679
8,Zagazig,2023-12-07,50000,A,60DA,60 Days Delinquent,60,2026-02-15,Cashback Card,15213.07,34657.29,F,1964-04-14,Secondary,100679,,17709.34,27,,,,60DA,0,680
6,Assiut,2023-12-18,150000,A,NORM,Normal,0,2026-02-18,Platinum Credit Card,85567.86,64305.55,M,1996-02-27,Primary,100680,,0.0,26,,,,NORM,0,681
6,Assiut,2023-12-18,150000,A,NEW,New,0,2026-02-17,Travel Rewards Card,-14124.28,135513.23,M,1996-02-27,Primary,100680,,0.0,26,,,,NEW,0,681
6,Assiut,2023-12-18,150000,A,NEW,New,0,2026-02-18,Titanium Credit Card,37410.67,112575.84,M,1996-02-27,Primary,100680,,0.0,26,,,,NEW,0,681
10,Suez,2020-12-31,5000,A,NORM,Normal,0,2026-02-22,Classic Credit Card,4581.15,156.36,M,1992-12-27,Primary,100681,,0.0,62,,,,NORM,0,682
10,Suez,2020-12-31,5000,A,NORM,Normal,0,2026-02-26,Cashback Card,4355.79,354.04,M,1992-12-27,Primary,100681,,0.0,62,,,,NORM,0,682
9,Ismailia,2021-02-03,75000,A,NORM,Normal,0,2026-02-21,Platinum Credit Card,50801.22,24177.33,M,1972-11-12,Primary,100682,,0.0,61,,,,NORM,0,683
9,Ismailia,2021-02-03,75000,A,NORM,Normal,0,2026-02-21,Travel Rewards Card,8961.26,65554.94,M,1972-11-12,Primary,100682,,0.0,61,,,,NORM,0,683
2,Giza,2024-06-14,5000,A,NORM,Normal,0,2026-02-16,Titanium Credit Card,1029.59,3773.13,M,1967-05-29,Primary,100683,,0.0,20,,,,NORM,0,684
4,Mansoura,2018-11-04,50000,A,NORM,Normal,0,2026-02-26,Platinum Credit Card,20684.73,29292.81,F,1967-11-04,Secondary,100685,,0.0,89,,,,NORM,0,686
2,Giza,2021-05-10,100000,A,NORM,Normal,0,2026-02-15,World Elite Card,21398.12,78343.01,M,1973-01-04,Secondary,100686,,0.0,58,,,,NORM,0,687
1,Cairo Main,2018-01-25,200000,A,NORM,Normal,0,2026-03-01,Platinum Credit Card,21225.58,178656.39,F,1975-12-16,Primary,100687,,0.0,98,,,,NORM,0,688
4,Mansoura,2023-12-08,150000,A,NORM,Normal,0,2026-02-21,Platinum Credit Card,35625.55,113943.34,F,1963-10-20,Primary,100688,,0.0,27,,,,NORM,0,689
7,Luxor,2024-01-07,30000,A,NEW,New,0,2026-02-18,Cashback Card,23932.91,6055.63,F,1968-03-03,Primary,100689,,0.0,26,,,,NEW,0,690
7,Luxor,2024-01-07,30000,A,30DD,30 Days Delinquent,30,2026-02-17,Business Credit Card,9911.67,19995.47,F,1968-03-03,Primary,100689,,8678.49,26,,,,30DD,0,690
7,Luxor,2024-01-07,30000,A,NORM,Normal,0,2026-02-26,Titanium Credit Card,11819.03,17940.53,F,1968-03-03,Primary,100689,,0.0,26,,,,NORM,0,690
7,Luxor,2024-01-07,30000,A,NORM,Normal,0,2026-02-23,Gold Credit Card,19641.55,9897.23,F,1968-03-03,Primary,100689,,0.0,26,,,,NORM,0,690
4,Mansoura,2018-06-14,15000,A,NORM,Normal,0,2026-02-20,Gold Credit Card,2493.47,12207.42,F,1972-10-11,Secondary,100690,,0.0,93,,,,NORM,0,691
7,Luxor,2024-03-03,100000,A,60DA,60 Days Delinquent,60,2026-02-15,Platinum Credit Card,11745.65,87797.66,M,1981-12-08,Secondary,100691,,30144.65,24,,,,60DA,0,692
3,Alexandria,2023-08-11,5000,A,NORM,Normal,0,2026-02-28,Gold Credit Card,4640.86,114.5,F,1975-06-09,Primary,100692,,0.0,31,,,,NORM,0,693
10,Suez,2020-02-12,200000,A,NORM,Normal,0,2026-02-20,World Elite Card,23046.84,176684.24,F,1968-02-16,Primary,100694,,0.0,73,,,,NORM,0,695
1,Cairo Main,2022-07-27,150000,A,NORM,Normal,0,2026-02-18,World Elite Card,15913.74,134080.94,F,1977-01-22,Primary,100695,,0.0,43,,,,NORM,0,696
5,Tanta,2021-02-23,50000,A,NORM,Normal,0,2026-02-15,Platinum Credit Card,-1967.82,48027.23,F,1976-04-22,Primary,100696,,0.0,61,,,,NORM,0,697
7,Luxor,2020-10-30,100000,A,NORM,Normal,0,2026-02-22,World Elite Card,59638.13,40166.89,F,1968-04-16,Primary,100697,,0.0,64,,,,NORM,0,698
9,Ismailia,2022-03-03,20000,A,NORM,Normal,0,2026-02-21,Gold Credit Card,8904.41,10722.53,M,1987-02-15,Primary,100698,,0.0,48,,,,NORM,0,699
9,Ismailia,2022-02-08,100000,A,NORM,Normal,0,2026-02-17,Cashback Card,3684.5,95841.71,F,1975-07-31,Primary,100700,,0.0,49,,,,NORM,0,701
7,Luxor,2024-10-23,30000,A,NORM,Normal,0,2026-02-26,Classic Credit Card,-2898.66,26978.93,F,1977-12-24,Primary,100702,,0.0,16,,,,NORM,0,703
3,Alexandria,2024-11-09,30000,A,NORM,Normal,0,2026-02-28,Cashback Card,17925.49,11808.66,M,1978-04-26,Primary,100705,,0.0,15,,,,NORM,0,706
3,Alexandria,2024-11-09,30000,A,NORM,Normal,0,2026-02-20,Business Credit Card,13291.13,16305.0,M,1978-04-26,Primary,100705,,0.0,15,,,,NORM,0,706
3,Alexandria,2024-11-09,30000,A,30DD,30 Days Delinquent,30,2026-02-20,Classic Credit Card,14848.39,14696.59,M,1978-04-26,Primary,100705,,1478.53,15,,,,30DD,0,706
3,Alexandria,2024-11-09,30000,A,NORM,Normal,0,2026-02-14,Titanium Credit Card,13260.47,16517.8,M,1978-04-26,Primary,100705,,0.0,15,,,,NORM,0,706
10,Suez,2022-04-14,30000,A,NEW,New,0,2026-02-19,Gold Credit Card,13551.21,16074.56,F,1964-10-09,Primary,100706,,0.0,47,,,,NEW,0,707
6,Assiut,2023-05-17,10000,A,NORM,Normal,0,2026-02-24,Business Credit Card,102.27,9468.72,F,1966-08-27,Secondary,100707,,0.0,33,,,,NORM,0,708
1,Cairo Main,2019-10-30,15000,A,NORM,Normal,0,2026-02-21,Classic Credit Card,6614.71,8316.25,M,1973-11-29,Primary,100708,,0.0,77,,,,NORM,0,709
9,Ismailia,2018-02-18,200000,A,90DA,90 Days Delinquent,90,2026-02-19,World Elite Card,144522.92,55146.39,M,1966-02-27,Primary,100709,,9972.26,97,,,,90DA,0,710
10,Suez,2018-02-08,10000,A,NORM,Normal,0,2026-02-20,Classic Credit Card,84.8,9515.6,F,1960-08-09,Primary,100710,,0.0,98,,,,NORM,0,711
5,Tanta,2023-05-16,15000,A,60DA,60 Days Delinquent,60,2026-02-25,Cashback Card,12435.21,2142.14,M,1974-11-18,Primary,100711,,6765.3,34,,,,60DA,0,712
9,Ismailia,2019-02-25,150000,A,60DA,60 Days Delinquent,60,2026-02-16,World Elite Card,-8531.31,141009.96,F,1973-04-23,Primary,100712,,2895.22,85,,,,60DA,0,713
8,Zagazig,2019-03-28,20000,A,NORM,Normal,0,2026-02-15,Cashback Card,13889.28,6043.67,M,1967-08-10,Secondary,100713,,0.0,84,,,,NORM,0,714
8,Zagazig,2019-03-28,20000,A,NORM,Normal,0,2026-02-14,Travel Rewards Card,15563.65,4122.56,M,1967-08-10,Secondary,100713,,0.0,84,,,,NORM,0,714
8,Zagazig,2019-03-28,20000,A,NORM,Normal,0,2026-02-23,Titanium Credit Card,3961.31,15684.67,M,1967-08-10,Secondary,100713,,0.0,84,,,,NORM,0,714
3,Alexandria,2023-12-13,50000,A,NORM,Normal,0,2026-02-14,Titanium Credit Card,25806.72,23787.57,F,1979-03-24,Primary,100714,,0.0,26,,,,NORM,0,715
8,Zagazig,2022-02-20,30000,A,NORM,Normal,0,2026-02-20,Classic Credit Card,5978.22,23856.31,F,1989-09-06,Primary,100715,,0.0,49,,,,NORM,0,716
8,Zagazig,2022-02-20,30000,A,30DD,30 Days Delinquent,30,2026-02-26,Platinum Credit Card,10105.72,19446.09,F,1989-09-06,Primary,100715,,16635.4,49,,,,30DD,0,716
2,Giza,2022-10-17,30000,A,30DD,30 Days Delinquent,30,2026-02-25,Classic Credit Card,7738.95,22050.16,F,1985-12-02,Primary,100716,,15295.45,41,,,,30DD,0,717
10,Suez,2021-09-27,15000,A,NORM,Normal,0,2026-02-16,Cashback Card,-1029.51,13886.11,F,1995-08-05,Primary,100717,,0.0,53,,,,NORM,0,718
2,Giza,2022-09-24,150000,A,NORM,Normal,0,2026-02-18,Travel Rewards Card,16081.74,133886.88,M,1986-01-22,Primary,100718,,0.0,41,,,,NORM,0,719
2,Giza,2021-12-01,50000,A,NORM,Normal,0,2026-02-28,Platinum Credit Card,419.0,49127.8,M,1962-09-03,Secondary,100719,,0.0,51,,,,NORM,0,720
2,Giza,2019-08-10,75000,A,NORM,Normal,0,2026-02-18,Titanium Credit Card,36260.14,38344.71,M,1991-03-18,Primary,100720,,0.0,79,,,,NORM,0,721
1,Cairo Main,2022-02-05,15000,A,NORM,Normal,0,2026-02-16,Classic Credit Card,11010.73,3525.37,M,1966-08-03,Primary,100721,,0.0,49,,,,NORM,0,722
5,Tanta,2022-08-13,50000,A,NORM,Normal,0,2026-02-19,Travel Rewards Card,5548.46,44214.72,M,1981-02-02,Primary,100722,,0.0,43,,,,NORM,0,723
7,Luxor,2023-02-04,150000,A,90DA,90 Days Delinquent,90,2026-02-22,Platinum Credit Card,-275.37,149365.53,F,1990-07-01,Secondary,100723,,41382.85,37,,,,90DA,0,724
7,Luxor,2023-02-04,150000,A,NORM,Normal,0,2026-02-27,Travel Rewards Card,132755.39,16903.79,F,1990-07-01,Secondary,100723,,0.0,37,,,,NORM,0,724
7,Luxor,2023-02-04,150000,A,NORM,Normal,0,2026-02-18,Gold Credit Card,135517.13,14041.19,F,1990-07-01,Secondary,100723,,0.0,37,,,,NORM,0,724
7,Luxor,2018-08-18,20000,A,NORM,Normal,0,2026-02-23,Cashback Card,5739.63,13865.34,F,1987-10-08,Primary,100724,,0.0,91,,,,NORM,0,725
3,Alexandria,2022-03-02,75000,A,NORM,Normal,0,2026-02-20,Platinum Credit Card,8612.98,66365.16,M,1962-06-14,Primary,100725,,0.0,48,,,,NORM,0,726
2,Giza,2024-09-11,5000,A,NORM,Normal,0,2026-02-16,Classic Credit Card,3058.8,1822.52,F,1969-07-03,Primary,100726,,0.0,17,,,,NORM,0,727
1,Cairo Main,2023-06-05,5000,A,NORM,Normal,0,2026-02-15,Gold Credit Card,-487.2,4178.24,F,1985-04-15,Primary,100727,,0.0,33,,,,NORM,0,728
6,Assiut,2019-02-03,50000,A,NORM,Normal,0,2026-02-16,Travel Rewards Card,34516.25,15277.64,M,1965-10-23,Primary,100728,,0.0,86,,,,NORM,0,729
6,Assiut,2019-02-03,50000,A,NORM,Normal,0,2026-02-22,Classic Credit Card,39274.49,10657.95,M,1965-10-23,Primary,100728,,0.0,86,,,,NORM,0,729
2,Giza,2019-01-18,20000,A,NORM,Normal,0,2026-02-20,Cashback Card,1913.31,17703.73,F,1999-09-16,Primary,100729,,0.0,86,,,,NORM,0,730
5,Tanta,2024-12-28,75000,A,NORM,Normal,0,2026-02-19,Titanium Credit Card,57108.94,17687.83,F,1976-02-29,Primary,100730,,0.0,14,,,,NORM,0,731
5,Tanta,2024-12-28,75000,A,NORM,Normal,0,2026-02-24,Gold Credit Card,27435.61,47137.02,F,1976-02-29,Primary,100730,,0.0,14,,,,NORM,0,731
5,Tanta,2024-12-28,75000,A,30DD,30 Days Delinquent,30,2026-02-23,Platinum Credit Card,16593.99,57931.07,F,1976-02-29,Primary,100730,,17588.99,14,,,,30DD,0,731
5,Tanta,2018-12-24,100000,A,30DD,30 Days Delinquent,30,2026-02-17,World Elite Card,16178.74,83416.07,F,1984-07-17,Primary,100731,,20151.73,87,,,,30DD,0,732
8,Zagazig,2023-04-23,30000,A,NEW,New,0,2026-03-01,Classic Credit Card,-2677.54,27246.16,F,1971-07-28,Secondary,100732,,0.0,34,,,,NEW,0,733
9,Ismailia,2019-09-26,10000,A,NEW,New,0,2026-02-14,Cashback Card,8250.75,1681.05,M,1960-05-10,Primary,100734,,0.0,78,,,,NEW,0,735
6,Assiut,2023-04-03,150000,A,NORM,Normal,0,2026-02-21,World Elite Card,17726.73,132030.28,M,1980-11-23,Primary,100735,,0.0,35,,,,NORM,0,736
6,Assiut,2023-06-15,20000,A,60DA,60 Days Delinquent,60,2026-02-19,Business Credit Card,2278.81,17514.35,M,1987-02-09,Primary,100736,,11079.05,33,,,,60DA,0,737
2,Giza,2022-07-18,10000,A,30DD,30 Days Delinquent,30,2026-02-15,Gold Credit Card,5993.89,3610.71,M,1972-04-14,Primary,100738,,2545.12,44,,,,30DD,0,739
2,Giza,2022-07-18,10000,A,NORM,Normal,0,2026-02-25,Cashback Card,8310.27,1521.07,M,1972-04-14,Primary,100738,,0.0,44,,,,NORM,0,739
2,Giza,2022-07-18,10000,A,NORM,Normal,0,2026-02-21,Platinum Credit Card,3455.67,6224.76,M,1972-04-14,Primary,100738,,0.0,44,,,,NORM,0,739
5,Tanta,2020-03-24,50000,A,NORM,Normal,0,2026-02-21,Platinum Credit Card,19511.84,30304.34,M,1967-05-19,Primary,100739,,0.0,72,,,,NORM,0,740
3,Alexandria,2021-07-20,5000,A,NORM,Normal,0,2026-02-18,Cashback Card,812.82,3829.5,F,1974-07-10,Primary,100740,,0.0,56,,,,NORM,0,741
3,Alexandria,2021-07-20,5000,A,NORM,Normal,0,2026-02-18,Titanium Credit Card,2515.8,2198.38,F,1974-07-10,Primary,100740,,0.0,56,,,,NORM,0,741
10,Suez,2022-02-25,50000,A,NORM,Normal,0,2026-02-14,Titanium Credit Card,4845.69,45061.5,F,1960-08-23,Primary,100742,,0.0,48,,,,NORM,0,743
9,Ismailia,2023-11-13,50000,A,NORM,Normal,0,2026-02-27,World Elite Card,28.9,49769.99,M,1979-02-07,Primary,100743,,0.0,27,,,,NORM,0,744
9,Ismailia,2023-11-13,50000,A,NORM,Normal,0,2026-02-21,Platinum Credit Card,2932.82,46765.61,M,1979-02-07,Primary,100743,,0.0,27,,,,NORM,0,744
7,Luxor,2021-03-06,200000,A,30DD,30 Days Delinquent,30,2026-02-18,World Elite Card,155026.31,44825.95,M,1988-06-11,Primary,100744,,99910.07,60,,,,30DD,0,745
7,Luxor,2021-03-06,200000,A,NORM,Normal,0,2026-02-28,Titanium Credit Card,169748.84,29999.26,M,1988-06-11,Primary,100744,,0.0,60,,,,NORM,0,745
7,Luxor,2021-03-06,200000,A,NEW,New,0,2026-02-18,Cashback Card,80618.32,118933.26,M,1988-06-11,Primary,100744,,0.0,60,,,,NEW,0,745
1,Cairo Main,2021-04-02,75000,A,NORM,Normal,0,2026-02-25,Titanium Credit Card,39382.91,35540.52,M,1989-12-13,Secondary,100745,,0.0,59,,,,NORM,0,746
8,Zagazig,2022-06-10,5000,A,NORM,Normal,0,2026-02-15,Cashback Card,1280.55,3251.52,F,1978-07-10,Secondary,100746,,0.0,45,,,,NORM,0,747
8,Zagazig,2022-06-10,5000,A,NORM,Normal,0,2026-02-27,Platinum Credit Card,3880.46,1097.68,F,1978-07-10,Secondary,100746,,0.0,45,,,,NORM,0,747
1,Cairo Main,2018-05-14,5000,A,NORM,Normal,0,2026-02-18,Gold Credit Card,-43.31,4749.81,M,1978-08-06,Secondary,100747,,0.0,94,,,,NORM,0,748
9,Ismailia,2020-02-29,200000,A,NORM,Normal,0,2026-02-19,Platinum Credit Card,64358.3,135189.54,F,1977-07-22,Primary,100748,,0.0,73,,,,NORM,0,749
9,Ismailia,2020-02-29,200000,A,NORM,Normal,0,2026-02-16,Travel Rewards Card,75274.72,124559.4,F,1977-07-22,Primary,100748,,0.0,73,,,,NORM,0,749
2,Giza,2019-06-02,150000,A,NORM,Normal,0,2026-02-28,Platinum Credit Card,23107.8,126577.67,M,1991-11-07,Primary,100749,,0.0,82,,,,NORM,0,750
2,Giza,2019-06-02,150000,A,NORM,Normal,0,2026-02-16,Titanium Credit Card,-13786.68,135733.24,M,1991-11-07,Primary,100749,,0.0,82,,,,NORM,0,750
1,Cairo Main,2024-08-27,15000,A,NEW,New,0,2026-02-27,Cashback Card,3527.51,10994.02,M,1988-03-17,Secondary,100750,,0.0,18,,,,NEW,0,751
1,Cairo Main,2024-08-27,15000,A,NORM,Normal,0,2026-02-23,Classic Credit Card,11877.93,2895.25,M,1988-03-17,Secondary,100750,,0.0,18,,,,NORM,0,751
4,Mansoura,2020-06-27,30000,A,NORM,Normal,0,2026-02-22,Classic Credit Card,22065.84,7646.99,M,1989-04-08,Primary,100751,,0.0,69,,,,NORM,0,752
10,Suez,2019-02-28,10000,A,NORM,Normal,0,2026-02-27,Classic Credit Card,1959.7,7748.92,M,1998-11-20,Primary,100752,,0.0,85,,,,NORM,0,753
10,Suez,2019-02-28,10000,A,NORM,Normal,0,2026-02-23,Cashback Card,-411.32,9367.5,M,1998-11-20,Primary,100752,,0.0,85,,,,NORM,0,753
10,Suez,2019-02-28,10000,A,NORM,Normal,0,2026-02-21,Titanium Credit Card,-663.29,9201.01,M,1998-11-20,Primary,100752,,0.0,85,,,,NORM,0,753
7,Luxor,2023-07-05,5000,A,NORM,Normal,0,2026-03-01,Cashback Card,4376.48,458.06,F,1964-07-07,Primary,100753,,0.0,32,,,,NORM,0,754
3,Alexandria,2021-05-08,5000,A,NORM,Normal,0,2026-02-20,Cashback Card,3567.78,979.26,F,1968-01-24,Secondary,100754,,0.0,58,,,,NORM,0,755
3,Alexandria,2021-05-08,5000,A,NORM,Normal,0,2026-02-17,World Elite Card,-238.01,4651.31,F,1968-01-24,Secondary,100754,,0.0,58,,,,NORM,0,755
10,Suez,2018-01-21,15000,A,NORM,Normal,0,2026-02-19,Classic Credit Card,5062.2,9555.82,M,1984-07-06,Primary,100755,,0.0,98,,,,NORM,0,756
10,Suez,2018-01-21,15000,A,30DD,30 Days Delinquent,30,2026-02-20,Cashback Card,1547.75,13101.97,M,1984-07-06,Primary,100755,,949.95,98,,,,30DD,0,756
6,Assiut,2020-06-07,5000,A,NORM,Normal,0,2026-02-25,Classic Credit Card,1866.9,2908.61,F,1965-02-23,Primary,100756,,0.0,69,,,,NORM,0,757
2,Giza,2024-08-03,30000,A,NORM,Normal,0,2026-02-23,Cashback Card,25303.46,4279.2,F,1986-03-07,Primary,100758,,0.0,19,,,,NORM,0,759
2,Giza,2024-08-03,30000,A,NEW,New,0,2026-02-18,Titanium Credit Card,11827.07,17948.39,F,1986-03-07,Primary,100758,,0.0,19,,,,NEW,0,759
10,Suez,2024-10-23,75000,A,NORM,Normal,0,2026-02-26,Titanium Credit Card,27500.42,47481.17,F,1964-10-28,Primary,100759,,0.0,16,,,,NORM,0,760
5,Tanta,2022-08-06,30000,A,60DA,60 Days Delinquent,60,2026-02-23,World Elite Card,25113.12,4592.05,M,1986-04-29,Primary,100760,,14052.91,43,,,,60DA,0,761
3,Alexandria,2020-10-01,10000,A,NORM,Normal,0,2026-02-14,Gold Credit Card,1224.76,8330.56,M,1976-01-18,Primary,100761,,0.0,65,,,,NORM,0,762
4,Mansoura,2024-05-13,50000,A,NORM,Normal,0,2026-02-18,Titanium Credit Card,33852.67,15861.86,M,1980-11-15,Primary,100762,,0.0,21,,,,NORM,0,763
5,Tanta,2024-10-25,10000,A,NORM,Normal,0,2026-02-24,Cashback Card,5804.34,3982.97,M,1992-02-17,Primary,100763,,0.0,16,,,,NORM,0,764
1,Cairo Main,2022-09-22,10000,A,NORM,Normal,0,2026-02-26,Cashback Card,3579.16,5990.47,F,1972-04-23,Primary,100764,,0.0,41,,,,NORM,0,765
2,Giza,2022-03-12,200000,A,NORM,Normal,0,2026-02-15,World Elite Card,52392.41,147185.59,M,1997-10-25,Primary,100767,,0.0,48,,,,NORM,0,768
9,Ismailia,2018-08-04,30000,A,NORM,Normal,0,2026-02-15,Gold Credit Card,-1432.8,28428.43,F,1960-03-21,Primary,100768,,0.0,92,,,,NORM,0,769
10,Suez,2019-05-07,15000,A,NORM,Normal,0,2026-02-16,Cashback Card,13601.86,1345.55,M,1980-08-31,Primary,100769,,0.0,83,,,,NORM,0,770
10,Suez,2019-05-07,15000,A,NEW,New,0,2026-02-15,Business Credit Card,4819.41,9963.58,M,1980-08-31,Primary,100769,,0.0,83,,,,NEW,0,770
10,Suez,2019-05-07,15000,A,NEW,New,0,2026-02-26,Titanium Credit Card,4647.91,9953.01,M,1980-08-31,Primary,100769,,0.0,83,,,,NEW,0,770
6,Assiut,2023-06-01,20000,A,NORM,Normal,0,2026-02-26,Gold Credit Card,5436.12,14155.9,M,1994-08-28,Primary,100770,,0.0,33,,,,NORM,0,771
2,Giza,2018-09-04,20000,A,NORM,Normal,0,2026-02-15,Gold Credit Card,17476.58,2106.47,F,1982-03-09,Primary,100771,,0.0,91,,,,NORM,0,772
9,Ismailia,2021-07-07,30000,A,60DA,60 Days Delinquent,60,2026-02-14,Classic Credit Card,12437.03,17314.65,F,1998-07-04,Primary,100772,,9417.86,56,,,,60DA,0,773
1,Cairo Main,2020-02-06,30000,A,NORM,Normal,0,2026-02-26,Cashback Card,9178.8,20531.86,F,1980-09-02,Primary,100774,,0.0,73,,,,NORM,0,775
6,Assiut,2020-05-18,15000,A,NORM,Normal,0,2026-02-17,Cashback Card,-236.0,14663.93,F,1979-05-10,Primary,100775,,0.0,70,,,,NORM,0,776
7,Luxor,2022-09-27,20000,A,NEW,New,0,2026-02-27,Classic Credit Card,1122.78,18472.29,F,1992-11-01,Primary,100776,,0.0,41,,,,NEW,0,777
2,Giza,2019-04-17,5000,A,NEW,New,0,2026-02-23,Classic Credit Card,606.8,4273.71,M,1969-11-06,Secondary,100777,,0.0,83,,,,NEW,0,778
7,Luxor,2020-06-19,30000,A,NORM,Normal,0,2026-02-17,Business Credit Card,14539.56,15440.64,F,1964-07-17,Primary,100778,,0.0,69,,,,NORM,0,779
9,Ismailia,2024-12-23,100000,A,60DA,60 Days Delinquent,60,2026-02-19,World Elite Card,72207.37,27605.67,F,1991-06-03,Primary,100779,,14507.59,14,,,,60DA,0,780
9,Ismailia,2024-12-23,100000,A,NORM,Normal,0,2026-02-14,Travel Rewards Card,52813.41,47048.21,F,1991-06-03,Primary,100779,,0.0,14,,,,NORM,0,780
9,Ismailia,2024-12-23,100000,A,NORM,Normal,0,2026-02-23,Gold Credit Card,48645.71,51152.67,F,1991-06-03,Primary,100779,,0.0,14,,,,NORM,0,780
7,Luxor,2018-03-27,15000,A,NORM,Normal,0,2026-02-25,Classic Credit Card,7486.72,7430.68,M,1974-12-26,Primary,100780,,0.0,96,,,,NORM,0,781
7,Luxor,2018-03-27,15000,A,30DD,30 Days Delinquent,30,2026-02-22,Cashback Card,6543.26,8288.92,M,1974-12-26,Primary,100780,,8427.97,96,,,,30DD,0,781
7,Luxor,2018-03-27,15000,A,60DA,60 Days Delinquent,60,2026-02-28,Gold Credit Card,11792.89,3020.35,M,1974-12-26,Primary,100780,,6943.3,96,,,,60DA,0,781
2,Giza,2018-03-13,200000,A,30DD,30 Days Delinquent,30,2026-02-15,World Elite Card,83939.22,115819.52,F,1962-01-10,Primary,100781,,101481.29,97,,,,30DD,0,782
2,Giza,2018-03-13,200000,A,NORM,Normal,0,2026-02-23,Travel Rewards Card,43266.31,156582.79,F,1962-01-10,Primary,100781,,0.0,97,,,,NORM,0,782
2,Giza,2018-03-13,200000,A,30DD,30 Days Delinquent,30,2026-02-25,Classic Credit Card,-5570.97,194263.82,F,1962-01-10,Primary,100781,,42530.35,97,,,,30DD,0,782
5,Tanta,2023-06-16,30000,A,NORM,Normal,0,2026-02-23,Gold Credit Card,5557.73,24424.95,F,1989-10-04,Primary,100782,,0.0,32,,,,NORM,0,783
3,Alexandria,2020-06-21,15000,A,NORM,Normal,0,2026-02-21,Classic Credit Card,8637.52,5866.57,M,1978-05-28,Primary,100783,,0.0,69,,,,NORM,0,784
2,Giza,2024-02-10,100000,A,NORM,Normal,0,2026-03-01,Platinum Credit Card,29644.58,69942.03,F,1972-04-14,Primary,100784,,0.0,25,,,,NORM,0,785
6,Assiut,2024-11-13,10000,A,NORM,Normal,0,2026-02-21,Cashback Card,3197.23,6423.26,M,1997-06-02,Secondary,100785,,0.0,15,,,,NORM,0,786
8,Zagazig,2019-09-08,150000,A,NORM,Normal,0,2026-02-26,World Elite Card,77064.47,72878.16,F,1990-07-18,Primary,100786,,0.0,78,,,,NORM,0,787
8,Zagazig,2019-09-08,150000,A,NORM,Normal,0,2026-02-26,Travel Rewards Card,123173.39,26519.13,F,1990-07-18,Primary,100786,,0.0,78,,,,NORM,0,787
9,Ismailia,2018-12-19,30000,A,NORM,Normal,0,2026-02-16,Cashback Card,-1323.87,28629.88,F,1966-12-15,Secondary,100788,,0.0,87,,,,NORM,0,789
9,Ismailia,2018-12-19,30000,A,30DD,30 Days Delinquent,30,2026-02-19,Gold Credit Card,9106.97,20742.09,F,1966-12-15,Secondary,100788,,16964.13,87,,,,30DD,0,789
9,Ismailia,2018-12-19,30000,A,NORM,Normal,0,2026-02-19,World Elite Card,2602.86,27335.42,F,1966-12-15,Secondary,100788,,0.0,87,,,,NORM,0,789
7,Luxor,2019-02-06,30000,A,NEW,New,0,2026-02-20,Classic Credit Card,18916.65,11011.31,M,1977-11-26,Primary,100789,,0.0,86,,,,NEW,0,790
7,Luxor,2019-02-06,30000,A,NORM,Normal,0,2026-02-21,Cashback Card,11011.95,18654.85,M,1977-11-26,Primary,100789,,0.0,86,,,,NORM,0,790
3,Alexandria,2022-12-16,50000,A,NORM,Normal,0,2026-02-27,Titanium Credit Card,-2337.0,47267.3,F,1983-08-15,Secondary,100791,,0.0,39,,,,NORM,0,792
3,Alexandria,2022-12-16,50000,A,90DA,90 Days Delinquent,90,2026-02-27,World Elite Card,688.68,49216.38,F,1983-08-15,Secondary,100791,,4437.12,39,,,,90DA,0,792
3,Alexandria,2022-12-16,50000,A,NORM,Normal,0,2026-02-17,Platinum Credit Card,10280.92,39665.73,F,1983-08-15,Secondary,100791,,0.0,39,,,,NORM,0,792
9,Ismailia,2022-09-21,10000,A,NORM,Normal,0,2026-02-17,Cashback Card,1013.32,8649.62,F,1961-03-08,Primary,100792,,0.0,41,,,,NORM,0,793
7,Luxor,2018-01-25,100000,A,NORM,Normal,0,2026-02-27,World Elite Card,25757.13,73772.68,M,1990-01-21,Secondary,100793,,0.0,98,,,,NORM,0,794
6,Assiut,2018-09-07,10000,A,90DA,90 Days Delinquent,90,2026-02-18,Cashback Card,2354.69,7587.02,M,1998-10-08,Primary,100794,,4057.38,91,,,,90DA,0,795
6,Assiut,2018-09-07,10000,A,NEW,New,0,2026-02-20,Travel Rewards Card,6390.84,3520.32,M,1998-10-08,Primary,100794,,0.0,91,,,,NEW,0,795
4,Mansoura,2019-09-26,30000,A,NORM,Normal,0,2026-02-27,Cashback Card,6141.08,23716.8,M,1990-04-23,Primary,100795,,0.0,78,,,,NORM,0,796
9,Ismailia,2020-10-09,20000,A,NORM,Normal,0,2026-02-23,Cashback Card,12768.72,6780.64,M,1964-05-06,Secondary,100796,,0.0,65,,,,NORM,0,797
8,Zagazig,2020-08-20,150000,A,NORM,Normal,0,2026-02-24,Platinum Credit Card,35627.97,114369.17,M,1968-04-03,Primary,100797,,0.0,67,,,,NORM,0,798
8,Zagazig,2020-08-20,150000,A,NORM,Normal,0,2026-02-20,World Elite Card,125179.65,24744.28,M,1968-04-03,Primary,100797,,0.0,67,,,,NORM,0,798
7,Luxor,2022-10-07,15000,A,30DD,30 Days Delinquent,30,2026-02-22,Classic Credit Card,813.29,14093.4,F,1996-06-28,Primary,100799,,7293.96,41,,,,30DD,0,800
1,Cairo Main,2019-07-25,100000,A,30DD,30 Days Delinquent,30,2026-02-21,World Elite Card,89689.49,9834.69,F,1975-11-29,Primary,100800,,54831.88,80,,,,30DD,0,801
6,Assiut,2024-04-25,50000,A,NORM,Normal,0,2026-02-25,Travel Rewards Card,5011.13,44730.18,M,1989-06-03,Secondary,100801,,0.0,22,,,,NORM,0,802
4,Mansoura,2019-03-12,100000,A,NORM,Normal,0,2026-02-24,Business Credit Card,-1424.32,98454.33,F,1964-04-30,Primary,100803,,0.0,84,,,,NORM,0,804
1,Cairo Main,2020-10-22,10000,A,NORM,Normal,0,2026-02-24,Classic Credit Card,7767.85,1853.36,F,1987-06-13,Primary,100804,,0.0,65,,,,NORM,0,805
1,Cairo Main,2020-10-22,10000,A,30DD,30 Days Delinquent,30,2026-02-14,Titanium Credit Card,5662.05,4007.39,F,1987-06-13,Primary,100804,,3745.23,65,,,,30DD,0,805
3,Alexandria,2024-06-08,150000,A,NORM,Normal,0,2026-02-14,Platinum Credit Card,47234.4,102530.72,F,1988-08-04,Secondary,100805,,0.0,21,,,,NORM,0,806
10,Suez,2019-01-30,20000,A,NORM,Normal,0,2026-02-28,Classic Credit Card,11656.06,8254.7,M,1961-02-01,Primary,100806,,0.0,86,,,,NORM,0,807
10,Suez,2019-01-30,20000,A,30DD,30 Days Delinquent,30,2026-02-14,Cashback Card,16531.86,3282.95,M,1961-02-01,Primary,100806,,1339.99,86,,,,30DD,0,807
2,Giza,2023-10-20,30000,A,60DA,60 Days Delinquent,60,2026-02-24,Classic Credit Card,17992.43,11741.65,M,1965-09-14,Secondary,100808,,12240.96,28,,,,60DA,0,809
7,Luxor,2022-01-05,10000,A,90DA,90 Days Delinquent,90,2026-02-19,Classic Credit Card,9011.78,633.43,M,1991-07-19,Primary,100809,,1786.63,50,,,,90DA,0,810
7,Luxor,2022-01-05,10000,A,30DD,30 Days Delinquent,30,2026-02-23,Cashback Card,7451.85,2463.52,M,1991-07-19,Primary,100809,,5603.48,50,,,,30DD,0,810
8,Zagazig,2018-05-03,5000,A,90DA,90 Days Delinquent,90,2026-02-22,Classic Credit Card,712.67,4026.8,M,1971-10-19,Primary,100810,,2005.21,95,,,,90DA,0,811
4,Mansoura,2018-10-26,200000,A,NORM,Normal,0,2026-02-23,World Elite Card,101505.51,98400.95,M,1982-02-20,Secondary,100811,,0.0,89,,,,NORM,0,812
4,Mansoura,2018-10-26,200000,A,NORM,Normal,0,2026-03-01,Travel Rewards Card,-8024.04,191972.54,M,1982-02-20,Secondary,100811,,0.0,89,,,,NORM,0,812
5,Tanta,2018-06-20,10000,A,60DA,60 Days Delinquent,60,2026-02-17,Classic Credit Card,4791.58,4821.26,F,1992-06-12,Primary,100812,,2136.43,93,,,,60DA,0,813
1,Cairo Main,2020-03-14,150000,A,NORM,Normal,0,2026-02-27,World Elite Card,50543.41,98977.49,F,1961-03-07,Primary,100813,,0.0,72,,,,NORM,0,814
1,Cairo Main,2020-03-14,150000,A,90DA,90 Days Delinquent,90,2026-02-23,Titanium Credit Card,10654.13,139160.48,F,1961-03-07,Primary,100813,,30286.58,72,,,,90DA,0,814
2,Giza,2019-04-29,200000,A,60DA,60 Days Delinquent,60,2026-02-16,Platinum Credit Card,135924.16,63769.67,M,1979-08-24,Primary,100814,,42446.74,83,,,,60DA,0,815
1,Cairo Main,2018-03-03,20000,A,NORM,Normal,0,2026-03-01,Classic Credit Card,13700.84,5837.24,F,1995-12-19,Primary,100815,,0.0,97,,,,NORM,0,816
3,Alexandria,2022-06-18,100000,A,NORM,Normal,0,2026-02-16,World Elite Card,60615.06,38896.28,M,1987-03-10,Primary,100816,,0.0,45,,,,NORM,0,817
3,Alexandria,2022-06-18,100000,A,60DA,60 Days Delinquent,60,2026-02-27,Travel Rewards Card,-8969.28,90603.97,M,1987-03-10,Primary,100816,,44171.49,45,,,,60DA,0,817
1,Cairo Main,2021-02-12,200000,A,NORM,Normal,0,2026-02-27,World Elite Card,112993.2,86734.3,M,1972-02-15,Secondary,100819,,0.0,61,,,,NORM,0,820
1,Cairo Main,2020-04-22,75000,A,NORM,Normal,0,2026-02-25,Travel Rewards Card,46206.74,28418.7,F,1970-01-25,Secondary,100820,,0.0,71,,,,NORM,0,821
4,Mansoura,2024-02-02,30000,A,NORM,Normal,0,2026-02-16,Classic Credit Card,2102.18,27777.45,F,1994-08-07,Primary,100823,,0.0,25,,,,NORM,0,824
2,Giza,2024-05-17,50000,A,NORM,Normal,0,2026-02-20,World Elite Card,37061.24,12817.03,F,1973-10-07,Primary,100824,,0.0,21,,,,NORM,0,825
2,Giza,2024-05-17,50000,A,NORM,Normal,0,2026-02-25,Classic Credit Card,-3034.69,46943.04,F,1973-10-07,Primary,100824,,0.0,21,,,,NORM,0,825
9,Ismailia,2022-08-01,5000,A,NORM,Normal,0,2026-02-21,Gold Credit Card,-41.97,4935.26,M,1969-10-09,Primary,100825,,0.0,43,,,,NORM,0,826
9,Ismailia,2022-08-01,5000,A,NEW,New,0,2026-02-23,Cashback Card,1970.56,2806.63,M,1969-10-09,Primary,100825,,0.0,43,,,,NEW,0,826
9,Ismailia,2022-08-01,5000,A,NEW,New,0,2026-03-01,Titanium Credit Card,2513.2,2055.86,M,1969-10-09,Primary,100825,,0.0,43,,,,NEW,0,826
8,Zagazig,2020-07-20,15000,A,NORM,Normal,0,2026-02-21,Cashback Card,1456.4,13387.91,M,1965-09-15,Primary,100826,,0.0,68,,,,NORM,0,827
8,Zagazig,2020-07-20,15000,A,NORM,Normal,0,2026-02-28,Classic Credit Card,145.46,14648.86,M,1965-09-15,Primary,100826,,0.0,68,,,,NORM,0,827
8,Zagazig,2020-07-20,15000,A,NORM,Normal,0,2026-02-23,Platinum Credit Card,-466.24,14219.26,M,1965-09-15,Primary,100826,,0.0,68,,,,NORM,0,827
6,Assiut,2024-03-16,20000,A,NORM,Normal,0,2026-02-28,Gold Credit Card,13649.17,6065.22,M,1961-11-18,Primary,100827,,0.0,23,,,,NORM,0,828
6,Assiut,2024-03-16,20000,A,30DD,30 Days Delinquent,30,2026-02-27,Business Credit Card,740.01,19217.45,M,1961-11-18,Primary,100827,,4844.39,23,,,,30DD,0,828
6,Assiut,2024-03-16,20000,A,NEW,New,0,2026-02-14,World Elite Card,13928.6,5600.93,M,1961-11-18,Primary,100827,,0.0,23,,,,NEW,0,828
1,Cairo Main,2024-10-22,50000,A,NORM,Normal,0,2026-02-22,Titanium Credit Card,36466.28,13230.48,F,1974-08-25,Primary,100829,,0.0,16,,,,NORM,0,830
1,Cairo Main,2024-10-22,50000,A,NORM,Normal,0,2026-02-27,Platinum Credit Card,21317.8,28217.5,F,1974-08-25,Primary,100829,,0.0,16,,,,NORM,0,830
1,Cairo Main,2024-10-30,20000,A,NORM,Normal,0,2026-02-26,Cashback Card,4545.67,15115.66,F,1964-10-06,Secondary,100830,,0.0,16,,,,NORM,0,831
7,Luxor,2018-11-18,10000,A,NORM,Normal,0,2026-02-26,Cashback Card,2480.24,7423.41,M,1994-03-17,Secondary,100831,,0.0,88,,,,NORM,0,832
10,Suez,2023-11-19,150000,A,NORM,Normal,0,2026-02-18,World Elite Card,89213.79,60426.06,M,1981-03-09,Primary,100832,,0.0,27,,,,NORM,0,833
8,Zagazig,2019-04-18,20000,A,NEW,New,0,2026-02-27,Gold Credit Card,14111.35,5596.89,M,1974-02-13,Secondary,100833,,0.0,83,,,,NEW,0,834
8,Zagazig,2019-04-18,20000,A,NORM,Normal,0,2026-02-16,Cashback Card,6622.14,13119.58,M,1974-02-13,Secondary,100833,,0.0,83,,,,NORM,0,834
4,Mansoura,2022-09-12,20000,A,NORM,Normal,0,2026-02-18,Platinum Credit Card,-841.43,18710.91,M,1980-02-20,Primary,100834,,0.0,42,,,,NORM,0,835
6,Assiut,2018-11-30,75000,A,30DD,30 Days Delinquent,30,2026-02-16,Platinum Credit Card,13524.68,61006.84,F,1965-04-16,Primary,100835,,38299.16,88,,,,30DD,0,836
5,Tanta,2024-03-21,100000,A,NORM,Normal,0,2026-02-24,World Elite Card,45191.5,54322.48,M,1994-05-04,Primary,100836,,0.0,23,,,,NORM,0,837
7,Luxor,2019-06-07,75000,A,NORM,Normal,0,2026-02-28,Titanium Credit Card,69157.85,5789.22,F,1975-11-23,Primary,100837,,0.0,81,,,,NORM,0,838
1,Cairo Main,2021-12-24,100000,A,NORM,Normal,0,2026-02-20,Platinum Credit Card,59938.84,39598.38,M,1963-04-23,Primary,100838,,0.0,50,,,,NORM,0,839
10,Suez,2023-02-01,75000,A,30DD,30 Days Delinquent,30,2026-02-20,Titanium Credit Card,62784.75,12075.51,F,1976-08-04,Primary,100839,,42446.18,37,,,,30DD,0,840
9,Ismailia,2024-07-02,150000,A,NORM,Normal,0,2026-02-16,Platinum Credit Card,50904.07,98620.41,M,1983-07-23,Primary,100840,,0.0,20,,,,NORM,0,841
4,Mansoura,2023-06-24,5000,A,90DA,90 Days Delinquent,90,2026-03-01,Cashback Card,3137.93,1532.26,M,1960-04-19,Secondary,100843,,1060.32,32,,,,90DA,0,844
4,Mansoura,2024-04-05,5000,A,NORM,Normal,0,2026-02-25,Cashback Card,2622.71,2006.95,M,1997-09-29,Primary,100846,,0.0,23,,,,NORM,0,847
3,Alexandria,2023-07-28,30000,A,NORM,Normal,0,2026-02-26,Classic Credit Card,11714.16,18144.59,F,1992-11-26,Primary,100847,,0.0,31,,,,NORM,0,848
4,Mansoura,2019-12-31,5000,A,NORM,Normal,0,2026-02-22,Cashback Card,-10.47,4776.53,F,1991-11-06,Primary,100848,,0.0,75,,,,NORM,0,849
4,Mansoura,2019-12-31,5000,A,NORM,Normal,0,2026-02-26,Titanium Credit Card,1375.68,3434.84,F,1991-11-06,Primary,100848,,0.0,75,,,,NORM,0,849
4,Mansoura,2021-04-11,100000,A,NORM,Normal,0,2026-02-28,Business Credit Card,52441.12,47110.11,M,1999-04-02,Primary,100849,,0.0,59,,,,NORM,0,850
8,Zagazig,2020-10-10,75000,A,NORM,Normal,0,2026-02-19,Titanium Credit Card,-5268.66,69325.08,F,1974-08-06,Primary,100850,,0.0,65,,,,NORM,0,851
10,Suez,2020-08-19,5000,A,NORM,Normal,0,2026-02-27,Classic Credit Card,2909.37,2013.21,F,1978-06-25,Primary,100851,,0.0,67,,,,NORM,0,852
7,Luxor,2022-12-16,75000,A,30DD,30 Days Delinquent,30,2026-02-25,Platinum Credit Card,1441.48,73140.54,F,1996-04-16,Primary,100852,,40593.59,39,,,,30DD,0,853
3,Alexandria,2020-04-24,10000,A,NORM,Normal,0,2026-02-28,Classic Credit Card,6738.56,2936.63,F,1984-01-17,Primary,100853,,0.0,71,,,,NORM,0,854
3,Alexandria,2020-04-24,10000,A,NORM,Normal,0,2026-02-24,Cashback Card,-208.43,9454.12,F,1984-01-17,Primary,100853,,0.0,71,,,,NORM,0,854
7,Luxor,2024-03-14,20000,A,NORM,Normal,0,2026-02-16,Classic Credit Card,14274.05,5665.99,F,1969-09-02,Primary,100855,,0.0,23,,,,NORM,0,856
5,Tanta,2018-04-10,20000,A,30DD,30 Days Delinquent,30,2026-02-25,Cashback Card,11044.65,8597.64,F,1973-07-10,Primary,100856,,4077.45,96,,,,30DD,0,857
2,Giza,2023-08-29,75000,A,NORM,Normal,0,2026-02-15,Platinum Credit Card,59517.71,15317.56,F,1963-04-25,Primary,100857,,0.0,30,,,,NORM,0,858
1,Cairo Main,2021-01-27,100000,A,NORM,Normal,0,2026-02-18,Platinum Credit Card,91978.76,7820.5,F,1973-07-21,Primary,100858,,0.0,61,,,,NORM,0,859
4,Mansoura,2018-03-12,100000,A,NORM,Normal,0,2026-02-28,Travel Rewards Card,28896.0,70989.01,F,1977-02-25,Primary,100859,,0.0,97,,,,NORM,0,860
4,Mansoura,2018-03-12,100000,A,60DA,60 Days Delinquent,60,2026-03-01,Classic Credit Card,56001.03,43561.02,F,1977-02-25,Primary,100859,,10697.99,97,,,,60DA,0,860
4,Mansoura,2018-03-12,100000,A,NORM,Normal,0,2026-02-27,Cashback Card,-5215.03,94536.43,F,1977-02-25,Primary,100859,,0.0,97,,,,NORM,0,860
6,Assiut,2018-12-09,10000,A,NEW,New,0,2026-02-20,Gold Credit Card,3736.18,6157.91,F,1966-06-13,Primary,100860,,0.0,87,,,,NEW,0,861
10,Suez,2020-08-10,5000,A,NORM,Normal,0,2026-02-21,Business Credit Card,3181.47,1572.36,F,1994-02-12,Primary,100861,,0.0,67,,,,NORM,0,862
1,Cairo Main,2020-05-06,150000,A,NEW,New,0,2026-02-20,Business Credit Card,26665.57,123040.78,F,1972-01-11,Primary,100862,,0.0,70,,,,NEW,0,863
7,Luxor,2018-11-14,75000,A,NORM,Normal,0,2026-02-25,Platinum Credit Card,-6814.16,67901.69,M,1991-05-14,Primary,100863,,0.0,88,,,,NORM,0,864
7,Luxor,2018-11-14,75000,A,NORM,Normal,0,2026-02-18,Travel Rewards Card,50910.1,23861.16,M,1991-05-14,Primary,100863,,0.0,88,,,,NORM,0,864
3,Alexandria,2023-11-19,100000,A,NEW,New,0,2026-02-18,Platinum Credit Card,72441.52,27150.69,F,1988-02-02,Primary,100864,,0.0,27,,,,NEW,0,865
3,Alexandria,2023-11-19,100000,A,30DD,30 Days Delinquent,30,2026-02-21,Travel Rewards Card,29883.11,69825.49,F,1988-02-02,Primary,100864,,8812.96,27,,,,30DD,0,865
10,Suez,2019-11-11,15000,A,NORM,Normal,0,2026-02-16,Classic Credit Card,11254.76,3568.13,F,1989-03-02,Primary,100865,,0.0,76,,,,NORM,0,866
3,Alexandria,2023-11-18,100000,A,NORM,Normal,0,2026-02-22,World Elite Card,77555.47,22137.28,M,1967-05-14,Primary,100866,,0.0,27,,,,NORM,0,867
8,Zagazig,2019-01-23,5000,A,NORM,Normal,0,2026-02-25,Classic Credit Card,-336.82,4381.35,M,1974-11-06,Secondary,100867,,0.0,86,,,,NORM,0,868
7,Luxor,2021-06-06,50000,A,30DD,30 Days Delinquent,30,2026-02-20,Cashback Card,7134.81,42524.99,M,1986-03-20,Primary,100868,,20930.05,57,,,,30DD,0,869
3,Alexandria,2024-04-27,10000,A,NORM,Normal,0,2026-02-15,Cashback Card,4577.22,4948.91,F,1971-10-17,Secondary,100869,,0.0,22,,,,NORM,0,870
3,Alexandria,2024-04-27,10000,A,30DD,30 Days Delinquent,30,2026-02-21,Travel Rewards Card,1549.38,8405.22,F,1971-10-17,Secondary,100869,,5181.4,22,,,,30DD,0,870
4,Mansoura,2018-01-11,20000,A,NORM,Normal,0,2026-02-18,Cashback Card,14767.21,4930.54,M,1967-07-17,Primary,100870,,0.0,99,,,,NORM,0,871
2,Giza,2019-07-16,150000,A,NORM,Normal,0,2026-02-23,Platinum Credit Card,64864.15,85077.86,F,1962-05-05,Primary,100871,,0.0,80,,,,NORM,0,872
2,Giza,2022-11-19,50000,A,NORM,Normal,0,2026-03-01,Titanium Credit Card,2615.95,47042.66,F,1985-01-09,Primary,100873,,0.0,39,,,,NORM,0,874
7,Luxor,2020-01-04,5000,A,NORM,Normal,0,2026-02-17,Cashback Card,4028.11,514.78,F,1976-10-13,Primary,100874,,0.0,74,,,,NORM,0,875
9,Ismailia,2024-10-21,30000,A,NORM,Normal,0,2026-02-27,Titanium Credit Card,-455.78,29268.0,F,1960-07-31,Primary,100875,,0.0,16,,,,NORM,0,876
1,Cairo Main,2023-04-13,200000,A,NORM,Normal,0,2026-02-25,Platinum Credit Card,176921.9,22724.43,F,1998-09-20,Primary,100876,,0.0,35,,,,NORM,0,877
3,Alexandria,2022-09-15,10000,A,NORM,Normal,0,2026-02-19,Cashback Card,7136.92,2717.1,M,1963-09-18,Secondary,100877,,0.0,42,,,,NORM,0,878
10,Suez,2018-03-10,50000,A,NORM,Normal,0,2026-02-23,Titanium Credit Card,36715.95,13192.77,F,1993-01-29,Secondary,100878,,0.0,97,,,,NORM,0,879
4,Mansoura,2023-08-17,15000,A,NORM,Normal,0,2026-02-24,Gold Credit Card,13673.39,1022.65,F,1997-01-03,Primary,100879,,0.0,30,,,,NORM,0,880
5,Tanta,2021-12-07,10000,A,NORM,Normal,0,2026-02-15,Cashback Card,-874.85,8935.47,F,1985-02-22,Primary,100880,,0.0,51,,,,NORM,0,881
2,Giza,2021-07-24,200000,A,NORM,Normal,0,2026-02-17,World Elite Card,111886.72,87987.59,F,1968-04-29,Secondary,100881,,0.0,56,,,,NORM,0,882
5,Tanta,2022-04-03,30000,A,NORM,Normal,0,2026-03-01,Cashback Card,509.06,29477.77,M,1962-05-23,Secondary,100882,,0.0,47,,,,NORM,0,883
3,Alexandria,2020-11-28,100000,A,NORM,Normal,0,2026-02-18,Platinum Credit Card,37583.48,62401.36,M,1973-03-25,Secondary,100883,,0.0,63,,,,NORM,0,884
6,Assiut,2024-04-28,75000,A,30DD,30 Days Delinquent,30,2026-02-28,Travel Rewards Card,33881.98,40912.03,M,1976-09-12,Primary,100886,,32370.09,22,,,,30DD,0,887
6,Assiut,2024-04-28,75000,A,NEW,New,0,2026-02-26,Classic Credit Card,41975.13,32982.17,M,1976-09-12,Primary,100886,,0.0,22,,,,NEW,0,887
8,Zagazig,2020-09-24,30000,A,NORM,Normal,0,2026-02-15,Gold Credit Card,3605.71,25987.86,M,1997-05-31,Primary,100888,,0.0,66,,,,NORM,0,889
8,Zagazig,2020-09-24,30000,A,NORM,Normal,0,2026-02-23,Cashback Card,21871.14,8114.08,M,1997-05-31,Primary,100888,,0.0,66,,,,NORM,0,889
7,Luxor,2021-01-08,200000,A,NORM,Normal,0,2026-02-20,World Elite Card,-8095.71,191687.32,M,1979-02-07,Primary,100889,,0.0,62,,,,NORM,0,890
7,Luxor,2021-01-08,200000,A,NORM,Normal,0,2026-02-22,Travel Rewards Card,180496.16,19136.72,M,1979-02-07,Primary,100889,,0.0,62,,,,NORM,0,890
2,Giza,2019-08-03,50000,A,NORM,Normal,0,2026-02-14,Titanium Credit Card,23678.63,26074.56,M,1973-11-15,Secondary,100890,,0.0,80,,,,NORM,0,891
2,Giza,2020-08-25,20000,A,NORM,Normal,0,2026-02-26,Classic Credit Card,18808.73,897.42,F,1968-04-12,Primary,100891,,0.0,67,,,,NORM,0,892
9,Ismailia,2022-06-03,20000,A,NEW,New,0,2026-02-17,Business Credit Card,17083.37,2828.64,F,1990-10-22,Primary,100892,,0.0,45,,,,NEW,0,893
9,Ismailia,2022-06-03,20000,A,NORM,Normal,0,2026-02-26,Cashback Card,7351.57,12397.58,F,1990-10-22,Primary,100892,,0.0,45,,,,NORM,0,893
6,Assiut,2022-10-06,200000,A,90DA,90 Days Delinquent,90,2026-02-21,Platinum Credit Card,8210.03,191635.74,M,1972-09-13,Primary,100893,,116133.73,41,,,,90DA,0,894
6,Assiut,2018-01-07,200000,A,NORM,Normal,0,2026-02-25,World Elite Card,180430.37,19440.0,M,1982-06-29,Primary,100894,,0.0,99,,,,NORM,0,895
6,Assiut,2018-01-07,200000,A,NORM,Normal,0,2026-02-23,Travel Rewards Card,20609.55,179242.5,M,1982-06-29,Primary,100894,,0.0,99,,,,NORM,0,895
7,Luxor,2020-01-07,75000,A,NORM,Normal,0,2026-02-17,Titanium Credit Card,54248.79,20290.48,F,1989-05-03,Secondary,100895,,0.0,74,,,,NORM,0,896
3,Alexandria,2023-10-21,10000,A,NORM,Normal,0,2026-02-16,Gold Credit Card,8391.27,1328.86,M,1977-11-11,Primary,100896,,0.0,28,,,,NORM,0,897
9,Ismailia,2023-02-06,5000,A,90DA,90 Days Delinquent,90,2026-02-25,Business Credit Card,-213.34,4463.85,F,1977-03-23,Primary,100897,,2843.1,37,,,,90DA,0,898
9,Ismailia,2023-02-06,5000,A,NORM,Normal,0,2026-02-15,Titanium Credit Card,1849.9,3032.02,F,1977-03-23,Primary,100897,,0.0,37,,,,NORM,0,898
8,Zagazig,2022-03-08,100000,A,NORM,Normal,0,2026-02-21,Platinum Credit Card,39634.51,60329.25,F,1982-07-09,Secondary,100898,,0.0,48,,,,NORM,0,899
8,Zagazig,2022-03-08,100000,A,NORM,Normal,0,2026-02-25,Travel Rewards Card,67756.19,32065.62,F,1982-07-09,Secondary,100898,,0.0,48,,,,NORM,0,899
8,Zagazig,2022-03-08,100000,A,NORM,Normal,0,2026-02-15,Titanium Credit Card,88332.35,11394.36,F,1982-07-09,Secondary,100898,,0.0,48,,,,NORM,0,899
1,Cairo Main,2024-08-14,30000,A,NEW,New,0,2026-02-15,Cashback Card,3328.54,26499.18,M,1975-02-14,Primary,100899,,0.0,18,,,,NEW,0,900
8,Zagazig,2022-02-12,5000,A,NORM,Normal,0,2026-02-25,Gold Credit Card,1768.57,2882.81,F,1980-08-23,Primary,100900,,0.0,49,,,,NORM,0,901
8,Zagazig,2022-02-12,5000,A,90DA,90 Days Delinquent,90,2026-02-24,Cashback Card,4437.49,452.22,F,1980-08-23,Primary,100900,,2922.57,49,,,,90DA,0,901
1,Cairo Main,2021-08-22,30000,A,NORM,Normal,0,2026-02-14,Gold Credit Card,12633.97,17295.54,M,1980-01-15,Primary,100901,,0.0,55,,,,NORM,0,902
1,Cairo Main,2021-08-22,30000,A,NORM,Normal,0,2026-02-19,Cashback Card,4848.79,25137.78,M,1980-01-15,Primary,100901,,0.0,55,,,,NORM,0,902
3,Alexandria,2023-07-15,75000,A,NEW,New,0,2026-02-25,Titanium Credit Card,54529.14,20413.29,F,1988-05-22,Primary,100902,,0.0,32,,,,NEW,0,903
1,Cairo Main,2024-10-31,10000,A,90DA,90 Days Delinquent,90,2026-03-01,Cashback Card,2996.9,6999.65,F,1966-08-01,Primary,100903,,3468.09,16,,,,90DA,0,904
5,Tanta,2018-11-21,75000,A,NORM,Normal,0,2026-02-28,Titanium Credit Card,34843.28,39953.09,F,1992-05-14,Primary,100904,,0.0,88,,,,NORM,0,905
5,Tanta,2018-11-21,75000,A,NORM,Normal,0,2026-02-22,Platinum Credit Card,64165.73,10797.68,F,1992-05-14,Primary,100904,,0.0,88,,,,NORM,0,905
5,Tanta,2020-01-31,30000,A,30DD,30 Days Delinquent,30,2026-02-21,Cashback Card,937.81,28804.4,F,1993-07-02,Primary,100905,,8089.45,74,,,,30DD,0,906
7,Luxor,2019-06-16,30000,A,NORM,Normal,0,2026-02-26,Cashback Card,-2215.84,27647.98,M,1989-06-24,Primary,100906,,0.0,81,,,,NORM,0,907
2,Giza,2021-03-24,200000,A,NORM,Normal,0,2026-02-21,Platinum Credit Card,73479.34,126024.23,F,1987-06-04,Primary,100907,,0.0,60,,,,NORM,0,908
8,Zagazig,2023-08-06,20000,A,60DA,60 Days Delinquent,60,2026-02-15,Cashback Card,15344.44,4203.95,M,1998-04-28,Primary,100908,,3241.16,31,,,,60DA,0,909
8,Zagazig,2021-11-15,10000,A,NORM,Normal,0,2026-02-18,Platinum Credit Card,-295.78,9619.05,F,1985-03-06,Primary,100909,,0.0,52,,,,NORM,0,910
3,Alexandria,2024-07-23,15000,A,NORM,Normal,0,2026-02-14,Gold Credit Card,9931.24,4766.58,F,1988-01-11,Secondary,100910,,0.0,19,,,,NORM,0,911
3,Alexandria,2024-10-22,10000,A,NORM,Normal,0,2026-02-25,Classic Credit Card,5005.51,4953.41,M,1976-12-22,Primary,100911,,0.0,16,,,,NORM,0,912
8,Zagazig,2023-01-15,15000,A,NORM,Normal,0,2026-02-25,Classic Credit Card,9504.16,5434.38,M,1972-11-03,Primary,100913,,0.0,38,,,,NORM,0,914
10,Suez,2022-09-09,75000,A,60DA,60 Days Delinquent,60,2026-02-15,Platinum Credit Card,67160.93,7709.79,F,1989-04-18,Secondary,100914,,35235.2,42,,,,60DA,0,915
4,Mansoura,2024-05-20,100000,A,NORM,Normal,0,2026-02-15,World Elite Card,76900.97,22966.07,F,1967-06-20,Primary,100915,,0.0,21,,,,NORM,0,916
4,Mansoura,2024-05-20,100000,A,NORM,Normal,0,2026-02-22,Travel Rewards Card,23143.33,76582.64,F,1967-06-20,Primary,100915,,0.0,21,,,,NORM,0,916
4,Mansoura,2024-05-20,100000,A,NORM,Normal,0,2026-02-17,Business Credit Card,75973.23,23871.71,F,1967-06-20,Primary,100915,,0.0,21,,,,NORM,0,916
4,Mansoura,2024-05-20,100000,A,30DD,30 Days Delinquent,30,2026-02-14,Titanium Credit Card,37262.55,62330.16,F,1967-06-20,Primary,100915,,55966.7,21,,,,30DD,0,916
9,Ismailia,2019-04-01,200000,A,NORM,Normal,0,2026-02-14,Travel Rewards Card,56388.92,143467.32,F,1988-10-08,Secondary,100917,,0.0,84,,,,NORM,0,918
9,Ismailia,2019-04-01,200000,A,NORM,Normal,0,2026-02-21,Classic Credit Card,189174.31,10591.68,F,1988-10-08,Secondary,100917,,0.0,84,,,,NORM,0,918
2,Giza,2022-09-05,30000,A,NORM,Normal,0,2026-02-16,Cashback Card,19044.69,10774.4,F,1995-02-15,Secondary,100918,,0.0,42,,,,NORM,0,919
7,Luxor,2018-06-13,50000,A,NORM,Normal,0,2026-02-28,World Elite Card,16781.49,32738.46,M,1997-02-25,Secondary,100919,,0.0,93,,,,NORM,0,920
3,Alexandria,2022-08-19,50000,A,NORM,Normal,0,2026-02-23,Titanium Credit Card,7976.51,41926.5,M,1976-06-09,Primary,100920,,0.0,43,,,,NORM,0,921
3,Alexandria,2022-08-19,50000,A,NORM,Normal,0,2026-02-26,Gold Credit Card,38091.86,11459.72,M,1976-06-09,Primary,100920,,0.0,43,,,,NORM,0,921
3,Alexandria,2022-08-19,50000,A,30DD,30 Days Delinquent,30,2026-02-14,World Elite Card,16025.39,33848.81,M,1976-06-09,Primary,100920,,16187.42,43,,,,30DD,0,921
5,Tanta,2021-04-24,100000,A,NORM,Normal,0,2026-02-27,Platinum Credit Card,6115.37,93688.28,F,1975-05-12,Primary,100921,,0.0,59,,,,NORM,0,922
5,Tanta,2021-04-24,100000,A,NORM,Normal,0,2026-02-23,Travel Rewards Card,16559.92,83212.67,F,1975-05-12,Primary,100921,,0.0,59,,,,NORM,0,922
10,Suez,2022-04-23,30000,A,NORM,Normal,0,2026-02-16,Classic Credit Card,7996.57,21804.72,M,1973-02-10,Primary,100923,,0.0,46,,,,NORM,0,924
7,Luxor,2024-12-08,15000,A,NORM,Normal,0,2026-02-25,Business Credit Card,2442.79,12325.22,F,1981-05-24,Primary,100924,,0.0,14,,,,NORM,0,925
6,Assiut,2023-02-25,200000,A,NORM,Normal,0,2026-02-14,World Elite Card,160749.43,38783.43,F,1982-05-17,Primary,100926,,0.0,36,,,,NORM,0,927
6,Assiut,2023-02-25,200000,A,NEW,New,0,2026-02-20,Travel Rewards Card,62600.22,136957.12,F,1982-05-17,Primary,100926,,0.0,36,,,,NEW,0,927
6,Assiut,2023-02-25,200000,A,NORM,Normal,0,2026-02-23,Classic Credit Card,4553.75,194963.2,F,1982-05-17,Primary,100926,,0.0,36,,,,NORM,0,927
4,Mansoura,2023-02-12,15000,A,NORM,Normal,0,2026-02-15,Cashback Card,-1357.8,13372.19,F,1990-12-08,Primary,100928,,0.0,37,,,,NORM,0,929
4,Mansoura,2023-02-12,15000,A,NORM,Normal,0,2026-02-28,Classic Credit Card,12052.17,2765.16,F,1990-12-08,Primary,100928,,0.0,37,,,,NORM,0,929
4,Mansoura,2023-02-12,15000,A,60DA,60 Days Delinquent,60,2026-02-21,Titanium Credit Card,4527.38,10059.49,F,1990-12-08,Primary,100928,,7431.83,37,,,,60DA,0,929
10,Suez,2024-07-08,100000,A,NORM,Normal,0,2026-02-22,World Elite Card,31022.04,68765.45,M,1994-03-02,Primary,100929,,0.0,20,,,,NORM,0,930
2,Giza,2024-08-11,20000,A,NORM,Normal,0,2026-02-25,Cashback Card,8960.4,10895.63,F,1984-04-30,Secondary,100930,,0.0,18,,,,NORM,0,931
4,Mansoura,2024-11-21,100000,A,30DD,30 Days Delinquent,30,2026-02-14,Platinum Credit Card,-408.91,99452.83,F,1986-06-02,Primary,100931,,14483.55,15,,,,30DD,0,932
9,Ismailia,2021-10-29,30000,A,NEW,New,0,2026-02-21,Cashback Card,13602.16,16255.93,M,1971-03-03,Primary,100932,,0.0,52,,,,NEW,0,933
4,Mansoura,2019-03-22,20000,A,30DD,30 Days Delinquent,30,2026-02-21,Gold Credit Card,16521.39,3174.56,F,1994-12-07,Secondary,100934,,5854.75,84,,,,30DD,0,935
3,Alexandria,2019-10-03,20000,A,30DD,30 Days Delinquent,30,2026-02-14,Cashback Card,12754.69,7124.55,F,1974-07-10,Primary,100935,,11179.08,78,,,,30DD,0,936
4,Mansoura,2023-04-18,30000,A,NORM,Normal,0,2026-02-27,Gold Credit Card,8169.87,21701.5,F,1971-10-16,Primary,100936,,0.0,34,,,,NORM,0,937
1,Cairo Main,2022-07-14,5000,A,NORM,Normal,0,2026-02-26,Classic Credit Card,682.52,4157.23,M,1994-03-11,Primary,100937,,0.0,44,,,,NORM,0,938
6,Assiut,2021-08-11,75000,A,NORM,Normal,0,2026-02-22,Platinum Credit Card,23183.67,51602.33,M,1961-01-22,Primary,100938,,0.0,55,,,,NORM,0,939
8,Zagazig,2024-08-25,100000,A,NEW,New,0,2026-02-15,Platinum Credit Card,81345.98,18350.41,F,1992-05-09,Secondary,100939,,0.0,18,,,,NEW,0,940
1,Cairo Main,2018-08-18,50000,A,NORM,Normal,0,2026-02-14,Titanium Credit Card,8101.95,41872.78,F,1964-07-19,Primary,100940,,0.0,91,,,,NORM,0,941
9,Ismailia,2021-04-08,5000,A,NORM,Normal,0,2026-02-25,Classic Credit Card,4143.97,573.54,F,1996-08-29,Primary,100942,,0.0,59,,,,NORM,0,943
9,Ismailia,2021-04-08,5000,A,NORM,Normal,0,2026-02-26,Travel Rewards Card,1862.09,3081.95,F,1996-08-29,Primary,100942,,0.0,59,,,,NORM,0,943
6,Assiut,2020-07-21,100000,A,NEW,New,0,2026-02-15,Platinum Credit Card,49572.72,50033.52,M,1981-01-03,Primary,100943,,0.0,68,,,,NEW,0,944
8,Zagazig,2018-07-16,150000,A,NORM,Normal,0,2026-02-16,Platinum Credit Card,13469.66,136135.45,F,1995-10-20,Primary,100944,,0.0,92,,,,NORM,0,945
8,Zagazig,2018-07-16,150000,A,NORM,Normal,0,2026-02-19,Travel Rewards Card,116234.24,33412.66,F,1995-10-20,Primary,100944,,0.0,92,,,,NORM,0,945
8,Zagazig,2018-07-16,150000,A,60DA,60 Days Delinquent,60,2026-02-17,Classic Credit Card,116380.24,33524.97,F,1995-10-20,Primary,100944,,22981.11,92,,,,60DA,0,945
3,Alexandria,2021-09-15,10000,A,NORM,Normal,0,2026-02-15,Cashback Card,6536.93,3343.58,F,1989-03-05,Primary,100946,,0.0,54,,,,NORM,0,947
7,Luxor,2018-02-04,20000,A,NORM,Normal,0,2026-02-19,Gold Credit Card,16532.53,3244.45,F,1960-11-05,Primary,100947,,0.0,98,,,,NORM,0,948
6,Assiut,2024-06-20,15000,A,NEW,New,0,2026-02-23,Classic Credit Card,1938.21,12791.59,M,1999-06-28,Primary,100948,,0.0,20,,,,NEW,0,949
6,Assiut,2024-06-20,15000,A,NORM,Normal,0,2026-02-25,Cashback Card,-555.05,14233.45,M,1999-06-28,Primary,100948,,0.0,20,,,,NORM,0,949
2,Giza,2021-07-15,20000,A,NORM,Normal,0,2026-02-19,Classic Credit Card,18104.14,1429.95,M,1974-09-09,Primary,100949,,0.0,56,,,,NORM,0,950
8,Zagazig,2022-03-17,5000,A,NORM,Normal,0,2026-02-15,Cashback Card,2017.03,2706.6,F,1965-07-10,Primary,100950,,0.0,48,,,,NORM,0,951
8,Zagazig,2022-03-17,5000,A,NORM,Normal,0,2026-02-20,Gold Credit Card,1711.08,3180.62,F,1965-07-10,Primary,100950,,0.0,48,,,,NORM,0,951
10,Suez,2019-05-26,10000,A,60DA,60 Days Delinquent,60,2026-02-27,Cashback Card,2495.42,7271.81,M,1996-07-14,Primary,100951,,3222.94,82,,,,60DA,0,952
6,Assiut,2021-07-21,75000,A,NORM,Normal,0,2026-02-17,Platinum Credit Card,49915.73,24588.07,M,1993-08-17,Secondary,100952,,0.0,56,,,,NORM,0,953
7,Luxor,2022-09-17,75000,A,NORM,Normal,0,2026-03-01,Titanium Credit Card,38168.37,36668.03,F,1996-01-15,Primary,100953,,0.0,42,,,,NORM,0,954
1,Cairo Main,2020-04-15,30000,A,NEW,New,0,2026-02-25,Cashback Card,23434.14,6466.88,F,1982-04-26,Primary,100956,,0.0,71,,,,NEW,0,957
3,Alexandria,2018-07-10,150000,A,NORM,Normal,0,2026-02-20,World Elite Card,-3961.35,145966.69,F,1978-04-15,Secondary,100957,,0.0,93,,,,NORM,0,958
8,Zagazig,2024-01-08,100000,A,NORM,Normal,0,2026-02-25,World Elite Card,55093.03,44806.81,F,1978-08-14,Secondary,100958,,0.0,26,,,,NORM,0,959
8,Zagazig,2024-01-08,100000,A,NORM,Normal,0,2026-02-28,Travel Rewards Card,6047.05,93649.27,F,1978-08-14,Secondary,100958,,0.0,26,,,,NORM,0,959
8,Zagazig,2024-01-08,100000,A,30DD,30 Days Delinquent,30,2026-02-21,Platinum Credit Card,88205.11,11511.01,F,1978-08-14,Secondary,100958,,53917.31,26,,,,30DD,0,959
8,Zagazig,2024-05-28,20000,A,30DD,30 Days Delinquent,30,2026-02-15,Classic Credit Card,12019.91,7575.1,M,1993-08-02,Primary,100959,,2778.57,21,,,,30DD,0,960
10,Suez,2020-12-28,15000,A,NORM,Normal,0,2026-02-17,Cashback Card,3393.59,11406.79,M,1999-08-20,Primary,100961,,0.0,62,,,,NORM,0,962
4,Mansoura,2018-02-28,15000,A,NORM,Normal,0,2026-02-20,Classic Credit Card,13136.24,1453.97,F,1968-03-03,Primary,100962,,0.0,97,,,,NORM,0,963
4,Mansoura,2018-02-28,15000,A,NORM,Normal,0,2026-03-01,Cashback Card,9245.85,5576.16,F,1968-03-03,Primary,100962,,0.0,97,,,,NORM,0,963
4,Mansoura,2018-02-28,15000,A,NORM,Normal,0,2026-02-14,Titanium Credit Card,10897.29,3889.12,F,1968-03-03,Primary,100962,,0.0,97,,,,NORM,0,963
10,Suez,2023-01-26,20000,A,NEW,New,0,2026-02-25,Cashback Card,15855.82,4038.82,F,1978-03-13,Primary,100963,,0.0,37,,,,NEW,0,964
10,Suez,2023-01-26,20000,A,NORM,Normal,0,2026-02-16,Titanium Credit Card,3146.0,16381.26,F,1978-03-13,Primary,100963,,0.0,37,,,,NORM,0,964
6,Assiut,2023-06-20,150000,A,NEW,New,0,2026-02-21,Platinum Credit Card,11089.39,138430.14,M,1996-03-13,Secondary,100964,,0.0,32,,,,NEW,0,965
6,Assiut,2023-06-20,150000,A,30DD,30 Days Delinquent,30,2026-02-16,Travel Rewards Card,22951.73,126729.25,M,1996-03-13,Secondary,100964,,78833.85,32,,,,30DD,0,965
4,Mansoura,2019-04-01,10000,A,NORM,Normal,0,2026-02-17,Classic Credit Card,9042.35,657.9,M,1980-07-08,Secondary,100965,,0.0,84,,,,NORM,0,966
4,Mansoura,2019-04-01,10000,A,NORM,Normal,0,2026-02-17,Titanium Credit Card,4388.62,5526.98,M,1980-07-08,Secondary,100965,,0.0,84,,,,NORM,0,966
7,Luxor,2023-09-24,20000,A,30DD,30 Days Delinquent,30,2026-02-21,Classic Credit Card,18070.31,1458.37,M,1996-10-13,Primary,100966,,7584.85,29,,,,30DD,0,967
7,Luxor,2023-09-24,20000,A,NEW,New,0,2026-02-20,Business Credit Card,4804.2,14795.8,M,1996-10-13,Primary,100966,,0.0,29,,,,NEW,0,967
10,Suez,2020-04-08,30000,A,NORM,Normal,0,2026-02-16,Gold Credit Card,15248.02,14656.67,F,1979-01-08,Primary,100968,,0.0,71,,,,NORM,0,969
10,Suez,2020-04-08,30000,A,30DD,30 Days Delinquent,30,2026-02-22,Cashback Card,21884.55,8013.7,F,1979-01-08,Primary,100968,,17397.23,71,,,,30DD,0,969
10,Suez,2020-04-08,30000,A,NORM,Normal,0,2026-02-25,World Elite Card,8562.5,21421.96,F,1979-01-08,Primary,100968,,0.0,71,,,,NORM,0,969
2,Giza,2024-03-26,30000,A,NORM,Normal,0,2026-02-17,Cashback Card,-694.32,29208.26,M,1971-04-10,Primary,100969,,0.0,23,,,,NORM,0,970
2,Giza,2024-03-26,30000,A,30DD,30 Days Delinquent,30,2026-02-24,World Elite Card,6169.3,23828.26,M,1971-04-10,Primary,100969,,10182.98,23,,,,30DD,0,970
2,Giza,2024-03-26,30000,A,NORM,Normal,0,2026-02-28,Classic Credit Card,15736.34,14050.44,M,1971-04-10,Primary,100969,,0.0,23,,,,NORM,0,970
7,Luxor,2019-10-16,75000,A,NORM,Normal,0,2026-02-26,Platinum Credit Card,-6069.28,68506.64,F,1995-04-09,Primary,100970,,0.0,77,,,,NORM,0,971
7,Luxor,2019-10-16,75000,A,NEW,New,0,2026-03-01,Titanium Credit Card,23909.67,50802.68,F,1995-04-09,Primary,100970,,0.0,77,,,,NEW,0,971
4,Mansoura,2019-08-07,30000,A,NORM,Normal,0,2026-02-27,Classic Credit Card,15327.78,14173.38,F,1979-11-21,Primary,100971,,0.0,79,,,,NORM,0,972
2,Giza,2024-11-03,100000,A,NORM,Normal,0,2026-02-24,Platinum Credit Card,90745.89,9147.83,F,1984-04-11,Primary,100972,,0.0,16,,,,NORM,0,973
10,Suez,2023-06-19,30000,A,NORM,Normal,0,2026-02-14,Classic Credit Card,5101.13,24789.51,F,1967-07-22,Secondary,100973,,0.0,32,,,,NORM,0,974
1,Cairo Main,2019-03-07,30000,A,NORM,Normal,0,2026-02-26,Cashback Card,19641.65,10206.13,F,1988-08-14,Primary,100974,,0.0,85,,,,NORM,0,975
1,Cairo Main,2019-03-07,30000,A,NORM,Normal,0,2026-02-25,World Elite Card,19539.24,10184.54,F,1988-08-14,Primary,100974,,0.0,85,,,,NORM,0,975
1,Cairo Main,2019-03-07,30000,A,NORM,Normal,0,2026-02-22,Platinum Credit Card,-1954.87,27917.87,F,1988-08-14,Primary,100974,,0.0,85,,,,NORM,0,975
4,Mansoura,2023-07-21,20000,A,NORM,Normal,0,2026-02-23,Gold Credit Card,16082.0,3645.34,F,1986-04-11,Primary,100975,,0.0,31,,,,NORM,0,976
10,Suez,2024-08-15,10000,A,30DD,30 Days Delinquent,30,2026-03-01,Classic Credit Card,876.57,9020.98,M,1964-11-01,Primary,100976,,1122.91,18,,,,30DD,0,977
10,Suez,2023-11-12,5000,A,NORM,Normal,0,2026-02-28,Travel Rewards Card,1867.06,3052.85,M,1998-09-24,Primary,100977,,0.0,28,,,,NORM,0,978
2,Giza,2022-08-16,5000,A,NORM,Normal,0,2026-02-20,Gold Credit Card,1792.43,2925.57,M,1973-02-09,Primary,100978,,0.0,43,,,,NORM,0,979
2,Giza,2022-08-16,5000,A,60DA,60 Days Delinquent,60,2026-02-27,Cashback Card,379.19,4427.67,M,1973-02-09,Primary,100978,,2199.08,43,,,,60DA,0,979
2,Giza,2022-08-16,5000,A,NORM,Normal,0,2026-02-16,Business Credit Card,1773.28,2765.22,M,1973-02-09,Primary,100978,,0.0,43,,,,NORM,0,979
8,Zagazig,2020-12-13,15000,A,NORM,Normal,0,2026-02-17,Cashback Card,3537.77,11295.68,F,1991-05-12,Primary,100979,,0.0,63,,,,NORM,0,980
2,Giza,2021-12-11,200000,A,NORM,Normal,0,2026-02-28,World Elite Card,29111.0,170881.13,F,1974-12-21,Primary,100980,,0.0,51,,,,NORM,0,981
2,Giza,2021-12-11,200000,A,NORM,Normal,0,2026-03-01,Travel Rewards Card,149453.15,50075.44,F,1974-12-21,Primary,100980,,0.0,51,,,,NORM,0,981
4,Mansoura,2023-06-12,50000,A,NORM,Normal,0,2026-02-27,Titanium Credit Card,5362.78,44333.05,F,1971-11-15,Primary,100981,,0.0,33,,,,NORM,0,982
4,Mansoura,2023-06-12,50000,A,NORM,Normal,0,2026-02-19,Business Credit Card,36756.69,13242.0,F,1971-11-15,Primary,100981,,0.0,33,,,,NORM,0,982
5,Tanta,2021-10-25,150000,A,60DA,60 Days Delinquent,60,2026-02-15,Platinum Credit Card,73063.37,76573.59,M,1966-07-16,Primary,100983,,89658.89,52,,,,60DA,0,984
10,Suez,2022-05-05,30000,A,NORM,Normal,0,2026-02-22,Gold Credit Card,-2187.34,27389.28,F,1999-11-10,Primary,100986,,0.0,46,,,,NORM,0,987
10,Suez,2022-05-05,30000,A,NORM,Normal,0,2026-03-01,Cashback Card,1965.98,27620.81,F,1999-11-10,Primary,100986,,0.0,46,,,,NORM,0,987
6,Assiut,2020-10-08,150000,A,NORM,Normal,0,2026-02-28,Platinum Credit Card,-10112.13,139444.97,M,1998-07-29,Primary,100987,,0.0,65,,,,NORM,0,988
8,Zagazig,2022-11-29,100000,A,NORM,Normal,0,2026-02-21,World Elite Card,23053.8,76913.13,F,1987-10-04,Secondary,100988,,0.0,39,,,,NORM,0,989
6,Assiut,2021-02-04,200000,A,NORM,Normal,0,2026-02-21,World Elite Card,-1369.75,198605.74,M,1962-12-07,Primary,100989,,0.0,61,,,,NORM,0,990
6,Assiut,2021-02-04,200000,A,NORM,Normal,0,2026-02-28,Business Credit Card,180618.58,18984.84,M,1962-12-07,Primary,100989,,0.0,61,,,,NORM,0,990
5,Tanta,2020-08-10,200000,A,NORM,Normal,0,2026-02-22,World Elite Card,113291.19,86437.3,M,1974-10-29,Primary,100990,,0.0,67,,,,NORM,0,991
5,Tanta,2020-08-10,200000,A,NORM,Normal,0,2026-02-21,Travel Rewards Card,-6887.43,193050.42,M,1974-10-29,Primary,100990,,0.0,67,,,,NORM,0,991
5,Tanta,2020-08-10,200000,A,NORM,Normal,0,2026-02-16,Cashback Card,147102.94,52696.0,M,1974-10-29,Primary,100990,,0.0,67,,,,NORM,0,991
2,Giza,2018-10-18,200000,A,NORM,Normal,0,2026-02-26,World Elite Card,36274.61,163525.84,M,1994-09-30,Primary,100991,,0.0,89,,,,NORM,0,992
2,Giza,2021-12-25,15000,A,NORM,Normal,0,2026-02-15,Gold Credit Card,5620.83,8942.18,M,1973-12-16,Primary,100993,,0.0,50,,,,NORM,0,994
2,Giza,2021-12-25,15000,A,NORM,Normal,0,2026-02-24,Cashback Card,843.1,13848.27,M,1973-12-16,Primary,100993,,0.0,50,,,,NORM,0,994
2,Giza,2021-12-25,15000,A,NEW,New,0,2026-02-14,Titanium Credit Card,10845.48,3974.14,M,1973-12-16,Primary,100993,,0.0,50,,,,NEW,0,994
8,Zagazig,2019-01-21,150000,A,NORM,Normal,0,2026-02-19,World Elite Card,80710.22,68814.98,M,1993-09-21,Primary,100994,,0.0,86,,,,NORM,0,995
1,Cairo Main,2022-04-25,30000,A,NEW,New,0,2026-02-22,Cashback Card,2147.39,27402.04,M,1974-08-30,Primary,100995,,0.0,46,,,,NEW,0,996
1,Cairo Main,2022-04-25,30000,A,NORM,Normal,0,2026-02-17,World Elite Card,19486.82,10113.22,M,1974-08-30,Primary,100995,,0.0,46,,,,NORM,0,996
3,Alexandria,2020-06-13,50000,A,NORM,Normal,0,2026-02-19,Platinum Credit Card,18882.91,30824.32,M,1984-01-03,Secondary,100996,,0.0,69,,,,NORM,0,997
3,Alexandria,2020-06-13,50000,A,30DD,30 Days Delinquent,30,2026-02-16,Travel Rewards Card,1870.71,48009.42,M,1984-01-03,Secondary,100996,,2784.5,69,,,,30DD,0,997
10,Suez,2024-01-11,10000,A,30DD,30 Days Delinquent,30,2026-02-24,Platinum Credit Card,2605.37,6908.48,F,1961-09-27,Primary,100997,,2785.81,26,,,,30DD,0,998
6,Assiut,2024-02-23,75000,A,NORM,Normal,0,2026-02-28,Platinum Credit Card,62342.92,12559.6,F,1980-05-24,Primary,100998,,0.0,24,,,,NORM,0,999
6,Assiut,2024-02-23,75000,A,NORM,Normal,0,2026-02-20,Travel Rewards Card,48932.39,25697.51,F,1980-05-24,Primary,100998,,0.0,24,,,,NORM,0,999
10,Suez,2023-10-31,10000,A,NEW,New,0,2026-02-27,Cashback Card,4019.54,5836.05,M,1964-06-06,Primary,100999,,0.0,28,,,,NEW,0,1000
10,Suez,2023-10-31,10000,A,NORM,Normal,0,2026-02-22,World Elite Card,7991.08,1624.78,M,1964-06-06,Primary,100999,,0.0,28,,,,NORM,0,1000
10,Suez,2023-10-31,10000,A,NORM,Normal,0,2026-02-16,Business Credit Card,5552.42,4386.07,M,1964-06-06,Primary,100999,,0.0,28,,,,NORM,0,1000
