BRANCH_ID,BRANCH_NAME,CREATION_DATE,CREDIT_LIMIT,ACTIVATED,STATUS,STATUS_NAME,DELINQUENCY,LAST_STATEMENT_DATE,PRODUCT_NAME,LEDGER_BALANCE,AVAILABLE_LIMIT,GENDER,DOB,CUSTOMER_TYPE,RIMNO,CLOSURE_DATE,OVERDUEAMOUNT,NO_OF_CYCLES,FIRST_REPLACED_CARD,SECOND_REPLACED_CARD,THIRD_REPLACED_CARD,Card account status ,DOB_WAS_MISSING,CUSTOMER_ID
2,Giza,2021-01-31,20000,A,NORM,Normal,0,2026-04-23,Classic Credit Card,6141.65,13789.59,F,1961-02-13,Primary,100000,,0.0,63,,,,NORM,0,1
4,Mansoura,2024-10-01,5000,A,NORM,Normal,0,2026-04-17,Cashback Card,531.06,4413.33,F,1982-09-01,Primary,100001,,0.0,19,,,,NORM,0,2
7,Luxor,2021-02-12,15000,A,NORM,Normal,0,2026-04-27,Gold Credit Card,4041.75,10526.24,F,1975-04-06,Primary,100002,,0.0,63,,,,NORM,0,3
7,Luxor,2021-02-12,15000,A,NORM,Normal,0,2026-04-19,Cashback Card,-1278.96,13265.83,F,1975-04-06,Primary,100002,,0.0,63,,,,NORM,0,3
7,Luxor,2021-02-12,15000,A,NORM,Normal,0,2026-04-27,World Elite Card,310.15,14468.74,F,1975-04-06,Primary,100002,,0.0,63,,,,NORM,0,3
9,Ismailia,2022-03-31,10000,A,NORM,Normal,0,2026-04-27,Cashback Card,4100.68,5568.22,M,1965-08-07,Primary,100003,,0.0,49,,,,NORM,0,4
5,Tanta,2020-08-11,10000,A,NORM,Normal,0,2026-04-18,Cashback Card,7967.38,1957.78,F,1963-07-31,Primary,100004,,0.0,69,,,,NORM,0,5
10,Suez,2019-12-02,150000,A,NORM,Normal,0,2026-04-27,Platinum Credit Card,13138.25,136558.2,M,1988-06-25,Primary,100005,,0.0,78,,,,NORM,0,6
1,Cairo Main,2021-07-16,75000,A,NORM,Normal,0,2026-04-21,Titanium Credit Card,41001.47,33976.69,F,1996-02-10,Secondary,100006,,0.0,58,,,,NORM,0,7
5,Tanta,2020-10-07,150000,A,NORM,Normal,0,2026-04-24,Platinum Credit Card,20857.17,129061.01,M,1966-04-06,Secondary,100007,,0.0,67,,,,NORM,0,8
8,Zagazig,2018-07-12,10000,A,NORM,Normal,0,2026-04-25,Cashback Card,4518.95,4986.54,M,1964-01-29,Primary,100008,,0.0,95,,,,NORM,0,9
9,Ismailia,2024-03-16,5000,A,NORM,Normal,0,2026-04-23,Cashback Card,2680.57,2124.29,M,1971-04-12,Primary,100009,,0.0,25,,,,NORM,0,10
1,Cairo Main,2020-12-14,150000,A,NORM,Normal,0,2026-04-30,World Elite Card,51349.68,98368.82,M,1992-05-22,Primary,100010,,0.0,65,,,,NORM,0,11
9,Ismailia,2024-09-19,50000,A,NORM,Normal,0,2026-04-22,Business Credit Card,21104.97,28574.32,M,1960-01-10,Primary,100011,,0.0,19,,,,NORM,0,12
2,Giza,2023-06-14,10000,A,NORM,Normal,0,2026-04-18,Classic Credit Card,-168.38,9678.92,F,1992-10-30,Secondary,100012,,0.0,35,,,,NORM,0,13
2,Giza,2023-06-14,10000,A,NORM,Normal,0,2026-04-29,Cashback Card,2839.14,6837.1,F,1992-10-30,Secondary,100012,,0.0,35,,,,NORM,0,13
5,Tanta,2022-03-10,100000,A,NORM,Normal,0,2026-04-18,World Elite Card,80486.33,19085.99,F,1977-11-24,Primary,100013,,0.0,50,,,,NORM,0,14
10,Suez,2018-01-30,10000,A,NORM,Normal,0,2026-04-28,Classic Credit Card,-619.27,8927.19,M,1969-11-17,Primary,100014,,0.0,100,,,,NORM,0,15
9,Ismailia,2024-05-27,200000,A,NORM,Normal,0,2026-04-24,Business Credit Card,119861.43,79702.07,M,1965-12-07,Primary,100015,,0.0,23,,,,NORM,0,16
7,Luxor,2023-03-28,5000,A,NORM,Normal,0,2026-04-16,Cashback Card,4146.7,418.66,M,1978-06-10,Primary,100016,,0.0,37,,,,NORM,0,17
3,Alexandria,2020-01-22,30000,A,NORM,Normal,0,2026-04-21,Classic Credit Card,17500.71,12421.15,M,1978-12-04,Primary,100017,,0.0,76,,,,NORM,0,18
2,Giza,2020-08-26,15000,A,NORM,Normal,0,2026-04-17,Classic Credit Card,3853.03,10809.58,M,1993-10-20,Primary,100018,,0.0,69,,,,NORM,0,19
8,Zagazig,2022-09-29,150000,A,NORM,Normal,0,2026-04-18,Business Credit Card,-6101.43,143511.71,M,1972-10-17,Primary,100019,,0.0,43,,,,NORM,0,20
6,Assiut,2018-07-25,200000,A,NORM,Normal,0,2026-04-17,Business Credit Card,142566.85,57233.22,M,1962-07-25,Secondary,100020,,0.0,94,,,,NORM,0,21
2,Giza,2020-08-21,75000,A,NORM,Normal,0,2026-04-16,Platinum Credit Card,45092.01,29532.49,F,1990-04-15,Secondary,100021,,0.0,69,,,,NORM,0,22
2,Giza,2020-08-21,75000,A,NORM,Normal,0,2026-04-18,Classic Credit Card,12410.16,62270.17,F,1990-04-15,Secondary,100021,,0.0,69,,,,NORM,0,22
2,Giza,2020-08-21,75000,A,NORM,Normal,0,2026-04-22,Travel Rewards Card,28597.6,46192.14,F,1990-04-15,Secondary,100021,,0.0,69,,,,NORM,0,22
4,Mansoura,2022-06-10,15000,A,NORM,Normal,0,2026-04-20,Classic Credit Card,10513.88,4279.17,M,1971-11-30,Primary,100022,,0.0,47,,,,NORM,0,23
5,Tanta,2021-11-30,10000,A,NORM,Normal,0,2026-04-23,Classic Credit Card,1020.87,8729.59,F,1965-12-10,Primary,100023,,0.0,53,,,,NORM,0,24
9,Ismailia,2019-03-01,15000,A,90DA,90 Days Delinquent,90,2026-04-16,Classic Credit Card,-1265.74,13480.09,F,1973-06-06,Primary,100024,,6459.51,87,,,,90DA,0,25
5,Tanta,2023-06-25,30000,A,NORM,Normal,0,2026-04-26,Gold Credit Card,25358.25,4394.98,M,1982-09-02,Primary,100025,,0.0,34,,,,NORM,0,26
3,Alexandria,2022-12-15,150000,A,NORM,Normal,0,2026-04-26,World Elite Card,91014.15,58545.05,M,1993-04-01,Secondary,100026,,0.0,41,,,,NORM,0,27
3,Alexandria,2019-06-07,5000,A,NORM,Normal,0,2026-04-24,Classic Credit Card,4026.71,773.61,M,1979-04-12,Primary,100027,,0.0,84,,,,NORM,0,28
7,Luxor,2019-09-26,20000,A,NORM,Normal,0,2026-04-17,Classic Credit Card,11170.74,8331.12,M,1987-11-03,Primary,100028,,0.0,80,,,,NORM,0,29
7,Luxor,2019-09-26,20000,A,NORM,Normal,0,2026-04-22,Gold Credit Card,14265.3,5621.07,M,1987-11-03,Primary,100028,,0.0,80,,,,NORM,0,29
7,Luxor,2019-09-26,20000,A,NORM,Normal,0,2026-04-22,Titanium Credit Card,7000.33,12540.2,M,1987-11-03,Primary,100028,,0.0,80,,,,NORM,0,29
1,Cairo Main,2023-04-12,20000,A,NORM,Normal,0,2026-04-23,Gold Credit Card,18939.45,611.53,M,1998-07-07,Primary,100029,,0.0,37,,,,NORM,0,30
1,Cairo Main,2023-04-12,20000,A,NORM,Normal,0,2026-04-25,Cashback Card,13106.81,6436.43,M,1998-07-07,Primary,100029,,0.0,37,,,,NORM,0,30
5,Tanta,2018-10-12,30000,A,NORM,Normal,0,2026-04-29,Gold Credit Card,14731.99,15262.92,M,1998-10-09,Secondary,100030,,0.0,91,,,,NORM,0,31
10,Suez,2018-06-06,10000,A,NORM,Normal,0,2026-04-26,Cashback Card,3644.07,6210.14,M,1971-11-28,Primary,100031,,0.0,96,,,,NORM,0,32
5,Tanta,2022-11-22,5000,A,NORM,Normal,0,2026-04-27,Cashback Card,1491.17,3378.99,F,1961-12-28,Primary,100032,,0.0,41,,,,NORM,0,33
5,Tanta,2022-11-22,5000,A,NORM,Normal,0,2026-04-26,Business Credit Card,4542.13,222.95,F,1961-12-28,Primary,100032,,0.0,41,,,,NORM,0,33
5,Tanta,2022-11-22,5000,A,NORM,Normal,0,2026-04-29,Travel Rewards Card,-490.73,4187.64,F,1961-12-28,Primary,100032,,0.0,41,,,,NORM,0,33
6,Assiut,2019-05-26,30000,A,NORM,Normal,0,2026-04-19,Gold Credit Card,13656.93,16212.55,F,1989-10-03,Primary,100033,,0.0,84,,,,NORM,0,34
7,Luxor,2019-12-14,200000,A,NORM,Normal,0,2026-04-23,World Elite Card,10951.26,188663.45,M,1990-05-20,Primary,100034,,0.0,77,,,,NORM,0,35
6,Assiut,2022-12-15,100000,A,NORM,Normal,0,2026-04-25,World Elite Card,39076.8,60909.79,F,1980-11-09,Primary,100035,,0.0,41,,,,NORM,0,36
4,Mansoura,2020-03-26,15000,A,NORM,Normal,0,2026-04-17,Gold Credit Card,7807.01,6887.81,F,1996-03-06,Secondary,100036,,0.0,74,,,,NORM,0,37
7,Luxor,2022-06-25,20000,A,NORM,Normal,0,2026-04-16,Classic Credit Card,17243.98,2327.58,M,1982-03-05,Primary,100037,,0.0,46,,,,NORM,0,38
1,Cairo Main,2020-10-17,10000,A,NORM,Normal,0,2026-04-28,Gold Credit Card,7743.84,2178.14,F,1985-01-01,Secondary,100038,,0.0,67,,,,NORM,0,39
3,Alexandria,2023-04-29,100000,A,NORM,Normal,0,2026-04-29,Platinum Credit Card,22399.57,77524.34,F,1993-05-11,Primary,100039,,0.0,36,,,,NORM,0,40
3,Alexandria,2023-04-29,100000,A,NORM,Normal,0,2026-04-17,Travel Rewards Card,42057.53,57665.66,F,1993-05-11,Primary,100039,,0.0,36,,,,NORM,0,40
5,Tanta,2021-08-02,150000,A,NORM,Normal,0,2026-04-20,World Elite Card,61795.9,88019.14,M,1975-01-24,Primary,100040,,0.0,57,,,,NORM,0,41
9,Ismailia,2022-08-31,5000,A,NORM,Normal,0,2026-04-26,Gold Credit Card,2851.92,1681.76,F,1980-11-24,Primary,100041,,0.0,44,,,,NORM,0,42
9,Ismailia,2022-08-31,5000,A,NORM,Normal,0,2026-04-27,Cashback Card,840.7,3830.91,F,1980-11-24,Primary,100041,,0.0,44,,,,NORM,0,42
7,Luxor,2022-09-13,150000,A,NORM,Normal,0,2026-04-23,World Elite Card,-14477.63,135137.87,F,1998-04-13,Primary,100042,,0.0,44,,,,NORM,0,43
7,Luxor,2022-09-13,150000,A,NORM,Normal,0,2026-04-24,Travel Rewards Card,65864.3,83636.33,F,1998-04-13,Primary,100042,,0.0,44,,,,NORM,0,43
3,Alexandria,2023-03-30,15000,A,30DD,30 Days Delinquent,30,2026-04-18,Gold Credit Card,6355.43,8312.79,F,1997-09-13,Primary,100043,,1886.2,37,,,,30DD,0,44
1,Cairo Main,2022-04-02,50000,A,NORM,Normal,0,2026-04-23,Titanium Credit Card,24699.9,25245.68,F,1971-09-02,Primary,100044,,0.0,49,,,,NORM,0,45
1,Cairo Main,2024-01-19,5000,A,NORM,Normal,0,2026-04-20,Classic Credit Card,3734.12,993.21,M,1993-08-07,Primary,100045,,0.0,27,,,,NORM,0,46
3,Alexandria,2019-06-02,100000,A,NORM,Normal,0,2026-05-01,World Elite Card,49713.49,50022.86,F,1970-09-13,Primary,100046,,0.0,84,,,,NORM,0,47
3,Alexandria,2019-03-19,200000,A,NORM,Normal,0,2026-04-26,Platinum Credit Card,53899.51,145942.65,M,1973-12-14,Primary,100047,,0.0,86,,,,NORM,0,48
3,Alexandria,2019-03-19,200000,A,NORM,Normal,0,2026-04-28,Business Credit Card,158975.18,40753.12,M,1973-12-14,Primary,100047,,0.0,86,,,,NORM,0,48
3,Alexandria,2019-03-19,200000,A,NORM,Normal,0,2026-04-17,Travel Rewards Card,27015.02,172504.39,M,1973-12-14,Primary,100047,,0.0,86,,,,NORM,0,48
2,Giza,2024-05-07,5000,A,NORM,Normal,0,2026-04-16,Cashback Card,-126.03,4541.4,F,1995-09-19,Primary,100048,,0.0,24,,,,NORM,0,49
2,Giza,2022-01-23,100000,A,NORM,Normal,0,2026-04-17,Platinum Credit Card,-3324.89,96259.19,F,1979-06-12,Secondary,100049,,0.0,51,,,,NORM,0,50
6,Assiut,2020-10-02,10000,A,NORM,Normal,0,2026-04-30,Classic Credit Card,496.23,9102.46,M,1998-03-16,Primary,100050,,0.0,67,,,,NORM,0,51
6,Assiut,2020-10-02,10000,A,NORM,Normal,0,2026-04-17,Cashback Card,2230.77,7463.83,M,1998-03-16,Primary,100050,,0.0,67,,,,NORM,0,51
8,Zagazig,2021-12-24,30000,A,NORM,Normal,0,2026-04-30,Cashback Card,799.67,29137.71,M,1969-07-07,Primary,100051,,0.0,52,,,,NORM,0,52
4,Mansoura,2022-07-23,100000,A,NORM,Normal,0,2026-04-25,Platinum Credit Card,10294.51,89398.46,M,1992-04-19,Primary,100052,,0.0,45,,,,NORM,0,53
4,Mansoura,2022-07-23,100000,A,NORM,Normal,0,2026-04-17,Travel Rewards Card,30223.02,69477.94,M,1992-04-19,Primary,100052,,0.0,45,,,,NORM,0,53
4,Mansoura,2024-07-10,50000,A,NEW,New,0,2026-04-22,Business Credit Card,30892.38,18753.16,F,1973-09-25,Primary,100053,,0.0,22,,,,NEW,0,54
5,Tanta,2020-08-02,10000,A,NORM,Normal,0,2026-04-16,Cashback Card,7134.43,2776.08,M,1971-04-11,Primary,100054,,0.0,69,,,,NORM,0,55
9,Ismailia,2021-03-05,10000,A,NORM,Normal,0,2026-04-25,Gold Credit Card,6842.04,2984.0,M,1986-10-08,Primary,100055,,0.0,62,,,,NORM,0,56
1,Cairo Main,2024-03-16,30000,A,NORM,Normal,0,2026-04-28,Gold Credit Card,17674.39,12103.37,F,1962-06-12,Primary,100056,,0.0,25,,,,NORM,0,57
3,Alexandria,2020-10-31,100000,A,NORM,Normal,0,2026-04-28,Platinum Credit Card,16365.06,83330.59,M,1962-04-21,Secondary,100057,,0.0,66,,,,NORM,0,58
3,Alexandria,2020-10-31,100000,A,NORM,Normal,0,2026-04-19,Travel Rewards Card,59274.75,40567.46,M,1962-04-21,Secondary,100057,,0.0,66,,,,NORM,0,58
4,Mansoura,2024-04-04,75000,A,NORM,Normal,0,2026-04-27,Platinum Credit Card,8447.5,66413.52,F,1965-04-24,Primary,100058,,0.0,25,,,,NORM,0,59
5,Tanta,2024-12-18,5000,A,NORM,Normal,0,2026-04-24,Classic Credit Card,2990.37,1587.73,M,1985-07-04,Primary,100059,,0.0,16,,,,NORM,0,60
5,Tanta,2024-12-18,5000,A,NORM,Normal,0,2026-04-28,Business Credit Card,1239.92,3436.55,M,1985-07-04,Primary,100059,,0.0,16,,,,NORM,0,60
5,Tanta,2024-12-18,5000,A,NORM,Normal,0,2026-04-29,Platinum Credit Card,-34.47,4511.59,M,1985-07-04,Primary,100059,,0.0,16,,,,NORM,0,60
2,Giza,2018-01-11,75000,A,NORM,Normal,0,2026-04-23,Titanium Credit Card,2783.19,72207.34,M,1967-01-08,Primary,100060,,0.0,101,,,,NORM,0,61
2,Giza,2020-08-14,30000,A,NORM,Normal,0,2026-04-19,Classic Credit Card,10048.9,19475.47,M,1990-11-01,Primary,100061,,0.0,69,,,,NORM,0,62
2,Giza,2019-11-11,30000,A,NORM,Normal,0,2026-04-23,Platinum Credit Card,22080.32,7435.37,F,1962-09-04,Primary,100062,,0.0,78,,,,NORM,0,63
2,Giza,2019-11-11,30000,A,90DA,90 Days Delinquent,90,2026-04-17,Cashback Card,21214.07,8785.43,F,1962-09-04,Primary,100062,,3743.96,78,,,,90DA,0,63
9,Ismailia,2023-07-16,100000,A,NORM,Normal,0,2026-04-19,Platinum Credit Card,28864.91,70713.01,F,1984-03-22,Primary,100063,,0.0,34,,,,NORM,0,64
10,Suez,2021-01-08,200000,A,NORM,Normal,0,2026-04-22,World Elite Card,20441.88,179488.49,M,1960-12-05,Secondary,100064,,0.0,64,,,,NORM,0,65
10,Suez,2021-01-08,200000,A,NORM,Normal,0,2026-04-27,Travel Rewards Card,-19429.89,180310.28,M,1960-12-05,Secondary,100064,,0.0,64,,,,NORM,0,65
2,Giza,2021-11-26,75000,A,NORM,Normal,0,2026-04-26,Platinum Credit Card,54194.42,20359.98,F,1981-01-30,Primary,100065,,0.0,53,,,,NORM,0,66
9,Ismailia,2023-02-06,10000,A,NORM,Normal,0,2026-04-19,Classic Credit Card,5682.91,3885.18,M,1961-08-24,Primary,100066,,0.0,39,,,,NORM,0,67
7,Luxor,2020-02-08,150000,A,NORM,Normal,0,2026-05-01,Platinum Credit Card,118837.88,30713.44,M,1962-06-07,Primary,100067,,0.0,75,,,,NORM,0,68
8,Zagazig,2023-06-09,10000,A,NORM,Normal,0,2026-04-29,Gold Credit Card,8174.33,1743.21,M,1999-07-06,Primary,100068,,0.0,35,,,,NORM,0,69
8,Zagazig,2023-06-09,10000,A,NORM,Normal,0,2026-04-19,Cashback Card,563.8,9335.0,M,1999-07-06,Primary,100068,,0.0,35,,,,NORM,0,69
8,Zagazig,2023-06-09,10000,A,NORM,Normal,0,2026-04-28,Business Credit Card,4029.53,5541.16,M,1999-07-06,Primary,100068,,0.0,35,,,,NORM,0,69
2,Giza,2019-04-27,15000,A,NORM,Normal,0,2026-04-30,Platinum Credit Card,5327.08,9237.89,F,1980-09-12,Secondary,100069,,0.0,85,,,,NORM,0,70
2,Giza,2019-04-27,15000,A,NORM,Normal,0,2026-04-17,Cashback Card,8846.48,5866.46,F,1980-09-12,Secondary,100069,,0.0,85,,,,NORM,0,70
2,Giza,2019-04-27,15000,A,NORM,Normal,0,2026-04-30,Business Credit Card,136.57,14575.8,F,1980-09-12,Secondary,100069,,0.0,85,,,,NORM,0,70
9,Ismailia,2022-04-21,20000,A,NORM,Normal,0,2026-04-29,Classic Credit Card,12135.09,7590.16,F,1966-06-27,Primary,100070,,0.0,49,,,,NORM,0,71
1,Cairo Main,2021-05-07,200000,A,NORM,Normal,0,2026-04-16,Platinum Credit Card,161192.18,38552.18,F,1972-09-08,Primary,100071,,0.0,60,,,,NORM,0,72
1,Cairo Main,2021-05-07,200000,A,NORM,Normal,0,2026-04-27,World Elite Card,78509.16,121066.08,F,1972-09-08,Primary,100071,,0.0,60,,,,NORM,0,72
1,Cairo Main,2021-05-07,200000,A,NORM,Normal,0,2026-04-18,Travel Rewards Card,53125.27,146673.1,F,1972-09-08,Primary,100071,,0.0,60,,,,NORM,0,72
8,Zagazig,2020-02-12,20000,A,NORM,Normal,0,2026-05-01,Gold Credit Card,3326.35,16422.54,F,1974-06-08,Primary,100072,,0.0,75,,,,NORM,0,73
3,Alexandria,2018-06-01,15000,A,30DD,30 Days Delinquent,30,2026-04-21,Gold Credit Card,7475.62,7304.24,F,1982-03-21,Primary,100073,,8144.74,96,,,,30DD,0,74
3,Alexandria,2018-06-01,15000,A,NORM,Normal,0,2026-04-25,Business Credit Card,321.66,14181.21,F,1982-03-21,Primary,100073,,0.0,96,,,,NORM,0,74
3,Alexandria,2018-06-01,15000,A,NORM,Normal,0,2026-04-17,World Elite Card,9947.47,5008.61,F,1982-03-21,Primary,100073,,0.0,96,,,,NORM,0,74
3,Alexandria,2023-04-08,30000,A,NORM,Normal,0,2026-04-26,Gold Credit Card,-916.75,29074.37,F,1963-05-10,Secondary,100074,,0.0,37,,,,NORM,0,75
1,Cairo Main,2018-10-08,20000,A,NORM,Normal,0,2026-04-28,Classic Credit Card,6520.01,13010.89,F,1987-09-12,Primary,100075,,0.0,92,,,,NORM,0,76
1,Cairo Main,2018-10-08,20000,A,NORM,Normal,0,2026-04-26,Cashback Card,6822.95,13014.02,F,1987-09-12,Primary,100075,,0.0,92,,,,NORM,0,76
1,Cairo Main,2018-10-08,20000,A,NORM,Normal,0,2026-04-24,World Elite Card,11873.91,7939.24,F,1987-09-12,Primary,100075,,0.0,92,,,,NORM,0,76
1,Cairo Main,2018-08-18,30000,A,NORM,Normal,0,2026-04-29,Classic Credit Card,22083.66,7857.26,F,1974-07-20,Primary,100076,,0.0,93,,,,NORM,0,77
3,Alexandria,2024-11-01,75000,A,NORM,Normal,0,2026-05-01,Titanium Credit Card,-1628.33,73251.02,F,1963-07-17,Primary,100077,,0.0,18,,,,NORM,0,78
1,Cairo Main,2023-03-21,30000,A,NEW,New,0,2026-04-23,Gold Credit Card,15715.45,14132.62,F,1996-02-04,Primary,100078,,0.0,37,,,,NEW,0,79
8,Zagazig,2021-05-22,20000,A,NORM,Normal,0,2026-04-24,Classic Credit Card,14913.61,5053.93,F,1997-12-01,Secondary,100079,,0.0,60,,,,NORM,0,80
8,Zagazig,2021-05-22,20000,A,NEW,New,0,2026-04-29,Cashback Card,8384.79,11332.89,F,1997-12-01,Secondary,100079,,0.0,60,,,,NEW,0,80
7,Luxor,2018-02-03,200000,A,NORM,Normal,0,2026-04-18,Platinum Credit Card,71143.15,128435.93,M,1972-04-24,Primary,100080,,0.0,100,,,,NORM,0,81
7,Luxor,2018-02-03,200000,A,NORM,Normal,0,2026-04-22,Gold Credit Card,68776.68,130762.23,M,1972-04-24,Primary,100080,,0.0,100,,,,NORM,0,81
7,Luxor,2018-02-03,200000,A,NORM,Normal,0,2026-04-28,Titanium Credit Card,168260.77,31525.91,M,1972-04-24,Primary,100080,,0.0,100,,,,NORM,0,81
1,Cairo Main,2022-12-11,5000,A,NORM,Normal,0,2026-04-18,Classic Credit Card,298.59,4396.75,F,1973-11-09,Primary,100081,,0.0,41,,,,NORM,0,82
3,Alexandria,2024-01-19,50000,A,NORM,Normal,0,2026-04-20,Titanium Credit Card,24248.8,25736.3,F,1995-04-13,Secondary,100082,,0.0,27,,,,NORM,0,83
2,Giza,2018-11-05,15000,A,NORM,Normal,0,2026-04-21,Cashback Card,9183.88,5688.65,F,1981-01-03,Primary,100083,,0.0,91,,,,NORM,0,84
2,Giza,2018-11-05,15000,A,NORM,Normal,0,2026-04-20,Travel Rewards Card,14225.83,757.43,F,1981-01-03,Primary,100083,,0.0,91,,,,NORM,0,84
5,Tanta,2019-05-22,100000,A,NORM,Normal,0,2026-04-18,Platinum Credit Card,80808.9,19144.92,M,1984-01-26,Primary,100084,,0.0,84,,,,NORM,0,85
10,Suez,2024-04-18,50000,A,NORM,Normal,0,2026-04-23,Platinum Credit Card,11281.07,38567.06,F,1999-08-31,Primary,100085,,0.0,24,,,,NORM,0,86
5,Tanta,2019-04-21,10000,A,NORM,Normal,0,2026-04-25,Classic Credit Card,1840.05,7677.32,F,1982-02-05,Primary,100086,,0.0,85,,,,NORM,0,87
5,Tanta,2019-04-21,10000,A,NORM,Normal,0,2026-04-19,Cashback Card,5290.38,4690.67,F,1982-02-05,Primary,100086,,0.0,85,,,,NORM,0,87
2,Giza,2023-06-28,200000,A,NORM,Normal,0,2026-04-16,Platinum Credit Card,110780.32,89152.73,F,1997-05-25,Secondary,100087,,0.0,34,,,,NORM,0,88
2,Giza,2023-06-28,200000,A,NORM,Normal,0,2026-04-18,Titanium Credit Card,91615.8,108095.57,F,1997-05-25,Secondary,100087,,0.0,34,,,,NORM,0,88
2,Giza,2023-06-28,200000,A,NORM,Normal,0,2026-04-23,Travel Rewards Card,118331.34,81488.45,F,1997-05-25,Secondary,100087,,0.0,34,,,,NORM,0,88
6,Assiut,2022-01-09,5000,A,NORM,Normal,0,2026-04-21,Classic Credit Card,-20.13,4718.58,M,1984-06-03,Primary,100088,,0.0,52,,,,NORM,0,89
1,Cairo Main,2021-09-28,20000,A,NORM,Normal,0,2026-04-28,Classic Credit Card,6513.4,13348.37,M,1995-04-17,Secondary,100089,,0.0,55,,,,NORM,0,90
1,Cairo Main,2021-09-28,20000,A,NORM,Normal,0,2026-04-26,Cashback Card,16751.2,2757.46,M,1995-04-17,Secondary,100089,,0.0,55,,,,NORM,0,90
3,Alexandria,2024-09-07,5000,A,NORM,Normal,0,2026-04-24,Classic Credit Card,1398.48,3349.4,M,1995-05-18,Primary,100090,,0.0,20,,,,NORM,0,91
3,Alexandria,2024-09-07,5000,A,NORM,Normal,0,2026-04-24,Cashback Card,375.88,4464.23,M,1995-05-18,Primary,100090,,0.0,20,,,,NORM,0,91
1,Cairo Main,2020-09-01,200000,A,NORM,Normal,0,2026-04-16,Platinum Credit Card,126720.52,73231.48,F,1976-01-26,Primary,100091,,0.0,68,,,,NORM,0,92
8,Zagazig,2022-01-22,150000,A,NEW,New,0,2026-04-25,World Elite Card,36328.62,113452.79,F,1994-11-25,Primary,100092,,0.0,52,,,,NEW,0,93
8,Zagazig,2022-07-04,75000,A,NORM,Normal,0,2026-04-21,Titanium Credit Card,-6530.13,68115.14,F,1998-01-03,Primary,100093,,0.0,46,,,,NORM,0,94
5,Tanta,2024-07-25,150000,A,NORM,Normal,0,2026-04-22,Platinum Credit Card,125687.33,23921.71,F,1988-01-02,Primary,100094,,0.0,21,,,,NORM,0,95
4,Mansoura,2023-01-24,20000,A,NORM,Normal,0,2026-04-20,Gold Credit Card,9362.13,10378.17,M,1979-04-17,Primary,100095,,0.0,39,,,,NORM,0,96
6,Assiut,2023-04-27,10000,A,NORM,Normal,0,2026-04-18,Classic Credit Card,5053.67,4512.68,M,1966-11-05,Primary,100096,,0.0,36,,,,NORM,0,97
6,Assiut,2023-04-27,10000,A,NORM,Normal,0,2026-04-25,Cashback Card,5717.84,3847.69,M,1966-11-05,Primary,100096,,0.0,36,,,,NORM,0,97
6,Assiut,2019-05-16,75000,A,NORM,Normal,0,2026-04-18,Titanium Credit Card,21416.23,53314.52,F,1990-01-20,Primary,100097,,0.0,84,,,,NORM,0,98
6,Assiut,2019-05-16,75000,A,NORM,Normal,0,2026-04-20,Business Credit Card,48155.22,26803.43,F,1990-01-20,Primary,100097,,0.0,84,,,,NORM,0,98
4,Mansoura,2023-05-30,20000,A,NORM,Normal,0,2026-05-01,Cashback Card,5771.94,13803.0,F,1966-12-10,Primary,100098,,0.0,35,,,,NORM,0,99
10,Suez,2024-03-30,5000,A,NORM,Normal,0,2026-04-17,Platinum Credit Card,1078.89,3873.38,F,1987-07-10,Secondary,100099,,0.0,25,,,,NORM,0,100
10,Suez,2024-03-30,5000,A,NORM,Normal,0,2026-04-18,Cashback Card,1493.58,3157.44,F,1987-07-10,Secondary,100099,,0.0,25,,,,NORM,0,100
10,Suez,2024-03-30,5000,A,NORM,Normal,0,2026-04-16,Classic Credit Card,740.94,4039.27,F,1987-07-10,Secondary,100099,,0.0,25,,,,NORM,0,100
3,Alexandria,2019-08-10,200000,A,NORM,Normal,0,2026-04-26,World Elite Card,149845.67,49668.78,M,1999-01-07,Primary,100100,,0.0,81,,,,NORM,0,101
3,Alexandria,2021-06-30,50000,A,NORM,Normal,0,2026-04-24,Platinum Credit Card,33776.66,16185.71,M,1976-08-06,Primary,100101,,0.0,58,,,,NORM,0,102
7,Luxor,2024-10-22,100000,A,NORM,Normal,0,2026-04-20,World Elite Card,30986.35,68599.83,M,1981-10-14,Primary,100102,,0.0,18,,,,NORM,0,103
9,Ismailia,2021-06-17,5000,A,NORM,Normal,0,2026-04-21,Cashback Card,2055.28,2564.89,M,1989-12-04,Primary,100103,,0.0,59,,,,NORM,0,104
5,Tanta,2021-09-05,10000,A,NORM,Normal,0,2026-04-25,Gold Credit Card,8731.0,1191.66,F,1972-12-25,Primary,100104,,0.0,56,,,,NORM,0,105
9,Ismailia,2021-12-21,10000,A,NORM,Normal,0,2026-04-19,Classic Credit Card,7726.77,1934.93,F,1997-05-19,Primary,100105,,0.0,53,,,,NORM,0,106
9,Ismailia,2021-12-21,10000,A,NORM,Normal,0,2026-04-30,Cashback Card,3699.46,6021.04,F,1997-05-19,Primary,100105,,0.0,53,,,,NORM,0,106
7,Luxor,2019-04-17,75000,A,NORM,Normal,0,2026-04-21,Platinum Credit Card,39168.93,35504.97,F,1972-12-26,Secondary,100106,,0.0,85,,,,NORM,0,107
7,Luxor,2019-04-17,75000,A,30DD,30 Days Delinquent,30,2026-04-29,Cashback Card,44319.33,30416.03,F,1972-12-26,Secondary,100106,,23582.13,85,,,,30DD,0,107
7,Luxor,2019-04-17,75000,A,60DA,60 Days Delinquent,60,2026-04-20,World Elite Card,33158.36,41476.32,F,1972-12-26,Secondary,100106,,1154.58,85,,,,60DA,0,107
10,Suez,2023-11-17,10000,A,NORM,Normal,0,2026-05-01,Platinum Credit Card,111.01,9860.37,M,1977-12-17,Primary,100107,,0.0,29,,,,NORM,0,108
10,Suez,2023-11-17,10000,A,NORM,Normal,0,2026-04-21,Cashback Card,5839.08,3835.67,M,1977-12-17,Primary,100107,,0.0,29,,,,NORM,0,108
9,Ismailia,2021-12-02,50000,A,NORM,Normal,0,2026-04-26,Platinum Credit Card,15124.27,34725.69,M,1968-09-11,Primary,100108,,0.0,53,,,,NORM,0,109
8,Zagazig,2024-04-28,200000,A,NORM,Normal,0,2026-04-19,Platinum Credit Card,102311.18,97292.02,F,1980-10-23,Primary,100109,,0.0,24,,,,NORM,0,110
5,Tanta,2018-08-19,50000,A,NORM,Normal,0,2026-04-26,Titanium Credit Card,-182.49,49369.58,M,1986-07-12,Primary,100110,,0.0,93,,,,NORM,0,111
2,Giza,2024-08-30,150000,A,NORM,Normal,0,2026-05-01,World Elite Card,48040.0,101837.76,M,1987-08-03,Primary,100111,,0.0,20,,,,NORM,0,112
3,Alexandria,2023-01-20,10000,A,NORM,Normal,0,2026-04-23,Classic Credit Card,4862.69,4884.52,F,1962-10-10,Secondary,100112,,0.0,39,,,,NORM,0,113
3,Alexandria,2023-01-20,10000,A,NORM,Normal,0,2026-04-16,Cashback Card,410.47,9533.07,F,1962-10-10,Secondary,100112,,0.0,39,,,,NORM,0,113
3,Alexandria,2023-01-20,10000,A,NORM,Normal,0,2026-04-29,Platinum Credit Card,1230.35,8490.12,F,1962-10-10,Secondary,100112,,0.0,39,,,,NORM,0,113
10,Suez,2022-01-30,50000,A,NORM,Normal,0,2026-04-22,Titanium Credit Card,43417.34,6555.25,M,1967-02-13,Primary,100113,,0.0,51,,,,NORM,0,114
5,Tanta,2024-10-04,15000,A,NORM,Normal,0,2026-04-19,Cashback Card,7812.55,6952.96,F,1971-04-21,Secondary,100114,,0.0,19,,,,NORM,0,115
10,Suez,2018-12-14,30000,A,NORM,Normal,0,2026-04-29,Gold Credit Card,2562.16,27160.18,M,1991-10-18,Primary,100115,,0.0,89,,,,NORM,0,116
6,Assiut,2022-01-25,30000,A,NORM,Normal,0,2026-04-24,Gold Credit Card,11884.51,17884.16,M,1960-10-25,Primary,100116,,0.0,51,,,,NORM,0,117
6,Assiut,2022-01-25,30000,A,NORM,Normal,0,2026-05-01,World Elite Card,9173.06,20517.38,M,1960-10-25,Primary,100116,,0.0,51,,,,NORM,0,117
6,Assiut,2022-01-25,30000,A,NORM,Normal,0,2026-04-17,Platinum Credit Card,3694.11,26239.42,M,1960-10-25,Primary,100116,,0.0,51,,,,NORM,0,117
9,Ismailia,2023-11-27,5000,A,NORM,Normal,0,2026-04-21,Gold Credit Card,433.1,4444.65,M,1997-06-17,Primary,100117,,0.0,29,,,,NORM,0,118
9,Ismailia,2023-11-27,5000,A,NORM,Normal,0,2026-05-01,Cashback Card,4082.66,650.81,M,1997-06-17,Primary,100117,,0.0,29,,,,NORM,0,118
8,Zagazig,2022-08-10,50000,A,NORM,Normal,0,2026-04-26,Titanium Credit Card,8739.91,41069.56,M,1961-12-16,Primary,100118,,0.0,45,,,,NORM,0,119
8,Zagazig,2022-08-10,50000,A,NORM,Normal,0,2026-04-28,Business Credit Card,41630.12,8318.42,M,1961-12-16,Primary,100118,,0.0,45,,,,NORM,0,119
8,Zagazig,2022-08-10,50000,A,NORM,Normal,0,2026-04-26,Travel Rewards Card,42190.64,7774.64,M,1961-12-16,Primary,100118,,0.0,45,,,,NORM,0,119
6,Assiut,2024-05-25,100000,A,NORM,Normal,0,2026-05-01,Platinum Credit Card,31680.52,68000.86,M,1990-06-05,Secondary,100119,,0.0,23,,,,NORM,0,120
6,Assiut,2024-05-25,100000,A,NORM,Normal,0,2026-04-29,Travel Rewards Card,90273.94,9637.75,M,1990-06-05,Secondary,100119,,0.0,23,,,,NORM,0,120
1,Cairo Main,2023-05-23,50000,A,NORM,Normal,0,2026-04-19,Platinum Credit Card,-1075.66,48466.4,M,1988-10-05,Secondary,100120,,0.0,35,,,,NORM,0,121
1,Cairo Main,2023-05-23,50000,A,NORM,Normal,0,2026-04-16,Gold Credit Card,37837.95,12144.12,M,1988-10-05,Secondary,100120,,0.0,35,,,,NORM,0,121
1,Cairo Main,2023-05-23,50000,A,NORM,Normal,0,2026-05-01,Travel Rewards Card,9822.75,40152.97,M,1988-10-05,Secondary,100120,,0.0,35,,,,NORM,0,121
8,Zagazig,2021-12-02,5000,A,NORM,Normal,0,2026-04-24,Cashback Card,574.66,4082.74,F,1999-09-06,Secondary,100121,,0.0,53,,,,NORM,0,122
1,Cairo Main,2019-02-10,50000,A,NORM,Normal,0,2026-04-21,Titanium Credit Card,881.84,48917.04,F,1974-04-18,Primary,100122,,0.0,87,,,,NORM,0,123
1,Cairo Main,2020-06-02,15000,A,NORM,Normal,0,2026-04-16,Cashback Card,11778.56,2933.34,M,1971-06-25,Primary,100123,,0.0,71,,,,NORM,0,124
1,Cairo Main,2020-06-02,15000,A,NEW,New,0,2026-04-28,World Elite Card,4220.18,10742.51,M,1971-06-25,Primary,100123,,0.0,71,,,,NEW,0,124
1,Cairo Main,2020-06-02,15000,A,NORM,Normal,0,2026-04-27,Titanium Credit Card,-1038.24,13763.86,M,1971-06-25,Primary,100123,,0.0,71,,,,NORM,0,124
7,Luxor,2024-12-26,100000,A,NORM,Normal,0,2026-04-18,Platinum Credit Card,22486.94,77194.2,M,1988-08-29,Primary,100124,,0.0,16,,,,NORM,0,125
1,Cairo Main,2021-12-16,20000,A,NORM,Normal,0,2026-04-20,Cashback Card,9832.76,10056.09,F,1987-07-31,Primary,100125,,0.0,53,,,,NORM,0,126
9,Ismailia,2023-09-11,150000,A,NORM,Normal,0,2026-05-01,Platinum Credit Card,80289.37,69416.61,F,1995-04-11,Primary,100126,,0.0,32,,,,NORM,0,127
2,Giza,2020-09-14,10000,A,NORM,Normal,0,2026-04-30,Gold Credit Card,70.7,9858.49,F,1975-06-20,Secondary,100127,,0.0,68,,,,NORM,0,128
2,Giza,2020-09-14,10000,A,NORM,Normal,0,2026-05-01,Cashback Card,4454.91,5220.9,F,1975-06-20,Secondary,100127,,0.0,68,,,,NORM,0,128
8,Zagazig,2020-01-17,15000,A,NORM,Normal,0,2026-04-20,Gold Credit Card,2046.1,12826.06,M,1988-05-03,Secondary,100128,,0.0,76,,,,NORM,0,129
8,Zagazig,2020-01-17,15000,A,NORM,Normal,0,2026-04-26,Cashback Card,9817.32,5037.45,M,1988-05-03,Secondary,100128,,0.0,76,,,,NORM,0,129
9,Ismailia,2024-02-03,100000,A,NORM,Normal,0,2026-04-26,World Elite Card,70091.59,29450.98,M,1977-11-11,Secondary,100129,,0.0,27,,,,NORM,0,130
2,Giza,2022-02-16,75000,A,NORM,Normal,0,2026-05-01,Platinum Credit Card,19909.5,54790.48,F,1995-11-09,Primary,100130,,0.0,51,,,,NORM,0,131
2,Giza,2022-02-16,75000,A,NORM,Normal,0,2026-04-17,Titanium Credit Card,39264.5,35309.68,F,1995-11-09,Primary,100130,,0.0,51,,,,NORM,0,131
2,Giza,2022-10-05,10000,A,NORM,Normal,0,2026-04-17,Classic Credit Card,9322.81,388.01,M,1992-08-12,Primary,100131,,0.0,43,,,,NORM,0,132
8,Zagazig,2022-10-12,15000,A,NORM,Normal,0,2026-04-26,Classic Credit Card,-1170.85,13628.53,F,1987-01-12,Primary,100132,,0.0,43,,,,NORM,0,133
7,Luxor,2023-10-03,15000,A,NORM,Normal,0,2026-04-18,Cashback Card,12792.76,1893.59,M,1976-04-18,Primary,100133,,0.0,31,,,,NORM,0,134
7,Luxor,2018-05-13,200000,A,NORM,Normal,0,2026-04-16,Platinum Credit Card,136129.21,63552.56,M,1985-06-11,Primary,100134,,0.0,97,,,,NORM,0,135
7,Luxor,2021-02-15,20000,A,NORM,Normal,0,2026-04-16,Classic Credit Card,985.84,19012.41,F,1974-02-06,Secondary,100135,,0.0,63,,,,NORM,0,136
5,Tanta,2023-01-02,20000,A,NORM,Normal,0,2026-04-16,Gold Credit Card,2774.74,16833.76,M,1991-07-31,Secondary,100136,,0.0,40,,,,NORM,0,137
8,Zagazig,2021-08-02,50000,A,NORM,Normal,0,2026-04-16,Titanium Credit Card,8257.37,41350.03,M,1963-12-09,Primary,100137,,0.0,57,,,,NORM,0,138
2,Giza,2019-07-23,20000,A,NEW,New,0,2026-04-22,Business Credit Card,17647.74,1883.43,M,1969-01-05,Primary,100138,,0.0,82,,,,NEW,0,139
5,Tanta,2023-05-15,150000,A,NORM,Normal,0,2026-05-01,World Elite Card,-12586.22,137133.81,F,1977-11-10,Primary,100139,,0.0,36,,,,NORM,0,140
5,Tanta,2023-05-15,150000,A,NORM,Normal,0,2026-04-23,Travel Rewards Card,40139.48,109625.28,F,1977-11-10,Primary,100139,,0.0,36,,,,NORM,0,140
3,Alexandria,2024-03-08,200000,A,NORM,Normal,0,2026-04-30,World Elite Card,9189.6,190683.3,M,1999-05-20,Primary,100140,,0.0,26,,,,NORM,0,141
3,Alexandria,2024-03-08,200000,A,NORM,Normal,0,2026-04-28,Travel Rewards Card,98753.49,100776.3,M,1999-05-20,Primary,100140,,0.0,26,,,,NORM,0,141
4,Mansoura,2023-10-27,30000,A,NORM,Normal,0,2026-05-01,Cashback Card,6359.52,23619.88,F,1975-07-10,Primary,100141,,0.0,30,,,,NORM,0,142
3,Alexandria,2024-07-06,15000,A,NORM,Normal,0,2026-04-26,Cashback Card,-566.83,14219.22,M,1986-07-19,Secondary,100142,,0.0,22,,,,NORM,0,143
1,Cairo Main,2024-06-20,30000,A,NEW,New,0,2026-04-29,Gold Credit Card,3367.85,26302.94,F,1988-10-09,Primary,100143,,0.0,22,,,,NEW,0,144
1,Cairo Main,2024-06-20,30000,A,NORM,Normal,0,2026-04-29,Cashback Card,2881.35,27104.57,F,1988-10-09,Primary,100143,,0.0,22,,,,NORM,0,144
4,Mansoura,2022-07-22,30000,A,NORM,Normal,0,2026-04-30,Classic Credit Card,-2005.22,27800.6,F,1996-02-05,Primary,100144,,0.0,45,,,,NORM,0,145
10,Suez,2021-07-04,50000,A,NORM,Normal,0,2026-04-25,Platinum Credit Card,24109.54,25613.61,M,1966-06-11,Primary,100145,,0.0,58,,,,NORM,0,146
10,Suez,2021-07-04,50000,A,NORM,Normal,0,2026-04-26,Cashback Card,34001.98,15688.8,M,1966-06-11,Primary,100145,,0.0,58,,,,NORM,0,146
10,Suez,2021-07-04,50000,A,NORM,Normal,0,2026-04-30,Travel Rewards Card,29700.35,20122.68,M,1966-06-11,Primary,100145,,0.0,58,,,,NORM,0,146
4,Mansoura,2019-02-01,5000,A,30DD,30 Days Delinquent,30,2026-04-19,Gold Credit Card,995.68,3865.43,F,1966-04-27,Primary,100146,,1521.98,88,,,,30DD,0,147
4,Mansoura,2019-02-01,5000,A,NORM,Normal,0,2026-04-23,Cashback Card,1366.91,3548.3,F,1966-04-27,Primary,100146,,0.0,88,,,,NORM,0,147
4,Mansoura,2019-02-01,5000,A,NORM,Normal,0,2026-04-24,Titanium Credit Card,3072.63,1602.98,F,1966-04-27,Primary,100146,,0.0,88,,,,NORM,0,147
9,Ismailia,2023-08-05,30000,A,NORM,Normal,0,2026-05-01,Business Credit Card,15068.17,14649.44,F,1980-12-09,Secondary,100147,,0.0,33,,,,NORM,0,148
6,Assiut,2018-07-27,30000,A,NORM,Normal,0,2026-04-20,Business Credit Card,2374.9,27409.14,M,1962-03-08,Secondary,100148,,0.0,94,,,,NORM,0,149
5,Tanta,2022-02-07,75000,A,NORM,Normal,0,2026-04-21,Platinum Credit Card,931.64,73949.15,F,1992-08-19,Primary,100149,,0.0,51,,,,NORM,0,150
9,Ismailia,2024-12-27,200000,A,NORM,Normal,0,2026-04-18,World Elite Card,31684.13,167846.45,F,1972-07-18,Primary,100150,,0.0,16,,,,NORM,0,151
4,Mansoura,2023-09-17,75000,A,NORM,Normal,0,2026-04-30,Platinum Credit Card,34766.9,39750.84,F,1987-01-09,Primary,100151,,0.0,31,,,,NORM,0,152
9,Ismailia,2021-09-05,200000,A,NORM,Normal,0,2026-04-30,Platinum Credit Card,159812.44,39782.9,F,1966-04-09,Primary,100152,,0.0,56,,,,NORM,0,153
1,Cairo Main,2021-09-18,10000,A,NORM,Normal,0,2026-04-24,Cashback Card,-841.31,8942.16,F,1976-07-10,Primary,100153,,0.0,56,,,,NORM,0,154
4,Mansoura,2018-07-30,200000,A,NORM,Normal,0,2026-04-16,Business Credit Card,169264.0,30591.25,M,1992-05-11,Primary,100154,,0.0,94,,,,NORM,0,155
1,Cairo Main,2021-07-08,75000,A,NORM,Normal,0,2026-04-28,Platinum Credit Card,3707.73,70947.95,F,1979-10-13,Secondary,100155,,0.0,58,,,,NORM,0,156
9,Ismailia,2024-04-16,50000,A,NORM,Normal,0,2026-04-20,Business Credit Card,39341.42,10218.0,F,1969-04-20,Secondary,100156,,0.0,24,,,,NORM,0,157
6,Assiut,2020-12-18,200000,A,NORM,Normal,0,2026-05-01,Business Credit Card,171372.68,28474.05,F,1990-04-26,Primary,100157,,0.0,65,,,,NORM,0,158
4,Mansoura,2023-06-26,50000,A,NORM,Normal,0,2026-04-17,Business Credit Card,46887.55,3054.27,M,1990-12-17,Primary,100158,,0.0,34,,,,NORM,0,159
7,Luxor,2021-11-14,15000,A,NORM,Normal,0,2026-04-21,Cashback Card,7198.8,7648.61,F,1996-09-16,Primary,100159,,0.0,54,,,,NORM,0,160
4,Mansoura,2024-01-16,30000,A,NORM,Normal,0,2026-04-26,Classic Credit Card,12603.18,17092.68,M,1997-02-20,Primary,100160,,0.0,27,,,,NORM,0,161
4,Mansoura,2019-02-15,75000,A,NORM,Normal,0,2026-04-23,Platinum Credit Card,24703.81,50214.16,M,1962-05-10,Primary,100161,,0.0,87,,,,NORM,0,162
4,Mansoura,2019-02-15,75000,A,NORM,Normal,0,2026-04-30,Travel Rewards Card,-4122.39,70539.42,M,1962-05-10,Primary,100161,,0.0,87,,,,NORM,0,162
4,Mansoura,2021-03-22,50000,A,NORM,Normal,0,2026-04-23,Platinum Credit Card,11860.1,37737.02,M,1993-11-27,Secondary,100162,,0.0,62,,,,NORM,0,163
3,Alexandria,2022-06-15,100000,A,NORM,Normal,0,2026-04-24,Platinum Credit Card,10075.29,89478.32,F,1961-08-18,Primary,100163,,0.0,47,,,,NORM,0,164
3,Alexandria,2022-06-15,100000,A,NORM,Normal,0,2026-04-18,World Elite Card,43236.57,56571.1,F,1961-08-18,Primary,100163,,0.0,47,,,,NORM,0,164
3,Alexandria,2022-06-15,100000,A,NORM,Normal,0,2026-05-01,Classic Credit Card,65702.58,34254.05,F,1961-08-18,Primary,100163,,0.0,47,,,,NORM,0,164
8,Zagazig,2019-07-04,150000,A,NORM,Normal,0,2026-04-25,World Elite Card,121347.44,28438.68,F,1999-11-21,Primary,100164,,0.0,83,,,,NORM,0,165
6,Assiut,2021-04-23,200000,A,NORM,Normal,0,2026-04-25,Platinum Credit Card,-5849.67,193665.34,F,1995-06-21,Primary,100165,,0.0,61,,,,NORM,0,166
3,Alexandria,2021-08-18,20000,A,NORM,Normal,0,2026-04-27,Classic Credit Card,16049.24,3709.99,F,1981-06-01,Primary,100166,,0.0,57,,,,NORM,0,167
5,Tanta,2022-01-12,20000,A,NORM,Normal,0,2026-04-26,Gold Credit Card,13549.38,6307.14,F,1989-04-27,Primary,100167,,0.0,52,,,,NORM,0,168
5,Tanta,2024-11-22,20000,A,NORM,Normal,0,2026-04-20,Gold Credit Card,7686.53,12072.73,F,1976-06-26,Primary,100168,,0.0,17,,,,NORM,0,169
5,Tanta,2024-11-22,20000,A,NORM,Normal,0,2026-04-22,Cashback Card,18247.59,1286.54,F,1976-06-26,Primary,100168,,0.0,17,,,,NORM,0,169
5,Tanta,2024-11-22,20000,A,30DD,30 Days Delinquent,30,2026-04-26,Business Credit Card,2073.88,17600.17,F,1976-06-26,Primary,100168,,9452.06,17,,,,30DD,0,169
10,Suez,2018-12-02,150000,A,NORM,Normal,0,2026-04-23,Platinum Credit Card,85341.37,64649.21,M,1999-03-02,Primary,100169,,0.0,90,,,,NORM,0,170
4,Mansoura,2024-01-08,15000,A,NORM,Normal,0,2026-04-28,Cashback Card,462.06,14264.44,M,1985-09-09,Primary,100170,,0.0,28,,,,NORM,0,171
9,Ismailia,2018-08-16,100000,A,NEW,New,0,2026-04-23,Platinum Credit Card,-8973.77,90761.47,F,1979-12-25,Primary,100171,,0.0,93,,,,NEW,0,172
7,Luxor,2018-01-13,20000,A,NORM,Normal,0,2026-04-22,Gold Credit Card,11037.24,8587.23,M,1971-06-01,Secondary,100172,,0.0,101,,,,NORM,0,173
1,Cairo Main,2022-08-02,15000,A,NORM,Normal,0,2026-04-17,Cashback Card,1407.19,13329.38,F,1972-11-16,Primary,100173,,0.0,45,,,,NORM,0,174
1,Cairo Main,2022-08-02,15000,A,NORM,Normal,0,2026-04-18,Travel Rewards Card,-964.75,13565.58,F,1972-11-16,Primary,100173,,0.0,45,,,,NORM,0,174
2,Giza,2024-01-18,15000,A,NORM,Normal,0,2026-04-17,Cashback Card,7382.6,7272.63,M,1990-08-16,Primary,100174,,0.0,27,,,,NORM,0,175
1,Cairo Main,2023-03-12,150000,A,NORM,Normal,0,2026-04-22,World Elite Card,77841.9,72057.39,F,1973-05-20,Primary,100175,,0.0,38,,,,NORM,0,176
1,Cairo Main,2022-12-03,20000,A,NORM,Normal,0,2026-04-24,Classic Credit Card,-1931.01,17619.94,F,1978-01-16,Primary,100177,,0.0,41,,,,NORM,0,178
10,Suez,2021-08-06,20000,A,NORM,Normal,0,2026-04-26,Cashback Card,-300.94,19555.95,F,1986-10-27,Primary,100178,,0.0,57,,,,NORM,0,179
10,Suez,2021-08-06,20000,A,NORM,Normal,0,2026-04-24,World Elite Card,12499.19,7297.25,F,1986-10-27,Primary,100178,,0.0,57,,,,NORM,0,179
3,Alexandria,2022-10-16,150000,A,NORM,Normal,0,2026-04-28,Business Credit Card,5710.18,143940.49,F,1988-01-30,Primary,100179,,0.0,43,,,,NORM,0,180
5,Tanta,2020-01-24,150000,A,NORM,Normal,0,2026-04-24,Business Credit Card,126446.51,23223.91,M,1976-11-19,Secondary,100180,,0.0,76,,,,NORM,0,181
7,Luxor,2024-04-01,150000,A,NORM,Normal,0,2026-04-24,Platinum Credit Card,16515.37,133241.29,M,1978-09-07,Secondary,100181,,0.0,25,,,,NORM,0,182
9,Ismailia,2020-02-20,5000,A,NORM,Normal,0,2026-05-01,Cashback Card,4297.82,465.4,M,1992-07-02,Secondary,100182,,0.0,75,,,,NORM,0,183
4,Mansoura,2020-05-05,50000,A,NORM,Normal,0,2026-04-23,Platinum Credit Card,26387.01,23605.8,M,1981-07-03,Primary,100183,,0.0,72,,,,NORM,0,184
4,Mansoura,2020-05-05,50000,A,NORM,Normal,0,2026-04-16,Gold Credit Card,12771.42,37213.44,M,1981-07-03,Primary,100183,,0.0,72,,,,NORM,0,184
4,Mansoura,2020-05-05,50000,A,NORM,Normal,0,2026-04-21,Travel Rewards Card,21813.25,28065.08,M,1981-07-03,Primary,100183,,0.0,72,,,,NORM,0,184
4,Mansoura,2021-08-10,30000,A,NORM,Normal,0,2026-04-27,Cashback Card,26665.68,2836.55,F,1984-10-06,Primary,100184,,0.0,57,,,,NORM,0,185
2,Giza,2023-04-08,50000,A,NORM,Normal,0,2026-04-18,Titanium Credit Card,36325.23,13351.65,M,1996-01-05,Primary,100185,,0.0,37,,,,NORM,0,186
9,Ismailia,2024-06-30,75000,A,NORM,Normal,0,2026-04-27,Titanium Credit Card,17440.26,57145.97,M,1986-03-13,Primary,100186,,0.0,22,,,,NORM,0,187
8,Zagazig,2023-07-03,100000,A,60DA,60 Days Delinquent,60,2026-04-28,Platinum Credit Card,8305.13,91475.53,M,1992-06-15,Primary,100187,,38124.19,34,,,,60DA,0,188
8,Zagazig,2023-07-03,100000,A,NORM,Normal,0,2026-04-26,Travel Rewards Card,35340.58,64214.73,M,1992-06-15,Primary,100187,,0.0,34,,,,NORM,0,188
1,Cairo Main,2019-07-18,20000,A,NORM,Normal,0,2026-04-23,Classic Credit Card,12595.42,7155.43,M,1978-07-01,Primary,100188,,0.0,82,,,,NORM,0,189
1,Cairo Main,2019-07-18,20000,A,NORM,Normal,0,2026-05-01,Cashback Card,-222.3,19425.82,M,1978-07-01,Primary,100188,,0.0,82,,,,NORM,0,189
8,Zagazig,2018-01-28,150000,A,NORM,Normal,0,2026-04-25,World Elite Card,141222.17,8334.34,F,1960-09-14,Primary,100189,,0.0,100,,,,NORM,0,190
2,Giza,2023-11-18,15000,A,NORM,Normal,0,2026-04-25,Cashback Card,7138.86,7707.35,F,1964-04-27,Primary,100190,,0.0,29,,,,NORM,0,191
7,Luxor,2024-05-03,20000,A,NORM,Normal,0,2026-04-24,Classic Credit Card,18478.37,1308.77,F,1980-08-03,Primary,100191,,0.0,24,,,,NORM,0,192
1,Cairo Main,2018-02-08,15000,A,NORM,Normal,0,2026-04-25,Gold Credit Card,5620.61,8894.96,M,1988-07-24,Secondary,100192,,0.0,100,,,,NORM,0,193
4,Mansoura,2024-05-10,100000,A,NORM,Normal,0,2026-04-30,World Elite Card,24841.61,75125.26,M,1998-12-10,Primary,100193,,0.0,24,,,,NORM,0,194
4,Mansoura,2019-08-14,75000,A,NORM,Normal,0,2026-04-24,Platinum Credit Card,15477.48,59173.5,F,1986-05-01,Primary,100194,,0.0,81,,,,NORM,0,195
9,Ismailia,2021-11-17,5000,A,NORM,Normal,0,2026-04-20,Classic Credit Card,4390.32,487.84,F,1993-06-09,Secondary,100195,,0.0,54,,,,NORM,0,196
5,Tanta,2023-01-20,100000,A,NORM,Normal,0,2026-04-17,Platinum Credit Card,80366.48,19497.34,F,1995-02-23,Primary,100196,,0.0,39,,,,NORM,0,197
4,Mansoura,2018-10-29,10000,A,NORM,Normal,0,2026-04-21,Cashback Card,4508.1,5210.47,F,1991-12-27,Primary,100197,,0.0,91,,,,NORM,0,198
5,Tanta,2022-01-14,30000,A,NORM,Normal,0,2026-04-25,Classic Credit Card,13875.28,15784.15,F,1979-12-13,Primary,100198,,0.0,52,,,,NORM,0,199
9,Ismailia,2024-09-11,200000,A,NORM,Normal,0,2026-04-19,World Elite Card,163997.02,35550.99,M,1964-03-04,Primary,100199,,0.0,19,,,,NORM,0,200
9,Ismailia,2024-09-11,200000,A,NORM,Normal,0,2026-04-19,Travel Rewards Card,36065.58,163932.25,M,1964-03-04,Primary,100199,,0.0,19,,,,NORM,0,200
3,Alexandria,2021-01-06,30000,A,NORM,Normal,0,2026-04-21,Classic Credit Card,797.08,28963.23,F,1966-03-24,Primary,100200,,0.0,64,,,,NORM,0,201
6,Assiut,2020-10-07,100000,A,NORM,Normal,0,2026-05-01,Platinum Credit Card,47388.51,52575.68,F,1971-04-16,Primary,100201,,0.0,67,,,,NORM,0,202
10,Suez,2021-09-11,100000,A,NORM,Normal,0,2026-04-24,World Elite Card,33158.66,66459.31,M,1977-01-15,Primary,100202,,0.0,56,,,,NORM,0,203
6,Assiut,2023-07-05,200000,A,NORM,Normal,0,2026-04-23,Platinum Credit Card,152081.99,47439.55,M,1973-01-27,Secondary,100203,,0.0,34,,,,NORM,0,204
9,Ismailia,2024-03-03,5000,A,NORM,Normal,0,2026-04-19,Classic Credit Card,2707.47,1881.54,F,1968-01-26,Primary,100204,,0.0,26,,,,NORM,0,205
9,Ismailia,2024-03-03,5000,A,NORM,Normal,0,2026-04-17,Cashback Card,-420.31,4373.09,F,1968-01-26,Primary,100204,,0.0,26,,,,NORM,0,205
9,Ismailia,2024-03-03,5000,A,NORM,Normal,0,2026-04-25,Titanium Credit Card,2104.14,2533.17,F,1968-01-26,Primary,100204,,0.0,26,,,,NORM,0,205
5,Tanta,2019-09-24,75000,A,NORM,Normal,0,2026-04-20,Titanium Credit Card,41520.45,33463.41,F,1989-07-18,Primary,100205,,0.0,80,,,,NORM,0,206
10,Suez,2018-12-15,10000,A,NORM,Normal,0,2026-04-17,Gold Credit Card,8468.68,1498.34,M,1988-08-16,Primary,100206,,0.0,89,,,,NORM,0,207
7,Luxor,2018-02-13,10000,A,NORM,Normal,0,2026-04-29,Cashback Card,2163.45,7647.54,F,1964-10-01,Primary,100207,,0.0,99,,,,NORM,0,208
3,Alexandria,2018-04-11,100000,A,NORM,Normal,0,2026-04-21,World Elite Card,59962.15,39703.03,F,1975-06-22,Primary,100208,,0.0,98,,,,NORM,0,209
9,Ismailia,2021-11-27,100000,A,NORM,Normal,0,2026-04-22,Platinum Credit Card,25425.31,74417.42,F,1981-08-30,Primary,100209,,0.0,53,,,,NORM,0,210
6,Assiut,2019-03-24,15000,A,NORM,Normal,0,2026-04-28,Cashback Card,-1395.59,13590.07,F,1989-01-24,Secondary,100210,,0.0,86,,,,NORM,0,211
3,Alexandria,2022-11-06,75000,A,60DA,60 Days Delinquent,60,2026-04-19,Platinum Credit Card,45581.12,29385.46,M,1968-05-11,Primary,100211,,15757.83,42,,,,60DA,0,212
3,Alexandria,2022-11-06,75000,A,NORM,Normal,0,2026-04-17,Travel Rewards Card,5456.25,69397.81,M,1968-05-11,Primary,100211,,0.0,42,,,,NORM,0,212
2,Giza,2019-02-21,150000,A,NORM,Normal,0,2026-04-19,World Elite Card,-1672.07,148221.47,F,1985-11-24,Primary,100212,,0.0,87,,,,NORM,0,213
6,Assiut,2022-05-11,200000,A,60DA,60 Days Delinquent,60,2026-05-01,Platinum Credit Card,48909.55,150924.25,M,1986-10-11,Secondary,100213,,95154.35,48,,,,60DA,0,214
10,Suez,2019-07-03,50000,A,NORM,Normal,0,2026-04-24,Platinum Credit Card,35678.15,14231.52,M,1963-10-20,Primary,100214,,0.0,83,,,,NORM,0,215
3,Alexandria,2022-04-21,75000,A,NORM,Normal,0,2026-04-19,Platinum Credit Card,56513.6,18331.25,F,1985-10-13,Primary,100215,,0.0,49,,,,NORM,0,216
10,Suez,2022-01-10,5000,A,NORM,Normal,0,2026-04-28,Business Credit Card,3197.07,1375.46,F,1962-05-28,Primary,100216,,0.0,52,,,,NORM,0,217
8,Zagazig,2019-11-17,10000,A,NORM,Normal,0,2026-05-01,Classic Credit Card,4434.05,5547.85,F,1981-12-02,Primary,100217,,0.0,78,,,,NORM,0,218
8,Zagazig,2023-07-22,150000,A,90DA,90 Days Delinquent,90,2026-04-19,World Elite Card,132684.16,17052.62,F,1985-05-16,Primary,100218,,23779.04,33,,,,90DA,0,219
9,Ismailia,2022-10-08,10000,A,NORM,Normal,0,2026-04-26,Classic Credit Card,1531.9,8243.01,F,1969-10-20,Secondary,100219,,0.0,43,,,,NORM,0,220
2,Giza,2020-08-28,20000,A,NEW,New,0,2026-04-22,Cashback Card,2374.05,17614.94,M,1994-10-16,Primary,100220,,0.0,69,,,,NEW,0,221
10,Suez,2023-12-21,30000,A,30DD,30 Days Delinquent,30,2026-04-21,Gold Credit Card,18624.98,11332.64,F,1975-09-26,Secondary,100221,,3952.71,28,,,,30DD,0,222
3,Alexandria,2022-08-13,5000,A,NORM,Normal,0,2026-04-21,Classic Credit Card,2706.86,2277.86,F,1993-08-24,Secondary,100222,,0.0,45,,,,NORM,0,223
3,Alexandria,2022-08-13,5000,A,NORM,Normal,0,2026-04-30,Platinum Credit Card,3976.15,745.34,F,1993-08-24,Secondary,100222,,0.0,45,,,,NORM,0,223
3,Alexandria,2021-01-05,75000,A,NORM,Normal,0,2026-04-17,Platinum Credit Card,25503.93,49272.7,F,1985-11-25,Primary,100223,,0.0,64,,,,NORM,0,224
8,Zagazig,2024-07-11,5000,A,NORM,Normal,0,2026-04-24,Gold Credit Card,1444.02,3073.52,F,1974-09-06,Primary,100224,,0.0,21,,,,NORM,0,225
8,Zagazig,2024-07-11,5000,A,NORM,Normal,0,2026-04-25,Cashback Card,4510.57,0.0,F,1974-09-06,Primary,100224,,0.0,21,,,,NORM,0,225
8,Zagazig,2021-08-15,30000,A,NORM,Normal,0,2026-04-17,Classic Credit Card,1176.91,28387.95,M,1972-01-17,Primary,100225,,0.0,57,,,,NORM,0,226
2,Giza,2019-10-10,100000,A,NORM,Normal,0,2026-04-27,Platinum Credit Card,22928.82,76681.45,F,1998-06-21,Primary,100226,,0.0,79,,,,NORM,0,227
6,Assiut,2018-12-04,50000,A,NORM,Normal,0,2026-04-23,Titanium Credit Card,12560.35,37104.64,M,1971-03-26,Primary,100227,,0.0,90,,,,NORM,0,228
8,Zagazig,2019-06-28,200000,A,NORM,Normal,0,2026-04-17,Platinum Credit Card,174410.7,25325.14,F,1963-06-30,Secondary,100228,,0.0,83,,,,NORM,0,229
8,Zagazig,2020-07-26,75000,A,NORM,Normal,0,2026-04-18,Platinum Credit Card,2035.23,72627.22,M,1963-03-06,Primary,100229,,0.0,70,,,,NORM,0,230
8,Zagazig,2020-07-26,75000,A,NORM,Normal,0,2026-04-16,Travel Rewards Card,38421.0,36277.74,M,1963-03-06,Primary,100229,,0.0,70,,,,NORM,0,230
2,Giza,2024-04-26,5000,A,NORM,Normal,0,2026-04-24,Gold Credit Card,4292.79,213.76,M,1983-10-18,Secondary,100230,,0.0,24,,,,NORM,0,231
4,Mansoura,2019-02-16,15000,A,NORM,Normal,0,2026-04-22,Gold Credit Card,9916.13,4772.26,F,1963-11-21,Primary,100231,,0.0,87,,,,NORM,0,232
2,Giza,2024-03-16,200000,A,NORM,Normal,0,2026-04-22,Platinum Credit Card,38555.86,161215.12,M,1971-02-17,Primary,100232,,0.0,25,,,,NORM,0,233
2,Giza,2024-03-16,200000,A,NORM,Normal,0,2026-04-23,Travel Rewards Card,80888.79,118905.23,M,1971-02-17,Primary,100232,,0.0,25,,,,NORM,0,233
7,Luxor,2018-08-12,20000,A,NORM,Normal,0,2026-04-29,Business Credit Card,9541.75,10319.62,M,1973-04-04,Primary,100233,,0.0,93,,,,NORM,0,234
6,Assiut,2022-05-04,200000,A,NORM,Normal,0,2026-04-17,World Elite Card,6020.38,193853.34,M,1965-12-02,Primary,100234,,0.0,48,,,,NORM,0,235
4,Mansoura,2018-09-05,75000,A,90DA,90 Days Delinquent,90,2026-04-28,Titanium Credit Card,66574.46,8410.04,M,1961-10-14,Primary,100235,,14479.5,93,,,,90DA,0,236
3,Alexandria,2018-12-09,30000,A,NORM,Normal,0,2026-05-01,Classic Credit Card,17543.49,12270.47,F,1972-06-12,Primary,100236,,0.0,90,,,,NORM,0,237
7,Luxor,2020-09-04,5000,A,NORM,Normal,0,2026-04-25,Gold Credit Card,-345.63,4558.68,M,1992-09-28,Primary,100237,,0.0,68,,,,NORM,0,238
1,Cairo Main,2019-07-17,5000,A,NORM,Normal,0,2026-04-16,Gold Credit Card,410.05,4428.8,F,1991-10-03,Primary,100238,,0.0,82,,,,NORM,0,239
1,Cairo Main,2022-10-25,30000,A,NORM,Normal,0,2026-04-16,Cashback Card,18309.86,11492.93,F,1975-01-10,Primary,100239,,0.0,42,,,,NORM,0,240
10,Suez,2022-02-15,15000,A,NORM,Normal,0,2026-04-18,Cashback Card,4851.27,9945.56,M,1967-06-27,Primary,100240,,0.0,51,,,,NORM,0,241
10,Suez,2022-02-15,15000,A,NEW,New,0,2026-04-28,Travel Rewards Card,11029.61,3587.59,M,1967-06-27,Primary,100240,,0.0,51,,,,NEW,0,241
1,Cairo Main,2022-01-30,75000,A,30DD,30 Days Delinquent,30,2026-04-18,Platinum Credit Card,3715.07,70885.24,F,1981-02-28,Primary,100241,,6277.24,51,,,,30DD,0,242
2,Giza,2022-03-08,10000,A,NORM,Normal,0,2026-04-16,Classic Credit Card,3225.2,6591.67,M,1985-08-21,Secondary,100242,,0.0,50,,,,NORM,0,243
5,Tanta,2021-06-26,50000,A,NORM,Normal,0,2026-04-24,Platinum Credit Card,6812.39,43039.14,F,1994-09-12,Primary,100243,,0.0,59,,,,NORM,0,244
4,Mansoura,2022-02-17,200000,A,60DA,60 Days Delinquent,60,2026-04-26,Gold Credit Card,116466.28,83390.09,M,1980-10-22,Secondary,100244,,16268.75,51,,,,60DA,0,245
4,Mansoura,2022-02-17,200000,A,NORM,Normal,0,2026-04-24,Business Credit Card,-13405.09,186556.78,M,1980-10-22,Secondary,100244,,0.0,51,,,,NORM,0,245
4,Mansoura,2022-02-17,200000,A,NEW,New,0,2026-04-26,Travel Rewards Card,14339.21,185656.21,M,1980-10-22,Secondary,100244,,0.0,51,,,,NEW,0,245
9,Ismailia,2018-02-09,50000,A,NORM,Normal,0,2026-04-19,Titanium Credit Card,40070.84,9768.49,M,1975-07-16,Primary,100245,,0.0,100,,,,NORM,0,246
9,Ismailia,2018-02-09,50000,A,NORM,Normal,0,2026-04-25,Business Credit Card,26430.09,23550.74,M,1975-07-16,Primary,100245,,0.0,100,,,,NORM,0,246
8,Zagazig,2019-08-07,30000,A,NORM,Normal,0,2026-04-28,Classic Credit Card,6958.31,22638.62,F,1962-09-08,Secondary,100246,,0.0,81,,,,NORM,0,247
2,Giza,2019-07-01,75000,A,NORM,Normal,0,2026-04-17,Platinum Credit Card,18255.52,56399.72,M,1982-09-02,Primary,100247,,0.0,83,,,,NORM,0,248
6,Assiut,2023-01-29,30000,A,NORM,Normal,0,2026-04-25,Classic Credit Card,23636.59,6037.58,M,1974-04-08,Primary,100248,,0.0,39,,,,NORM,0,249
8,Zagazig,2022-07-24,10000,A,NORM,Normal,0,2026-04-27,Classic Credit Card,7704.13,2077.93,F,1974-02-01,Primary,100249,,0.0,45,,,,NORM,0,250
3,Alexandria,2021-05-31,200000,A,NORM,Normal,0,2026-04-29,Platinum Credit Card,33864.51,165975.25,M,1996-03-23,Secondary,100250,,0.0,59,,,,NORM,0,251
1,Cairo Main,2021-05-09,30000,A,NORM,Normal,0,2026-04-20,Gold Credit Card,18057.32,11855.06,M,1990-05-17,Primary,100251,,0.0,60,,,,NORM,0,252
2,Giza,2018-09-10,20000,A,NORM,Normal,0,2026-04-16,Gold Credit Card,-628.09,19265.01,F,1960-07-14,Secondary,100252,,0.0,93,,,,NORM,0,253
2,Giza,2022-12-22,15000,A,NORM,Normal,0,2026-04-18,Gold Credit Card,8555.44,6260.26,F,1968-11-13,Secondary,100253,,0.0,40,,,,NORM,0,254
2,Giza,2022-12-22,15000,A,NEW,New,0,2026-04-30,Cashback Card,4201.56,10583.7,F,1968-11-13,Secondary,100253,,0.0,40,,,,NEW,0,254
2,Giza,2022-12-22,15000,A,NORM,Normal,0,2026-04-18,World Elite Card,2917.03,11593.56,F,1968-11-13,Secondary,100253,,0.0,40,,,,NORM,0,254
1,Cairo Main,2022-10-14,15000,A,NORM,Normal,0,2026-04-26,Classic Credit Card,-301.01,14397.99,F,1977-03-02,Secondary,100254,,0.0,43,,,,NORM,0,255
10,Suez,2020-10-03,30000,A,NORM,Normal,0,2026-04-21,Business Credit Card,15950.88,13602.81,M,1987-09-04,Primary,100255,,0.0,67,,,,NORM,0,256
4,Mansoura,2023-11-24,20000,A,NORM,Normal,0,2026-04-18,Gold Credit Card,15121.4,4747.53,F,1988-10-29,Primary,100256,,0.0,29,,,,NORM,0,257
4,Mansoura,2023-11-24,20000,A,90DA,90 Days Delinquent,90,2026-04-29,Titanium Credit Card,12035.38,7753.2,F,1988-10-29,Primary,100256,,9101.37,29,,,,90DA,0,257
6,Assiut,2021-01-12,15000,A,NORM,Normal,0,2026-04-21,Classic Credit Card,13578.29,1168.32,M,1977-06-03,Secondary,100257,,0.0,64,,,,NORM,0,258
6,Assiut,2024-07-20,20000,A,NORM,Normal,0,2026-04-29,Cashback Card,14058.66,5554.03,M,1994-05-25,Primary,100258,,0.0,21,,,,NORM,0,259
7,Luxor,2019-12-13,15000,A,NORM,Normal,0,2026-04-23,Cashback Card,-1209.32,13441.28,M,1975-12-01,Primary,100259,,0.0,77,,,,NORM,0,260
10,Suez,2024-04-25,20000,A,NORM,Normal,0,2026-04-29,Business Credit Card,17609.18,2006.4,M,1966-05-17,Primary,100260,,0.0,24,,,,NORM,0,261
4,Mansoura,2023-11-27,100000,A,NORM,Normal,0,2026-04-20,World Elite Card,-7576.22,92110.11,M,1960-11-22,Secondary,100261,,0.0,29,,,,NORM,0,262
1,Cairo Main,2024-07-30,15000,A,NORM,Normal,0,2026-04-24,Gold Credit Card,8567.04,6355.19,M,1966-08-17,Primary,100262,,0.0,21,,,,NORM,0,263
1,Cairo Main,2024-07-30,15000,A,NORM,Normal,0,2026-04-23,Titanium Credit Card,4462.71,10423.34,M,1966-08-17,Primary,100262,,0.0,21,,,,NORM,0,263
3,Alexandria,2022-11-25,100000,A,NORM,Normal,0,2026-05-01,Platinum Credit Card,3409.81,96581.98,M,1992-11-06,Primary,100263,,0.0,41,,,,NORM,0,264
3,Alexandria,2018-01-08,200000,A,90DA,90 Days Delinquent,90,2026-04-30,World Elite Card,143721.66,55912.67,M,1992-09-10,Primary,100264,,25679.17,101,,,,90DA,0,265
3,Alexandria,2018-01-08,200000,A,NORM,Normal,0,2026-05-01,Travel Rewards Card,31016.65,168543.09,M,1992-09-10,Primary,100264,,0.0,101,,,,NORM,0,265
3,Alexandria,2018-11-15,20000,A,NORM,Normal,0,2026-04-26,Classic Credit Card,3702.9,15931.53,M,1974-11-08,Primary,100265,,0.0,90,,,,NORM,0,266
3,Alexandria,2018-11-15,20000,A,NORM,Normal,0,2026-04-20,Gold Credit Card,16765.73,2893.59,M,1974-11-08,Primary,100265,,0.0,90,,,,NORM,0,266
3,Alexandria,2018-11-15,20000,A,NORM,Normal,0,2026-04-16,Cashback Card,6034.05,13892.12,M,1974-11-08,Primary,100265,,0.0,90,,,,NORM,0,266
6,Assiut,2019-03-19,5000,A,NORM,Normal,0,2026-04-24,Cashback Card,3349.49,1429.22,F,1971-07-07,Primary,100266,,0.0,86,,,,NORM,0,267
9,Ismailia,2019-02-20,100000,A,NORM,Normal,0,2026-04-20,World Elite Card,71152.39,28743.85,M,1976-11-01,Primary,100267,,0.0,87,,,,NORM,0,268
1,Cairo Main,2020-12-05,10000,A,NORM,Normal,0,2026-04-26,Gold Credit Card,4338.86,5280.21,M,1974-04-18,Primary,100268,,0.0,65,,,,NORM,0,269
1,Cairo Main,2019-11-07,200000,A,NORM,Normal,0,2026-04-26,World Elite Card,159628.15,40032.42,M,1979-05-07,Primary,100269,,0.0,78,,,,NORM,0,270
5,Tanta,2024-09-24,100000,A,NORM,Normal,0,2026-04-29,World Elite Card,15436.15,84341.0,M,1996-12-15,Primary,100271,,0.0,19,,,,NORM,0,272
7,Luxor,2023-06-27,30000,A,NORM,Normal,0,2026-04-22,Gold Credit Card,22629.13,7055.29,F,1981-02-14,Primary,100272,,0.0,34,,,,NORM,0,273
5,Tanta,2023-03-20,30000,A,NORM,Normal,0,2026-04-21,Classic Credit Card,18792.52,11198.62,M,1979-09-22,Primary,100273,,0.0,37,,,,NORM,0,274
5,Tanta,2023-03-20,30000,A,NORM,Normal,0,2026-04-25,Cashback Card,7060.53,22566.25,M,1979-09-22,Primary,100273,,0.0,37,,,,NORM,0,274
10,Suez,2024-03-17,5000,A,NORM,Normal,0,2026-04-17,Gold Credit Card,4431.29,165.09,M,1970-03-16,Primary,100274,,0.0,25,,,,NORM,0,275
10,Suez,2024-03-17,5000,A,NORM,Normal,0,2026-04-16,Travel Rewards Card,2543.77,2020.89,M,1970-03-16,Primary,100274,,0.0,25,,,,NORM,0,275
1,Cairo Main,2024-05-28,150000,A,90DA,90 Days Delinquent,90,2026-04-30,World Elite Card,127735.89,22241.29,M,1982-07-10,Secondary,100275,,36334.81,23,,,,90DA,0,276
4,Mansoura,2018-06-24,75000,A,90DA,90 Days Delinquent,90,2026-04-23,Gold Credit Card,8892.37,66097.2,F,1965-08-29,Primary,100276,,18251.06,95,,,,90DA,0,277
4,Mansoura,2018-06-24,75000,A,NORM,Normal,0,2026-04-23,Titanium Credit Card,40842.86,34136.42,F,1965-08-29,Primary,100276,,0.0,95,,,,NORM,0,277
4,Mansoura,2018-06-24,75000,A,NORM,Normal,0,2026-04-16,Business Credit Card,-6473.83,68287.34,F,1965-08-29,Primary,100276,,0.0,95,,,,NORM,0,277
7,Luxor,2022-06-16,150000,A,NORM,Normal,0,2026-04-30,Platinum Credit Card,83302.47,66361.2,F,1984-12-15,Primary,100277,,0.0,47,,,,NORM,0,278
7,Luxor,2022-06-16,150000,A,NORM,Normal,0,2026-04-29,Classic Credit Card,61906.82,88003.28,F,1984-12-15,Primary,100277,,0.0,47,,,,NORM,0,278
10,Suez,2019-02-15,10000,A,NORM,Normal,0,2026-04-19,Gold Credit Card,5617.08,3919.01,F,1994-01-07,Primary,100278,,0.0,87,,,,NORM,0,279
10,Suez,2019-02-15,10000,A,NORM,Normal,0,2026-04-24,Titanium Credit Card,4075.87,5428.62,F,1994-01-07,Primary,100278,,0.0,87,,,,NORM,0,279
8,Zagazig,2019-12-07,30000,A,NORM,Normal,0,2026-04-24,Cashback Card,10239.45,19692.96,F,1961-09-05,Secondary,100279,,0.0,77,,,,NORM,0,280
1,Cairo Main,2023-05-01,30000,A,NORM,Normal,0,2026-04-29,Gold Credit Card,25193.87,4430.57,F,1993-06-14,Secondary,100280,,0.0,36,,,,NORM,0,281
3,Alexandria,2022-12-20,50000,A,NORM,Normal,0,2026-04-30,Platinum Credit Card,40454.13,9435.27,F,1973-06-24,Primary,100281,,0.0,40,,,,NORM,0,282
3,Alexandria,2022-12-20,50000,A,30DD,30 Days Delinquent,30,2026-04-23,Travel Rewards Card,10498.32,39098.01,F,1973-06-24,Primary,100281,,11803.95,40,,,,30DD,0,282
9,Ismailia,2019-10-14,10000,A,NORM,Normal,0,2026-04-24,Gold Credit Card,2966.78,6631.8,M,1995-07-03,Secondary,100282,,0.0,79,,,,NORM,0,283
9,Ismailia,2019-10-14,10000,A,NORM,Normal,0,2026-04-23,Cashback Card,1228.73,8345.62,M,1995-07-03,Secondary,100282,,0.0,79,,,,NORM,0,283
4,Mansoura,2023-02-13,5000,A,NORM,Normal,0,2026-04-17,Gold Credit Card,-299.78,4676.1,F,1961-06-25,Primary,100283,,0.0,39,,,,NORM,0,284
4,Mansoura,2023-02-13,5000,A,NORM,Normal,0,2026-04-29,Cashback Card,4266.41,469.41,F,1961-06-25,Primary,100283,,0.0,39,,,,NORM,0,284
4,Mansoura,2023-06-26,200000,A,NORM,Normal,0,2026-04-23,Platinum Credit Card,-11735.45,188034.98,M,1976-09-15,Secondary,100284,,0.0,34,,,,NORM,0,285
5,Tanta,2022-05-03,5000,A,NORM,Normal,0,2026-04-28,Classic Credit Card,3866.46,773.54,F,1961-03-25,Primary,100285,,0.0,48,,,,NORM,0,286
5,Tanta,2022-05-03,5000,A,NORM,Normal,0,2026-04-18,Travel Rewards Card,3528.83,1335.46,F,1961-03-25,Primary,100285,,0.0,48,,,,NORM,0,286
1,Cairo Main,2019-06-26,15000,A,NORM,Normal,0,2026-04-24,Classic Credit Card,4333.24,10288.59,F,1981-04-07,Secondary,100286,,0.0,83,,,,NORM,0,287
1,Cairo Main,2019-06-26,15000,A,NORM,Normal,0,2026-04-23,Cashback Card,8397.8,6166.86,F,1981-04-07,Secondary,100286,,0.0,83,,,,NORM,0,287
5,Tanta,2023-03-27,30000,A,30DD,30 Days Delinquent,30,2026-04-25,Gold Credit Card,27780.7,1802.57,F,1969-10-15,Primary,100287,,862.76,37,,,,30DD,0,288
5,Tanta,2023-03-27,30000,A,30DD,30 Days Delinquent,30,2026-04-30,Cashback Card,13671.49,16058.54,F,1969-10-15,Primary,100287,,15429.34,37,,,,30DD,0,288
5,Tanta,2019-03-19,100000,A,NORM,Normal,0,2026-04-23,Platinum Credit Card,78137.95,21765.25,F,1973-05-22,Primary,100288,,0.0,86,,,,NORM,0,289
3,Alexandria,2020-09-11,5000,A,NORM,Normal,0,2026-04-27,Gold Credit Card,-363.29,4405.21,F,1983-03-16,Secondary,100289,,0.0,68,,,,NORM,0,290
7,Luxor,2018-05-25,200000,A,NORM,Normal,0,2026-04-18,Platinum Credit Card,53397.92,146471.13,F,1977-06-01,Secondary,100290,,0.0,96,,,,NORM,0,291
7,Luxor,2018-05-25,200000,A,NORM,Normal,0,2026-04-29,Travel Rewards Card,-1234.35,198553.46,F,1977-06-01,Secondary,100290,,0.0,96,,,,NORM,0,291
5,Tanta,2019-11-28,150000,A,NORM,Normal,0,2026-04-20,Platinum Credit Card,7217.55,142289.35,M,1997-12-03,Secondary,100291,,0.0,78,,,,NORM,0,292
4,Mansoura,2020-07-03,30000,A,NORM,Normal,0,2026-04-24,Gold Credit Card,22247.49,7664.87,M,1975-12-08,Primary,100292,,0.0,70,,,,NORM,0,293
4,Mansoura,2020-07-03,30000,A,NORM,Normal,0,2026-05-01,Cashback Card,25566.8,4041.82,M,1975-12-08,Primary,100292,,0.0,70,,,,NORM,0,293
10,Suez,2023-04-19,20000,A,NORM,Normal,0,2026-04-20,Cashback Card,12983.11,6576.62,F,1963-03-12,Primary,100293,,0.0,36,,,,NORM,0,294
4,Mansoura,2022-08-04,200000,A,NORM,Normal,0,2026-04-17,World Elite Card,127438.41,72445.76,F,1975-05-16,Primary,100294,,0.0,45,,,,NORM,0,295
1,Cairo Main,2023-01-26,30000,A,NORM,Normal,0,2026-04-28,Classic Credit Card,147.59,29629.8,M,1960-03-18,Primary,100295,,0.0,39,,,,NORM,0,296
1,Cairo Main,2023-01-26,30000,A,NORM,Normal,0,2026-04-18,Cashback Card,-15.3,29492.64,M,1960-03-18,Primary,100295,,0.0,39,,,,NORM,0,296
7,Luxor,2023-05-10,75000,A,60DA,60 Days Delinquent,60,2026-04-25,Platinum Credit Card,64387.67,10547.98,F,1979-03-31,Primary,100296,,15355.25,36,,,,60DA,0,297
1,Cairo Main,2018-01-17,20000,A,NORM,Normal,0,2026-04-18,Gold Credit Card,-473.48,19300.52,M,1990-05-10,Primary,100297,,0.0,100,,,,NORM,0,298
3,Alexandria,2018-07-07,30000,A,NORM,Normal,0,2026-04-16,Cashback Card,10204.31,19426.6,M,1962-12-05,Primary,100298,,0.0,95,,,,NORM,0,299
4,Mansoura,2022-07-11,5000,A,NORM,Normal,0,2026-04-25,Classic Credit Card,2686.1,2158.47,M,1967-05-25,Primary,100299,,0.0,46,,,,NORM,0,300
5,Tanta,2023-12-31,200000,A,NORM,Normal,0,2026-04-19,World Elite Card,19003.72,180910.08,M,1994-08-06,Primary,100300,,0.0,28,,,,NORM,0,301
7,Luxor,2024-02-20,30000,A,NORM,Normal,0,2026-04-24,Gold Credit Card,17162.5,12591.84,F,1965-07-17,Primary,100301,,0.0,26,,,,NORM,0,302
7,Luxor,2024-02-20,30000,A,NORM,Normal,0,2026-04-26,Business Credit Card,-214.23,29472.53,F,1965-07-17,Primary,100301,,0.0,26,,,,NORM,0,302
10,Suez,2019-07-16,75000,A,NORM,Normal,0,2026-05-01,Platinum Credit Card,44206.24,30423.96,M,1987-03-02,Primary,100302,,0.0,82,,,,NORM,0,303
5,Tanta,2023-11-13,20000,A,NORM,Normal,0,2026-04-29,Gold Credit Card,11576.11,8393.0,F,1997-04-19,Primary,100303,,0.0,30,,,,NORM,0,304
5,Tanta,2023-11-13,20000,A,90DA,90 Days Delinquent,90,2026-04-24,Cashback Card,49.51,19645.53,F,1997-04-19,Primary,100303,,4869.76,30,,,,90DA,0,304
2,Giza,2024-06-09,100000,A,NORM,Normal,0,2026-04-18,Classic Credit Card,22230.46,77314.1,F,1964-12-14,Secondary,100304,,0.0,23,,,,NORM,0,305
2,Giza,2024-06-09,100000,A,NORM,Normal,0,2026-04-24,World Elite Card,57056.47,42622.31,F,1964-12-14,Secondary,100304,,0.0,23,,,,NORM,0,305
2,Giza,2024-06-09,100000,A,NORM,Normal,0,2026-05-01,Travel Rewards Card,71224.06,28730.13,F,1964-12-14,Secondary,100304,,0.0,23,,,,NORM,0,305
8,Zagazig,2019-02-13,15000,A,NORM,Normal,0,2026-04-18,Gold Credit Card,10532.11,4424.35,M,1962-03-31,Secondary,100305,,0.0,87,,,,NORM,0,306
8,Zagazig,2019-02-13,15000,A,NORM,Normal,0,2026-04-30,Titanium Credit Card,10967.24,3936.25,M,1962-03-31,Secondary,100305,,0.0,87,,,,NORM,0,306
3,Alexandria,2019-11-30,50000,A,NORM,Normal,0,2026-04-25,Titanium Credit Card,22403.7,27464.77,F,1989-10-03,Primary,100306,,0.0,78,,,,NORM,0,307
3,Alexandria,2019-11-30,50000,A,NORM,Normal,0,2026-04-17,Travel Rewards Card,22691.06,26962.75,F,1989-10-03,Primary,100306,,0.0,78,,,,NORM,0,307
8,Zagazig,2022-04-29,100000,A,NEW,New,0,2026-04-23,World Elite Card,91425.26,8450.33,M,1972-03-11,Secondary,100307,,0.0,48,,,,NEW,0,308
7,Luxor,2023-06-01,200000,A,NORM,Normal,0,2026-04-22,Platinum Credit Card,61404.49,138548.34,M,1986-07-01,Secondary,100308,,0.0,35,,,,NORM,0,309
8,Zagazig,2022-08-12,100000,A,NORM,Normal,0,2026-04-27,Platinum Credit Card,20035.2,79814.09,M,1965-01-24,Secondary,100309,,0.0,45,,,,NORM,0,310
9,Ismailia,2024-12-07,10000,A,NORM,Normal,0,2026-04-26,Classic Credit Card,2169.27,7589.22,F,1990-11-15,Primary,100310,,0.0,17,,,,NORM,0,311
1,Cairo Main,2019-10-05,150000,A,NORM,Normal,0,2026-04-22,Business Credit Card,51248.4,98667.2,F,1960-07-09,Primary,100311,,0.0,80,,,,NORM,0,312
1,Cairo Main,2019-10-05,150000,A,NORM,Normal,0,2026-04-24,Travel Rewards Card,9312.49,140617.58,F,1960-07-09,Primary,100311,,0.0,80,,,,NORM,0,312
1,Cairo Main,2020-07-01,150000,A,30DD,30 Days Delinquent,30,2026-04-17,World Elite Card,38174.99,111776.92,F,1982-09-27,Secondary,100312,,60501.16,71,,,,30DD,0,313
2,Giza,2024-10-10,200000,A,NORM,Normal,0,2026-04-23,World Elite Card,35850.04,164021.91,F,1995-07-08,Secondary,100314,,0.0,18,,,,NORM,0,315
2,Giza,2024-10-10,200000,A,90DA,90 Days Delinquent,90,2026-04-19,Travel Rewards Card,69318.37,130324.12,F,1995-07-08,Secondary,100314,,102048.82,18,,,,90DA,0,315
6,Assiut,2024-12-13,200000,A,NORM,Normal,0,2026-04-20,Platinum Credit Card,140133.65,59660.24,M,1985-02-15,Primary,100315,,0.0,16,,,,NORM,0,316
6,Assiut,2024-12-13,200000,A,NORM,Normal,0,2026-04-21,Business Credit Card,58029.02,141642.45,M,1985-02-15,Primary,100315,,0.0,16,,,,NORM,0,316
6,Assiut,2021-04-10,150000,A,NORM,Normal,0,2026-04-20,World Elite Card,97091.58,52491.41,F,1975-12-06,Primary,100316,,0.0,61,,,,NORM,0,317
5,Tanta,2020-03-13,20000,A,NORM,Normal,0,2026-04-18,Gold Credit Card,12341.96,7303.43,F,1987-05-27,Primary,100317,,0.0,74,,,,NORM,0,318
5,Tanta,2020-03-13,20000,A,NORM,Normal,0,2026-04-28,Cashback Card,8870.8,11071.68,F,1987-05-27,Primary,100317,,0.0,74,,,,NORM,0,318
5,Tanta,2020-03-13,20000,A,NORM,Normal,0,2026-04-22,Platinum Credit Card,8403.44,11210.05,F,1987-05-27,Primary,100317,,0.0,74,,,,NORM,0,318
8,Zagazig,2024-08-10,150000,A,NORM,Normal,0,2026-04-22,Classic Credit Card,122606.19,27330.04,F,1980-07-07,Secondary,100318,,0.0,20,,,,NORM,0,319
8,Zagazig,2024-08-10,150000,A,NORM,Normal,0,2026-04-25,World Elite Card,70220.44,79720.21,F,1980-07-07,Secondary,100318,,0.0,20,,,,NORM,0,319
8,Zagazig,2024-08-10,150000,A,NORM,Normal,0,2026-04-22,Travel Rewards Card,33701.59,116054.81,F,1980-07-07,Secondary,100318,,0.0,20,,,,NORM,0,319
3,Alexandria,2019-06-10,10000,A,NORM,Normal,0,2026-04-30,Cashback Card,36.42,9641.22,F,1992-10-07,Primary,100319,,0.0,83,,,,NORM,0,320
5,Tanta,2021-11-05,30000,A,NORM,Normal,0,2026-04-29,Classic Credit Card,21440.08,8127.74,F,1977-11-05,Primary,100320,,0.0,54,,,,NORM,0,321
5,Tanta,2021-11-05,30000,A,NORM,Normal,0,2026-04-23,Cashback Card,12953.01,16720.85,F,1977-11-05,Primary,100320,,0.0,54,,,,NORM,0,321
4,Mansoura,2021-04-05,50000,A,90DA,90 Days Delinquent,90,2026-04-17,Platinum Credit Card,32276.62,17386.28,F,1969-05-28,Primary,100321,,4472.72,61,,,,90DA,0,322
4,Mansoura,2021-04-05,50000,A,NORM,Normal,0,2026-04-25,Business Credit Card,43012.71,6794.7,F,1969-05-28,Primary,100321,,0.0,61,,,,NORM,0,322
4,Mansoura,2021-04-05,50000,A,NORM,Normal,0,2026-04-16,Travel Rewards Card,38735.9,11216.04,F,1969-05-28,Primary,100321,,0.0,61,,,,NORM,0,322
7,Luxor,2023-12-27,30000,A,30DD,30 Days Delinquent,30,2026-04-26,Classic Credit Card,-2558.71,27178.21,M,1990-03-30,Primary,100322,,11997.82,28,,,,30DD,0,323
7,Luxor,2023-12-27,30000,A,NORM,Normal,0,2026-04-19,Cashback Card,24159.73,5709.56,M,1990-03-30,Primary,100322,,0.0,28,,,,NORM,0,323
5,Tanta,2019-10-22,30000,A,NORM,Normal,0,2026-04-23,Classic Credit Card,-1962.5,27690.23,M,1993-08-26,Primary,100323,,0.0,79,,,,NORM,0,324
10,Suez,2024-04-20,20000,A,NORM,Normal,0,2026-05-01,Cashback Card,11439.07,8283.38,F,1998-12-08,Primary,100324,,0.0,24,,,,NORM,0,325
1,Cairo Main,2020-10-26,20000,A,NORM,Normal,0,2026-04-30,Gold Credit Card,16449.97,3389.91,M,1960-07-31,Primary,100325,,0.0,67,,,,NORM,0,326
1,Cairo Main,2020-10-26,20000,A,NORM,Normal,0,2026-05-01,Travel Rewards Card,5666.17,14061.96,M,1960-07-31,Primary,100325,,0.0,67,,,,NORM,0,326
8,Zagazig,2018-11-02,15000,A,NORM,Normal,0,2026-04-19,Classic Credit Card,-1492.72,13043.41,F,1967-12-16,Primary,100326,,0.0,91,,,,NORM,0,327
8,Zagazig,2018-11-02,15000,A,NORM,Normal,0,2026-04-27,Cashback Card,8416.65,6190.36,F,1967-12-16,Primary,100326,,0.0,91,,,,NORM,0,327
1,Cairo Main,2023-03-26,15000,A,NORM,Normal,0,2026-04-29,Gold Credit Card,1502.47,13270.38,F,1974-10-29,Primary,100327,,0.0,37,,,,NORM,0,328
6,Assiut,2021-07-25,150000,A,NORM,Normal,0,2026-04-17,Gold Credit Card,101225.52,48304.71,F,1963-04-09,Primary,100328,,0.0,58,,,,NORM,0,329
6,Assiut,2021-07-25,150000,A,NORM,Normal,0,2026-04-29,World Elite Card,11355.25,138461.61,F,1963-04-09,Primary,100328,,0.0,58,,,,NORM,0,329
6,Assiut,2021-07-25,150000,A,90DA,90 Days Delinquent,90,2026-04-27,Travel Rewards Card,-5627.31,144371.39,F,1963-04-09,Primary,100328,,70184.54,58,,,,90DA,0,329
6,Assiut,2022-01-17,30000,A,NORM,Normal,0,2026-04-27,Cashback Card,22875.58,6827.24,F,1974-11-07,Primary,100329,,0.0,52,,,,NORM,0,330
6,Assiut,2022-01-17,30000,A,NORM,Normal,0,2026-04-26,World Elite Card,7462.18,22153.36,F,1974-11-07,Primary,100329,,0.0,52,,,,NORM,0,330
6,Assiut,2022-01-17,30000,A,NORM,Normal,0,2026-04-16,Titanium Credit Card,14622.54,14991.78,F,1974-11-07,Primary,100329,,0.0,52,,,,NORM,0,330
4,Mansoura,2021-08-07,75000,A,NORM,Normal,0,2026-04-24,Titanium Credit Card,17999.63,56695.87,F,1961-10-15,Primary,100330,,0.0,57,,,,NORM,0,331
8,Zagazig,2021-04-29,20000,A,NORM,Normal,0,2026-04-24,Classic Credit Card,15832.79,3915.13,M,1961-12-19,Primary,100331,,0.0,60,,,,NORM,0,332
7,Luxor,2019-03-02,20000,A,NORM,Normal,0,2026-04-29,Cashback Card,11600.43,7991.55,M,1997-06-26,Primary,100332,,0.0,87,,,,NORM,0,333
7,Luxor,2019-03-02,20000,A,NORM,Normal,0,2026-05-01,Business Credit Card,4744.77,14800.09,M,1997-06-26,Primary,100332,,0.0,87,,,,NORM,0,333
2,Giza,2018-08-11,15000,A,NORM,Normal,0,2026-04-30,Cashback Card,4947.75,9916.31,F,1963-04-15,Primary,100333,,0.0,94,,,,NORM,0,334
6,Assiut,2022-05-15,10000,A,NEW,New,0,2026-04-17,Cashback Card,8011.95,1520.55,M,1960-10-03,Primary,100334,,0.0,48,,,,NEW,0,335
9,Ismailia,2021-04-02,30000,A,NORM,Normal,0,2026-04-28,Gold Credit Card,1940.03,28038.9,M,1964-10-04,Primary,100335,,0.0,61,,,,NORM,0,336
3,Alexandria,2022-05-21,150000,A,NORM,Normal,0,2026-04-28,Business Credit Card,130236.69,19722.87,M,1993-06-30,Primary,100336,,0.0,48,,,,NORM,0,337
3,Alexandria,2022-05-21,150000,A,NORM,Normal,0,2026-04-16,World Elite Card,29031.13,120577.27,M,1993-06-30,Primary,100336,,0.0,48,,,,NORM,0,337
3,Alexandria,2022-05-21,150000,A,NORM,Normal,0,2026-04-19,Travel Rewards Card,117562.61,32149.23,M,1993-06-30,Primary,100336,,0.0,48,,,,NORM,0,337
10,Suez,2024-01-10,150000,A,NORM,Normal,0,2026-04-30,Platinum Credit Card,-11516.3,138041.06,M,1977-09-04,Primary,100337,,0.0,28,,,,NORM,0,338
5,Tanta,2019-04-15,15000,A,NORM,Normal,0,2026-04-16,Cashback Card,4099.01,10499.91,M,1968-09-18,Primary,100338,,0.0,85,,,,NORM,0,339
5,Tanta,2019-04-15,15000,A,NORM,Normal,0,2026-04-27,Titanium Credit Card,10512.43,4155.38,M,1968-09-18,Primary,100338,,0.0,85,,,,NORM,0,339
8,Zagazig,2022-01-02,15000,A,NORM,Normal,0,2026-04-20,Cashback Card,3700.27,10802.5,F,1974-11-03,Primary,100339,,0.0,52,,,,NORM,0,340
5,Tanta,2024-07-20,15000,A,NORM,Normal,0,2026-05-01,Gold Credit Card,-1114.26,13541.95,M,1991-02-08,Primary,100340,,0.0,21,,,,NORM,0,341
5,Tanta,2022-01-12,15000,A,NORM,Normal,0,2026-04-27,Gold Credit Card,8789.66,6154.73,M,1997-09-07,Primary,100341,,0.0,52,,,,NORM,0,342
5,Tanta,2022-01-12,15000,A,NORM,Normal,0,2026-04-30,Cashback Card,8275.68,6233.71,M,1997-09-07,Primary,100341,,0.0,52,,,,NORM,0,342
5,Tanta,2019-07-28,150000,A,60DA,60 Days Delinquent,60,2026-04-27,World Elite Card,39330.21,110383.71,M,1998-07-09,Secondary,100342,,4060.87,82,,,,60DA,0,343
10,Suez,2018-05-31,150000,A,NORM,Normal,0,2026-04-16,Platinum Credit Card,51932.74,97756.51,F,1969-07-17,Primary,100343,,0.0,96,,,,NORM,0,344
3,Alexandria,2023-08-15,150000,A,NORM,Normal,0,2026-04-30,World Elite Card,68893.66,80864.14,M,1980-11-04,Primary,100344,,0.0,33,,,,NORM,0,345
3,Alexandria,2024-05-08,200000,A,NORM,Normal,0,2026-04-28,Platinum Credit Card,49993.12,149940.86,M,1968-01-14,Primary,100345,,0.0,24,,,,NORM,0,346
3,Alexandria,2024-05-08,200000,A,NORM,Normal,0,2026-04-17,Classic Credit Card,-12239.75,187414.85,M,1968-01-14,Primary,100345,,0.0,24,,,,NORM,0,346
1,Cairo Main,2020-04-26,150000,A,NORM,Normal,0,2026-04-27,Platinum Credit Card,-2320.98,147671.84,F,1989-12-28,Primary,100346,,0.0,73,,,,NORM,0,347
5,Tanta,2024-02-08,200000,A,NORM,Normal,0,2026-04-20,Platinum Credit Card,20898.71,178943.27,M,1985-12-15,Primary,100347,,0.0,27,,,,NORM,0,348
9,Ismailia,2021-12-16,50000,A,NORM,Normal,0,2026-04-26,Business Credit Card,35800.69,13982.95,M,1978-03-16,Primary,100348,,0.0,53,,,,NORM,0,349
9,Ismailia,2021-12-16,50000,A,NORM,Normal,0,2026-04-20,World Elite Card,14852.68,34668.55,M,1978-03-16,Primary,100348,,0.0,53,,,,NORM,0,349
9,Ismailia,2021-02-24,20000,A,NORM,Normal,0,2026-05-01,Gold Credit Card,9706.42,9823.22,F,1988-11-11,Secondary,100349,,0.0,63,,,,NORM,0,350
8,Zagazig,2020-05-13,200000,A,NORM,Normal,0,2026-04-26,Platinum Credit Card,60748.19,138758.93,M,1981-06-27,Primary,100350,,0.0,72,,,,NORM,0,351
3,Alexandria,2023-10-01,5000,A,NORM,Normal,0,2026-04-30,Classic Credit Card,4609.36,154.15,F,1988-03-28,Primary,100351,,0.0,31,,,,NORM,0,352
5,Tanta,2020-06-06,100000,A,NORM,Normal,0,2026-04-22,Platinum Credit Card,32546.99,67320.5,M,1963-11-05,Primary,100352,,0.0,71,,,,NORM,0,353
5,Tanta,2020-06-06,100000,A,NORM,Normal,0,2026-04-22,World Elite Card,4304.31,95562.94,M,1963-11-05,Primary,100352,,0.0,71,,,,NORM,0,353
5,Tanta,2020-06-06,100000,A,NORM,Normal,0,2026-04-21,Travel Rewards Card,75917.26,23738.02,M,1963-11-05,Primary,100352,,0.0,71,,,,NORM,0,353
3,Alexandria,2021-11-04,100000,A,NORM,Normal,0,2026-04-21,World Elite Card,70340.84,29417.97,M,1992-06-26,Primary,100353,,0.0,54,,,,NORM,0,354
9,Ismailia,2022-09-16,15000,A,NORM,Normal,0,2026-04-17,Gold Credit Card,6730.56,7974.17,M,1990-09-12,Primary,100354,,0.0,44,,,,NORM,0,355
9,Ismailia,2018-01-05,75000,A,NORM,Normal,0,2026-04-28,Platinum Credit Card,41076.19,33760.96,F,1997-02-13,Primary,100355,,0.0,101,,,,NORM,0,356
10,Suez,2024-06-17,10000,A,NORM,Normal,0,2026-04-17,Gold Credit Card,8776.0,1148.12,F,1996-02-03,Primary,100356,,0.0,22,,,,NORM,0,357
5,Tanta,2018-01-23,5000,A,NEW,New,0,2026-04-19,Cashback Card,3273.7,1685.81,M,1968-06-23,Primary,100357,,0.0,100,,,,NEW,0,358
6,Assiut,2019-09-26,75000,A,NORM,Normal,0,2026-04-23,Titanium Credit Card,15692.83,58898.21,F,1964-10-12,Secondary,100358,,0.0,80,,,,NORM,0,359
7,Luxor,2024-04-02,100000,A,60DA,60 Days Delinquent,60,2026-04-24,Platinum Credit Card,80937.18,18802.94,F,1984-10-06,Primary,100359,,36415.08,25,,,,60DA,0,360
2,Giza,2020-07-30,100000,A,NORM,Normal,0,2026-04-22,Platinum Credit Card,18486.93,81386.62,M,1993-07-18,Primary,100360,,0.0,70,,,,NORM,0,361
3,Alexandria,2024-09-24,75000,A,NORM,Normal,0,2026-04-18,Platinum Credit Card,67193.95,7539.44,M,1981-02-26,Primary,100361,,0.0,19,,,,NORM,0,362
9,Ismailia,2024-09-13,5000,A,NORM,Normal,0,2026-04-17,Gold Credit Card,-23.92,4514.82,F,1972-11-06,Primary,100362,,0.0,19,,,,NORM,0,363
9,Ismailia,2020-08-06,200000,A,60DA,60 Days Delinquent,60,2026-04-18,Platinum Credit Card,46441.9,153221.15,M,1991-05-01,Primary,100363,,64990.19,69,,,,60DA,0,364
6,Assiut,2022-06-07,75000,A,NORM,Normal,0,2026-04-30,Platinum Credit Card,-2196.66,72456.21,F,1990-01-14,Primary,100364,,0.0,47,,,,NORM,0,365
6,Assiut,2021-02-06,20000,A,NORM,Normal,0,2026-05-01,Gold Credit Card,4747.0,14921.37,F,1975-08-03,Primary,100365,,0.0,63,,,,NORM,0,366
6,Assiut,2021-02-06,20000,A,NORM,Normal,0,2026-04-22,Cashback Card,8291.93,11677.01,F,1975-08-03,Primary,100365,,0.0,63,,,,NORM,0,366
6,Assiut,2021-02-06,20000,A,NORM,Normal,0,2026-04-21,Classic Credit Card,9292.8,10222.94,F,1975-08-03,Primary,100365,,0.0,63,,,,NORM,0,366
9,Ismailia,2021-10-24,10000,A,NORM,Normal,0,2026-04-30,Cashback Card,-12.24,9902.48,F,1973-03-14,Primary,100366,,0.0,55,,,,NORM,0,367
9,Ismailia,2021-10-24,10000,A,NORM,Normal,0,2026-04-24,World Elite Card,8101.61,1843.79,F,1973-03-14,Primary,100366,,0.0,55,,,,NORM,0,367
9,Ismailia,2021-10-24,10000,A,NEW,New,0,2026-04-21,Business Credit Card,145.69,9486.02,F,1973-03-14,Primary,100366,,0.0,55,,,,NEW,0,367
8,Zagazig,2023-03-03,200000,A,NORM,Normal,0,2026-04-26,Platinum Credit Card,17052.62,182762.49,M,1990-07-29,Primary,100367,,0.0,38,,,,NORM,0,368
7,Luxor,2023-10-17,150000,A,NORM,Normal,0,2026-04-17,Platinum Credit Card,63740.89,85800.58,F,1975-11-03,Primary,100368,,0.0,30,,,,NORM,0,369
7,Luxor,2023-10-17,150000,A,NORM,Normal,0,2026-04-18,Travel Rewards Card,1172.74,148435.61,F,1975-11-03,Primary,100368,,0.0,30,,,,NORM,0,369
6,Assiut,2020-06-14,200000,A,NORM,Normal,0,2026-04-30,World Elite Card,-8510.87,191386.36,M,1975-11-10,Primary,100369,,0.0,71,,,,NORM,0,370
4,Mansoura,2020-10-19,200000,A,NORM,Normal,0,2026-04-16,World Elite Card,-10660.94,189148.89,F,1969-02-04,Primary,100370,,0.0,67,,,,NORM,0,371
8,Zagazig,2024-12-17,50000,A,NORM,Normal,0,2026-04-26,Business Credit Card,9374.19,40522.0,M,1976-08-25,Secondary,100371,,0.0,16,,,,NORM,0,372
8,Zagazig,2024-12-17,50000,A,60DA,60 Days Delinquent,60,2026-04-23,World Elite Card,34233.79,15280.96,M,1976-08-25,Secondary,100371,,6637.77,16,,,,60DA,0,372
7,Luxor,2024-06-20,15000,A,NORM,Normal,0,2026-04-30,Gold Credit Card,1322.84,13274.81,M,1969-12-17,Primary,100372,,0.0,22,,,,NORM,0,373
8,Zagazig,2023-10-24,100000,A,NORM,Normal,0,2026-04-24,World Elite Card,-63.02,99576.43,M,1965-05-26,Primary,100373,,0.0,30,,,,NORM,0,374
3,Alexandria,2020-12-12,20000,A,NORM,Normal,0,2026-04-20,Cashback Card,1.71,19932.94,M,1984-08-09,Primary,100374,,0.0,65,,,,NORM,0,375
6,Assiut,2022-06-29,30000,A,NORM,Normal,0,2026-04-30,Classic Credit Card,22019.95,7824.05,F,1976-05-17,Secondary,100375,,0.0,46,,,,NORM,0,376
7,Luxor,2019-08-21,15000,A,NORM,Normal,0,2026-04-16,Gold Credit Card,11445.66,3058.49,M,1968-10-17,Secondary,100376,,0.0,81,,,,NORM,0,377
7,Luxor,2019-08-21,15000,A,NORM,Normal,0,2026-04-24,Business Credit Card,-940.38,13899.84,M,1968-10-17,Secondary,100376,,0.0,81,,,,NORM,0,377
6,Assiut,2023-06-17,30000,A,NORM,Normal,0,2026-05-01,Cashback Card,-578.94,29363.1,M,1995-03-24,Primary,100377,,0.0,34,,,,NORM,0,378
5,Tanta,2019-01-30,100000,A,NORM,Normal,0,2026-04-26,Platinum Credit Card,85837.76,14094.64,M,1981-05-17,Primary,100378,,0.0,88,,,,NORM,0,379
4,Mansoura,2024-06-16,150000,A,NORM,Normal,0,2026-04-24,Platinum Credit Card,62460.82,87163.18,M,1985-11-16,Primary,100379,,0.0,22,,,,NORM,0,380
4,Mansoura,2024-06-16,150000,A,NORM,Normal,0,2026-04-29,Business Credit Card,41339.32,108540.75,M,1985-11-16,Primary,100379,,0.0,22,,,,NORM,0,380
4,Mansoura,2024-06-16,150000,A,NORM,Normal,0,2026-04-22,Travel Rewards Card,26050.03,123845.02,M,1985-11-16,Primary,100379,,0.0,22,,,,NORM,0,380
3,Alexandria,2019-11-18,50000,A,NORM,Normal,0,2026-04-16,Titanium Credit Card,24428.67,25549.43,M,1998-12-12,Primary,100380,,0.0,78,,,,NORM,0,381
5,Tanta,2020-12-31,200000,A,NORM,Normal,0,2026-04-27,Platinum Credit Card,161337.84,38560.94,F,1991-11-13,Primary,100381,,0.0,64,,,,NORM,0,382
3,Alexandria,2020-08-19,30000,A,NORM,Normal,0,2026-04-20,Gold Credit Card,15207.16,14648.37,M,1992-08-23,Secondary,100382,,0.0,69,,,,NORM,0,383
1,Cairo Main,2022-06-15,150000,A,NORM,Normal,0,2026-04-20,World Elite Card,34555.16,115278.27,F,1961-03-07,Primary,100383,,0.0,47,,,,NORM,0,384
3,Alexandria,2023-11-28,15000,A,NORM,Normal,0,2026-04-19,Gold Credit Card,10553.93,4129.15,F,1965-11-20,Secondary,100384,,0.0,29,,,,NORM,0,385
9,Ismailia,2019-07-08,150000,A,30DD,30 Days Delinquent,30,2026-04-26,Platinum Credit Card,121633.88,28117.7,F,1979-12-15,Secondary,100385,,71126.59,82,,,,30DD,0,386
4,Mansoura,2019-01-02,100000,A,NORM,Normal,0,2026-04-29,Platinum Credit Card,-5576.26,94303.62,M,1996-02-05,Primary,100386,,0.0,89,,,,NORM,0,387
5,Tanta,2024-01-01,5000,A,NORM,Normal,0,2026-04-28,Platinum Credit Card,3839.73,733.98,F,1981-01-17,Primary,100387,,0.0,28,,,,NORM,0,388
5,Tanta,2024-01-01,5000,A,NORM,Normal,0,2026-04-29,Business Credit Card,3483.7,1346.36,F,1981-01-17,Primary,100387,,0.0,28,,,,NORM,0,388
5,Tanta,2024-01-01,5000,A,90DA,90 Days Delinquent,90,2026-04-27,Titanium Credit Card,271.67,4703.62,F,1981-01-17,Primary,100387,,2590.84,28,,,,90DA,0,388
6,Assiut,2022-08-14,150000,A,NORM,Normal,0,2026-04-28,World Elite Card,72219.2,77441.14,M,1968-06-16,Primary,100388,,0.0,45,,,,NORM,0,389
9,Ismailia,2024-11-16,30000,A,NORM,Normal,0,2026-04-27,Cashback Card,1145.45,28710.77,M,1994-04-18,Secondary,100389,,0.0,17,,,,NORM,0,390
5,Tanta,2023-02-09,200000,A,NORM,Normal,0,2026-04-27,Platinum Credit Card,15869.99,184010.08,M,1964-12-13,Primary,100390,,0.0,39,,,,NORM,0,391
3,Alexandria,2021-03-01,30000,A,NORM,Normal,0,2026-04-26,Classic Credit Card,-2142.28,27762.38,M,1964-08-02,Primary,100391,,0.0,62,,,,NORM,0,392
3,Alexandria,2021-03-01,30000,A,NORM,Normal,0,2026-04-16,Cashback Card,5339.85,24542.25,M,1964-08-02,Primary,100391,,0.0,62,,,,NORM,0,392
7,Luxor,2023-08-04,50000,A,NORM,Normal,0,2026-04-19,Platinum Credit Card,7250.1,42634.77,M,1973-12-22,Primary,100392,,0.0,33,,,,NORM,0,393
9,Ismailia,2020-01-14,20000,A,30DD,30 Days Delinquent,30,2026-04-23,Classic Credit Card,18945.85,962.25,F,1981-02-01,Primary,100393,,3727.79,76,,,,30DD,0,394
9,Ismailia,2020-01-14,20000,A,NORM,Normal,0,2026-04-17,Cashback Card,5892.87,14079.13,F,1981-02-01,Primary,100393,,0.0,76,,,,NORM,0,394
8,Zagazig,2019-01-20,150000,A,30DD,30 Days Delinquent,30,2026-04-17,Platinum Credit Card,18946.11,131019.33,M,1992-12-25,Primary,100394,,25118.86,88,,,,30DD,0,395
2,Giza,2023-05-26,30000,A,NORM,Normal,0,2026-04-16,Classic Credit Card,4748.49,24786.56,M,1971-05-13,Primary,100395,,0.0,35,,,,NORM,0,396
3,Alexandria,2021-02-04,200000,A,NEW,New,0,2026-04-26,World Elite Card,131477.4,68355.42,F,1995-08-20,Primary,100396,,0.0,63,,,,NEW,0,397
2,Giza,2019-10-08,100000,A,NORM,Normal,0,2026-04-27,Platinum Credit Card,87914.66,11694.98,F,1971-02-27,Primary,100397,,0.0,79,,,,NORM,0,398
3,Alexandria,2020-08-11,50000,A,NORM,Normal,0,2026-04-17,Titanium Credit Card,30096.82,19617.09,M,1981-11-18,Primary,100398,,0.0,69,,,,NORM,0,399
3,Alexandria,2020-08-11,50000,A,NORM,Normal,0,2026-04-29,Business Credit Card,4571.0,45278.64,M,1981-11-18,Primary,100398,,0.0,69,,,,NORM,0,399
5,Tanta,2023-06-11,100000,A,NORM,Normal,0,2026-04-24,Platinum Credit Card,6797.79,93109.17,M,1961-10-08,Primary,100399,,0.0,35,,,,NORM,0,400
5,Tanta,2024-09-18,150000,A,NORM,Normal,0,2026-04-26,World Elite Card,-1972.46,147777.49,F,1998-12-02,Primary,100400,,0.0,19,,,,NORM,0,401
9,Ismailia,2020-01-30,5000,A,NORM,Normal,0,2026-04-22,Gold Credit Card,-353.27,4574.46,F,1977-01-01,Primary,100401,,0.0,76,,,,NORM,0,402
9,Ismailia,2020-01-30,5000,A,NORM,Normal,0,2026-04-22,Cashback Card,-277.57,4362.88,F,1977-01-01,Primary,100401,,0.0,76,,,,NORM,0,402
3,Alexandria,2021-03-05,50000,A,NORM,Normal,0,2026-04-20,Platinum Credit Card,43533.21,6374.03,M,1987-07-02,Primary,100402,,0.0,62,,,,NORM,0,403
1,Cairo Main,2019-03-15,100000,A,NORM,Normal,0,2026-04-24,Platinum Credit Card,44852.22,54735.71,F,1969-01-23,Primary,100403,,0.0,86,,,,NORM,0,404
2,Giza,2020-05-04,100000,A,NORM,Normal,0,2026-04-25,World Elite Card,26587.54,73272.69,F,1960-08-02,Secondary,100404,,0.0,72,,,,NORM,0,405
5,Tanta,2018-06-16,10000,A,30DD,30 Days Delinquent,30,2026-04-24,Classic Credit Card,1922.51,7901.28,M,1983-09-24,Primary,100405,,1582.13,95,,,,30DD,0,406
9,Ismailia,2020-10-15,200000,A,NORM,Normal,0,2026-04-29,Platinum Credit Card,86777.51,112750.85,F,1989-06-19,Primary,100406,,0.0,67,,,,NORM,0,407
3,Alexandria,2020-01-09,150000,A,NORM,Normal,0,2026-04-23,World Elite Card,80982.02,68847.81,F,1995-07-19,Primary,100407,,0.0,76,,,,NORM,0,408
7,Luxor,2022-10-30,50000,A,NORM,Normal,0,2026-04-20,Platinum Credit Card,24945.08,25025.32,F,1994-04-12,Primary,100408,,0.0,42,,,,NORM,0,409
7,Luxor,2018-05-22,30000,A,NORM,Normal,0,2026-05-01,Classic Credit Card,4087.34,25542.13,F,1960-01-04,Secondary,100409,,0.0,96,,,,NORM,0,410
1,Cairo Main,2021-02-04,150000,A,NORM,Normal,0,2026-04-22,World Elite Card,122651.3,27313.68,F,1994-08-10,Primary,100410,,0.0,63,,,,NORM,0,411
6,Assiut,2024-07-12,20000,A,NORM,Normal,0,2026-04-20,Gold Credit Card,12306.7,7550.74,F,1999-11-27,Primary,100411,,0.0,21,,,,NORM,0,412
6,Assiut,2023-05-31,15000,A,NORM,Normal,0,2026-04-19,Cashback Card,2734.82,12140.37,F,1995-07-26,Primary,100412,,0.0,35,,,,NORM,0,413
6,Assiut,2023-05-31,15000,A,NORM,Normal,0,2026-04-27,Business Credit Card,8548.89,6260.62,F,1995-07-26,Primary,100412,,0.0,35,,,,NORM,0,413
2,Giza,2018-08-18,50000,A,30DD,30 Days Delinquent,30,2026-04-20,Titanium Credit Card,44096.51,5903.15,M,1994-12-29,Primary,100413,,5595.02,93,,,,30DD,0,414
2,Giza,2018-08-18,50000,A,NORM,Normal,0,2026-04-30,World Elite Card,32106.49,17447.35,M,1994-12-29,Primary,100413,,0.0,93,,,,NORM,0,414
5,Tanta,2018-06-18,50000,A,NEW,New,0,2026-04-27,Titanium Credit Card,13642.05,36152.71,M,1983-07-10,Primary,100414,,0.0,95,,,,NEW,0,415
10,Suez,2023-08-30,10000,A,NORM,Normal,0,2026-04-23,Gold Credit Card,3419.25,6258.32,F,1985-10-20,Primary,100415,,0.0,32,,,,NORM,0,416
9,Ismailia,2020-12-11,10000,A,NORM,Normal,0,2026-04-18,Cashback Card,4968.45,4880.44,F,1977-11-27,Primary,100416,,0.0,65,,,,NORM,0,417
10,Suez,2024-04-17,200000,A,NORM,Normal,0,2026-04-27,World Elite Card,40702.86,158914.3,F,1968-10-17,Primary,100417,,0.0,24,,,,NORM,0,418
2,Giza,2022-08-22,75000,A,NORM,Normal,0,2026-04-29,Titanium Credit Card,59464.74,15169.01,M,1990-02-17,Primary,100418,,0.0,44,,,,NORM,0,419
10,Suez,2022-12-17,200000,A,NORM,Normal,0,2026-04-25,World Elite Card,162380.08,37272.18,M,1996-11-07,Primary,100419,,0.0,41,,,,NORM,0,420
1,Cairo Main,2024-12-18,15000,A,NORM,Normal,0,2026-04-30,Cashback Card,12511.68,2132.69,F,1970-11-26,Primary,100420,,0.0,16,,,,NORM,0,421
9,Ismailia,2020-04-14,150000,A,NORM,Normal,0,2026-05-01,Platinum Credit Card,117821.64,31972.73,F,1969-07-03,Primary,100421,,0.0,73,,,,NORM,0,422
9,Ismailia,2020-04-14,150000,A,NEW,New,0,2026-04-26,Travel Rewards Card,42512.14,107124.56,F,1969-07-03,Primary,100421,,0.0,73,,,,NEW,0,422
5,Tanta,2018-09-04,30000,A,NORM,Normal,0,2026-04-22,Platinum Credit Card,20235.27,9379.06,M,1967-08-22,Primary,100422,,0.0,93,,,,NORM,0,423
5,Tanta,2018-09-04,30000,A,NORM,Normal,0,2026-04-22,Cashback Card,10698.27,18976.47,M,1967-08-22,Primary,100422,,0.0,93,,,,NORM,0,423
2,Giza,2021-04-13,75000,A,NORM,Normal,0,2026-05-01,Platinum Credit Card,66246.87,8636.75,M,1960-11-08,Primary,100423,,0.0,61,,,,NORM,0,424
2,Giza,2021-04-13,75000,A,NORM,Normal,0,2026-04-22,World Elite Card,-4366.29,70599.12,M,1960-11-08,Primary,100423,,0.0,61,,,,NORM,0,424
2,Giza,2021-04-13,75000,A,60DA,60 Days Delinquent,60,2026-04-28,Travel Rewards Card,33742.27,41253.1,M,1960-11-08,Primary,100423,,17931.93,61,,,,60DA,0,424
1,Cairo Main,2020-10-10,150000,A,NORM,Normal,0,2026-04-23,Platinum Credit Card,33413.99,116292.8,F,1961-10-13,Primary,100424,,0.0,67,,,,NORM,0,425
4,Mansoura,2021-02-03,5000,A,NORM,Normal,0,2026-04-25,Classic Credit Card,2953.94,1656.42,F,1982-06-26,Secondary,100425,,0.0,63,,,,NORM,0,426
4,Mansoura,2021-02-03,5000,A,NORM,Normal,0,2026-04-22,Titanium Credit Card,3729.41,811.83,F,1982-06-26,Secondary,100425,,0.0,63,,,,NORM,0,426
7,Luxor,2024-11-13,20000,A,NORM,Normal,0,2026-04-29,Classic Credit Card,12971.77,6821.11,F,1983-05-11,Primary,100426,,0.0,17,,,,NORM,0,427
3,Alexandria,2024-01-27,20000,A,NORM,Normal,0,2026-04-29,Cashback Card,-1157.88,18418.42,M,1986-01-23,Primary,100427,,0.0,27,,,,NORM,0,428
6,Assiut,2024-04-01,150000,A,NORM,Normal,0,2026-04-17,World Elite Card,108770.77,41120.72,F,1963-01-16,Secondary,100428,,0.0,25,,,,NORM,0,429
5,Tanta,2020-02-09,10000,A,NORM,Normal,0,2026-04-20,Cashback Card,3360.19,6254.43,M,1966-10-25,Primary,100429,,0.0,75,,,,NORM,0,430
6,Assiut,2023-05-07,15000,A,NORM,Normal,0,2026-04-19,Gold Credit Card,2671.84,12214.19,F,1963-07-26,Primary,100430,,0.0,36,,,,NORM,0,431
6,Assiut,2023-05-07,15000,A,NORM,Normal,0,2026-04-27,Titanium Credit Card,2686.9,12247.3,F,1963-07-26,Primary,100430,,0.0,36,,,,NORM,0,431
4,Mansoura,2022-08-01,5000,A,NORM,Normal,0,2026-04-28,Classic Credit Card,2334.39,2608.18,F,1961-06-12,Secondary,100431,,0.0,45,,,,NORM,0,432
4,Mansoura,2022-08-01,5000,A,NORM,Normal,0,2026-04-25,Titanium Credit Card,414.37,4223.18,F,1961-06-12,Secondary,100431,,0.0,45,,,,NORM,0,432
4,Mansoura,2022-08-01,5000,A,NORM,Normal,0,2026-04-18,Platinum Credit Card,882.03,4100.09,F,1961-06-12,Secondary,100431,,0.0,45,,,,NORM,0,432
8,Zagazig,2020-10-07,75000,A,NORM,Normal,0,2026-04-20,Titanium Credit Card,12561.96,62089.28,M,1999-10-25,Primary,100432,,0.0,67,,,,NORM,0,433
8,Zagazig,2020-10-07,75000,A,NORM,Normal,0,2026-04-27,Travel Rewards Card,-4662.38,70237.59,M,1999-10-25,Primary,100432,,0.0,67,,,,NORM,0,433
1,Cairo Main,2020-10-03,150000,A,NORM,Normal,0,2026-04-26,World Elite Card,100551.84,49175.29,M,1999-05-17,Primary,100433,,0.0,67,,,,NORM,0,434
5,Tanta,2021-03-17,100000,A,NORM,Normal,0,2026-04-18,World Elite Card,44343.85,55296.54,F,1994-09-14,Primary,100434,,0.0,62,,,,NORM,0,435
3,Alexandria,2024-07-25,150000,A,NORM,Normal,0,2026-04-28,Platinum Credit Card,105605.84,44279.04,M,1994-12-06,Primary,100435,,0.0,21,,,,NORM,0,436
2,Giza,2021-08-20,15000,A,30DD,30 Days Delinquent,30,2026-04-28,Cashback Card,7671.54,7001.02,M,1971-03-21,Primary,100436,,5388.29,57,,,,30DD,0,437
10,Suez,2022-04-01,150000,A,NORM,Normal,0,2026-04-28,World Elite Card,27350.19,122620.35,M,1967-03-04,Primary,100437,,0.0,49,,,,NORM,0,438
1,Cairo Main,2021-06-15,30000,A,NORM,Normal,0,2026-04-27,Classic Credit Card,16666.48,12862.77,M,1978-10-27,Primary,100438,,0.0,59,,,,NORM,0,439
8,Zagazig,2023-08-05,150000,A,NORM,Normal,0,2026-04-22,Platinum Credit Card,86254.76,63487.07,F,1982-04-28,Primary,100439,,0.0,33,,,,NORM,0,440
10,Suez,2018-01-27,20000,A,NORM,Normal,0,2026-04-20,Cashback Card,10414.3,9133.77,M,1986-12-02,Primary,100440,,0.0,100,,,,NORM,0,441
3,Alexandria,2018-05-13,200000,A,NORM,Normal,0,2026-04-23,World Elite Card,128615.55,70974.04,F,1998-04-20,Secondary,100441,,0.0,97,,,,NORM,0,442
10,Suez,2024-09-02,200000,A,NORM,Normal,0,2026-04-19,Platinum Credit Card,91834.73,107810.35,M,1989-08-24,Primary,100442,,0.0,20,,,,NORM,0,443
7,Luxor,2018-10-05,75000,A,NEW,New,0,2026-04-26,Titanium Credit Card,35710.5,38850.14,F,1996-10-17,Primary,100443,,0.0,92,,,,NEW,0,444
4,Mansoura,2020-05-06,200000,A,NORM,Normal,0,2026-05-01,World Elite Card,126756.17,73009.67,F,1991-03-19,Primary,100444,,0.0,72,,,,NORM,0,445
9,Ismailia,2024-12-27,50000,A,NORM,Normal,0,2026-04-17,Titanium Credit Card,21128.55,28613.12,M,1985-10-19,Secondary,100445,,0.0,16,,,,NORM,0,446
4,Mansoura,2019-04-30,5000,A,NORM,Normal,0,2026-04-24,Classic Credit Card,-484.02,4170.4,F,1960-01-26,Primary,100446,,0.0,85,,,,NORM,0,447
9,Ismailia,2020-05-19,5000,A,NORM,Normal,0,2026-04-28,Gold Credit Card,3146.73,1410.06,F,1996-02-27,Primary,100447,,0.0,72,,,,NORM,0,448
2,Giza,2021-09-27,50000,A,NORM,Normal,0,2026-04-18,Platinum Credit Card,4366.78,45352.26,F,1990-10-06,Secondary,100448,,0.0,55,,,,NORM,0,449
2,Giza,2021-09-27,50000,A,NORM,Normal,0,2026-04-27,Gold Credit Card,15337.19,34580.82,F,1990-10-06,Secondary,100448,,0.0,55,,,,NORM,0,449
8,Zagazig,2023-03-02,150000,A,60DA,60 Days Delinquent,60,2026-04-30,Platinum Credit Card,100525.98,49134.42,F,1966-12-20,Primary,100449,,34631.37,38,,,,60DA,0,450
9,Ismailia,2020-05-03,200000,A,NORM,Normal,0,2026-04-29,Platinum Credit Card,161328.12,38196.33,M,1960-11-02,Primary,100450,,0.0,72,,,,NORM,0,451
9,Ismailia,2020-05-03,200000,A,NORM,Normal,0,2026-04-26,Travel Rewards Card,36882.38,162780.92,M,1960-11-02,Primary,100450,,0.0,72,,,,NORM,0,451
3,Alexandria,2024-10-16,75000,A,NORM,Normal,0,2026-04-18,Titanium Credit Card,71203.52,3600.94,F,1985-08-11,Primary,100451,,0.0,18,,,,NORM,0,452
6,Assiut,2021-05-24,20000,A,NORM,Normal,0,2026-04-20,Classic Credit Card,2799.06,16798.79,M,1980-04-09,Secondary,100452,,0.0,60,,,,NORM,0,453
1,Cairo Main,2023-05-31,150000,A,NORM,Normal,0,2026-04-21,Platinum Credit Card,48693.42,100807.89,M,1995-11-04,Primary,100453,,0.0,35,,,,NORM,0,454
3,Alexandria,2018-05-30,100000,A,NORM,Normal,0,2026-04-30,World Elite Card,-7216.55,92764.99,M,1969-03-15,Primary,100454,,0.0,96,,,,NORM,0,455
3,Alexandria,2018-05-30,100000,A,NORM,Normal,0,2026-04-30,Travel Rewards Card,55702.02,44204.57,M,1969-03-15,Primary,100454,,0.0,96,,,,NORM,0,455
9,Ismailia,2021-07-03,5000,A,60DA,60 Days Delinquent,60,2026-04-22,Gold Credit Card,1446.54,3337.92,M,1994-05-15,Primary,100455,,1237.49,58,,,,60DA,0,456
9,Ismailia,2021-07-03,5000,A,NORM,Normal,0,2026-05-01,Cashback Card,871.56,3919.55,M,1994-05-15,Primary,100455,,0.0,58,,,,NORM,0,456
8,Zagazig,2019-04-27,30000,A,NORM,Normal,0,2026-04-19,Classic Credit Card,20675.13,9032.69,M,1990-02-07,Primary,100456,,0.0,85,,,,NORM,0,457
6,Assiut,2019-08-03,30000,A,NORM,Normal,0,2026-04-25,Classic Credit Card,16855.96,13089.26,F,1972-02-27,Primary,100457,,0.0,82,,,,NORM,0,458
1,Cairo Main,2018-07-26,10000,A,NORM,Normal,0,2026-04-17,Gold Credit Card,5404.1,4477.39,F,1981-02-11,Primary,100458,,0.0,94,,,,NORM,0,459
4,Mansoura,2023-12-26,10000,A,NORM,Normal,0,2026-04-18,Classic Credit Card,9034.44,918.77,F,1991-12-24,Primary,100459,,0.0,28,,,,NORM,0,460
4,Mansoura,2019-08-12,200000,A,NORM,Normal,0,2026-04-25,Platinum Credit Card,183499.36,16002.23,F,1970-01-14,Primary,100460,,0.0,81,,,,NORM,0,461
4,Mansoura,2019-08-12,200000,A,NORM,Normal,0,2026-04-17,Business Credit Card,162867.68,36763.41,F,1970-01-14,Primary,100460,,0.0,81,,,,NORM,0,461
4,Mansoura,2019-08-12,200000,A,30DD,30 Days Delinquent,30,2026-04-24,Travel Rewards Card,160531.6,39021.83,F,1970-01-14,Primary,100460,,74684.95,81,,,,30DD,0,461
2,Giza,2023-05-15,100000,A,NORM,Normal,0,2026-04-16,Platinum Credit Card,85255.21,14271.38,M,1975-10-07,Primary,100461,,0.0,36,,,,NORM,0,462
9,Ismailia,2018-10-18,30000,A,NORM,Normal,0,2026-04-25,Cashback Card,23785.23,5773.53,M,1989-02-17,Primary,100462,,0.0,91,,,,NORM,0,463
2,Giza,2020-05-02,200000,A,NORM,Normal,0,2026-04-16,Platinum Credit Card,-4247.72,195594.54,M,1975-04-14,Primary,100463,,0.0,73,,,,NORM,0,464
2,Giza,2020-05-02,200000,A,NORM,Normal,0,2026-04-17,Travel Rewards Card,8692.22,191307.26,M,1975-04-14,Primary,100463,,0.0,73,,,,NORM,0,464
8,Zagazig,2024-08-22,200000,A,NORM,Normal,0,2026-05-01,World Elite Card,130193.43,69702.83,F,1965-02-16,Secondary,100464,,0.0,20,,,,NORM,0,465
2,Giza,2024-09-08,75000,A,NORM,Normal,0,2026-04-24,Platinum Credit Card,3785.41,70781.87,M,1990-10-01,Secondary,100465,,0.0,20,,,,NORM,0,466
3,Alexandria,2023-12-17,30000,A,NORM,Normal,0,2026-04-17,Gold Credit Card,21205.71,8789.48,F,1980-04-26,Primary,100466,,0.0,28,,,,NORM,0,467
6,Assiut,2024-07-14,5000,A,NORM,Normal,0,2026-04-19,Gold Credit Card,2307.54,2294.05,M,1964-01-02,Primary,100467,,0.0,21,,,,NORM,0,468
6,Assiut,2024-07-14,5000,A,NORM,Normal,0,2026-04-30,Business Credit Card,4120.26,749.37,M,1964-01-02,Primary,100467,,0.0,21,,,,NORM,0,468
6,Assiut,2024-07-14,5000,A,NORM,Normal,0,2026-04-29,Titanium Credit Card,1016.88,3647.42,M,1964-01-02,Primary,100467,,0.0,21,,,,NORM,0,468
2,Giza,2021-03-01,5000,A,NORM,Normal,0,2026-04-17,Cashback Card,156.97,4758.58,F,1998-08-19,Primary,100468,,0.0,62,,,,NORM,0,469
4,Mansoura,2019-12-12,100000,A,NORM,Normal,0,2026-04-26,Platinum Credit Card,25750.11,73859.63,M,1989-09-19,Primary,100469,,0.0,77,,,,NORM,0,470
1,Cairo Main,2018-03-06,15000,A,NORM,Normal,0,2026-04-18,Business Credit Card,11876.77,2861.62,M,1963-03-21,Primary,100470,,0.0,99,,,,NORM,0,471
10,Suez,2024-12-27,15000,A,NORM,Normal,0,2026-04-19,Cashback Card,738.31,14216.18,F,1979-02-04,Primary,100471,,0.0,16,,,,NORM,0,472
1,Cairo Main,2023-08-03,20000,A,NORM,Normal,0,2026-04-25,Cashback Card,16967.74,2595.49,M,1985-12-03,Primary,100472,,0.0,33,,,,NORM,0,473
10,Suez,2018-11-24,15000,A,NORM,Normal,0,2026-04-29,Gold Credit Card,5584.17,9278.62,F,1981-08-07,Primary,100473,,0.0,90,,,,NORM,0,474
10,Suez,2018-11-24,15000,A,NORM,Normal,0,2026-04-22,Cashback Card,7022.26,7699.51,F,1981-08-07,Primary,100473,,0.0,90,,,,NORM,0,474
10,Suez,2018-11-24,15000,A,NORM,Normal,0,2026-04-24,Classic Credit Card,9778.59,5109.11,F,1981-08-07,Primary,100473,,0.0,90,,,,NORM,0,474
10,Suez,2024-11-16,5000,A,NORM,Normal,0,2026-04-17,Classic Credit Card,-305.77,4209.65,F,1974-01-06,Primary,100474,,0.0,17,,,,NORM,0,475
6,Assiut,2021-04-21,30000,A,NORM,Normal,0,2026-04-28,Cashback Card,11737.11,18109.91,F,1995-10-22,Primary,100475,,0.0,61,,,,NORM,0,476
3,Alexandria,2018-07-31,30000,A,NORM,Normal,0,2026-04-22,Gold Credit Card,5030.21,24614.55,M,1985-09-11,Secondary,100476,,0.0,94,,,,NORM,0,477
3,Alexandria,2021-02-24,30000,A,NORM,Normal,0,2026-04-25,Classic Credit Card,12346.86,17184.72,M,1987-08-16,Primary,100477,,0.0,63,,,,NORM,0,478
5,Tanta,2020-08-25,100000,A,NORM,Normal,0,2026-04-26,World Elite Card,59140.68,40700.65,M,1995-02-06,Secondary,100478,,0.0,69,,,,NORM,0,479
5,Tanta,2020-08-25,100000,A,NORM,Normal,0,2026-04-18,Travel Rewards Card,41653.62,57978.81,M,1995-02-06,Secondary,100478,,0.0,69,,,,NORM,0,479
4,Mansoura,2022-12-08,15000,A,NORM,Normal,0,2026-04-17,Gold Credit Card,13390.47,1395.93,M,1989-08-20,Primary,100479,,0.0,41,,,,NORM,0,480
8,Zagazig,2023-05-05,150000,A,NORM,Normal,0,2026-04-27,Platinum Credit Card,33893.29,115739.19,M,1973-07-08,Primary,100480,,0.0,36,,,,NORM,0,481
5,Tanta,2023-01-13,75000,A,NORM,Normal,0,2026-04-22,Platinum Credit Card,56916.41,17958.32,F,1995-10-07,Primary,100481,,0.0,40,,,,NORM,0,482
5,Tanta,2023-01-13,75000,A,NORM,Normal,0,2026-04-25,Cashback Card,-6101.2,68782.52,F,1995-10-07,Primary,100481,,0.0,40,,,,NORM,0,482
5,Tanta,2023-01-13,75000,A,NEW,New,0,2026-05-01,Travel Rewards Card,51287.12,23524.37,F,1995-10-07,Primary,100481,,0.0,40,,,,NEW,0,482
5,Tanta,2024-07-20,75000,A,90DA,90 Days Delinquent,90,2026-04-19,Platinum Credit Card,15669.31,59065.16,F,1989-05-08,Primary,100482,,44841.24,21,,,,90DA,0,483
5,Tanta,2024-07-20,75000,A,90DA,90 Days Delinquent,90,2026-04-25,Travel Rewards Card,6935.53,67786.52,F,1989-05-08,Primary,100482,,40204.56,21,,,,90DA,0,483
9,Ismailia,2018-02-04,10000,A,NORM,Normal,0,2026-04-22,Cashback Card,8366.31,1234.74,F,1960-06-22,Primary,100483,,0.0,100,,,,NORM,0,484
4,Mansoura,2018-04-08,200000,A,NORM,Normal,0,2026-04-24,World Elite Card,88441.02,111087.07,M,1961-07-11,Secondary,100484,,0.0,98,,,,NORM,0,485
10,Suez,2020-01-27,10000,A,NORM,Normal,0,2026-04-27,Gold Credit Card,9460.59,134.72,F,1996-01-11,Primary,100485,,0.0,76,,,,NORM,0,486
3,Alexandria,2018-10-31,30000,A,NORM,Normal,0,2026-04-25,Gold Credit Card,4921.32,24941.99,F,1995-01-08,Primary,100486,,0.0,91,,,,NORM,0,487
4,Mansoura,2022-05-28,15000,A,NORM,Normal,0,2026-04-22,Business Credit Card,201.8,14472.9,M,1987-05-18,Secondary,100487,,0.0,47,,,,NORM,0,488
1,Cairo Main,2018-10-16,200000,A,NORM,Normal,0,2026-04-27,Gold Credit Card,76149.8,123392.76,F,1963-04-09,Primary,100488,,0.0,91,,,,NORM,0,489
1,Cairo Main,2018-10-16,200000,A,NORM,Normal,0,2026-04-30,World Elite Card,54664.67,144998.67,F,1963-04-09,Primary,100488,,0.0,91,,,,NORM,0,489
10,Suez,2023-10-13,100000,A,NORM,Normal,0,2026-04-21,Business Credit Card,36878.3,62955.23,M,1960-03-01,Primary,100489,,0.0,31,,,,NORM,0,490
10,Suez,2022-01-10,50000,A,NORM,Normal,0,2026-04-19,Platinum Credit Card,20418.51,29127.59,F,1984-01-05,Primary,100490,,0.0,52,,,,NORM,0,491
4,Mansoura,2024-03-21,5000,A,NORM,Normal,0,2026-04-29,Gold Credit Card,1560.42,3213.41,F,1967-12-03,Primary,100491,,0.0,25,,,,NORM,0,492
3,Alexandria,2020-03-01,5000,A,60DA,60 Days Delinquent,60,2026-04-18,Gold Credit Card,1976.75,2980.98,F,1961-08-07,Primary,100492,,1390.72,75,,,,60DA,0,493
1,Cairo Main,2018-08-18,50000,A,NORM,Normal,0,2026-04-26,Platinum Credit Card,11589.39,38202.74,M,1975-03-21,Primary,100493,,0.0,93,,,,NORM,0,494
1,Cairo Main,2019-08-03,100000,A,NORM,Normal,0,2026-04-26,World Elite Card,15418.09,84431.04,M,1992-12-27,Primary,100494,,0.0,82,,,,NORM,0,495
2,Giza,2024-11-08,15000,A,NORM,Normal,0,2026-04-29,Classic Credit Card,10227.14,4535.82,M,1980-06-18,Primary,100495,,0.0,17,,,,NORM,0,496
6,Assiut,2022-07-05,50000,A,NEW,New,0,2026-04-19,Platinum Credit Card,-3452.16,46301.54,M,1996-05-26,Primary,100496,,0.0,46,,,,NEW,0,497
6,Assiut,2022-07-05,50000,A,NEW,New,0,2026-04-18,Gold Credit Card,-1839.72,47747.68,M,1996-05-26,Primary,100496,,0.0,46,,,,NEW,0,497
6,Assiut,2022-07-05,50000,A,NORM,Normal,0,2026-04-18,Travel Rewards Card,42508.57,7153.0,M,1996-05-26,Primary,100496,,0.0,46,,,,NORM,0,497
3,Alexandria,2022-08-28,15000,A,NORM,Normal,0,2026-04-16,Gold Credit Card,2428.15,12168.27,M,1993-12-24,Primary,100497,,0.0,44,,,,NORM,0,498
3,Alexandria,2023-06-18,10000,A,NORM,Normal,0,2026-04-28,Classic Credit Card,407.69,9443.48,F,1960-09-13,Primary,100498,,0.0,34,,,,NORM,0,499
5,Tanta,2023-01-19,75000,A,NORM,Normal,0,2026-04-27,Platinum Credit Card,7719.56,67144.17,M,1983-06-19,Primary,100499,,0.0,39,,,,NORM,0,500
5,Tanta,2023-01-19,75000,A,NORM,Normal,0,2026-04-18,Business Credit Card,25429.38,49392.58,M,1983-06-19,Primary,100499,,0.0,39,,,,NORM,0,500
5,Tanta,2023-01-19,75000,A,NORM,Normal,0,2026-04-26,Travel Rewards Card,10041.7,64624.49,M,1983-06-19,Primary,100499,,0.0,39,,,,NORM,0,500
7,Luxor,2024-04-03,20000,A,NORM,Normal,0,2026-04-22,Cashback Card,5162.04,14425.49,F,1960-03-15,Secondary,100500,,0.0,25,,,,NORM,0,501
4,Mansoura,2020-05-02,30000,A,60DA,60 Days Delinquent,60,2026-04-20,Classic Credit Card,20813.56,8701.25,M,1980-10-27,Primary,100501,,4819.03,73,,,,60DA,0,502
6,Assiut,2020-05-08,75000,A,NORM,Normal,0,2026-04-23,Titanium Credit Card,15998.9,58531.55,M,1972-10-14,Secondary,100502,,0.0,72,,,,NORM,0,503
1,Cairo Main,2023-10-11,10000,A,NORM,Normal,0,2026-04-25,Cashback Card,8297.12,1455.44,M,1981-10-04,Primary,100503,,0.0,31,,,,NORM,0,504
1,Cairo Main,2023-10-11,10000,A,60DA,60 Days Delinquent,60,2026-04-17,Titanium Credit Card,6433.15,3083.45,M,1981-10-04,Primary,100503,,874.34,31,,,,60DA,0,504
2,Giza,2020-07-21,10000,A,NORM,Normal,0,2026-04-24,Classic Credit Card,5370.15,4212.44,F,1974-08-18,Primary,100504,,0.0,70,,,,NORM,0,505
2,Giza,2020-07-21,10000,A,NORM,Normal,0,2026-04-20,Cashback Card,6588.29,2978.64,F,1974-08-18,Primary,100504,,0.0,70,,,,NORM,0,505
3,Alexandria,2024-11-01,100000,A,NORM,Normal,0,2026-05-01,World Elite Card,18499.03,81014.77,F,1969-09-11,Secondary,100505,,0.0,18,,,,NORM,0,506
3,Alexandria,2024-05-18,5000,A,NORM,Normal,0,2026-04-21,Gold Credit Card,3118.13,1648.8,M,1961-06-09,Primary,100506,,0.0,23,,,,NORM,0,507
10,Suez,2024-11-09,15000,A,NORM,Normal,0,2026-04-23,Classic Credit Card,1283.65,13576.2,F,1967-01-12,Secondary,100507,,0.0,17,,,,NORM,0,508
10,Suez,2024-11-09,15000,A,NORM,Normal,0,2026-04-30,Cashback Card,-1383.32,13267.24,F,1967-01-12,Secondary,100507,,0.0,17,,,,NORM,0,508
10,Suez,2024-11-09,15000,A,NORM,Normal,0,2026-04-26,Travel Rewards Card,1639.97,12911.45,F,1967-01-12,Secondary,100507,,0.0,17,,,,NORM,0,508
7,Luxor,2020-10-07,20000,A,NORM,Normal,0,2026-04-17,Classic Credit Card,14909.53,5038.67,M,1993-01-08,Primary,100508,,0.0,67,,,,NORM,0,509
8,Zagazig,2023-08-28,5000,A,NORM,Normal,0,2026-04-19,Gold Credit Card,2319.34,2509.97,F,1992-11-25,Primary,100509,,0.0,32,,,,NORM,0,510
7,Luxor,2019-06-28,50000,A,NORM,Normal,0,2026-04-16,Platinum Credit Card,6110.45,43423.35,F,1969-10-11,Primary,100510,,0.0,83,,,,NORM,0,511
10,Suez,2023-02-07,100000,A,NORM,Normal,0,2026-04-28,Platinum Credit Card,63363.33,36145.99,M,1961-02-03,Secondary,100511,,0.0,39,,,,NORM,0,512
10,Suez,2023-02-07,100000,A,NORM,Normal,0,2026-04-19,Travel Rewards Card,71351.88,28587.98,M,1961-02-03,Secondary,100511,,0.0,39,,,,NORM,0,512
6,Assiut,2018-05-14,30000,A,NORM,Normal,0,2026-04-19,Cashback Card,19773.87,9904.61,F,1983-10-25,Primary,100512,,0.0,96,,,,NORM,0,513
6,Assiut,2018-05-14,30000,A,NORM,Normal,0,2026-04-26,World Elite Card,12819.56,17090.36,F,1983-10-25,Primary,100512,,0.0,96,,,,NORM,0,513
6,Assiut,2018-07-31,10000,A,NORM,Normal,0,2026-04-30,Cashback Card,5848.66,3706.45,F,1999-10-31,Primary,100513,,0.0,94,,,,NORM,0,514
9,Ismailia,2020-04-18,15000,A,NORM,Normal,0,2026-04-20,Classic Credit Card,4680.66,10097.78,M,1991-10-26,Primary,100514,,0.0,73,,,,NORM,0,515
6,Assiut,2023-08-25,75000,A,NORM,Normal,0,2026-04-27,Titanium Credit Card,28418.21,46396.49,F,1971-12-29,Primary,100515,,0.0,32,,,,NORM,0,516
9,Ismailia,2023-12-23,30000,A,NORM,Normal,0,2026-04-29,Cashback Card,28423.43,1184.0,F,1990-06-05,Primary,100516,,0.0,28,,,,NORM,0,517
5,Tanta,2019-03-24,15000,A,NORM,Normal,0,2026-04-28,Classic Credit Card,2455.37,12409.94,M,1963-06-14,Primary,100517,,0.0,86,,,,NORM,0,518
7,Luxor,2024-01-27,15000,A,NORM,Normal,0,2026-04-28,Business Credit Card,3456.35,11047.71,F,1990-08-11,Primary,100518,,0.0,27,,,,NORM,0,519
9,Ismailia,2021-10-07,75000,A,NORM,Normal,0,2026-05-01,Titanium Credit Card,27513.48,47095.43,F,1988-12-01,Primary,100519,,0.0,55,,,,NORM,0,520
5,Tanta,2020-11-30,20000,A,NORM,Normal,0,2026-04-28,Business Credit Card,6976.2,12690.07,M,1967-09-14,Primary,100520,,0.0,65,,,,NORM,0,521
10,Suez,2024-01-02,30000,A,NORM,Normal,0,2026-04-25,Cashback Card,9322.68,20245.52,M,1967-03-19,Primary,100521,,0.0,28,,,,NORM,0,522
10,Suez,2024-01-02,30000,A,NEW,New,0,2026-04-20,Business Credit Card,2082.6,27756.2,M,1967-03-19,Primary,100521,,0.0,28,,,,NEW,0,522
10,Suez,2024-01-02,30000,A,NORM,Normal,0,2026-04-29,Travel Rewards Card,20238.49,9399.29,M,1967-03-19,Primary,100521,,0.0,28,,,,NORM,0,522
3,Alexandria,2020-12-02,50000,A,NORM,Normal,0,2026-04-29,Platinum Credit Card,44767.02,4883.93,M,1979-10-11,Primary,100522,,0.0,65,,,,NORM,0,523
9,Ismailia,2019-05-13,5000,A,NORM,Normal,0,2026-04-17,Classic Credit Card,2677.84,1897.62,F,1973-07-11,Primary,100523,,0.0,84,,,,NORM,0,524
9,Ismailia,2019-05-13,5000,A,NORM,Normal,0,2026-04-27,Titanium Credit Card,3190.13,1569.83,F,1973-07-11,Primary,100523,,0.0,84,,,,NORM,0,524
9,Ismailia,2019-05-13,5000,A,NORM,Normal,0,2026-04-21,Platinum Credit Card,-284.16,4266.35,F,1973-07-11,Primary,100523,,0.0,84,,,,NORM,0,524
5,Tanta,2024-06-07,15000,A,NORM,Normal,0,2026-04-24,Gold Credit Card,12902.38,2001.13,M,1993-10-30,Primary,100524,,0.0,23,,,,NORM,0,525
5,Tanta,2024-06-07,15000,A,NORM,Normal,0,2026-04-22,Cashback Card,5104.87,9469.27,M,1993-10-30,Primary,100524,,0.0,23,,,,NORM,0,525
5,Tanta,2022-07-04,200000,A,NEW,New,0,2026-04-25,World Elite Card,86629.4,113312.06,M,1961-02-10,Primary,100525,,0.0,46,,,,NEW,0,526
4,Mansoura,2018-12-09,150000,A,NORM,Normal,0,2026-05-01,World Elite Card,120361.06,29258.26,F,1961-01-04,Primary,100526,,0.0,90,,,,NORM,0,527
1,Cairo Main,2022-01-18,75000,A,NORM,Normal,0,2026-04-27,Platinum Credit Card,-5687.28,69242.42,M,1989-11-28,Primary,100527,,0.0,52,,,,NORM,0,528
1,Cairo Main,2022-01-18,75000,A,NORM,Normal,0,2026-04-17,Titanium Credit Card,52062.36,22892.85,M,1989-11-28,Primary,100527,,0.0,52,,,,NORM,0,528
8,Zagazig,2024-04-16,10000,A,NORM,Normal,0,2026-04-16,Gold Credit Card,6992.73,2691.92,M,1999-03-21,Secondary,100528,,0.0,24,,,,NORM,0,529
8,Zagazig,2024-04-16,10000,A,NORM,Normal,0,2026-04-28,World Elite Card,5046.44,4584.63,M,1999-03-21,Secondary,100528,,0.0,24,,,,NORM,0,529
3,Alexandria,2024-08-02,200000,A,30DD,30 Days Delinquent,30,2026-04-30,Platinum Credit Card,25261.41,174663.08,F,1997-06-24,Primary,100529,,71249.43,21,,,,30DD,0,530
2,Giza,2022-08-05,30000,A,NEW,New,0,2026-04-20,Gold Credit Card,21601.68,7923.0,M,1960-04-18,Secondary,100530,,0.0,45,,,,NEW,0,531
8,Zagazig,2021-05-21,200000,A,NORM,Normal,0,2026-04-19,Platinum Credit Card,69420.43,130362.28,M,1961-11-22,Primary,100531,,0.0,60,,,,NORM,0,532
2,Giza,2021-03-24,75000,A,30DD,30 Days Delinquent,30,2026-04-23,Platinum Credit Card,-4497.9,70138.4,F,1989-04-30,Primary,100532,,38544.19,62,,,,30DD,0,533
6,Assiut,2023-05-23,200000,A,NORM,Normal,0,2026-04-23,Platinum Credit Card,-3358.63,196291.0,M,1986-01-24,Secondary,100533,,0.0,35,,,,NORM,0,534
6,Assiut,2023-05-23,200000,A,NORM,Normal,0,2026-04-28,Business Credit Card,-19795.84,180025.3,M,1986-01-24,Secondary,100533,,0.0,35,,,,NORM,0,534
1,Cairo Main,2021-08-02,100000,A,NORM,Normal,0,2026-04-27,World Elite Card,85552.15,14275.83,F,1966-07-22,Primary,100534,,0.0,57,,,,NORM,0,535
5,Tanta,2023-12-10,10000,A,NORM,Normal,0,2026-04-30,Cashback Card,3976.75,5655.55,M,1973-01-30,Primary,100535,,0.0,29,,,,NORM,0,536
5,Tanta,2022-01-24,10000,A,NORM,Normal,0,2026-04-27,Classic Credit Card,2982.39,6984.73,F,1990-09-30,Primary,100536,,0.0,51,,,,NORM,0,537
6,Assiut,2019-02-24,20000,A,NORM,Normal,0,2026-04-19,Classic Credit Card,5740.97,13972.06,F,1967-04-25,Secondary,100537,,0.0,87,,,,NORM,0,538
1,Cairo Main,2021-11-27,30000,A,NORM,Normal,0,2026-05-01,Gold Credit Card,-2140.19,27420.75,F,1981-07-05,Primary,100538,,0.0,53,,,,NORM,0,539
3,Alexandria,2019-08-07,20000,A,NORM,Normal,0,2026-04-18,Classic Credit Card,16770.78,2817.13,M,1998-06-08,Primary,100539,,0.0,81,,,,NORM,0,540
1,Cairo Main,2019-03-18,5000,A,NORM,Normal,0,2026-04-23,Gold Credit Card,603.61,4246.7,M,1968-10-22,Primary,100540,,0.0,86,,,,NORM,0,541
2,Giza,2020-04-21,200000,A,NORM,Normal,0,2026-04-28,Platinum Credit Card,6480.73,193517.78,M,1986-12-29,Secondary,100541,,0.0,73,,,,NORM,0,542
6,Assiut,2019-10-20,150000,A,NORM,Normal,0,2026-04-24,World Elite Card,111644.86,37862.91,M,1975-10-19,Primary,100542,,0.0,79,,,,NORM,0,543
3,Alexandria,2024-01-10,5000,A,NORM,Normal,0,2026-05-01,Cashback Card,4567.47,60.02,M,1993-10-27,Primary,100543,,0.0,28,,,,NORM,0,544
3,Alexandria,2024-01-10,5000,A,NORM,Normal,0,2026-04-21,Business Credit Card,2628.68,2349.71,M,1993-10-27,Primary,100543,,0.0,28,,,,NORM,0,544
3,Alexandria,2024-01-10,5000,A,90DA,90 Days Delinquent,90,2026-04-30,Travel Rewards Card,10.66,4787.08,M,1993-10-27,Primary,100543,,2330.55,28,,,,90DA,0,544
6,Assiut,2022-10-04,20000,A,NEW,New,0,2026-04-22,Classic Credit Card,11411.11,8363.66,F,1977-01-10,Primary,100544,,0.0,43,,,,NEW,0,545
6,Assiut,2021-03-26,150000,A,NEW,New,0,2026-05-01,Platinum Credit Card,74105.02,75710.18,F,1991-08-12,Primary,100545,,0.0,62,,,,NEW,0,546
4,Mansoura,2022-07-27,30000,A,NORM,Normal,0,2026-04-16,Classic Credit Card,15243.55,14409.64,M,1984-11-05,Primary,100546,,0.0,45,,,,NORM,0,547
7,Luxor,2023-11-11,10000,A,NORM,Normal,0,2026-04-21,Gold Credit Card,8107.46,1400.55,M,1979-08-26,Primary,100547,,0.0,30,,,,NORM,0,548
4,Mansoura,2022-07-14,10000,A,NORM,Normal,0,2026-04-25,Cashback Card,2976.68,6585.66,F,1986-09-08,Primary,100548,,0.0,46,,,,NORM,0,549
4,Mansoura,2022-07-14,10000,A,NORM,Normal,0,2026-04-27,Titanium Credit Card,-852.89,8648.8,F,1986-09-08,Primary,100548,,0.0,46,,,,NORM,0,549
8,Zagazig,2024-10-06,75000,A,NEW,New,0,2026-04-25,Business Credit Card,35011.59,39671.2,M,1989-11-26,Primary,100549,,0.0,19,,,,NEW,0,550
4,Mansoura,2019-07-06,5000,A,NORM,Normal,0,2026-04-16,Classic Credit Card,2357.74,2546.4,F,1988-03-09,Primary,100550,,0.0,83,,,,NORM,0,551
4,Mansoura,2019-07-06,5000,A,NORM,Normal,0,2026-04-22,Cashback Card,-228.35,4288.07,F,1988-03-09,Primary,100550,,0.0,83,,,,NORM,0,551
5,Tanta,2024-12-27,10000,A,NORM,Normal,0,2026-04-29,Cashback Card,-353.73,9520.27,M,1987-11-25,Primary,100551,,0.0,16,,,,NORM,0,552
9,Ismailia,2024-01-31,50000,A,NORM,Normal,0,2026-04-23,Platinum Credit Card,-3822.83,45880.91,F,1971-09-27,Primary,100552,,0.0,27,,,,NORM,0,553
2,Giza,2023-07-03,150000,A,NORM,Normal,0,2026-04-19,Platinum Credit Card,-3676.27,146273.24,M,1985-07-08,Primary,100554,,0.0,34,,,,NORM,0,555
7,Luxor,2021-12-15,30000,A,NEW,New,0,2026-04-22,Cashback Card,-2925.81,26590.02,F,1987-09-03,Primary,100555,,0.0,53,,,,NEW,0,556
6,Assiut,2019-02-03,75000,A,NORM,Normal,0,2026-04-23,Platinum Credit Card,59463.56,15053.69,M,1977-01-26,Primary,100556,,0.0,88,,,,NORM,0,557
6,Assiut,2019-02-03,75000,A,NORM,Normal,0,2026-04-21,Titanium Credit Card,61381.58,13327.09,M,1977-01-26,Primary,100556,,0.0,88,,,,NORM,0,557
6,Assiut,2019-02-03,75000,A,NORM,Normal,0,2026-04-29,Classic Credit Card,37559.57,37367.38,M,1977-01-26,Primary,100556,,0.0,88,,,,NORM,0,557
2,Giza,2021-06-02,10000,A,NORM,Normal,0,2026-04-17,Cashback Card,631.34,8888.19,F,1998-12-23,Primary,100557,,0.0,59,,,,NORM,0,558
9,Ismailia,2020-12-28,5000,A,NEW,New,0,2026-04-27,Business Credit Card,-192.58,4712.04,F,1978-11-22,Primary,100558,,0.0,65,,,,NEW,0,559
2,Giza,2020-04-23,50000,A,NORM,Normal,0,2026-04-22,Business Credit Card,37331.24,12613.97,F,1990-12-28,Primary,100559,,0.0,73,,,,NORM,0,560
8,Zagazig,2018-11-05,150000,A,NORM,Normal,0,2026-04-21,World Elite Card,24453.03,125195.26,F,1988-07-03,Secondary,100560,,0.0,91,,,,NORM,0,561
10,Suez,2024-08-21,50000,A,NORM,Normal,0,2026-04-18,Titanium Credit Card,30530.18,19063.14,F,1964-04-01,Primary,100561,,0.0,20,,,,NORM,0,562
5,Tanta,2024-01-21,50000,A,NORM,Normal,0,2026-05-01,Titanium Credit Card,22103.9,27437.67,M,1979-06-02,Secondary,100562,,0.0,27,,,,NORM,0,563
10,Suez,2020-05-22,100000,A,NORM,Normal,0,2026-04-17,Platinum Credit Card,11738.31,87773.13,M,1982-05-23,Primary,100563,,0.0,72,,,,NORM,0,564
10,Suez,2020-05-22,100000,A,NORM,Normal,0,2026-04-24,Business Credit Card,93082.75,6604.43,M,1982-05-23,Primary,100563,,0.0,72,,,,NORM,0,564
10,Suez,2020-05-22,100000,A,NORM,Normal,0,2026-04-22,Travel Rewards Card,57949.17,41558.66,M,1982-05-23,Primary,100563,,0.0,72,,,,NORM,0,564
3,Alexandria,2021-05-14,75000,A,NORM,Normal,0,2026-05-01,Platinum Credit Card,14672.14,59882.4,F,1993-06-25,Secondary,100564,,0.0,60,,,,NORM,0,565
10,Suez,2022-07-21,20000,A,NORM,Normal,0,2026-05-01,Classic Credit Card,10657.76,9314.35,F,1970-08-04,Primary,100565,,0.0,46,,,,NORM,0,566
1,Cairo Main,2019-10-15,30000,A,NORM,Normal,0,2026-04-26,Gold Credit Card,-2766.64,26851.71,F,1969-01-22,Primary,100566,,0.0,79,,,,NORM,0,567
6,Assiut,2021-05-05,10000,A,NORM,Normal,0,2026-04-16,Cashback Card,4705.7,5095.67,M,1986-12-26,Primary,100567,,0.0,60,,,,NORM,0,568
6,Assiut,2021-05-05,10000,A,NORM,Normal,0,2026-04-28,Travel Rewards Card,4270.21,5637.28,M,1986-12-26,Primary,100567,,0.0,60,,,,NORM,0,568
2,Giza,2024-07-05,150000,A,NORM,Normal,0,2026-04-17,World Elite Card,43697.32,106262.9,M,1983-05-31,Primary,100568,,0.0,22,,,,NORM,0,569
10,Suez,2022-05-17,20000,A,NORM,Normal,0,2026-04-21,Classic Credit Card,13701.99,5923.22,F,1993-01-25,Primary,100569,,0.0,48,,,,NORM,0,570
1,Cairo Main,2023-12-26,50000,A,NORM,Normal,0,2026-04-18,Titanium Credit Card,13757.65,35755.02,F,1981-12-30,Secondary,100570,,0.0,28,,,,NORM,0,571
8,Zagazig,2022-02-15,30000,A,NORM,Normal,0,2026-04-22,Cashback Card,1427.67,28524.32,M,1992-02-07,Primary,100571,,0.0,51,,,,NORM,0,572
6,Assiut,2019-05-15,150000,A,NORM,Normal,0,2026-04-30,Platinum Credit Card,60528.4,89150.05,F,1996-06-07,Primary,100572,,0.0,84,,,,NORM,0,573
6,Assiut,2019-05-15,150000,A,NORM,Normal,0,2026-04-19,Travel Rewards Card,9399.28,140562.68,F,1996-06-07,Primary,100572,,0.0,84,,,,NORM,0,573
4,Mansoura,2019-10-19,100000,A,NORM,Normal,0,2026-04-21,Platinum Credit Card,58025.24,41615.26,F,1998-07-20,Primary,100573,,0.0,79,,,,NORM,0,574
4,Mansoura,2019-10-19,100000,A,NORM,Normal,0,2026-04-19,Travel Rewards Card,1677.48,97828.26,F,1998-07-20,Primary,100573,,0.0,79,,,,NORM,0,574
7,Luxor,2019-02-16,15000,A,NORM,Normal,0,2026-04-29,Gold Credit Card,-546.23,14423.54,F,1999-04-30,Primary,100574,,0.0,87,,,,NORM,0,575
3,Alexandria,2022-12-22,15000,A,NORM,Normal,0,2026-04-22,Cashback Card,281.66,14685.38,M,1988-04-07,Primary,100575,,0.0,40,,,,NORM,0,576
3,Alexandria,2024-08-30,75000,A,NORM,Normal,0,2026-05-01,Platinum Credit Card,29116.58,45644.36,F,1997-12-28,Primary,100576,,0.0,20,,,,NORM,0,577
7,Luxor,2020-01-16,75000,A,NORM,Normal,0,2026-04-16,Platinum Credit Card,44773.52,29917.9,F,1976-06-27,Primary,100577,,0.0,76,,,,NORM,0,578
7,Luxor,2020-01-16,75000,A,NORM,Normal,0,2026-04-17,Classic Credit Card,44521.76,30264.53,F,1976-06-27,Primary,100577,,0.0,76,,,,NORM,0,578
7,Luxor,2020-01-16,75000,A,30DD,30 Days Delinquent,30,2026-04-26,Travel Rewards Card,29751.31,44956.84,F,1976-06-27,Primary,100577,,43492.79,76,,,,30DD,0,578
7,Luxor,2022-10-23,200000,A,NORM,Normal,0,2026-04-20,Platinum Credit Card,71567.41,128042.7,M,1987-09-21,Primary,100578,,0.0,42,,,,NORM,0,579
8,Zagazig,2023-07-18,10000,A,NORM,Normal,0,2026-04-26,Classic Credit Card,3561.85,6293.17,F,1997-02-08,Primary,100579,,0.0,33,,,,NORM,0,580
8,Zagazig,2023-07-18,10000,A,NORM,Normal,0,2026-04-17,Business Credit Card,995.0,8722.63,F,1997-02-08,Primary,100579,,0.0,33,,,,NORM,0,580
10,Suez,2021-03-05,20000,A,NORM,Normal,0,2026-04-20,Classic Credit Card,16135.19,3615.26,F,1969-09-01,Primary,100580,,0.0,62,,,,NORM,0,581
6,Assiut,2023-02-20,10000,A,NORM,Normal,0,2026-04-16,Gold Credit Card,-0.92,9927.06,F,1986-02-23,Primary,100581,,0.0,38,,,,NORM,0,582
2,Giza,2024-03-31,5000,A,60DA,60 Days Delinquent,60,2026-04-24,Classic Credit Card,3344.17,1584.64,M,1964-04-10,Primary,100582,,2890.55,25,,,,60DA,0,583
7,Luxor,2022-06-05,50000,A,NORM,Normal,0,2026-04-24,Platinum Credit Card,2261.0,47357.02,F,1973-07-27,Secondary,100583,,0.0,47,,,,NORM,0,584
7,Luxor,2022-06-05,50000,A,NORM,Normal,0,2026-04-16,Titanium Credit Card,46287.38,3675.43,F,1973-07-27,Secondary,100583,,0.0,47,,,,NORM,0,584
7,Luxor,2022-06-05,50000,A,NORM,Normal,0,2026-04-28,Travel Rewards Card,41076.59,8632.3,F,1973-07-27,Secondary,100583,,0.0,47,,,,NORM,0,584
2,Giza,2023-12-13,75000,A,NORM,Normal,0,2026-04-28,Titanium Credit Card,49009.65,25825.1,F,1974-03-26,Secondary,100584,,0.0,29,,,,NORM,0,585
7,Luxor,2020-12-14,200000,A,NORM,Normal,0,2026-04-16,Platinum Credit Card,75267.12,124612.94,F,1972-09-09,Primary,100585,,0.0,65,,,,NORM,0,586
8,Zagazig,2020-02-13,15000,A,NORM,Normal,0,2026-04-22,Classic Credit Card,13238.55,1503.56,M,1962-05-21,Primary,100586,,0.0,75,,,,NORM,0,587
8,Zagazig,2022-12-14,50000,A,NORM,Normal,0,2026-04-22,Titanium Credit Card,4331.74,45248.0,M,1961-10-30,Primary,100587,,0.0,41,,,,NORM,0,588
3,Alexandria,2019-11-21,150000,A,NORM,Normal,0,2026-04-16,World Elite Card,118981.46,30795.55,M,1997-06-14,Primary,100588,,0.0,78,,,,NORM,0,589
8,Zagazig,2019-01-22,50000,A,NORM,Normal,0,2026-04-29,Platinum Credit Card,30177.96,19643.55,M,1990-05-13,Secondary,100589,,0.0,88,,,,NORM,0,590
2,Giza,2023-05-20,100000,A,60DA,60 Days Delinquent,60,2026-04-27,World Elite Card,78726.02,21009.67,F,1980-08-23,Primary,100590,,38111.87,35,,,,60DA,0,591
4,Mansoura,2018-07-19,30000,A,NORM,Normal,0,2026-04-24,Classic Credit Card,21376.79,8322.02,F,1998-09-21,Primary,100591,,0.0,94,,,,NORM,0,592
4,Mansoura,2018-07-19,30000,A,NORM,Normal,0,2026-04-19,Cashback Card,9789.44,19996.68,F,1998-09-21,Primary,100591,,0.0,94,,,,NORM,0,592
2,Giza,2020-05-02,15000,A,NORM,Normal,0,2026-04-26,Gold Credit Card,338.46,14392.26,F,1960-12-02,Primary,100592,,0.0,73,,,,NORM,0,593
2,Giza,2020-05-02,15000,A,NORM,Normal,0,2026-04-18,Cashback Card,8652.71,6199.37,F,1960-12-02,Primary,100592,,0.0,73,,,,NORM,0,593
10,Suez,2022-01-10,10000,A,NORM,Normal,0,2026-04-24,Gold Credit Card,2062.68,7587.19,F,1965-11-21,Primary,100593,,0.0,52,,,,NORM,0,594
2,Giza,2022-09-27,50000,A,NORM,Normal,0,2026-04-21,Titanium Credit Card,28630.86,20954.37,F,1993-12-07,Secondary,100594,,0.0,43,,,,NORM,0,595
8,Zagazig,2023-11-20,10000,A,NORM,Normal,0,2026-04-20,Classic Credit Card,1991.45,7598.82,M,1983-08-26,Secondary,100595,,0.0,29,,,,NORM,0,596
9,Ismailia,2021-04-25,200000,A,NORM,Normal,0,2026-04-30,World Elite Card,75922.15,123674.27,F,1979-03-09,Primary,100596,,0.0,61,,,,NORM,0,597
5,Tanta,2020-11-09,200000,A,NORM,Normal,0,2026-04-25,World Elite Card,-8393.34,191452.29,M,1975-12-11,Secondary,100597,,0.0,66,,,,NORM,0,598
5,Tanta,2020-11-09,200000,A,NORM,Normal,0,2026-04-27,Travel Rewards Card,81836.14,118111.92,M,1975-12-11,Secondary,100597,,0.0,66,,,,NORM,0,598
7,Luxor,2021-05-04,50000,A,60DA,60 Days Delinquent,60,2026-04-19,Cashback Card,25856.91,24088.87,M,1999-04-30,Primary,100598,,5911.43,60,,,,60DA,0,599
7,Luxor,2021-05-04,50000,A,NORM,Normal,0,2026-04-26,Titanium Credit Card,-2256.03,47560.96,M,1999-04-30,Primary,100598,,0.0,60,,,,NORM,0,599
5,Tanta,2019-03-12,75000,A,NORM,Normal,0,2026-04-21,Titanium Credit Card,31722.82,43132.82,M,1999-02-05,Primary,100599,,0.0,86,,,,NORM,0,600
10,Suez,2023-06-17,30000,A,NORM,Normal,0,2026-04-25,Platinum Credit Card,6703.07,23219.08,M,1992-07-24,Primary,100600,,0.0,34,,,,NORM,0,601
10,Suez,2023-06-17,30000,A,NORM,Normal,0,2026-04-30,Cashback Card,20448.94,9160.01,M,1992-07-24,Primary,100600,,0.0,34,,,,NORM,0,601
2,Giza,2018-03-07,20000,A,NORM,Normal,0,2026-04-19,Cashback Card,4143.98,15570.6,F,1996-08-07,Secondary,100601,,0.0,99,,,,NORM,0,602
2,Giza,2023-03-14,15000,A,NORM,Normal,0,2026-04-17,Business Credit Card,13524.95,1036.99,M,1973-07-01,Primary,100602,,0.0,38,,,,NORM,0,603
8,Zagazig,2023-01-16,200000,A,NORM,Normal,0,2026-04-30,Platinum Credit Card,74797.35,125086.71,M,1960-11-17,Primary,100603,,0.0,40,,,,NORM,0,604
8,Zagazig,2024-06-28,200000,A,90DA,90 Days Delinquent,90,2026-04-25,Titanium Credit Card,184590.94,15041.68,M,1993-01-23,Primary,100604,,41425.33,22,,,,90DA,0,605
8,Zagazig,2024-06-28,200000,A,NORM,Normal,0,2026-04-19,World Elite Card,133818.42,65970.34,M,1993-01-23,Primary,100604,,0.0,22,,,,NORM,0,605
8,Zagazig,2024-06-28,200000,A,NORM,Normal,0,2026-04-23,Travel Rewards Card,131370.78,68138.75,M,1993-01-23,Primary,100604,,0.0,22,,,,NORM,0,605
6,Assiut,2018-09-18,30000,A,NORM,Normal,0,2026-04-28,Classic Credit Card,3848.76,26026.22,F,1984-10-25,Primary,100605,,0.0,92,,,,NORM,0,606
6,Assiut,2018-09-18,30000,A,NORM,Normal,0,2026-04-19,Cashback Card,-1952.73,27602.94,F,1984-10-25,Primary,100605,,0.0,92,,,,NORM,0,606
8,Zagazig,2022-11-30,20000,A,NORM,Normal,0,2026-04-26,Cashback Card,4246.99,15279.19,F,1975-06-04,Primary,100606,,0.0,41,,,,NORM,0,607
7,Luxor,2022-01-15,100000,A,NORM,Normal,0,2026-04-19,Platinum Credit Card,63135.29,36449.56,M,1997-05-15,Primary,100607,,0.0,52,,,,NORM,0,608
8,Zagazig,2022-08-31,100000,A,NORM,Normal,0,2026-04-20,World Elite Card,83510.26,16285.87,F,1964-07-11,Primary,100608,,0.0,44,,,,NORM,0,609
9,Ismailia,2018-09-18,50000,A,30DD,30 Days Delinquent,30,2026-04-30,Platinum Credit Card,30634.08,19260.02,M,1961-06-07,Primary,100609,,27015.3,92,,,,30DD,0,610
1,Cairo Main,2024-03-31,30000,A,NORM,Normal,0,2026-04-26,Cashback Card,21885.88,8091.49,F,1994-07-18,Primary,100610,,0.0,25,,,,NORM,0,611
1,Cairo Main,2024-03-31,30000,A,NORM,Normal,0,2026-04-25,World Elite Card,16463.82,13061.52,F,1994-07-18,Primary,100610,,0.0,25,,,,NORM,0,611
10,Suez,2019-02-22,150000,A,NORM,Normal,0,2026-04-16,World Elite Card,31156.52,118573.11,F,1987-05-07,Primary,100611,,0.0,87,,,,NORM,0,612
9,Ismailia,2019-02-11,15000,A,90DA,90 Days Delinquent,90,2026-04-30,Classic Credit Card,9382.51,5381.9,F,1982-05-10,Secondary,100612,,7864.9,87,,,,90DA,0,613
8,Zagazig,2021-03-20,150000,A,NORM,Normal,0,2026-04-27,Platinum Credit Card,17541.51,132132.03,M,1975-04-24,Primary,100613,,0.0,62,,,,NORM,0,614
4,Mansoura,2022-10-23,75000,A,NORM,Normal,0,2026-04-16,Classic Credit Card,21173.65,53343.82,M,1966-03-10,Primary,100614,,0.0,42,,,,NORM,0,615
4,Mansoura,2022-10-23,75000,A,NORM,Normal,0,2026-04-26,Titanium Credit Card,55158.03,19441.03,M,1966-03-10,Primary,100614,,0.0,42,,,,NORM,0,615
2,Giza,2021-07-13,75000,A,NORM,Normal,0,2026-04-28,Titanium Credit Card,40494.96,34230.6,M,1975-03-05,Secondary,100615,,0.0,58,,,,NORM,0,616
7,Luxor,2024-03-17,30000,A,NORM,Normal,0,2026-04-22,Classic Credit Card,10170.8,19631.19,F,1978-01-12,Primary,100616,,0.0,25,,,,NORM,0,617
7,Luxor,2024-03-17,30000,A,NORM,Normal,0,2026-04-28,Cashback Card,3186.21,26519.8,F,1978-01-12,Primary,100616,,0.0,25,,,,NORM,0,617
7,Luxor,2024-03-17,30000,A,NORM,Normal,0,2026-04-30,Travel Rewards Card,8997.58,20631.79,F,1978-01-12,Primary,100616,,0.0,25,,,,NORM,0,617
10,Suez,2022-12-17,50000,A,NORM,Normal,0,2026-04-20,Classic Credit Card,-1174.83,48750.76,F,1989-03-31,Primary,100617,,0.0,41,,,,NORM,0,618
10,Suez,2022-12-17,50000,A,NORM,Normal,0,2026-04-17,Titanium Credit Card,34282.12,15339.09,F,1989-03-31,Primary,100617,,0.0,41,,,,NORM,0,618
9,Ismailia,2020-05-25,10000,A,NORM,Normal,0,2026-05-01,Cashback Card,5932.47,3838.33,M,1972-09-25,Primary,100618,,0.0,72,,,,NORM,0,619
5,Tanta,2021-05-29,75000,A,NORM,Normal,0,2026-04-26,Platinum Credit Card,57622.96,17292.85,F,1970-10-29,Primary,100619,,0.0,59,,,,NORM,0,620
5,Tanta,2018-01-22,100000,A,NORM,Normal,0,2026-04-19,Platinum Credit Card,60092.55,39521.64,M,1985-09-04,Primary,100620,,0.0,100,,,,NORM,0,621
5,Tanta,2018-01-22,100000,A,NORM,Normal,0,2026-04-30,World Elite Card,84206.8,15614.56,M,1985-09-04,Primary,100620,,0.0,100,,,,NORM,0,621
5,Tanta,2018-01-22,100000,A,NORM,Normal,0,2026-04-19,Travel Rewards Card,31256.46,68625.88,M,1985-09-04,Primary,100620,,0.0,100,,,,NORM,0,621
4,Mansoura,2022-01-19,100000,A,NORM,Normal,0,2026-04-26,Platinum Credit Card,2112.64,97480.25,M,1996-11-28,Primary,100621,,0.0,52,,,,NORM,0,622
4,Mansoura,2018-11-16,50000,A,NORM,Normal,0,2026-04-19,Titanium Credit Card,30782.42,19128.31,F,1980-01-05,Primary,100622,,0.0,90,,,,NORM,0,623
7,Luxor,2019-10-30,15000,A,30DD,30 Days Delinquent,30,2026-04-24,Cashback Card,10513.47,4421.16,M,1996-12-14,Primary,100623,,7708.73,79,,,,30DD,0,624
1,Cairo Main,2019-10-05,150000,A,NORM,Normal,0,2026-04-19,Titanium Credit Card,54785.11,94819.57,F,1993-06-26,Primary,100624,,0.0,80,,,,NORM,0,625
1,Cairo Main,2019-10-05,150000,A,NORM,Normal,0,2026-04-20,World Elite Card,92042.69,57876.41,F,1993-06-26,Primary,100624,,0.0,80,,,,NORM,0,625
1,Cairo Main,2019-10-05,150000,A,NEW,New,0,2026-05-01,Travel Rewards Card,66972.77,82595.92,F,1993-06-26,Primary,100624,,0.0,80,,,,NEW,0,625
3,Alexandria,2022-03-02,30000,A,NORM,Normal,0,2026-04-25,Gold Credit Card,4399.35,25269.2,M,1965-04-13,Primary,100625,,0.0,50,,,,NORM,0,626
5,Tanta,2021-03-07,20000,A,NORM,Normal,0,2026-04-26,Gold Credit Card,15855.92,4087.89,M,1999-11-18,Primary,100626,,0.0,62,,,,NORM,0,627
5,Tanta,2021-03-07,20000,A,NORM,Normal,0,2026-04-16,Cashback Card,6522.06,13155.72,M,1999-11-18,Primary,100626,,0.0,62,,,,NORM,0,627
10,Suez,2021-10-15,75000,A,NORM,Normal,0,2026-04-16,Business Credit Card,11288.3,63699.08,F,1980-04-16,Primary,100627,,0.0,55,,,,NORM,0,628
10,Suez,2021-10-15,75000,A,NORM,Normal,0,2026-04-16,Travel Rewards Card,8384.92,66410.5,F,1980-04-16,Primary,100627,,0.0,55,,,,NORM,0,628
6,Assiut,2024-12-29,75000,A,NORM,Normal,0,2026-04-29,Titanium Credit Card,36624.76,38257.81,M,1964-01-03,Secondary,100628,,0.0,16,,,,NORM,0,629
2,Giza,2019-11-10,5000,A,NORM,Normal,0,2026-04-16,Cashback Card,633.58,4130.28,M,1998-11-04,Primary,100629,,0.0,78,,,,NORM,0,630
10,Suez,2024-06-20,5000,A,NORM,Normal,0,2026-04-23,Gold Credit Card,420.98,4507.08,M,1984-04-21,Secondary,100630,,0.0,22,,,,NORM,0,631
4,Mansoura,2024-07-01,100000,A,NORM,Normal,0,2026-04-24,Platinum Credit Card,6569.31,93019.08,M,1997-03-20,Primary,100631,,0.0,22,,,,NORM,0,632
4,Mansoura,2024-07-01,100000,A,NORM,Normal,0,2026-04-25,Travel Rewards Card,88688.29,10946.23,M,1997-03-20,Primary,100631,,0.0,22,,,,NORM,0,632
1,Cairo Main,2023-12-03,50000,A,NORM,Normal,0,2026-04-20,Platinum Credit Card,30649.94,19263.13,M,1998-07-24,Primary,100632,,0.0,29,,,,NORM,0,633
2,Giza,2021-06-10,75000,A,NORM,Normal,0,2026-05-01,Titanium Credit Card,64160.79,10630.99,M,1966-12-01,Primary,100633,,0.0,59,,,,NORM,0,634
3,Alexandria,2021-08-20,30000,A,NORM,Normal,0,2026-04-23,Classic Credit Card,20661.59,9038.51,F,1978-07-08,Secondary,100634,,0.0,57,,,,NORM,0,635
3,Alexandria,2021-08-20,30000,A,NORM,Normal,0,2026-04-22,Cashback Card,9412.15,20499.35,F,1978-07-08,Secondary,100634,,0.0,57,,,,NORM,0,635
3,Alexandria,2021-08-20,30000,A,NORM,Normal,0,2026-04-24,Platinum Credit Card,12242.98,17455.87,F,1978-07-08,Secondary,100634,,0.0,57,,,,NORM,0,635
6,Assiut,2024-03-15,75000,A,NORM,Normal,0,2026-04-28,Titanium Credit Card,48481.38,26276.43,F,1980-11-06,Primary,100635,,0.0,25,,,,NORM,0,636
4,Mansoura,2024-03-22,15000,A,90DA,90 Days Delinquent,90,2026-04-25,Gold Credit Card,2250.27,12589.69,M,1994-03-23,Primary,100636,,7105.72,25,,,,90DA,0,637
9,Ismailia,2020-10-01,150000,A,NORM,Normal,0,2026-04-19,Platinum Credit Card,131844.14,17934.57,M,1967-07-18,Primary,100637,,0.0,67,,,,NORM,0,638
9,Ismailia,2020-10-01,150000,A,NORM,Normal,0,2026-04-26,World Elite Card,107959.51,42006.24,M,1967-07-18,Primary,100637,,0.0,67,,,,NORM,0,638
9,Ismailia,2020-10-01,150000,A,NORM,Normal,0,2026-04-18,Travel Rewards Card,78379.93,71457.58,M,1967-07-18,Primary,100637,,0.0,67,,,,NORM,0,638
10,Suez,2022-04-07,50000,A,NORM,Normal,0,2026-04-27,Titanium Credit Card,44840.48,4684.33,M,1971-04-03,Primary,100638,,0.0,49,,,,NORM,0,639
3,Alexandria,2024-03-29,30000,A,NORM,Normal,0,2026-04-29,Cashback Card,20431.93,9114.69,F,1992-07-10,Secondary,100639,,0.0,25,,,,NORM,0,640
4,Mansoura,2021-08-10,50000,A,NORM,Normal,0,2026-04-28,Titanium Credit Card,42066.84,7603.98,M,1989-09-15,Primary,100640,,0.0,57,,,,NORM,0,641
3,Alexandria,2024-03-26,100000,A,NORM,Normal,0,2026-04-30,World Elite Card,17624.35,82175.84,M,1978-07-14,Primary,100641,,0.0,25,,,,NORM,0,642
6,Assiut,2019-12-27,5000,A,30DD,30 Days Delinquent,30,2026-04-29,Classic Credit Card,1771.31,2881.16,M,1977-05-07,Primary,100642,,2644.31,77,,,,30DD,0,643
4,Mansoura,2024-11-17,30000,A,NORM,Normal,0,2026-04-29,Gold Credit Card,20228.55,9561.19,F,1964-01-14,Primary,100643,,0.0,17,,,,NORM,0,644
1,Cairo Main,2022-06-11,10000,A,NORM,Normal,0,2026-04-26,Gold Credit Card,9480.98,312.79,M,1968-10-17,Primary,100644,,0.0,47,,,,NORM,0,645
10,Suez,2018-09-25,200000,A,NORM,Normal,0,2026-04-20,World Elite Card,186522.7,13191.25,F,1967-11-15,Primary,100645,,0.0,92,,,,NORM,0,646
10,Suez,2018-09-25,200000,A,NORM,Normal,0,2026-04-23,Travel Rewards Card,29244.27,170422.42,F,1967-11-15,Primary,100645,,0.0,92,,,,NORM,0,646
10,Suez,2024-04-13,100000,A,NORM,Normal,0,2026-04-16,Platinum Credit Card,876.65,98914.3,M,1971-05-06,Primary,100646,,0.0,24,,,,NORM,0,647
10,Suez,2024-04-13,100000,A,NORM,Normal,0,2026-04-26,Cashback Card,64361.25,35502.04,M,1971-05-06,Primary,100646,,0.0,24,,,,NORM,0,647
10,Suez,2024-04-13,100000,A,NORM,Normal,0,2026-04-16,World Elite Card,57799.39,41795.57,M,1971-05-06,Primary,100646,,0.0,24,,,,NORM,0,647
6,Assiut,2018-06-28,20000,A,NORM,Normal,0,2026-04-24,Gold Credit Card,12031.21,7531.85,M,1983-03-15,Primary,100647,,0.0,95,,,,NORM,0,648
10,Suez,2018-04-14,20000,A,NORM,Normal,0,2026-04-20,Classic Credit Card,7527.73,12421.8,M,1996-03-24,Primary,100648,,0.0,97,,,,NORM,0,649
10,Suez,2018-04-14,20000,A,NORM,Normal,0,2026-04-16,Cashback Card,4865.49,14881.45,M,1996-03-24,Primary,100648,,0.0,97,,,,NORM,0,649
10,Suez,2018-04-14,20000,A,NORM,Normal,0,2026-04-21,Titanium Credit Card,2352.68,17169.33,M,1996-03-24,Primary,100648,,0.0,97,,,,NORM,0,649
10,Suez,2021-10-01,30000,A,NORM,Normal,0,2026-04-17,Classic Credit Card,28018.16,1627.36,F,1995-10-05,Primary,100649,,0.0,55,,,,NORM,0,650
10,Suez,2022-12-02,10000,A,NORM,Normal,0,2026-04-24,Classic Credit Card,9118.36,398.51,F,1987-10-16,Primary,100650,,0.0,41,,,,NORM,0,651
1,Cairo Main,2022-12-16,5000,A,NORM,Normal,0,2026-04-23,Gold Credit Card,1328.24,3448.64,M,1995-12-29,Primary,100651,,0.0,41,,,,NORM,0,652
7,Luxor,2024-12-03,75000,A,NORM,Normal,0,2026-04-21,Platinum Credit Card,66271.94,8411.18,M,1964-04-19,Primary,100652,,0.0,17,,,,NORM,0,653
7,Luxor,2024-12-03,75000,A,NORM,Normal,0,2026-04-27,Travel Rewards Card,24800.65,49913.63,M,1964-04-19,Primary,100652,,0.0,17,,,,NORM,0,653
9,Ismailia,2024-08-04,20000,A,30DD,30 Days Delinquent,30,2026-04-30,Cashback Card,791.98,18734.72,M,1974-09-21,Secondary,100653,,7306.48,21,,,,30DD,0,654
5,Tanta,2022-09-21,100000,A,NORM,Normal,0,2026-04-28,World Elite Card,21882.19,77887.38,M,1975-12-10,Primary,100654,,0.0,43,,,,NORM,0,655
9,Ismailia,2022-01-05,30000,A,NORM,Normal,0,2026-04-22,Classic Credit Card,13198.14,16759.22,F,1989-03-26,Primary,100655,,0.0,52,,,,NORM,0,656
9,Ismailia,2022-01-05,30000,A,NORM,Normal,0,2026-04-28,Cashback Card,25988.85,3850.03,F,1989-03-26,Primary,100655,,0.0,52,,,,NORM,0,656
10,Suez,2019-08-16,5000,A,NEW,New,0,2026-04-22,Cashback Card,4573.34,371.17,F,1989-07-02,Primary,100656,,0.0,81,,,,NEW,0,657
2,Giza,2020-02-15,100000,A,NORM,Normal,0,2026-04-24,Platinum Credit Card,549.04,99037.94,F,1975-04-27,Primary,100657,,0.0,75,,,,NORM,0,658
8,Zagazig,2018-06-22,100000,A,NORM,Normal,0,2026-04-16,Titanium Credit Card,68995.78,30607.58,F,1999-04-20,Primary,100658,,0.0,95,,,,NORM,0,659
8,Zagazig,2018-06-22,100000,A,NORM,Normal,0,2026-04-20,World Elite Card,17264.47,82733.5,F,1999-04-20,Primary,100658,,0.0,95,,,,NORM,0,659
8,Zagazig,2018-06-22,100000,A,NORM,Normal,0,2026-04-22,Travel Rewards Card,8278.37,91494.92,F,1999-04-20,Primary,100658,,0.0,95,,,,NORM,0,659
4,Mansoura,2020-01-25,5000,A,NORM,Normal,0,2026-04-18,Gold Credit Card,1536.32,3078.87,M,1977-12-15,Primary,100659,,0.0,76,,,,NORM,0,660
10,Suez,2022-01-14,5000,A,NORM,Normal,0,2026-04-25,Gold Credit Card,-223.72,4731.74,F,1994-05-04,Primary,100660,,0.0,52,,,,NORM,0,661
4,Mansoura,2020-03-13,5000,A,NORM,Normal,0,2026-04-17,Classic Credit Card,55.0,4756.49,M,1968-01-04,Primary,100661,,0.0,74,,,,NORM,0,662
4,Mansoura,2020-03-13,5000,A,NORM,Normal,0,2026-05-01,Cashback Card,2430.55,2224.33,M,1968-01-04,Primary,100661,,0.0,74,,,,NORM,0,662
8,Zagazig,2022-02-23,50000,A,NEW,New,0,2026-04-28,Classic Credit Card,26895.47,23032.62,M,1970-10-09,Primary,100662,,0.0,50,,,,NEW,0,663
8,Zagazig,2022-02-23,50000,A,NORM,Normal,0,2026-04-28,Titanium Credit Card,36960.97,12908.78,M,1970-10-09,Primary,100662,,0.0,50,,,,NORM,0,663
8,Zagazig,2022-02-23,50000,A,NORM,Normal,0,2026-04-17,Travel Rewards Card,39398.06,10150.65,M,1970-10-09,Primary,100662,,0.0,50,,,,NORM,0,663
7,Luxor,2022-03-13,50000,A,NORM,Normal,0,2026-04-30,Platinum Credit Card,12655.74,37171.41,M,1991-02-23,Secondary,100663,,0.0,50,,,,NORM,0,664
6,Assiut,2018-08-07,30000,A,NORM,Normal,0,2026-04-20,Cashback Card,1080.16,28452.97,F,1971-02-01,Primary,100664,,0.0,94,,,,NORM,0,665
6,Assiut,2018-08-07,30000,A,NORM,Normal,0,2026-04-26,Titanium Credit Card,20034.13,9856.84,F,1971-02-01,Primary,100664,,0.0,94,,,,NORM,0,665
3,Alexandria,2022-05-09,150000,A,NORM,Normal,0,2026-04-18,Platinum Credit Card,14898.1,134631.63,F,1982-10-25,Primary,100665,,0.0,48,,,,NORM,0,666
8,Zagazig,2024-07-08,75000,A,NORM,Normal,0,2026-04-20,Platinum Credit Card,57309.17,17536.49,F,1972-01-14,Secondary,100666,,0.0,22,,,,NORM,0,667
5,Tanta,2022-03-25,200000,A,NORM,Normal,0,2026-04-20,Platinum Credit Card,107359.45,92199.53,F,1979-01-24,Primary,100667,,0.0,49,,,,NORM,0,668
5,Tanta,2022-03-25,200000,A,NORM,Normal,0,2026-04-23,Classic Credit Card,148177.33,51534.88,F,1979-01-24,Primary,100667,,0.0,49,,,,NORM,0,668
5,Tanta,2022-03-25,200000,A,NORM,Normal,0,2026-04-29,Travel Rewards Card,21191.11,178606.27,F,1979-01-24,Primary,100667,,0.0,49,,,,NORM,0,668
10,Suez,2023-03-21,150000,A,NORM,Normal,0,2026-04-21,Platinum Credit Card,112202.59,37611.95,F,1961-11-05,Primary,100668,,0.0,37,,,,NORM,0,669
5,Tanta,2018-04-12,15000,A,NORM,Normal,0,2026-04-30,Cashback Card,13891.38,805.87,M,1977-02-24,Primary,100669,,0.0,98,,,,NORM,0,670
9,Ismailia,2018-11-17,30000,A,NORM,Normal,0,2026-04-23,Classic Credit Card,16383.07,13365.65,M,1988-11-14,Primary,100670,,0.0,90,,,,NORM,0,671
5,Tanta,2021-01-29,20000,A,NORM,Normal,0,2026-04-27,Cashback Card,14844.47,4852.16,F,1993-06-05,Primary,100671,,0.0,63,,,,NORM,0,672
5,Tanta,2021-01-29,20000,A,NORM,Normal,0,2026-04-22,World Elite Card,11185.32,8753.98,F,1993-06-05,Primary,100671,,0.0,63,,,,NORM,0,672
5,Tanta,2021-01-29,20000,A,NORM,Normal,0,2026-04-29,Travel Rewards Card,16839.01,2808.58,F,1993-06-05,Primary,100671,,0.0,63,,,,NORM,0,672
7,Luxor,2024-07-03,5000,A,NORM,Normal,0,2026-04-19,Business Credit Card,4084.26,478.64,M,1996-11-12,Primary,100672,,0.0,22,,,,NORM,0,673
4,Mansoura,2024-08-01,150000,A,NEW,New,0,2026-04-22,Platinum Credit Card,71663.72,77860.24,M,1983-02-20,Primary,100673,,0.0,21,,,,NEW,0,674
4,Mansoura,2024-08-01,150000,A,NORM,Normal,0,2026-04-17,Travel Rewards Card,10024.28,139640.85,M,1983-02-20,Primary,100673,,0.0,21,,,,NORM,0,674
8,Zagazig,2024-04-06,5000,A,NORM,Normal,0,2026-04-24,Classic Credit Card,555.56,4318.7,F,1980-03-08,Secondary,100674,,0.0,25,,,,NORM,0,675
4,Mansoura,2022-10-10,75000,A,NORM,Normal,0,2026-04-16,Platinum Credit Card,68461.19,6098.05,M,1978-10-20,Secondary,100675,,0.0,43,,,,NORM,0,676
10,Suez,2024-06-08,75000,A,NORM,Normal,0,2026-04-28,Titanium Credit Card,-7463.56,67522.36,F,1987-04-07,Primary,100676,,0.0,23,,,,NORM,0,677
10,Suez,2021-06-01,10000,A,NORM,Normal,0,2026-04-18,Cashback Card,4120.49,5466.23,F,1980-04-02,Primary,100677,,0.0,59,,,,NORM,0,678
7,Luxor,2020-04-23,20000,A,NORM,Normal,0,2026-04-27,Classic Credit Card,3710.87,15933.06,F,1972-09-24,Primary,100678,,0.0,73,,,,NORM,0,679
7,Luxor,2019-10-06,10000,A,NORM,Normal,0,2026-04-25,Gold Credit Card,5169.13,4419.41,M,1977-07-17,Primary,100679,,0.0,79,,,,NORM,0,680
7,Luxor,2023-04-29,15000,A,NORM,Normal,0,2026-04-29,Gold Credit Card,7716.0,7106.05,F,1996-09-08,Primary,100680,,0.0,36,,,,NORM,0,681
8,Zagazig,2022-06-24,200000,A,NORM,Normal,0,2026-04-30,Platinum Credit Card,121632.72,77944.36,M,1962-11-14,Primary,100681,,0.0,46,,,,NORM,0,682
6,Assiut,2021-05-03,75000,A,90DA,90 Days Delinquent,90,2026-04-23,Platinum Credit Card,17857.62,57022.06,F,1991-05-31,Primary,100682,,22928.81,60,,,,90DA,0,683
6,Assiut,2021-05-03,75000,A,NEW,New,0,2026-04-22,Travel Rewards Card,19663.4,54985.48,F,1991-05-31,Primary,100682,,0.0,60,,,,NEW,0,683
2,Giza,2018-06-28,20000,A,NORM,Normal,0,2026-04-22,Cashback Card,2869.7,17024.93,M,1977-08-26,Secondary,100683,,0.0,95,,,,NORM,0,684
2,Giza,2018-11-10,10000,A,NORM,Normal,0,2026-04-22,Gold Credit Card,2597.82,7116.81,M,1976-07-16,Primary,100684,,0.0,90,,,,NORM,0,685
2,Giza,2018-11-10,10000,A,NORM,Normal,0,2026-04-18,Cashback Card,4871.11,4981.6,M,1976-07-16,Primary,100684,,0.0,90,,,,NORM,0,685
2,Giza,2023-03-07,75000,A,NORM,Normal,0,2026-04-30,Platinum Credit Card,53212.91,21659.75,M,1988-08-28,Primary,100685,,0.0,38,,,,NORM,0,686
2,Giza,2023-03-07,75000,A,NORM,Normal,0,2026-04-28,Travel Rewards Card,37070.05,37492.74,M,1988-08-28,Primary,100685,,0.0,38,,,,NORM,0,686
8,Zagazig,2023-03-05,10000,A,NORM,Normal,0,2026-04-24,Classic Credit Card,6762.52,2924.85,F,1981-09-29,Secondary,100686,,0.0,38,,,,NORM,0,687
1,Cairo Main,2019-02-16,15000,A,NORM,Normal,0,2026-04-17,Cashback Card,-831.07,13789.88,M,1987-03-24,Primary,100687,,0.0,87,,,,NORM,0,688
3,Alexandria,2022-01-06,15000,A,NORM,Normal,0,2026-04-26,Cashback Card,891.79,13620.18,M,1979-10-07,Secondary,100688,,0.0,52,,,,NORM,0,689
3,Alexandria,2022-01-06,15000,A,NORM,Normal,0,2026-04-24,World Elite Card,-1234.26,13548.82,M,1979-10-07,Secondary,100688,,0.0,52,,,,NORM,0,689
7,Luxor,2021-06-16,100000,A,30DD,30 Days Delinquent,30,2026-05-01,World Elite Card,38437.09,61245.53,M,1990-12-19,Primary,100689,,31501.11,59,,,,30DD,0,690
2,Giza,2022-09-24,5000,A,30DD,30 Days Delinquent,30,2026-04-19,Classic Credit Card,-181.08,4356.2,M,1960-09-19,Primary,100690,,1088.84,43,,,,30DD,0,691
1,Cairo Main,2023-10-01,10000,A,NORM,Normal,0,2026-04-20,Cashback Card,8553.26,1061.56,M,1978-08-24,Secondary,100691,,0.0,31,,,,NORM,0,692
2,Giza,2020-05-25,10000,A,NEW,New,0,2026-04-29,Classic Credit Card,1517.6,8303.55,M,1970-06-04,Primary,100692,,0.0,72,,,,NEW,0,693
2,Giza,2021-02-14,200000,A,NORM,Normal,0,2026-04-26,World Elite Card,123136.33,76689.33,F,1989-07-07,Secondary,100693,,0.0,63,,,,NORM,0,694
10,Suez,2020-10-28,10000,A,NORM,Normal,0,2026-05-01,Cashback Card,9287.32,361.98,F,1967-09-10,Primary,100694,,0.0,67,,,,NORM,0,695
2,Giza,2018-03-14,200000,A,NORM,Normal,0,2026-04-29,World Elite Card,127501.92,72014.16,M,1975-01-12,Primary,100695,,0.0,99,,,,NORM,0,696
4,Mansoura,2022-10-22,20000,A,NORM,Normal,0,2026-05-01,Classic Credit Card,-418.63,19420.98,F,1993-02-05,Primary,100696,,0.0,42,,,,NORM,0,697
1,Cairo Main,2024-09-15,100000,A,NORM,Normal,0,2026-04-24,Platinum Credit Card,28347.77,71412.6,F,1970-09-05,Primary,100697,,0.0,19,,,,NORM,0,698
4,Mansoura,2021-09-18,50000,A,NORM,Normal,0,2026-05-01,Platinum Credit Card,44915.35,4693.55,F,1997-12-28,Primary,100698,,0.0,56,,,,NORM,0,699
1,Cairo Main,2023-07-07,10000,A,NORM,Normal,0,2026-04-19,Classic Credit Card,1378.04,8515.42,M,1962-11-24,Primary,100699,,0.0,34,,,,NORM,0,700
4,Mansoura,2018-11-17,75000,A,NORM,Normal,0,2026-04-26,Platinum Credit Card,9541.52,65077.97,M,1982-10-05,Primary,100700,,0.0,90,,,,NORM,0,701
10,Suez,2020-04-04,30000,A,NORM,Normal,0,2026-04-20,Business Credit Card,9323.12,20369.01,F,1980-02-09,Primary,100701,,0.0,73,,,,NORM,0,702
9,Ismailia,2022-11-11,15000,A,NORM,Normal,0,2026-04-28,Business Credit Card,10140.49,4845.9,M,1987-05-03,Primary,100702,,0.0,42,,,,NORM,0,703
9,Ismailia,2024-03-14,15000,A,NORM,Normal,0,2026-04-22,Gold Credit Card,12729.64,1808.01,F,1966-11-08,Primary,100703,,0.0,25,,,,NORM,0,704
6,Assiut,2023-04-07,20000,A,NORM,Normal,0,2026-04-23,Classic Credit Card,15833.58,3920.78,F,1966-02-16,Secondary,100704,,0.0,37,,,,NORM,0,705
6,Assiut,2023-04-07,20000,A,NORM,Normal,0,2026-05-01,Cashback Card,13284.11,6370.21,F,1966-02-16,Secondary,100704,,0.0,37,,,,NORM,0,705
6,Assiut,2023-04-07,20000,A,NORM,Normal,0,2026-04-30,Travel Rewards Card,1571.29,18067.42,F,1966-02-16,Secondary,100704,,0.0,37,,,,NORM,0,705
7,Luxor,2021-06-14,200000,A,NORM,Normal,0,2026-04-24,World Elite Card,137124.84,62561.6,M,1981-12-16,Primary,100705,,0.0,59,,,,NORM,0,706
6,Assiut,2023-06-25,50000,A,NORM,Normal,0,2026-04-30,Titanium Credit Card,46708.01,3204.02,F,1982-11-10,Primary,100706,,0.0,34,,,,NORM,0,707
3,Alexandria,2024-10-15,100000,A,NORM,Normal,0,2026-04-17,World Elite Card,43360.92,56605.3,M,1971-09-21,Primary,100707,,0.0,18,,,,NORM,0,708
10,Suez,2023-10-25,20000,A,NORM,Normal,0,2026-04-27,Gold Credit Card,15484.8,4351.83,F,1963-08-09,Primary,100708,,0.0,30,,,,NORM,0,709
2,Giza,2024-06-03,50000,A,NORM,Normal,0,2026-04-25,Platinum Credit Card,28788.65,20964.41,M,1988-07-15,Secondary,100709,,0.0,23,,,,NORM,0,710
2,Giza,2022-09-08,150000,A,NORM,Normal,0,2026-04-18,Platinum Credit Card,13457.55,136367.97,F,1963-02-18,Primary,100710,,0.0,44,,,,NORM,0,711
8,Zagazig,2023-08-21,10000,A,NORM,Normal,0,2026-04-26,Classic Credit Card,829.98,8716.97,M,1968-02-29,Primary,100711,,0.0,32,,,,NORM,0,712
7,Luxor,2019-03-24,15000,A,NORM,Normal,0,2026-04-26,Gold Credit Card,3270.59,11440.86,M,1979-10-08,Primary,100712,,0.0,86,,,,NORM,0,713
8,Zagazig,2019-02-17,5000,A,30DD,30 Days Delinquent,30,2026-04-21,Classic Credit Card,4550.27,0.0,M,1981-10-06,Primary,100713,,1494.4,87,,,,30DD,0,714
10,Suez,2020-12-24,100000,A,NORM,Normal,0,2026-04-22,Business Credit Card,84098.85,15617.74,F,1983-04-30,Primary,100714,,0.0,65,,,,NORM,0,715
10,Suez,2020-12-24,100000,A,NEW,New,0,2026-04-26,World Elite Card,69905.41,29880.79,F,1983-04-30,Primary,100714,,0.0,65,,,,NEW,0,715
4,Mansoura,2022-06-21,75000,A,NORM,Normal,0,2026-04-22,Titanium Credit Card,15503.81,59242.16,M,1976-03-15,Primary,100715,,0.0,47,,,,NORM,0,716
1,Cairo Main,2019-05-19,150000,A,NORM,Normal,0,2026-04-16,Cashback Card,76910.23,72640.44,F,1986-12-31,Primary,100716,,0.0,84,,,,NORM,0,717
1,Cairo Main,2019-05-19,150000,A,NORM,Normal,0,2026-04-19,World Elite Card,73316.01,76253.2,F,1986-12-31,Primary,100716,,0.0,84,,,,NORM,0,717
1,Cairo Main,2019-05-19,150000,A,NORM,Normal,0,2026-04-28,Travel Rewards Card,76518.56,73019.75,F,1986-12-31,Primary,100716,,0.0,84,,,,NORM,0,717
1,Cairo Main,2022-01-15,5000,A,NORM,Normal,0,2026-04-18,Classic Credit Card,1143.33,3788.0,M,1988-06-05,Primary,100717,,0.0,52,,,,NORM,0,718
7,Luxor,2024-10-22,20000,A,NORM,Normal,0,2026-04-16,Cashback Card,16324.23,3463.39,F,1973-03-07,Primary,100718,,0.0,18,,,,NORM,0,719
7,Luxor,2024-10-22,20000,A,NORM,Normal,0,2026-04-19,Business Credit Card,13319.1,6657.35,F,1973-03-07,Primary,100718,,0.0,18,,,,NORM,0,719
8,Zagazig,2023-01-02,10000,A,NORM,Normal,0,2026-04-26,Business Credit Card,8995.81,809.32,M,1967-07-16,Primary,100719,,0.0,40,,,,NORM,0,720
7,Luxor,2018-04-30,15000,A,NORM,Normal,0,2026-05-01,Gold Credit Card,3158.07,11633.17,M,1992-02-09,Secondary,100720,,0.0,97,,,,NORM,0,721
7,Luxor,2018-04-30,15000,A,NORM,Normal,0,2026-04-26,Cashback Card,1063.48,13616.82,M,1992-02-09,Secondary,100720,,0.0,97,,,,NORM,0,721
7,Luxor,2018-04-30,15000,A,NORM,Normal,0,2026-04-22,Titanium Credit Card,11311.98,3407.48,M,1992-02-09,Secondary,100720,,0.0,97,,,,NORM,0,721
6,Assiut,2020-07-05,200000,A,NORM,Normal,0,2026-04-19,Platinum Credit Card,185603.43,13957.15,F,1999-02-10,Secondary,100721,,0.0,70,,,,NORM,0,722
2,Giza,2018-12-26,10000,A,30DD,30 Days Delinquent,30,2026-04-16,Cashback Card,7.2,9557.16,F,1973-01-19,Primary,100722,,3313.22,89,,,,30DD,0,723
10,Suez,2018-01-07,30000,A,NORM,Normal,0,2026-04-20,Classic Credit Card,72.67,29590.87,F,1993-01-20,Primary,100723,,0.0,101,,,,NORM,0,724
10,Suez,2020-06-28,10000,A,NORM,Normal,0,2026-04-24,Gold Credit Card,1524.19,7983.39,F,1986-07-02,Secondary,100724,,0.0,71,,,,NORM,0,725
3,Alexandria,2021-03-06,15000,A,NORM,Normal,0,2026-04-29,Gold Credit Card,3119.37,11576.08,F,1986-12-24,Primary,100725,,0.0,62,,,,NORM,0,726
5,Tanta,2022-03-23,5000,A,NORM,Normal,0,2026-04-21,Cashback Card,4455.94,82.94,M,1991-08-02,Secondary,100726,,0.0,50,,,,NORM,0,727
7,Luxor,2019-10-15,5000,A,NORM,Normal,0,2026-04-30,Gold Credit Card,1985.78,2674.45,F,1973-06-01,Primary,100727,,0.0,79,,,,NORM,0,728
5,Tanta,2020-03-10,150000,A,NORM,Normal,0,2026-04-29,Platinum Credit Card,90110.34,59512.63,F,1991-03-28,Primary,100728,,0.0,74,,,,NORM,0,729
8,Zagazig,2023-05-31,30000,A,NORM,Normal,0,2026-04-28,Cashback Card,16127.97,13752.62,F,1991-03-21,Primary,100729,,0.0,35,,,,NORM,0,730
3,Alexandria,2022-10-16,15000,A,NORM,Normal,0,2026-04-19,Gold Credit Card,9043.85,5815.23,M,1976-11-21,Secondary,100730,,0.0,43,,,,NORM,0,731
7,Luxor,2022-07-13,20000,A,NORM,Normal,0,2026-05-01,Gold Credit Card,11742.56,7807.5,M,1966-08-31,Primary,100731,,0.0,46,,,,NORM,0,732
8,Zagazig,2022-04-15,30000,A,NORM,Normal,0,2026-04-22,Classic Credit Card,12458.68,17153.05,M,1998-10-18,Primary,100732,,0.0,49,,,,NORM,0,733
1,Cairo Main,2024-06-04,200000,A,NORM,Normal,0,2026-04-22,Business Credit Card,15286.26,184705.5,M,1986-04-28,Primary,100733,,0.0,23,,,,NORM,0,734
10,Suez,2019-02-12,50000,A,NEW,New,0,2026-04-23,Platinum Credit Card,4815.77,44870.64,F,1965-08-13,Primary,100734,,0.0,87,,,,NEW,0,735
10,Suez,2019-02-12,50000,A,NORM,Normal,0,2026-04-20,Travel Rewards Card,23727.46,26185.51,F,1965-08-13,Primary,100734,,0.0,87,,,,NORM,0,735
2,Giza,2020-04-29,10000,A,NORM,Normal,0,2026-04-20,Gold Credit Card,8312.24,1384.65,F,1993-10-19,Secondary,100735,,0.0,73,,,,NORM,0,736
2,Giza,2020-04-29,10000,A,NORM,Normal,0,2026-04-19,Cashback Card,9304.52,204.33,F,1993-10-19,Secondary,100735,,0.0,73,,,,NORM,0,736
3,Alexandria,2020-04-24,15000,A,NORM,Normal,0,2026-04-23,Classic Credit Card,12007.44,2791.6,F,1985-10-18,Primary,100736,,0.0,73,,,,NORM,0,737
7,Luxor,2018-01-01,20000,A,NORM,Normal,0,2026-04-25,Cashback Card,15141.75,4772.33,F,1989-07-10,Primary,100737,,0.0,101,,,,NORM,0,738
9,Ismailia,2024-10-18,150000,A,NORM,Normal,0,2026-04-26,World Elite Card,139076.8,10530.79,M,1975-10-18,Primary,100738,,0.0,18,,,,NORM,0,739
3,Alexandria,2024-03-11,20000,A,NORM,Normal,0,2026-04-27,Classic Credit Card,12556.67,7151.82,F,1987-01-04,Primary,100739,,0.0,26,,,,NORM,0,740
8,Zagazig,2020-11-07,75000,A,NORM,Normal,0,2026-04-23,Platinum Credit Card,1195.51,73617.2,F,1963-09-26,Primary,100740,,0.0,66,,,,NORM,0,741
3,Alexandria,2019-09-21,50000,A,NORM,Normal,0,2026-04-28,Platinum Credit Card,-3905.68,45832.46,M,1978-10-29,Primary,100741,,0.0,80,,,,NORM,0,742
2,Giza,2018-12-31,50000,A,NORM,Normal,0,2026-04-23,Platinum Credit Card,6829.09,42763.78,M,1974-10-10,Primary,100742,,0.0,89,,,,NORM,0,743
2,Giza,2018-12-31,50000,A,NORM,Normal,0,2026-04-16,Gold Credit Card,35827.09,13881.14,M,1974-10-10,Primary,100742,,0.0,89,,,,NORM,0,743
2,Giza,2019-05-21,15000,A,NORM,Normal,0,2026-04-18,Gold Credit Card,2616.33,12286.33,F,1995-02-10,Primary,100743,,0.0,84,,,,NORM,0,744
2,Giza,2019-05-21,15000,A,NORM,Normal,0,2026-04-29,Cashback Card,7431.65,7312.39,F,1995-02-10,Primary,100743,,0.0,84,,,,NORM,0,744
5,Tanta,2019-02-10,5000,A,NORM,Normal,0,2026-04-28,Gold Credit Card,1986.15,2660.48,F,1987-04-01,Primary,100744,,0.0,87,,,,NORM,0,745
1,Cairo Main,2023-10-05,15000,A,NORM,Normal,0,2026-04-28,Cashback Card,10839.46,3816.28,F,1990-10-20,Primary,100745,,0.0,31,,,,NORM,0,746
7,Luxor,2023-02-19,15000,A,NORM,Normal,0,2026-04-25,Gold Credit Card,5953.73,8883.37,M,1991-09-14,Primary,100746,,0.0,38,,,,NORM,0,747
7,Luxor,2023-02-19,15000,A,NORM,Normal,0,2026-04-17,Cashback Card,1121.19,13838.04,M,1991-09-14,Primary,100746,,0.0,38,,,,NORM,0,747
7,Luxor,2023-02-19,15000,A,NORM,Normal,0,2026-04-24,Titanium Credit Card,776.69,13971.7,M,1991-09-14,Primary,100746,,0.0,38,,,,NORM,0,747
7,Luxor,2021-07-04,10000,A,NORM,Normal,0,2026-04-29,Classic Credit Card,6974.36,2717.5,M,1994-07-26,Primary,100747,,0.0,58,,,,NORM,0,748
8,Zagazig,2018-02-13,75000,A,30DD,30 Days Delinquent,30,2026-04-30,Platinum Credit Card,6098.32,68876.42,M,1996-04-04,Primary,100748,,23083.32,99,,,,30DD,0,749
8,Zagazig,2018-02-13,75000,A,NORM,Normal,0,2026-04-16,Cashback Card,44381.21,30260.64,M,1996-04-04,Primary,100748,,0.0,99,,,,NORM,0,749
8,Zagazig,2018-02-13,75000,A,NEW,New,0,2026-04-16,Travel Rewards Card,36740.36,38051.95,M,1996-04-04,Primary,100748,,0.0,99,,,,NEW,0,749
9,Ismailia,2021-11-14,20000,A,NORM,Normal,0,2026-05-01,Classic Credit Card,14825.51,4688.3,M,1993-08-17,Primary,100749,,0.0,54,,,,NORM,0,750
9,Ismailia,2018-07-28,75000,A,NORM,Normal,0,2026-04-28,Business Credit Card,42269.79,32474.6,F,1975-11-06,Secondary,100750,,0.0,94,,,,NORM,0,751
2,Giza,2021-05-10,100000,A,NORM,Normal,0,2026-04-28,World Elite Card,46613.39,52996.02,F,1973-01-04,Secondary,100751,,0.0,60,,,,NORM,0,752
8,Zagazig,2023-06-23,5000,A,NORM,Normal,0,2026-04-30,Gold Credit Card,947.79,3923.49,F,1987-09-17,Primary,100752,,0.0,34,,,,NORM,0,753
7,Luxor,2018-02-06,10000,A,NORM,Normal,0,2026-04-29,Classic Credit Card,3966.43,5948.29,M,1975-11-26,Secondary,100753,,0.0,100,,,,NORM,0,754
5,Tanta,2023-04-12,75000,A,NORM,Normal,0,2026-04-26,Titanium Credit Card,65086.58,9653.14,F,1970-02-21,Primary,100754,,0.0,37,,,,NORM,0,755
3,Alexandria,2021-12-19,75000,A,NORM,Normal,0,2026-04-16,Platinum Credit Card,41968.44,32864.22,F,1966-04-10,Primary,100755,,0.0,53,,,,NORM,0,756
6,Assiut,2019-10-19,20000,A,NORM,Normal,0,2026-04-17,Platinum Credit Card,18985.07,812.91,F,1961-06-01,Primary,100756,,0.0,79,,,,NORM,0,757
6,Assiut,2019-10-19,20000,A,NORM,Normal,0,2026-04-27,Business Credit Card,1446.7,18296.22,F,1961-06-01,Primary,100756,,0.0,79,,,,NORM,0,757
6,Assiut,2019-10-19,20000,A,NORM,Normal,0,2026-04-21,Classic Credit Card,14275.86,5535.39,F,1961-06-01,Primary,100756,,0.0,79,,,,NORM,0,757
7,Luxor,2022-05-12,15000,A,NORM,Normal,0,2026-04-24,Classic Credit Card,899.76,13812.72,M,1982-07-06,Primary,100757,,0.0,48,,,,NORM,0,758
7,Luxor,2022-05-12,15000,A,NORM,Normal,0,2026-04-19,Cashback Card,8469.53,6480.26,M,1982-07-06,Primary,100757,,0.0,48,,,,NORM,0,758
7,Luxor,2022-05-12,15000,A,NORM,Normal,0,2026-04-27,Titanium Credit Card,13997.65,592.11,M,1982-07-06,Primary,100757,,0.0,48,,,,NORM,0,758
10,Suez,2018-02-02,75000,A,NORM,Normal,0,2026-04-23,Business Credit Card,57489.01,17368.34,F,1993-01-29,Primary,100758,,0.0,100,,,,NORM,0,759
3,Alexandria,2021-02-25,10000,A,NORM,Normal,0,2026-04-20,Classic Credit Card,6575.48,3285.52,M,1971-03-11,Primary,100759,,0.0,63,,,,NORM,0,760
3,Alexandria,2021-02-25,10000,A,NORM,Normal,0,2026-04-22,Cashback Card,5916.49,3701.74,M,1971-03-11,Primary,100759,,0.0,63,,,,NORM,0,760
3,Alexandria,2021-02-25,10000,A,NORM,Normal,0,2026-05-01,World Elite Card,3701.57,6118.07,M,1971-03-11,Primary,100759,,0.0,63,,,,NORM,0,760
3,Alexandria,2024-08-18,15000,A,NORM,Normal,0,2026-04-18,Gold Credit Card,3627.61,10935.89,M,1968-06-18,Secondary,100760,,0.0,20,,,,NORM,0,761
10,Suez,2019-01-08,5000,A,NORM,Normal,0,2026-04-26,Gold Credit Card,1124.68,3841.21,F,1968-12-14,Primary,100761,,0.0,89,,,,NORM,0,762
7,Luxor,2018-07-31,30000,A,NORM,Normal,0,2026-04-22,Gold Credit Card,13115.98,16628.62,M,1988-11-18,Primary,100762,,0.0,94,,,,NORM,0,763
1,Cairo Main,2018-08-02,50000,A,NORM,Normal,0,2026-04-24,Titanium Credit Card,41450.89,8243.92,M,1960-01-09,Primary,100763,,0.0,94,,,,NORM,0,764
6,Assiut,2019-04-02,10000,A,NORM,Normal,0,2026-04-28,Classic Credit Card,4860.1,5062.27,F,1973-08-26,Primary,100764,,0.0,86,,,,NORM,0,765
10,Suez,2020-09-02,30000,A,NORM,Normal,0,2026-04-24,Classic Credit Card,16194.97,13330.82,M,1976-09-01,Primary,100765,,0.0,68,,,,NORM,0,766
8,Zagazig,2018-11-03,150000,A,NORM,Normal,0,2026-04-28,Platinum Credit Card,61184.75,88315.55,M,1964-06-04,Primary,100766,,0.0,91,,,,NORM,0,767
9,Ismailia,2020-10-31,150000,A,NORM,Normal,0,2026-05-01,Platinum Credit Card,8878.69,140992.62,M,1991-12-02,Primary,100767,,0.0,66,,,,NORM,0,768
9,Ismailia,2020-10-31,150000,A,NORM,Normal,0,2026-04-16,Travel Rewards Card,91690.47,58172.0,M,1991-12-02,Primary,100767,,0.0,66,,,,NORM,0,768
1,Cairo Main,2024-09-20,30000,A,NORM,Normal,0,2026-04-22,Cashback Card,24245.97,5526.37,F,1967-06-28,Primary,100768,,0.0,19,,,,NORM,0,769
2,Giza,2022-11-29,150000,A,NORM,Normal,0,2026-04-30,Platinum Credit Card,39422.14,110166.31,F,1967-06-04,Primary,100769,,0.0,41,,,,NORM,0,770
10,Suez,2024-08-22,5000,A,NORM,Normal,0,2026-04-16,Cashback Card,732.39,3809.09,M,1969-10-08,Primary,100770,,0.0,20,,,,NORM,0,771
2,Giza,2020-07-06,5000,A,NORM,Normal,0,2026-04-21,Classic Credit Card,4519.22,401.13,M,1967-09-04,Primary,100771,,0.0,70,,,,NORM,0,772
4,Mansoura,2019-04-21,5000,A,NORM,Normal,0,2026-04-26,Gold Credit Card,2860.84,1956.31,F,1983-12-24,Primary,100772,,0.0,85,,,,NORM,0,773
5,Tanta,2018-08-23,5000,A,30DD,30 Days Delinquent,30,2026-04-20,Gold Credit Card,335.37,4620.83,M,1974-07-24,Primary,100773,,2009.04,93,,,,30DD,0,774
7,Luxor,2020-11-20,200000,A,NORM,Normal,0,2026-04-29,Platinum Credit Card,96922.35,102904.32,F,1989-04-30,Primary,100774,,0.0,66,,,,NORM,0,775
8,Zagazig,2022-11-13,50000,A,NEW,New,0,2026-04-28,Platinum Credit Card,36947.93,12751.25,M,1970-05-24,Primary,100775,,0.0,42,,,,NEW,0,776
8,Zagazig,2022-11-13,50000,A,NEW,New,0,2026-04-18,World Elite Card,24415.01,25442.34,M,1970-05-24,Primary,100775,,0.0,42,,,,NEW,0,776
8,Zagazig,2022-11-13,50000,A,NORM,Normal,0,2026-04-21,Travel Rewards Card,43207.4,6420.0,M,1970-05-24,Primary,100775,,0.0,42,,,,NORM,0,776
1,Cairo Main,2019-10-30,15000,A,NORM,Normal,0,2026-04-17,Classic Credit Card,1454.49,13263.59,M,1973-11-29,Primary,100776,,0.0,79,,,,NORM,0,777
2,Giza,2023-11-28,15000,A,NORM,Normal,0,2026-04-26,Gold Credit Card,-704.84,13832.36,M,1992-06-28,Secondary,100777,,0.0,29,,,,NORM,0,778
4,Mansoura,2018-12-09,30000,A,NORM,Normal,0,2026-04-30,Classic Credit Card,3173.2,26513.48,F,1994-07-18,Secondary,100778,,0.0,90,,,,NORM,0,779
4,Mansoura,2018-12-09,30000,A,NORM,Normal,0,2026-04-28,Gold Credit Card,-446.99,29182.78,F,1994-07-18,Secondary,100778,,0.0,90,,,,NORM,0,779
4,Mansoura,2018-12-09,30000,A,NORM,Normal,0,2026-04-16,Cashback Card,6241.79,23644.5,F,1994-07-18,Secondary,100778,,0.0,90,,,,NORM,0,779
3,Alexandria,2024-04-24,100000,A,NORM,Normal,0,2026-05-01,Platinum Credit Card,16721.68,83026.96,M,1981-07-20,Primary,100779,,0.0,24,,,,NORM,0,780
2,Giza,2018-07-02,10000,A,NORM,Normal,0,2026-04-18,Cashback Card,421.33,9123.31,M,1960-12-13,Secondary,100780,,0.0,95,,,,NORM,0,781
7,Luxor,2019-08-27,50000,A,90DA,90 Days Delinquent,90,2026-04-26,Titanium Credit Card,-2382.87,47465.49,M,1977-04-15,Secondary,100781,,3788.86,81,,,,90DA,0,782
5,Tanta,2018-11-09,200000,A,NORM,Normal,0,2026-04-17,World Elite Card,39006.42,160667.85,M,1976-01-11,Primary,100782,,0.0,91,,,,NORM,0,783
10,Suez,2022-10-08,15000,A,NORM,Normal,0,2026-04-25,Gold Credit Card,11330.71,3491.46,F,1968-02-19,Secondary,100783,,0.0,43,,,,NORM,0,784
2,Giza,2018-01-09,15000,A,30DD,30 Days Delinquent,30,2026-04-20,Gold Credit Card,7406.23,7347.27,M,1995-05-21,Primary,100784,,5398.23,101,,,,30DD,0,785
3,Alexandria,2021-08-16,15000,A,NORM,Normal,0,2026-04-22,Gold Credit Card,178.69,14553.88,F,1964-01-21,Primary,100785,,0.0,57,,,,NORM,0,786
3,Alexandria,2021-08-16,15000,A,NORM,Normal,0,2026-04-27,Cashback Card,5851.64,8953.43,F,1964-01-21,Primary,100785,,0.0,57,,,,NORM,0,786
4,Mansoura,2022-09-11,150000,A,NORM,Normal,0,2026-05-01,Business Credit Card,38472.03,111292.29,M,1977-03-10,Primary,100786,,0.0,44,,,,NORM,0,787
9,Ismailia,2020-06-17,10000,A,NORM,Normal,0,2026-04-16,Classic Credit Card,6879.21,2946.38,F,1985-12-02,Secondary,100787,,0.0,71,,,,NORM,0,788
6,Assiut,2019-07-25,30000,A,NORM,Normal,0,2026-04-29,Cashback Card,5509.13,24091.89,M,1976-03-09,Secondary,100788,,0.0,82,,,,NORM,0,789
2,Giza,2019-08-10,75000,A,NORM,Normal,0,2026-04-24,Titanium Credit Card,55651.91,19165.04,M,1991-03-18,Primary,100789,,0.0,81,,,,NORM,0,790
10,Suez,2019-10-10,5000,A,30DD,30 Days Delinquent,30,2026-04-25,Classic Credit Card,62.56,4641.32,M,1999-01-17,Primary,100790,,694.47,79,,,,30DD,0,791
3,Alexandria,2019-07-28,150000,A,NORM,Normal,0,2026-04-30,Platinum Credit Card,6120.52,143466.79,F,1981-01-26,Primary,100791,,0.0,82,,,,NORM,0,792
10,Suez,2019-12-12,150000,A,NORM,Normal,0,2026-04-24,Platinum Credit Card,103851.92,46104.86,F,1993-09-10,Secondary,100792,,0.0,77,,,,NORM,0,793
4,Mansoura,2019-10-05,30000,A,NORM,Normal,0,2026-04-26,Classic Credit Card,9083.18,20689.64,M,1979-01-02,Primary,100793,,0.0,80,,,,NORM,0,794
10,Suez,2018-11-13,100000,A,NORM,Normal,0,2026-04-19,Business Credit Card,94567.93,5144.19,M,1997-10-03,Primary,100794,,0.0,90,,,,NORM,0,795
4,Mansoura,2019-03-21,10000,A,NORM,Normal,0,2026-04-29,Gold Credit Card,6390.58,3470.13,F,1972-02-09,Primary,100795,,0.0,86,,,,NORM,0,796
4,Mansoura,2018-02-14,30000,A,NORM,Normal,0,2026-04-25,Cashback Card,8673.37,20876.94,F,1986-10-14,Primary,100796,,0.0,99,,,,NORM,0,797
1,Cairo Main,2023-06-05,5000,A,NORM,Normal,0,2026-04-25,Gold Credit Card,4744.95,0.0,F,1985-04-15,Secondary,100797,,0.0,35,,,,NORM,0,798
6,Assiut,2022-05-20,50000,A,90DA,90 Days Delinquent,90,2026-04-26,Platinum Credit Card,8420.97,41366.96,M,1993-09-22,Primary,100798,,26074.23,48,,,,90DA,0,799
6,Assiut,2022-05-20,50000,A,NORM,Normal,0,2026-05-01,Travel Rewards Card,15466.63,34286.86,M,1993-09-22,Primary,100798,,0.0,48,,,,NORM,0,799
10,Suez,2018-06-03,30000,A,NORM,Normal,0,2026-04-26,Gold Credit Card,20675.54,8854.62,M,1998-12-21,Secondary,100799,,0.0,96,,,,NORM,0,800
9,Ismailia,2024-10-29,150000,A,NORM,Normal,0,2026-04-22,World Elite Card,108122.59,41747.05,F,1983-02-28,Primary,100800,,0.0,18,,,,NORM,0,801
7,Luxor,2020-05-05,200000,A,NORM,Normal,0,2026-04-19,World Elite Card,58842.66,141042.63,M,1970-09-22,Primary,100801,,0.0,72,,,,NORM,0,802
2,Giza,2019-01-21,100000,A,NORM,Normal,0,2026-04-24,Platinum Credit Card,20455.32,79169.31,F,1982-05-19,Primary,100802,,0.0,88,,,,NORM,0,803
2,Giza,2023-03-03,30000,A,NORM,Normal,0,2026-04-20,Business Credit Card,870.13,28939.83,F,1968-01-14,Primary,100803,,0.0,38,,,,NORM,0,804
2,Giza,2023-03-03,30000,A,NORM,Normal,0,2026-04-23,Titanium Credit Card,21325.54,8354.87,F,1968-01-14,Primary,100803,,0.0,38,,,,NORM,0,804
2,Giza,2023-03-03,30000,A,NORM,Normal,0,2026-04-17,Travel Rewards Card,-58.27,29930.27,F,1968-01-14,Primary,100803,,0.0,38,,,,NORM,0,804
7,Luxor,2024-12-13,15000,A,NORM,Normal,0,2026-04-24,Cashback Card,9584.03,5208.02,M,1998-06-11,Primary,100804,,0.0,16,,,,NORM,0,805
5,Tanta,2018-06-24,200000,A,NORM,Normal,0,2026-04-18,World Elite Card,57537.97,142285.88,M,1999-05-11,Primary,100805,,0.0,95,,,,NORM,0,806
5,Tanta,2018-06-24,200000,A,NORM,Normal,0,2026-04-16,Travel Rewards Card,97985.61,101827.86,M,1999-05-11,Primary,100805,,0.0,95,,,,NORM,0,806
7,Luxor,2018-10-26,20000,A,NORM,Normal,0,2026-04-22,Classic Credit Card,4141.42,15777.57,F,1998-04-20,Primary,100806,,0.0,91,,,,NORM,0,807
7,Luxor,2018-10-26,20000,A,NORM,Normal,0,2026-04-16,Cashback Card,14742.51,5094.18,F,1998-04-20,Primary,100806,,0.0,91,,,,NORM,0,807
2,Giza,2019-03-20,75000,A,NORM,Normal,0,2026-04-18,Titanium Credit Card,-2638.7,72014.91,F,1968-02-01,Secondary,100807,,0.0,86,,,,NORM,0,808
8,Zagazig,2021-02-14,100000,A,NORM,Normal,0,2026-04-28,Platinum Credit Card,9037.79,90803.49,F,1965-02-16,Primary,100808,,0.0,63,,,,NORM,0,809
1,Cairo Main,2022-01-20,75000,A,NORM,Normal,0,2026-04-23,Business Credit Card,60109.43,14408.86,F,1996-04-08,Primary,100809,,0.0,52,,,,NORM,0,810
3,Alexandria,2021-01-26,75000,A,NORM,Normal,0,2026-04-26,Titanium Credit Card,67642.4,7056.38,M,1963-02-08,Primary,100810,,0.0,64,,,,NORM,0,811
1,Cairo Main,2022-10-22,50000,A,NORM,Normal,0,2026-04-27,Titanium Credit Card,-1271.04,48372.01,F,1964-02-23,Primary,100811,,0.0,42,,,,NORM,0,812
6,Assiut,2024-05-25,75000,A,NORM,Normal,0,2026-04-27,Platinum Credit Card,27079.48,47867.77,M,1991-01-30,Primary,100812,,0.0,23,,,,NORM,0,813
3,Alexandria,2019-08-28,100000,A,NORM,Normal,0,2026-04-21,Platinum Credit Card,73158.67,26407.1,M,1980-07-28,Secondary,100813,,0.0,81,,,,NORM,0,814
10,Suez,2018-05-30,20000,A,NORM,Normal,0,2026-04-26,Cashback Card,15792.43,4032.14,F,1964-05-15,Primary,100814,,0.0,96,,,,NORM,0,815
10,Suez,2022-02-25,50000,A,NORM,Normal,0,2026-04-22,Titanium Credit Card,14754.2,35135.17,F,1960-08-23,Primary,100815,,0.0,50,,,,NORM,0,816
9,Ismailia,2023-11-13,50000,A,NORM,Normal,0,2026-04-22,Platinum Credit Card,36495.51,13450.32,M,1979-02-07,Primary,100816,,0.0,30,,,,NORM,0,817
9,Ismailia,2023-11-13,50000,A,NORM,Normal,0,2026-04-24,Titanium Credit Card,17436.86,32399.09,M,1979-02-07,Primary,100816,,0.0,30,,,,NORM,0,817
9,Ismailia,2023-11-13,50000,A,NORM,Normal,0,2026-04-29,World Elite Card,35591.25,14146.59,M,1979-02-07,Primary,100816,,0.0,30,,,,NORM,0,817
7,Luxor,2021-03-06,200000,A,NORM,Normal,0,2026-04-16,Classic Credit Card,154819.68,44738.0,F,1988-06-11,Primary,100817,,0.0,62,,,,NORM,0,818
7,Luxor,2021-03-06,200000,A,NORM,Normal,0,2026-04-17,World Elite Card,91095.66,108698.29,F,1988-06-11,Primary,100817,,0.0,62,,,,NORM,0,818
7,Luxor,2021-03-06,200000,A,NORM,Normal,0,2026-04-27,Travel Rewards Card,79917.82,119596.63,F,1988-06-11,Primary,100817,,0.0,62,,,,NORM,0,818
2,Giza,2022-12-25,150000,A,NORM,Normal,0,2026-05-01,Platinum Credit Card,62228.3,87564.81,F,1988-06-01,Primary,100818,,0.0,40,,,,NORM,0,819
2,Giza,2022-12-25,150000,A,NORM,Normal,0,2026-05-01,Gold Credit Card,128656.26,20936.29,F,1988-06-01,Primary,100818,,0.0,40,,,,NORM,0,819
6,Assiut,2023-03-16,75000,A,NORM,Normal,0,2026-04-19,Titanium Credit Card,-2539.61,72352.68,F,1995-08-09,Primary,100819,,0.0,38,,,,NORM,0,820
7,Luxor,2020-09-16,5000,A,NORM,Normal,0,2026-04-21,Classic Credit Card,2356.94,2454.1,F,1990-03-15,Primary,100820,,0.0,68,,,,NORM,0,821
4,Mansoura,2022-05-23,20000,A,NORM,Normal,0,2026-05-01,Classic Credit Card,-1138.69,18611.5,F,1984-12-05,Secondary,100821,,0.0,47,,,,NORM,0,822
6,Assiut,2019-10-11,75000,A,NORM,Normal,0,2026-04-25,Platinum Credit Card,2927.17,72014.47,F,1983-03-16,Secondary,100822,,0.0,79,,,,NORM,0,823
3,Alexandria,2020-04-14,10000,A,30DD,30 Days Delinquent,30,2026-04-29,Classic Credit Card,-560.71,9391.39,M,1974-06-18,Primary,100823,,4598.59,73,,,,30DD,0,824
8,Zagazig,2022-01-06,15000,A,NEW,New,0,2026-04-23,Classic Credit Card,12811.47,1821.56,M,1988-06-17,Primary,100824,,0.0,52,,,,NEW,0,825
1,Cairo Main,2018-12-06,15000,A,NORM,Normal,0,2026-04-16,Cashback Card,10830.66,3711.39,F,1972-05-02,Secondary,100825,,0.0,90,,,,NORM,0,826
3,Alexandria,2020-12-09,15000,A,NORM,Normal,0,2026-04-18,Gold Credit Card,13946.54,912.65,M,1972-09-01,Primary,100826,,0.0,65,,,,NORM,0,827
2,Giza,2018-11-09,20000,A,NORM,Normal,0,2026-04-23,Gold Credit Card,1146.21,18777.89,M,1981-10-28,Primary,100827,,0.0,91,,,,NORM,0,828
10,Suez,2018-05-09,10000,A,NEW,New,0,2026-04-28,Gold Credit Card,8629.41,902.14,F,1998-05-06,Secondary,100828,,0.0,97,,,,NEW,0,829
10,Suez,2018-05-09,10000,A,NORM,Normal,0,2026-04-27,Cashback Card,-339.41,9223.42,F,1998-05-06,Secondary,100828,,0.0,97,,,,NORM,0,829
10,Suez,2018-05-09,10000,A,NORM,Normal,0,2026-04-30,Travel Rewards Card,2164.94,7427.81,F,1998-05-06,Secondary,100828,,0.0,97,,,,NORM,0,829
1,Cairo Main,2018-04-05,150000,A,NORM,Normal,0,2026-04-27,Classic Credit Card,130459.19,19462.47,F,1984-01-16,Primary,100829,,0.0,98,,,,NORM,0,830
1,Cairo Main,2018-04-05,150000,A,NORM,Normal,0,2026-04-20,World Elite Card,26481.49,123256.07,F,1984-01-16,Primary,100829,,0.0,98,,,,NORM,0,830
5,Tanta,2023-05-27,20000,A,60DA,60 Days Delinquent,60,2026-04-27,Cashback Card,-1958.55,17601.38,F,1972-04-10,Primary,100830,,3885.59,35,,,,60DA,0,831
5,Tanta,2020-03-21,30000,A,NORM,Normal,0,2026-04-21,Cashback Card,8806.17,21080.26,M,1967-10-04,Secondary,100831,,0.0,74,,,,NORM,0,832
8,Zagazig,2024-09-08,30000,A,NORM,Normal,0,2026-05-01,Cashback Card,26705.25,2872.82,M,1979-01-03,Primary,100832,,0.0,20,,,,NORM,0,833
8,Zagazig,2018-05-19,150000,A,NORM,Normal,0,2026-04-24,Platinum Credit Card,93707.34,55984.85,M,1967-07-03,Primary,100833,,0.0,96,,,,NORM,0,834
3,Alexandria,2020-10-01,10000,A,NORM,Normal,0,2026-04-23,Gold Credit Card,3720.93,5863.22,M,1976-01-18,Primary,100834,,0.0,67,,,,NORM,0,835
4,Mansoura,2024-05-13,50000,A,NEW,New,0,2026-04-25,Titanium Credit Card,4339.05,45288.17,M,1980-11-15,Primary,100835,,0.0,23,,,,NEW,0,836
5,Tanta,2024-10-25,10000,A,NORM,Normal,0,2026-04-19,Gold Credit Card,7757.77,2092.59,F,1992-02-17,Primary,100836,,0.0,18,,,,NORM,0,837
5,Tanta,2024-10-25,10000,A,NORM,Normal,0,2026-04-26,Cashback Card,6955.26,2826.24,F,1992-02-17,Primary,100836,,0.0,18,,,,NORM,0,837
8,Zagazig,2021-01-29,75000,A,NORM,Normal,0,2026-04-29,Platinum Credit Card,59358.63,15168.63,F,1962-02-05,Primary,100837,,0.0,63,,,,NORM,0,838
1,Cairo Main,2024-06-16,5000,A,NORM,Normal,0,2026-04-22,Gold Credit Card,849.35,3793.26,M,1988-11-14,Primary,100838,,0.0,22,,,,NORM,0,839
8,Zagazig,2022-08-28,30000,A,NORM,Normal,0,2026-04-23,Gold Credit Card,24244.8,5261.49,F,1964-04-07,Primary,100839,,0.0,44,,,,NORM,0,840
5,Tanta,2023-02-05,100000,A,NEW,New,0,2026-04-17,World Elite Card,26138.1,73630.99,M,1991-03-29,Primary,100840,,0.0,39,,,,NEW,0,841
5,Tanta,2023-02-05,100000,A,NORM,Normal,0,2026-04-26,Travel Rewards Card,7567.78,92181.23,M,1991-03-29,Primary,100840,,0.0,39,,,,NORM,0,841
4,Mansoura,2018-12-27,20000,A,NORM,Normal,0,2026-04-17,Classic Credit Card,14164.82,5762.17,M,1967-08-20,Primary,100841,,0.0,89,,,,NORM,0,842
4,Mansoura,2018-12-27,20000,A,NORM,Normal,0,2026-04-27,Cashback Card,4728.68,14893.23,M,1967-08-20,Primary,100841,,0.0,89,,,,NORM,0,842
5,Tanta,2024-11-14,75000,A,NORM,Normal,0,2026-04-22,Platinum Credit Card,39280.79,35319.71,M,1974-10-09,Primary,100842,,0.0,17,,,,NORM,0,843
7,Luxor,2023-01-05,10000,A,NORM,Normal,0,2026-04-27,Cashback Card,-384.67,9169.21,F,1988-07-27,Primary,100843,,0.0,40,,,,NORM,0,844
2,Giza,2021-04-28,10000,A,NORM,Normal,0,2026-04-22,Classic Credit Card,1453.65,8338.49,M,1971-11-01,Secondary,100844,,0.0,60,,,,NORM,0,845
1,Cairo Main,2020-06-04,100000,A,NEW,New,0,2026-04-27,World Elite Card,48183.45,51539.98,F,1990-01-28,Primary,100845,,0.0,71,,,,NEW,0,846
3,Alexandria,2023-08-29,10000,A,NORM,Normal,0,2026-04-18,Gold Credit Card,9042.39,595.99,M,1998-01-11,Primary,100846,,0.0,32,,,,NORM,0,847
5,Tanta,2019-11-04,30000,A,NORM,Normal,0,2026-04-18,Classic Credit Card,1173.94,28445.37,M,1978-12-23,Primary,100847,,0.0,79,,,,NORM,0,848
5,Tanta,2023-05-05,150000,A,NORM,Normal,0,2026-05-01,World Elite Card,90658.06,59190.31,F,1961-04-13,Primary,100848,,0.0,36,,,,NORM,0,849
7,Luxor,2021-09-28,5000,A,60DA,60 Days Delinquent,60,2026-04-17,Classic Credit Card,3916.7,775.93,F,1982-10-13,Primary,100849,,501.81,55,,,,60DA,0,850
3,Alexandria,2021-02-04,150000,A,NORM,Normal,0,2026-05-01,Platinum Credit Card,81309.68,68240.22,M,1986-08-24,Secondary,100850,,0.0,63,,,,NORM,0,851
1,Cairo Main,2024-06-14,30000,A,NORM,Normal,0,2026-04-28,Classic Credit Card,-191.9,29345.42,F,1961-08-07,Primary,100851,,0.0,22,,,,NORM,0,852
5,Tanta,2020-04-22,15000,A,NORM,Normal,0,2026-04-29,Gold Credit Card,1836.86,12986.31,M,1982-03-18,Primary,100852,,0.0,73,,,,NORM,0,853
5,Tanta,2020-09-04,15000,A,NORM,Normal,0,2026-04-29,Classic Credit Card,12286.04,2254.23,F,1998-03-30,Primary,100853,,0.0,68,,,,NORM,0,854
7,Luxor,2018-03-27,15000,A,NEW,New,0,2026-04-17,Classic Credit Card,5563.7,9117.51,F,1974-12-26,Secondary,100854,,0.0,98,,,,NEW,0,855
7,Luxor,2018-03-27,15000,A,NORM,Normal,0,2026-04-29,Cashback Card,10872.68,4058.77,F,1974-12-26,Secondary,100854,,0.0,98,,,,NORM,0,855
8,Zagazig,2020-10-10,100000,A,30DD,30 Days Delinquent,30,2026-04-22,World Elite Card,48449.56,51504.2,M,1999-03-03,Primary,100855,,2310.44,67,,,,30DD,0,856
5,Tanta,2021-10-06,100000,A,NORM,Normal,0,2026-04-19,Business Credit Card,38240.16,61647.2,F,1996-01-22,Primary,100856,,0.0,55,,,,NORM,0,857
5,Tanta,2021-10-06,100000,A,NORM,Normal,0,2026-05-01,World Elite Card,5333.78,94344.6,F,1996-01-22,Primary,100856,,0.0,55,,,,NORM,0,857
5,Tanta,2021-09-28,150000,A,NORM,Normal,0,2026-04-17,Platinum Credit Card,45267.09,104634.07,F,1991-11-09,Secondary,100857,,0.0,55,,,,NORM,0,858
8,Zagazig,2020-09-27,200000,A,NORM,Normal,0,2026-04-30,World Elite Card,114682.11,85274.03,M,1961-05-21,Secondary,100858,,0.0,68,,,,NORM,0,859
9,Ismailia,2020-12-22,50000,A,NORM,Normal,0,2026-04-29,Titanium Credit Card,26328.14,23239.56,M,1967-11-06,Primary,100859,,0.0,65,,,,NORM,0,860
10,Suez,2022-11-11,100000,A,NORM,Normal,0,2026-04-27,Platinum Credit Card,92560.49,7346.54,F,1965-07-07,Primary,100860,,0.0,42,,,,NORM,0,861
10,Suez,2022-11-11,100000,A,NORM,Normal,0,2026-04-28,Classic Credit Card,29521.62,69980.96,F,1965-07-07,Primary,100860,,0.0,42,,,,NORM,0,861
10,Suez,2022-11-11,100000,A,NORM,Normal,0,2026-04-29,Travel Rewards Card,67038.78,32544.36,F,1965-07-07,Primary,100860,,0.0,42,,,,NORM,0,861
10,Suez,2019-10-29,30000,A,NORM,Normal,0,2026-04-21,Business Credit Card,19812.71,9842.03,F,1985-01-13,Primary,100861,,0.0,79,,,,NORM,0,862
2,Giza,2023-06-24,30000,A,NORM,Normal,0,2026-04-22,Cashback Card,8206.57,21651.24,F,1962-05-21,Primary,100862,,0.0,34,,,,NORM,0,863
9,Ismailia,2018-12-19,30000,A,NORM,Normal,0,2026-04-26,Classic Credit Card,22088.57,7437.11,M,1966-12-15,Primary,100863,,0.0,89,,,,NORM,0,864
9,Ismailia,2018-12-19,30000,A,NORM,Normal,0,2026-04-26,Gold Credit Card,16124.34,13419.41,M,1966-12-15,Primary,100863,,0.0,89,,,,NORM,0,864
9,Ismailia,2018-12-19,30000,A,NORM,Normal,0,2026-04-23,Cashback Card,7705.81,21948.22,M,1966-12-15,Primary,100863,,0.0,89,,,,NORM,0,864
7,Luxor,2022-06-23,10000,A,NORM,Normal,0,2026-04-28,Platinum Credit Card,184.03,9497.88,M,1978-12-15,Primary,100864,,0.0,46,,,,NORM,0,865
7,Luxor,2022-06-23,10000,A,NORM,Normal,0,2026-04-30,Gold Credit Card,3677.99,6161.15,M,1978-12-15,Primary,100864,,0.0,46,,,,NORM,0,865
7,Luxor,2022-06-23,10000,A,NORM,Normal,0,2026-04-18,Cashback Card,5509.43,4300.43,M,1978-12-15,Primary,100864,,0.0,46,,,,NORM,0,865
3,Alexandria,2024-03-20,20000,A,NORM,Normal,0,2026-05-01,Gold Credit Card,2514.02,17202.72,M,1978-09-03,Primary,100865,,0.0,25,,,,NORM,0,866
3,Alexandria,2022-12-16,50000,A,NORM,Normal,0,2026-04-21,Platinum Credit Card,41975.88,7696.94,F,1983-08-15,Secondary,100866,,0.0,41,,,,NORM,0,867
3,Alexandria,2022-12-16,50000,A,NORM,Normal,0,2026-04-16,Titanium Credit Card,28578.93,21220.91,F,1983-08-15,Secondary,100866,,0.0,41,,,,NORM,0,867
3,Alexandria,2022-12-16,50000,A,NORM,Normal,0,2026-04-16,World Elite Card,4224.82,45595.78,F,1983-08-15,Secondary,100866,,0.0,41,,,,NORM,0,867
9,Ismailia,2022-09-21,10000,A,NORM,Normal,0,2026-04-20,Gold Credit Card,9498.04,132.92,F,1961-03-08,Primary,100867,,0.0,43,,,,NORM,0,868
5,Tanta,2022-05-28,15000,A,NORM,Normal,0,2026-04-22,Gold Credit Card,1748.26,12973.15,M,1962-05-27,Primary,100868,,0.0,47,,,,NORM,0,869
10,Suez,2021-04-05,200000,A,NORM,Normal,0,2026-04-22,Business Credit Card,6109.64,193847.09,M,1964-05-14,Primary,100869,,0.0,61,,,,NORM,0,870
9,Ismailia,2023-07-22,15000,A,NORM,Normal,0,2026-04-21,Cashback Card,7125.31,7839.73,F,1993-03-19,Primary,100870,,0.0,33,,,,NORM,0,871
9,Ismailia,2023-07-22,15000,A,NEW,New,0,2026-04-29,Business Credit Card,1898.08,12653.9,F,1993-03-19,Primary,100870,,0.0,33,,,,NEW,0,871
10,Suez,2020-04-02,10000,A,NEW,New,0,2026-04-26,Cashback Card,7226.32,2634.38,M,1990-11-07,Primary,100871,,0.0,74,,,,NEW,0,872
1,Cairo Main,2023-09-03,100000,A,NORM,Normal,0,2026-04-25,World Elite Card,85404.47,14489.07,F,1997-05-09,Secondary,100872,,0.0,32,,,,NORM,0,873
5,Tanta,2024-11-14,100000,A,NORM,Normal,0,2026-04-27,World Elite Card,3090.03,96868.75,M,1996-11-09,Secondary,100873,,0.0,17,,,,NORM,0,874
9,Ismailia,2024-02-18,20000,A,NORM,Normal,0,2026-04-27,Business Credit Card,9204.19,10434.64,F,1993-04-08,Primary,100874,,0.0,26,,,,NORM,0,875
7,Luxor,2019-03-16,100000,A,NORM,Normal,0,2026-04-27,World Elite Card,24704.01,75138.74,F,1991-04-18,Primary,100875,,0.0,86,,,,NORM,0,876
7,Luxor,2019-03-16,100000,A,NORM,Normal,0,2026-04-19,Travel Rewards Card,80438.75,19186.93,F,1991-04-18,Primary,100875,,0.0,86,,,,NORM,0,876
10,Suez,2018-06-24,50000,A,NORM,Normal,0,2026-04-21,Titanium Credit Card,30913.55,18765.62,M,1979-12-09,Primary,100876,,0.0,95,,,,NORM,0,877
6,Assiut,2023-11-21,75000,A,NORM,Normal,0,2026-04-18,Platinum Credit Card,33291.49,41425.82,F,1991-09-05,Primary,100877,,0.0,29,,,,NORM,0,878
5,Tanta,2018-10-07,100000,A,NORM,Normal,0,2026-04-19,Cashback Card,11573.39,88043.68,F,1977-09-02,Primary,100878,,0.0,92,,,,NORM,0,879
5,Tanta,2018-10-07,100000,A,NORM,Normal,0,2026-04-27,World Elite Card,23359.7,76158.14,F,1977-09-02,Primary,100878,,0.0,92,,,,NORM,0,879
5,Tanta,2018-10-07,100000,A,NORM,Normal,0,2026-04-18,Travel Rewards Card,65239.86,34431.98,F,1977-09-02,Primary,100878,,0.0,92,,,,NORM,0,879
10,Suez,2022-07-12,10000,A,NORM,Normal,0,2026-04-27,Cashback Card,2877.92,7060.88,M,1987-09-12,Primary,100879,,0.0,46,,,,NORM,0,880
6,Assiut,2020-08-06,20000,A,NORM,Normal,0,2026-04-30,Classic Credit Card,15202.2,4598.31,M,1994-02-01,Primary,100880,,0.0,69,,,,NORM,0,881
6,Assiut,2020-08-06,20000,A,NORM,Normal,0,2026-04-22,World Elite Card,3049.48,16640.46,M,1994-02-01,Primary,100880,,0.0,69,,,,NORM,0,881
2,Giza,2022-03-14,200000,A,NORM,Normal,0,2026-05-01,Platinum Credit Card,180178.93,19667.11,M,1979-10-22,Primary,100881,,0.0,50,,,,NORM,0,882
2,Giza,2022-03-14,200000,A,NORM,Normal,0,2026-04-16,World Elite Card,50754.35,148907.92,M,1979-10-22,Primary,100881,,0.0,50,,,,NORM,0,882
2,Giza,2022-03-14,200000,A,NORM,Normal,0,2026-04-20,Travel Rewards Card,116133.08,83720.17,M,1979-10-22,Primary,100881,,0.0,50,,,,NORM,0,882
5,Tanta,2020-04-04,15000,A,NORM,Normal,0,2026-04-20,Classic Credit Card,29.19,14848.57,M,1970-02-11,Primary,100882,,0.0,73,,,,NORM,0,883
5,Tanta,2020-04-04,15000,A,NORM,Normal,0,2026-04-17,Cashback Card,12499.85,2147.25,M,1970-02-11,Primary,100882,,0.0,73,,,,NORM,0,883
6,Assiut,2022-07-30,200000,A,NORM,Normal,0,2026-04-30,Platinum Credit Card,86185.83,113624.3,M,1994-09-26,Primary,100883,,0.0,45,,,,NORM,0,884
6,Assiut,2022-07-30,200000,A,NEW,New,0,2026-04-18,Travel Rewards Card,50677.29,149094.47,M,1994-09-26,Primary,100883,,0.0,45,,,,NEW,0,884
6,Assiut,2024-12-08,150000,A,NORM,Normal,0,2026-04-27,Platinum Credit Card,85916.0,63905.44,M,1975-12-28,Primary,100884,,0.0,16,,,,NORM,0,885
6,Assiut,2024-12-08,150000,A,30DD,30 Days Delinquent,30,2026-04-25,Travel Rewards Card,51285.63,98406.23,M,1975-12-28,Primary,100884,,33834.48,16,,,,30DD,0,885
2,Giza,2023-08-05,20000,A,NORM,Normal,0,2026-04-23,Gold Credit Card,3347.45,16516.98,F,1965-04-16,Secondary,100885,,0.0,33,,,,NORM,0,886
6,Assiut,2019-10-09,30000,A,NORM,Normal,0,2026-04-18,Classic Credit Card,-2559.0,27064.72,M,1963-01-18,Primary,100886,,0.0,79,,,,NORM,0,887
8,Zagazig,2018-05-03,5000,A,NORM,Normal,0,2026-05-01,Classic Credit Card,604.34,4104.13,M,1971-10-19,Primary,100887,,0.0,97,,,,NORM,0,888
4,Mansoura,2018-10-26,200000,A,NORM,Normal,0,2026-04-28,World Elite Card,118618.36,81303.95,M,1982-02-20,Secondary,100888,,0.0,91,,,,NORM,0,889
4,Mansoura,2018-10-26,200000,A,NORM,Normal,0,2026-04-27,Travel Rewards Card,166351.33,33587.79,M,1982-02-20,Secondary,100888,,0.0,91,,,,NORM,0,889
5,Tanta,2018-06-20,10000,A,NORM,Normal,0,2026-04-28,Classic Credit Card,4312.51,5399.64,F,1992-06-12,Primary,100889,,0.0,95,,,,NORM,0,890
1,Cairo Main,2020-03-14,150000,A,NORM,Normal,0,2026-04-28,World Elite Card,122851.65,27084.06,F,1961-03-07,Primary,100890,,0.0,74,,,,NORM,0,891
1,Cairo Main,2020-03-14,150000,A,30DD,30 Days Delinquent,30,2026-04-30,Travel Rewards Card,58293.65,91525.33,F,1961-03-07,Primary,100890,,38177.99,74,,,,30DD,0,891
9,Ismailia,2019-04-19,100000,A,NORM,Normal,0,2026-04-18,Platinum Credit Card,36151.29,63427.61,M,1966-03-07,Primary,100891,,0.0,85,,,,NORM,0,892
9,Ismailia,2019-04-19,100000,A,NORM,Normal,0,2026-04-26,Travel Rewards Card,-916.68,99018.97,M,1966-03-07,Primary,100891,,0.0,85,,,,NORM,0,892
1,Cairo Main,2022-08-19,150000,A,NEW,New,0,2026-04-29,World Elite Card,140457.82,9340.33,M,1970-03-10,Primary,100892,,0.0,45,,,,NEW,0,893
5,Tanta,2021-07-10,50000,A,NORM,Normal,0,2026-04-17,Platinum Credit Card,-920.94,49037.34,F,1961-12-17,Primary,100893,,0.0,58,,,,NORM,0,894
2,Giza,2024-02-05,20000,A,NORM,Normal,0,2026-04-16,Business Credit Card,430.14,19406.78,F,1971-03-23,Primary,100894,,0.0,27,,,,NORM,0,895
2,Giza,2024-02-05,20000,A,NORM,Normal,0,2026-04-16,Travel Rewards Card,1829.68,17769.56,F,1971-03-23,Primary,100894,,0.0,27,,,,NORM,0,895
5,Tanta,2020-09-27,150000,A,NORM,Normal,0,2026-04-18,World Elite Card,-379.63,149361.03,F,1998-12-24,Primary,100895,,0.0,68,,,,NORM,0,896
4,Mansoura,2022-12-09,100000,A,NORM,Normal,0,2026-04-28,World Elite Card,30254.14,69447.79,F,1991-04-29,Primary,100897,,0.0,41,,,,NORM,0,898
5,Tanta,2024-11-02,75000,A,NORM,Normal,0,2026-04-25,Business Credit Card,47091.81,27701.49,F,1998-05-02,Primary,100898,,0.0,18,,,,NORM,0,899
3,Alexandria,2022-11-01,150000,A,NORM,Normal,0,2026-04-16,World Elite Card,37565.26,112340.83,F,1989-08-08,Secondary,100899,,0.0,42,,,,NORM,0,900
4,Mansoura,2018-04-23,50000,A,NORM,Normal,0,2026-04-22,Titanium Credit Card,39391.7,10127.7,F,1993-12-19,Secondary,100900,,0.0,97,,,,NORM,0,901
8,Zagazig,2024-06-03,200000,A,NORM,Normal,0,2026-04-28,Platinum Credit Card,126967.8,72879.92,M,1979-01-05,Secondary,100901,,0.0,23,,,,NORM,0,902
2,Giza,2024-02-02,30000,A,NEW,New,0,2026-04-26,Classic Credit Card,28311.87,1579.29,F,1971-03-18,Primary,100902,,0.0,27,,,,NEW,0,903
2,Giza,2024-05-17,50000,A,NORM,Normal,0,2026-04-16,Titanium Credit Card,12320.84,37516.17,M,1973-10-07,Primary,100903,,0.0,23,,,,NORM,0,904
2,Giza,2024-05-17,50000,A,NORM,Normal,0,2026-04-29,World Elite Card,35897.13,14073.83,M,1973-10-07,Primary,100903,,0.0,23,,,,NORM,0,904
9,Ismailia,2022-08-01,5000,A,NORM,Normal,0,2026-04-21,Gold Credit Card,1491.04,3482.02,M,1969-10-09,Primary,100904,,0.0,45,,,,NORM,0,905
9,Ismailia,2022-08-01,5000,A,NORM,Normal,0,2026-04-23,Cashback Card,4328.72,326.41,M,1969-10-09,Primary,100904,,0.0,45,,,,NORM,0,905
9,Ismailia,2022-08-01,5000,A,NEW,New,0,2026-04-24,Titanium Credit Card,-89.38,4756.66,M,1969-10-09,Primary,100904,,0.0,45,,,,NEW,0,905
8,Zagazig,2020-07-20,15000,A,NORM,Normal,0,2026-04-29,Classic Credit Card,9463.36,5085.84,M,1965-09-15,Primary,100905,,0.0,70,,,,NORM,0,906
8,Zagazig,2020-07-20,15000,A,NORM,Normal,0,2026-04-17,Cashback Card,5724.92,8826.44,M,1965-09-15,Primary,100905,,0.0,70,,,,NORM,0,906
10,Suez,2018-06-21,150000,A,NORM,Normal,0,2026-04-18,Platinum Credit Card,51434.52,98486.98,F,1974-03-27,Primary,100906,,0.0,95,,,,NORM,0,907
4,Mansoura,2019-03-24,10000,A,NORM,Normal,0,2026-04-17,Cashback Card,8103.6,1450.42,M,1975-09-08,Primary,100907,,0.0,86,,,,NORM,0,908
2,Giza,2022-10-13,30000,A,NORM,Normal,0,2026-04-23,Cashback Card,5061.57,24514.98,F,1988-10-16,Secondary,100908,,0.0,43,,,,NORM,0,909
5,Tanta,2018-05-08,15000,A,NORM,Normal,0,2026-04-30,Classic Credit Card,421.56,14192.41,M,1987-11-24,Secondary,100909,,0.0,97,,,,NORM,0,910
10,Suez,2021-11-10,20000,A,NORM,Normal,0,2026-04-21,Classic Credit Card,17259.4,2602.92,M,1991-12-23,Secondary,100910,,0.0,54,,,,NORM,0,911
10,Suez,2021-11-10,20000,A,NORM,Normal,0,2026-04-25,Cashback Card,8024.44,11633.47,M,1991-12-23,Secondary,100910,,0.0,54,,,,NORM,0,911
9,Ismailia,2024-02-24,75000,A,NEW,New,0,2026-05-01,Platinum Credit Card,56723.41,17818.98,F,1985-10-07,Primary,100911,,0.0,26,,,,NEW,0,912
9,Ismailia,2024-02-24,75000,A,NORM,Normal,0,2026-04-23,Travel Rewards Card,63464.54,11184.3,F,1985-10-07,Primary,100911,,0.0,26,,,,NORM,0,912
4,Mansoura,2020-09-22,50000,A,NORM,Normal,0,2026-04-22,Platinum Credit Card,21165.01,28382.01,F,1974-09-29,Primary,100912,,0.0,68,,,,NORM,0,913
9,Ismailia,2022-01-23,100000,A,NORM,Normal,0,2026-04-17,Platinum Credit Card,63976.71,35777.49,M,1963-06-06,Secondary,100913,,0.0,51,,,,NORM,0,914
10,Suez,2019-07-20,200000,A,NORM,Normal,0,2026-04-22,Platinum Credit Card,780.26,198782.84,F,1989-11-14,Primary,100914,,0.0,82,,,,NORM,0,915
10,Suez,2019-07-20,200000,A,NORM,Normal,0,2026-04-26,Travel Rewards Card,108548.43,90986.06,F,1989-11-14,Primary,100914,,0.0,82,,,,NORM,0,915
8,Zagazig,2020-03-22,15000,A,NORM,Normal,0,2026-04-25,Classic Credit Card,7494.33,7328.49,F,1988-05-18,Primary,100915,,0.0,74,,,,NORM,0,916
7,Luxor,2019-11-15,10000,A,NORM,Normal,0,2026-04-18,Cashback Card,6041.4,3477.52,F,1961-01-27,Primary,100916,,0.0,78,,,,NORM,0,917
5,Tanta,2021-10-11,50000,A,NORM,Normal,0,2026-04-24,Platinum Credit Card,26838.22,22899.2,F,1965-05-04,Secondary,100917,,0.0,55,,,,NORM,0,918
7,Luxor,2023-05-09,15000,A,NORM,Normal,0,2026-04-21,Cashback Card,11261.46,3708.3,M,1972-12-22,Primary,100918,,0.0,36,,,,NORM,0,919
7,Luxor,2023-05-09,15000,A,NORM,Normal,0,2026-04-18,Business Credit Card,22.08,14600.47,M,1972-12-22,Primary,100918,,0.0,36,,,,NORM,0,919
7,Luxor,2022-12-02,15000,A,NORM,Normal,0,2026-04-22,Gold Credit Card,11203.04,3688.96,F,1974-05-17,Primary,100919,,0.0,41,,,,NORM,0,920
7,Luxor,2022-12-02,15000,A,NORM,Normal,0,2026-04-18,Classic Credit Card,-664.55,13979.45,F,1974-05-17,Primary,100919,,0.0,41,,,,NORM,0,920
9,Ismailia,2023-09-13,75000,A,NORM,Normal,0,2026-04-26,Titanium Credit Card,-5115.77,69748.99,M,1986-01-03,Secondary,100920,,0.0,32,,,,NORM,0,921
9,Ismailia,2024-06-13,200000,A,NORM,Normal,0,2026-04-17,Platinum Credit Card,-8715.16,190898.45,F,1972-06-24,Primary,100921,,0.0,22,,,,NORM,0,922
3,Alexandria,2020-11-28,200000,A,NORM,Normal,0,2026-04-28,Platinum Credit Card,137720.55,62055.13,M,1972-12-09,Secondary,100922,,0.0,66,,,,NORM,0,923
3,Alexandria,2020-11-28,200000,A,30DD,30 Days Delinquent,30,2026-04-24,Gold Credit Card,21193.7,178656.29,M,1972-12-09,Secondary,100922,,38843.47,66,,,,30DD,0,923
3,Alexandria,2020-11-28,200000,A,NORM,Normal,0,2026-04-25,Travel Rewards Card,135617.74,63915.01,M,1972-12-09,Secondary,100922,,0.0,66,,,,NORM,0,923
4,Mansoura,2023-06-24,5000,A,NORM,Normal,0,2026-04-20,Cashback Card,3821.31,858.31,M,1960-04-19,Secondary,100923,,0.0,34,,,,NORM,0,924
2,Giza,2022-11-06,100000,A,30DD,30 Days Delinquent,30,2026-04-30,World Elite Card,8716.49,90791.12,F,1979-12-08,Secondary,100924,,3506.13,42,,,,30DD,0,925
6,Assiut,2023-09-08,50000,A,60DA,60 Days Delinquent,60,2026-04-25,Platinum Credit Card,-3449.3,46463.01,F,1967-01-11,Primary,100925,,3568.05,32,,,,60DA,0,926
4,Mansoura,2024-04-05,5000,A,NORM,Normal,0,2026-04-29,Cashback Card,4143.38,457.51,M,1997-09-29,Primary,100926,,0.0,25,,,,NORM,0,927
3,Alexandria,2023-07-28,30000,A,NORM,Normal,0,2026-04-28,Classic Credit Card,1696.76,28271.94,F,1992-11-26,Primary,100927,,0.0,33,,,,NORM,0,928
4,Mansoura,2019-12-31,5000,A,NORM,Normal,0,2026-04-16,Cashback Card,2032.32,2554.49,M,1991-11-06,Primary,100928,,0.0,77,,,,NORM,0,929
3,Alexandria,2021-05-14,20000,A,NORM,Normal,0,2026-04-27,Gold Credit Card,15924.72,3745.62,F,1999-05-19,Primary,100929,,0.0,60,,,,NORM,0,930
4,Mansoura,2021-03-22,75000,A,NORM,Normal,0,2026-04-16,Titanium Credit Card,6490.36,68492.11,F,1965-01-15,Secondary,100930,,0.0,62,,,,NORM,0,931
7,Luxor,2019-06-09,100000,A,NORM,Normal,0,2026-04-16,Business Credit Card,4005.02,95640.71,F,1991-08-13,Primary,100931,,0.0,83,,,,NORM,0,932
1,Cairo Main,2021-08-16,30000,A,90DA,90 Days Delinquent,90,2026-04-27,Gold Credit Card,20059.27,9695.56,F,1985-03-22,Secondary,100932,,10430.05,57,,,,90DA,0,933
4,Mansoura,2018-07-06,30000,A,NORM,Normal,0,2026-04-29,Cashback Card,24290.04,5243.07,M,1975-03-30,Primary,100933,,0.0,95,,,,NORM,0,934
10,Suez,2019-06-14,200000,A,NORM,Normal,0,2026-04-19,World Elite Card,115213.46,84469.97,F,1974-10-15,Secondary,100934,,0.0,83,,,,NORM,0,935
1,Cairo Main,2020-05-12,50000,A,NORM,Normal,0,2026-04-18,Platinum Credit Card,13422.26,36551.98,F,1983-04-07,Secondary,100935,,0.0,72,,,,NORM,0,936
7,Luxor,2024-03-14,20000,A,NORM,Normal,0,2026-04-20,Classic Credit Card,15553.74,3984.72,F,1969-09-02,Primary,100936,,0.0,25,,,,NORM,0,937
5,Tanta,2018-04-10,20000,A,NORM,Normal,0,2026-04-29,Cashback Card,27.12,19530.75,F,1973-07-10,Primary,100937,,0.0,98,,,,NORM,0,938
2,Giza,2023-08-29,75000,A,NORM,Normal,0,2026-04-29,Platinum Credit Card,7853.87,66799.08,F,1963-04-25,Primary,100938,,0.0,32,,,,NORM,0,939
6,Assiut,2023-09-30,5000,A,NORM,Normal,0,2026-05-01,Classic Credit Card,2010.95,2656.12,F,1979-01-26,Primary,100939,,0.0,31,,,,NORM,0,940
4,Mansoura,2024-04-16,30000,A,NORM,Normal,0,2026-04-23,Business Credit Card,10814.45,18754.65,M,1978-03-24,Secondary,100940,,0.0,24,,,,NORM,0,941
9,Ismailia,2019-03-20,100000,A,NORM,Normal,0,2026-05-01,World Elite Card,43106.05,56470.1,F,1992-01-20,Primary,100941,,0.0,86,,,,NORM,0,942
5,Tanta,2019-08-12,10000,A,NORM,Normal,0,2026-04-22,Classic Credit Card,4257.47,5365.17,M,1974-11-29,Primary,100942,,0.0,81,,,,NORM,0,943
8,Zagazig,2024-05-09,20000,A,30DD,30 Days Delinquent,30,2026-04-18,Gold Credit Card,15503.38,4342.86,M,1983-06-24,Primary,100943,,7363.23,24,,,,30DD,0,944
8,Zagazig,2024-05-09,20000,A,NORM,Normal,0,2026-04-23,Cashback Card,15474.6,4224.87,M,1983-06-24,Primary,100943,,0.0,24,,,,NORM,0,944
7,Luxor,2018-01-23,30000,A,NORM,Normal,0,2026-04-19,Gold Credit Card,2620.11,27275.13,F,1999-02-02,Primary,100944,,0.0,100,,,,NORM,0,945
7,Luxor,2018-01-23,30000,A,30DD,30 Days Delinquent,30,2026-04-16,Cashback Card,12788.02,17199.16,F,1999-02-02,Primary,100944,,12488.37,100,,,,30DD,0,945
9,Ismailia,2018-11-30,10000,A,NORM,Normal,0,2026-04-21,Gold Credit Card,2012.94,7745.0,M,1998-07-08,Primary,100945,,0.0,90,,,,NORM,0,946
4,Mansoura,2019-04-11,5000,A,NORM,Normal,0,2026-04-28,Cashback Card,868.47,3654.87,F,1979-08-18,Primary,100946,,0.0,85,,,,NORM,0,947
7,Luxor,2021-01-15,150000,A,NORM,Normal,0,2026-04-27,Platinum Credit Card,39496.84,110272.91,F,1973-03-13,Primary,100947,,0.0,64,,,,NORM,0,948
6,Assiut,2024-10-12,30000,A,NORM,Normal,0,2026-05-01,Business Credit Card,20702.63,8951.26,M,1983-04-19,Primary,100948,,0.0,18,,,,NORM,0,949
6,Assiut,2020-01-05,15000,A,NORM,Normal,0,2026-04-24,Business Credit Card,3464.4,11051.75,M,1978-09-03,Primary,100949,,0.0,76,,,,NORM,0,950
8,Zagazig,2019-01-23,5000,A,NORM,Normal,0,2026-04-23,Classic Credit Card,291.13,4230.26,M,1974-11-06,Primary,100950,,0.0,88,,,,NORM,0,951
5,Tanta,2022-10-12,200000,A,NORM,Normal,0,2026-04-30,Platinum Credit Card,22301.3,177420.98,M,1972-09-30,Primary,100951,,0.0,43,,,,NORM,0,952
4,Mansoura,2020-01-01,30000,A,NORM,Normal,0,2026-04-18,Cashback Card,-1457.86,28414.61,F,1972-07-23,Secondary,100952,,0.0,77,,,,NORM,0,953
4,Mansoura,2018-01-11,20000,A,NORM,Normal,0,2026-04-16,Cashback Card,11760.1,8120.26,M,1967-07-17,Primary,100953,,0.0,101,,,,NORM,0,954
2,Giza,2019-07-16,150000,A,NORM,Normal,0,2026-04-25,Platinum Credit Card,104201.26,45404.28,M,1962-05-05,Primary,100954,,0.0,82,,,,NORM,0,955
7,Luxor,2023-04-28,50000,A,NORM,Normal,0,2026-04-25,Cashback Card,5285.74,44491.21,M,1991-09-06,Secondary,100955,,0.0,36,,,,NORM,0,956
7,Luxor,2023-04-28,50000,A,NORM,Normal,0,2026-04-28,Titanium Credit Card,22405.2,27199.34,M,1991-09-06,Secondary,100955,,0.0,36,,,,NORM,0,956
7,Luxor,2022-12-14,100000,A,NORM,Normal,0,2026-04-19,Platinum Credit Card,81407.88,18375.28,M,1985-02-21,Secondary,100956,,0.0,41,,,,NORM,0,957
7,Luxor,2024-12-02,150000,A,NORM,Normal,0,2026-04-24,World Elite Card,24292.26,125689.17,F,1969-08-03,Primary,100957,,0.0,17,,,,NORM,0,958
10,Suez,2021-09-07,10000,A,60DA,60 Days Delinquent,60,2026-05-01,Classic Credit Card,1444.87,8239.23,F,1973-12-03,Primary,100958,,1231.88,56,,,,60DA,0,959
10,Suez,2021-09-07,10000,A,NORM,Normal,0,2026-04-25,Cashback Card,8697.61,1003.98,F,1973-12-03,Primary,100958,,0.0,56,,,,NORM,0,959
10,Suez,2021-09-07,10000,A,NORM,Normal,0,2026-04-19,Travel Rewards Card,8541.36,1068.65,F,1973-12-03,Primary,100958,,0.0,56,,,,NORM,0,959
5,Tanta,2018-08-23,200000,A,90DA,90 Days Delinquent,90,2026-04-30,Platinum Credit Card,12394.79,187273.88,M,1972-04-19,Primary,100959,,52353.47,93,,,,90DA,0,960
5,Tanta,2018-08-23,200000,A,NORM,Normal,0,2026-04-18,Travel Rewards Card,135610.57,64167.29,M,1972-04-19,Primary,100959,,0.0,93,,,,NORM,0,960
1,Cairo Main,2018-04-29,200000,A,NORM,Normal,0,2026-04-30,Gold Credit Card,28073.29,171625.83,M,1976-07-29,Primary,100960,,0.0,97,,,,NORM,0,961
1,Cairo Main,2018-04-29,200000,A,NORM,Normal,0,2026-04-24,World Elite Card,35601.63,164183.27,M,1976-07-29,Primary,100960,,0.0,97,,,,NORM,0,961
2,Giza,2024-02-07,30000,A,NORM,Normal,0,2026-04-23,Cashback Card,18802.75,11056.94,F,1998-06-25,Secondary,100961,,0.0,27,,,,NORM,0,962
6,Assiut,2018-02-28,75000,A,NORM,Normal,0,2026-04-16,Platinum Credit Card,48348.36,26530.83,M,1983-02-28,Primary,100962,,0.0,99,,,,NORM,0,963
6,Assiut,2018-02-28,75000,A,NORM,Normal,0,2026-04-18,Travel Rewards Card,1058.28,73673.45,M,1983-02-28,Primary,100962,,0.0,99,,,,NORM,0,963
10,Suez,2023-09-02,75000,A,NORM,Normal,0,2026-04-16,Platinum Credit Card,3621.95,71227.48,F,1968-11-29,Primary,100963,,0.0,32,,,,NORM,0,964
2,Giza,2023-03-12,10000,A,NORM,Normal,0,2026-04-27,Classic Credit Card,7909.02,1791.27,M,1985-05-25,Primary,100964,,0.0,38,,,,NORM,0,965
2,Giza,2023-03-12,10000,A,NORM,Normal,0,2026-04-22,Platinum Credit Card,4495.67,5487.07,M,1985-05-25,Primary,100964,,0.0,38,,,,NORM,0,965
2,Giza,2023-03-12,10000,A,NORM,Normal,0,2026-05-01,World Elite Card,6476.52,3346.03,M,1985-05-25,Primary,100964,,0.0,38,,,,NORM,0,965
2,Giza,2020-10-07,30000,A,NORM,Normal,0,2026-04-26,Gold Credit Card,15547.27,14197.25,F,1999-05-08,Primary,100965,,0.0,67,,,,NORM,0,966
2,Giza,2020-10-07,30000,A,60DA,60 Days Delinquent,60,2026-04-29,Cashback Card,17313.49,12248.26,F,1999-05-08,Primary,100965,,5977.75,67,,,,60DA,0,966
3,Alexandria,2021-07-16,75000,A,NORM,Normal,0,2026-04-16,Gold Credit Card,16948.68,57673.55,F,1985-05-06,Primary,100966,,0.0,58,,,,NORM,0,967
3,Alexandria,2021-07-16,75000,A,NORM,Normal,0,2026-04-22,Titanium Credit Card,15108.84,59493.74,F,1985-05-06,Primary,100966,,0.0,58,,,,NORM,0,967
8,Zagazig,2024-06-28,50000,A,NORM,Normal,0,2026-04-17,Titanium Credit Card,32580.31,17176.03,F,1975-12-06,Primary,100967,,0.0,22,,,,NORM,0,968
8,Zagazig,2024-06-28,50000,A,NORM,Normal,0,2026-04-29,Business Credit Card,2422.75,47362.61,F,1975-12-06,Primary,100967,,0.0,22,,,,NORM,0,968
7,Luxor,2021-03-28,20000,A,NORM,Normal,0,2026-05-01,Cashback Card,3081.14,16443.96,M,1975-07-24,Primary,100968,,0.0,62,,,,NORM,0,969
1,Cairo Main,2023-10-19,15000,A,NORM,Normal,0,2026-04-16,Business Credit Card,10188.87,4383.1,F,1965-03-04,Primary,100969,,0.0,30,,,,NORM,0,970
2,Giza,2022-01-09,5000,A,NORM,Normal,0,2026-04-21,Gold Credit Card,3142.42,1735.96,M,1988-03-27,Secondary,100970,,0.0,52,,,,NORM,0,971
8,Zagazig,2020-02-02,5000,A,NORM,Normal,0,2026-04-28,Gold Credit Card,4071.91,739.42,F,1984-07-11,Secondary,100971,,0.0,76,,,,NORM,0,972
8,Zagazig,2020-02-02,5000,A,NORM,Normal,0,2026-04-16,Cashback Card,4081.93,840.6,F,1984-07-11,Secondary,100971,,0.0,76,,,,NORM,0,972
10,Suez,2023-05-31,75000,A,NORM,Normal,0,2026-04-29,Platinum Credit Card,-5507.84,69186.23,F,1975-02-26,Primary,100972,,0.0,35,,,,NORM,0,973
10,Suez,2019-11-03,150000,A,NORM,Normal,0,2026-04-26,Gold Credit Card,124327.79,25499.01,M,1961-04-12,Secondary,100973,,0.0,79,,,,NORM,0,974
10,Suez,2019-11-03,150000,A,NORM,Normal,0,2026-04-25,Cashback Card,25341.66,124480.38,M,1961-04-12,Secondary,100973,,0.0,79,,,,NORM,0,974
10,Suez,2019-11-03,150000,A,NORM,Normal,0,2026-04-29,World Elite Card,102033.08,47698.88,M,1961-04-12,Secondary,100973,,0.0,79,,,,NORM,0,974
6,Assiut,2022-06-10,15000,A,NORM,Normal,0,2026-04-19,Classic Credit Card,7506.01,7307.18,F,1980-07-29,Primary,100974,,0.0,47,,,,NORM,0,975
4,Mansoura,2019-01-05,20000,A,NORM,Normal,0,2026-04-21,Gold Credit Card,17693.04,2187.73,M,1979-08-01,Primary,100975,,0.0,89,,,,NORM,0,976
7,Luxor,2020-05-20,100000,A,NORM,Normal,0,2026-04-20,World Elite Card,-8607.66,91023.34,M,1991-05-06,Primary,100976,,0.0,72,,,,NORM,0,977
7,Luxor,2020-05-20,100000,A,NORM,Normal,0,2026-04-29,Travel Rewards Card,35295.1,64296.28,M,1991-05-06,Primary,100976,,0.0,72,,,,NORM,0,977
6,Assiut,2022-10-06,200000,A,NORM,Normal,0,2026-04-28,Platinum Credit Card,81783.25,118196.23,M,1972-09-13,Primary,100977,,0.0,43,,,,NORM,0,978
4,Mansoura,2022-01-23,50000,A,NORM,Normal,0,2026-04-24,Classic Credit Card,46528.86,3127.72,F,1976-07-22,Primary,100978,,0.0,51,,,,NORM,0,979
4,Mansoura,2022-01-23,50000,A,NORM,Normal,0,2026-04-19,Titanium Credit Card,9458.24,40475.59,F,1976-07-22,Primary,100978,,0.0,51,,,,NORM,0,979
7,Luxor,2021-10-22,75000,A,NORM,Normal,0,2026-04-22,Titanium Credit Card,66460.03,8536.25,F,1964-03-01,Primary,100979,,0.0,55,,,,NORM,0,980
3,Alexandria,2023-10-21,10000,A,NORM,Normal,0,2026-04-25,Gold Credit Card,4275.81,5700.52,M,1977-11-11,Primary,100980,,0.0,30,,,,NORM,0,981
3,Alexandria,2023-10-21,10000,A,NORM,Normal,0,2026-04-20,Cashback Card,572.58,9223.22,M,1977-11-11,Primary,100980,,0.0,30,,,,NORM,0,981
9,Ismailia,2023-02-06,5000,A,NORM,Normal,0,2026-04-23,Business Credit Card,1710.45,3157.83,M,1977-03-23,Primary,100981,,0.0,39,,,,NORM,0,982
10,Suez,2023-01-19,150000,A,NORM,Normal,0,2026-04-20,Platinum Credit Card,122637.56,27090.63,F,1996-03-15,Primary,100982,,0.0,39,,,,NORM,0,983
10,Suez,2023-01-19,150000,A,NORM,Normal,0,2026-04-30,Titanium Credit Card,82997.4,66909.23,F,1996-03-15,Primary,100982,,0.0,39,,,,NORM,0,983
3,Alexandria,2021-10-12,200000,A,NORM,Normal,0,2026-04-19,Platinum Credit Card,87173.09,112673.88,F,1960-04-23,Primary,100983,,0.0,55,,,,NORM,0,984
8,Zagazig,2018-07-25,200000,A,NORM,Normal,0,2026-04-19,Platinum Credit Card,160159.16,39377.54,F,1976-06-19,Primary,100984,,0.0,94,,,,NORM,0,985
1,Cairo Main,2021-08-22,30000,A,NORM,Normal,0,2026-04-20,Gold Credit Card,28477.05,1386.84,F,1980-01-15,Primary,100985,,0.0,57,,,,NORM,0,986
2,Giza,2019-08-16,100000,A,NORM,Normal,0,2026-04-24,Platinum Credit Card,78205.61,21340.46,F,1965-08-27,Primary,100986,,0.0,81,,,,NORM,0,987
2,Giza,2019-08-16,100000,A,NORM,Normal,0,2026-04-30,Travel Rewards Card,31446.92,68365.59,F,1965-08-27,Primary,100986,,0.0,81,,,,NORM,0,987
1,Cairo Main,2024-10-31,10000,A,NORM,Normal,0,2026-04-20,Cashback Card,-694.52,9131.03,F,1966-08-01,Primary,100987,,0.0,18,,,,NORM,0,988
5,Tanta,2018-11-21,75000,A,NORM,Normal,0,2026-04-16,Platinum Credit Card,26220.67,48536.98,F,1992-05-14,Primary,100988,,0.0,90,,,,NORM,0,989
5,Tanta,2018-11-21,75000,A,60DA,60 Days Delinquent,60,2026-04-27,Titanium Credit Card,38461.45,36075.18,F,1992-05-14,Primary,100988,,14223.03,90,,,,60DA,0,989
5,Tanta,2020-01-31,30000,A,NORM,Normal,0,2026-04-19,Cashback Card,-1687.49,28217.16,F,1993-07-02,Primary,100989,,0.0,76,,,,NORM,0,990
1,Cairo Main,2022-08-25,15000,A,NORM,Normal,0,2026-04-23,Cashback Card,464.8,14466.16,M,1995-01-30,Primary,100990,,0.0,44,,,,NORM,0,991
2,Giza,2021-03-24,200000,A,NEW,New,0,2026-04-24,Platinum Credit Card,141550.93,58294.83,M,1987-06-04,Primary,100991,,0.0,62,,,,NEW,0,992
8,Zagazig,2023-03-08,100000,A,NORM,Normal,0,2026-04-18,World Elite Card,75407.77,24301.79,F,1966-10-22,Primary,100992,,0.0,38,,,,NORM,0,993
8,Zagazig,2021-11-15,10000,A,NORM,Normal,0,2026-04-28,Platinum Credit Card,4092.1,5811.83,F,1985-03-06,Primary,100993,,0.0,54,,,,NORM,0,994
8,Zagazig,2021-11-15,10000,A,30DD,30 Days Delinquent,30,2026-04-23,Cashback Card,7283.12,2713.16,F,1985-03-06,Primary,100993,,5484.34,54,,,,30DD,0,994
3,Alexandria,2024-07-23,15000,A,NORM,Normal,0,2026-04-22,Gold Credit Card,6229.61,8309.7,F,1988-01-11,Primary,100994,,0.0,21,,,,NORM,0,995
7,Luxor,2019-06-24,75000,A,NORM,Normal,0,2026-04-27,Platinum Credit Card,50602.27,24307.39,F,1984-02-11,Primary,100995,,0.0,83,,,,NORM,0,996
7,Luxor,2019-06-24,75000,A,NORM,Normal,0,2026-04-30,Gold Credit Card,24268.65,50281.91,F,1984-02-11,Primary,100995,,0.0,83,,,,NORM,0,996
7,Luxor,2019-06-24,75000,A,30DD,30 Days Delinquent,30,2026-04-20,Travel Rewards Card,64962.86,10016.77,F,1984-02-11,Primary,100995,,2708.12,83,,,,30DD,0,996
9,Ismailia,2021-12-12,20000,A,NORM,Normal,0,2026-04-30,Gold Credit Card,2519.63,17422.45,F,1978-04-29,Primary,100996,,0.0,53,,,,NORM,0,997
9,Ismailia,2021-12-12,20000,A,NORM,Normal,0,2026-04-21,Cashback Card,3660.74,15996.96,F,1978-04-29,Primary,100996,,0.0,53,,,,NORM,0,997
9,Ismailia,2021-12-12,20000,A,NORM,Normal,0,2026-04-23,Titanium Credit Card,11349.82,8169.49,F,1978-04-29,Primary,100996,,0.0,53,,,,NORM,0,997
8,Zagazig,2023-01-15,15000,A,NORM,Normal,0,2026-04-28,Classic Credit Card,179.37,14679.61,M,1972-11-03,Primary,100997,,0.0,40,,,,NORM,0,998
10,Suez,2022-09-09,75000,A,NORM,Normal,0,2026-04-23,Platinum Credit Card,42474.9,32131.55,M,1989-04-18,Primary,100998,,0.0,44,,,,NORM,0,999
6,Assiut,2020-10-20,15000,A,NORM,Normal,0,2026-04-29,Cashback Card,7896.8,6806.24,M,1987-05-10,Primary,100999,,0.0,67,,,,NORM,0,1000
10,Suez,2021-03-15,20000,A,NORM,Normal,0,2026-04-19,Gold Credit Card,6540.13,13278.15,F,1996-12-14,Primary,101000,,0.0,62,,,,NORM,0,1001
8,Zagazig,2023-11-23,30000,A,NORM,Normal,0,2026-04-24,Classic Credit Card,8404.12,21167.54,M,1990-07-15,Primary,101001,,0.0,29,,,,NORM,0,1002
7,Luxor,2021-09-28,5000,A,NORM,Normal,0,2026-04-18,Platinum Credit Card,1594.99,3156.2,M,1986-02-07,Primary,101002,,0.0,55,,,,NORM,0,1003
7,Luxor,2021-09-28,5000,A,NORM,Normal,0,2026-04-23,Business Credit Card,1349.03,3351.21,M,1986-02-07,Primary,101002,,0.0,55,,,,NORM,0,1003
6,Assiut,2024-11-16,100000,A,NORM,Normal,0,2026-04-18,World Elite Card,3941.47,95611.5,F,1979-02-27,Primary,101003,,0.0,17,,,,NORM,0,1004
2,Giza,2020-06-02,30000,A,NORM,Normal,0,2026-04-28,Classic Credit Card,27633.42,2111.39,M,1968-10-27,Primary,101004,,0.0,71,,,,NORM,0,1005
3,Alexandria,2021-02-15,200000,A,NORM,Normal,0,2026-04-19,World Elite Card,45531.19,154025.56,F,1993-12-30,Secondary,101005,,0.0,63,,,,NORM,0,1006
2,Giza,2019-12-16,200000,A,NORM,Normal,0,2026-04-29,Platinum Credit Card,177499.93,22170.47,M,1988-12-04,Secondary,101006,,0.0,77,,,,NORM,0,1007
9,Ismailia,2024-09-21,10000,A,NORM,Normal,0,2026-04-28,Gold Credit Card,1096.44,8564.78,M,1980-09-23,Primary,101007,,0.0,19,,,,NORM,0,1008
4,Mansoura,2018-09-01,50000,A,30DD,30 Days Delinquent,30,2026-04-22,Titanium Credit Card,42076.53,7841.54,M,1985-04-01,Primary,101008,,15449.29,93,,,,30DD,0,1009
4,Mansoura,2018-09-01,50000,A,NORM,Normal,0,2026-04-28,World Elite Card,36407.77,13369.42,M,1985-04-01,Primary,101008,,0.0,93,,,,NORM,0,1009
4,Mansoura,2018-09-01,50000,A,NORM,Normal,0,2026-04-26,Travel Rewards Card,27032.87,22481.11,M,1985-04-01,Primary,101008,,0.0,93,,,,NORM,0,1009
9,Ismailia,2020-05-01,100000,A,NORM,Normal,0,2026-04-23,Platinum Credit Card,59959.44,39779.23,M,1990-04-23,Primary,101009,,0.0,73,,,,NORM,0,1010
9,Ismailia,2020-05-01,100000,A,NORM,Normal,0,2026-04-16,Cashback Card,56631.92,42992.44,M,1990-04-23,Primary,101009,,0.0,73,,,,NORM,0,1010
5,Tanta,2024-03-02,50000,A,NORM,Normal,0,2026-04-16,Platinum Credit Card,11140.86,38722.21,F,1988-02-29,Primary,101010,,0.0,26,,,,NORM,0,1011
5,Tanta,2024-03-02,50000,A,NORM,Normal,0,2026-04-16,Travel Rewards Card,478.59,49277.86,F,1988-02-29,Primary,101010,,0.0,26,,,,NORM,0,1011
10,Suez,2018-11-02,75000,A,NORM,Normal,0,2026-04-22,Titanium Credit Card,-3123.85,71813.8,M,1969-03-02,Primary,101011,,0.0,91,,,,NORM,0,1012
3,Alexandria,2021-06-04,150000,A,NORM,Normal,0,2026-04-21,World Elite Card,-1403.05,148578.16,F,1972-06-19,Primary,101012,,0.0,59,,,,NORM,0,1013
4,Mansoura,2023-09-21,150000,A,NEW,New,0,2026-04-18,Business Credit Card,89347.92,60507.38,M,1992-11-30,Primary,101013,,0.0,31,,,,NEW,0,1014
4,Mansoura,2023-09-21,150000,A,NORM,Normal,0,2026-04-17,World Elite Card,-14044.88,135473.72,M,1992-11-30,Primary,101013,,0.0,31,,,,NORM,0,1014
8,Zagazig,2024-01-15,75000,A,NORM,Normal,0,2026-04-22,Titanium Credit Card,45065.6,29808.44,F,1995-05-15,Primary,101014,,0.0,27,,,,NORM,0,1015
7,Luxor,2024-12-16,75000,A,90DA,90 Days Delinquent,90,2026-04-20,Titanium Credit Card,31265.02,43254.8,F,1998-11-08,Primary,101015,,38020.11,16,,,,90DA,0,1016
3,Alexandria,2021-03-16,5000,A,NORM,Normal,0,2026-04-29,Classic Credit Card,1785.74,2877.67,M,1960-10-26,Primary,101016,,0.0,62,,,,NORM,0,1017
4,Mansoura,2018-08-19,15000,A,NORM,Normal,0,2026-05-01,Cashback Card,1457.68,13329.59,F,1980-06-21,Primary,101017,,0.0,93,,,,NORM,0,1018
1,Cairo Main,2024-07-13,20000,A,NORM,Normal,0,2026-05-01,Classic Credit Card,3609.72,16075.63,M,1963-07-17,Primary,101018,,0.0,21,,,,NORM,0,1019
6,Assiut,2022-12-20,20000,A,NORM,Normal,0,2026-04-20,Gold Credit Card,8120.37,11828.56,F,1977-09-30,Primary,101019,,0.0,40,,,,NORM,0,1020
6,Assiut,2022-12-20,20000,A,NORM,Normal,0,2026-04-21,Cashback Card,71.4,19637.39,F,1977-09-30,Primary,101019,,0.0,40,,,,NORM,0,1020
8,Zagazig,2022-08-27,5000,A,NORM,Normal,0,2026-04-17,Classic Credit Card,2053.27,2840.39,M,1976-02-15,Primary,101020,,0.0,44,,,,NORM,0,1021
8,Zagazig,2022-08-27,5000,A,NORM,Normal,0,2026-04-23,Business Credit Card,3313.99,1263.56,M,1976-02-15,Primary,101020,,0.0,44,,,,NORM,0,1021
8,Zagazig,2022-08-27,5000,A,NORM,Normal,0,2026-04-27,Platinum Credit Card,4145.76,662.93,M,1976-02-15,Primary,101020,,0.0,44,,,,NORM,0,1021
8,Zagazig,2018-07-01,10000,A,NORM,Normal,0,2026-04-30,Gold Credit Card,9279.88,394.05,M,1996-05-23,Primary,101021,,0.0,95,,,,NORM,0,1022
3,Alexandria,2019-10-15,30000,A,NORM,Normal,0,2026-05-01,Gold Credit Card,6819.51,22711.97,F,1998-10-21,Secondary,101022,,0.0,79,,,,NORM,0,1023
3,Alexandria,2019-10-15,30000,A,NORM,Normal,0,2026-04-28,Cashback Card,8896.3,21102.41,F,1998-10-21,Secondary,101022,,0.0,79,,,,NORM,0,1023
3,Alexandria,2019-10-15,30000,A,NORM,Normal,0,2026-04-30,Travel Rewards Card,13116.22,16464.46,F,1998-10-21,Secondary,101022,,0.0,79,,,,NORM,0,1023
7,Luxor,2019-12-02,50000,A,NORM,Normal,0,2026-04-17,Gold Credit Card,38267.2,11613.22,F,1962-05-18,Primary,101023,,0.0,78,,,,NORM,0,1024
7,Luxor,2019-12-02,50000,A,NORM,Normal,0,2026-04-30,Titanium Credit Card,21052.9,28530.74,F,1962-05-18,Primary,101023,,0.0,78,,,,NORM,0,1024
7,Luxor,2019-12-02,50000,A,NORM,Normal,0,2026-04-30,World Elite Card,43131.99,6675.09,F,1962-05-18,Primary,101023,,0.0,78,,,,NORM,0,1024
1,Cairo Main,2021-10-20,5000,A,NORM,Normal,0,2026-04-20,Gold Credit Card,606.93,3971.39,F,1973-08-01,Primary,101024,,0.0,55,,,,NORM,0,1025
1,Cairo Main,2021-10-20,5000,A,NORM,Normal,0,2026-04-17,Cashback Card,4567.99,23.92,F,1973-08-01,Primary,101024,,0.0,55,,,,NORM,0,1025
3,Alexandria,2022-07-22,200000,A,NORM,Normal,0,2026-04-18,Platinum Credit Card,157128.48,42823.25,F,1981-08-13,Primary,101025,,0.0,45,,,,NORM,0,1026
3,Alexandria,2022-07-22,200000,A,NORM,Normal,0,2026-04-17,Travel Rewards Card,113025.68,86562.34,F,1981-08-13,Primary,101025,,0.0,45,,,,NORM,0,1026
9,Ismailia,2021-09-23,75000,A,NORM,Normal,0,2026-04-24,Titanium Credit Card,-6628.15,68214.72,M,1997-10-19,Primary,101026,,0.0,56,,,,NORM,0,1027
1,Cairo Main,2024-08-16,30000,A,NORM,Normal,0,2026-04-29,Classic Credit Card,6165.25,23439.19,F,1977-05-08,Secondary,101027,,0.0,20,,,,NORM,0,1028
8,Zagazig,2023-08-06,10000,A,NORM,Normal,0,2026-04-26,Cashback Card,3408.84,6232.57,M,1994-11-11,Primary,101028,,0.0,33,,,,NORM,0,1029
2,Giza,2023-08-07,50000,A,30DD,30 Days Delinquent,30,2026-04-26,Platinum Credit Card,41474.03,8439.3,F,1985-06-16,Secondary,101029,,1701.31,33,,,,30DD,0,1030
2,Giza,2023-08-07,50000,A,NORM,Normal,0,2026-04-25,World Elite Card,5691.4,43883.13,F,1985-06-16,Secondary,101029,,0.0,33,,,,NORM,0,1030
2,Giza,2023-08-07,50000,A,NORM,Normal,0,2026-04-26,Travel Rewards Card,43499.21,6350.48,F,1985-06-16,Secondary,101029,,0.0,33,,,,NORM,0,1030
5,Tanta,2021-04-01,10000,A,NORM,Normal,0,2026-04-23,Gold Credit Card,4067.17,5499.23,F,1972-02-24,Primary,101030,,0.0,61,,,,NORM,0,1031
5,Tanta,2021-04-01,10000,A,NORM,Normal,0,2026-04-21,Cashback Card,3180.57,6662.09,F,1972-02-24,Primary,101030,,0.0,61,,,,NORM,0,1031
5,Tanta,2021-04-01,10000,A,NORM,Normal,0,2026-04-17,Titanium Credit Card,975.44,8779.33,F,1972-02-24,Primary,101030,,0.0,61,,,,NORM,0,1031
9,Ismailia,2021-11-20,5000,A,NORM,Normal,0,2026-04-24,Classic Credit Card,-482.92,4433.25,F,1962-09-19,Secondary,101031,,0.0,54,,,,NORM,0,1032
9,Ismailia,2024-12-03,100000,A,30DD,30 Days Delinquent,30,2026-04-23,Platinum Credit Card,91390.62,8362.87,M,1971-04-22,Primary,101032,,47268.56,17,,,,30DD,0,1033
7,Luxor,2024-01-17,10000,A,NORM,Normal,0,2026-04-21,Classic Credit Card,6739.48,3153.28,M,1989-07-31,Secondary,101033,,0.0,27,,,,NORM,0,1034
6,Assiut,2023-04-19,15000,A,NORM,Normal,0,2026-04-18,Cashback Card,7381.39,7355.42,F,1985-11-14,Primary,101034,,0.0,36,,,,NORM,0,1035
5,Tanta,2023-02-24,10000,A,60DA,60 Days Delinquent,60,2026-04-30,Gold Credit Card,4900.24,5036.16,M,1965-06-13,Primary,101035,,1328.8,38,,,,60DA,0,1036
2,Giza,2024-01-09,5000,A,NORM,Normal,0,2026-04-29,Gold Credit Card,1293.39,3582.16,F,1991-11-12,Secondary,101036,,0.0,28,,,,NORM,0,1037
2,Giza,2024-01-09,5000,A,NORM,Normal,0,2026-05-01,Cashback Card,3071.45,1785.29,F,1991-11-12,Secondary,101036,,0.0,28,,,,NORM,0,1037
7,Luxor,2023-12-09,75000,A,NORM,Normal,0,2026-04-27,Business Credit Card,34440.06,40272.94,F,1964-08-08,Primary,101037,,0.0,29,,,,NORM,0,1038
3,Alexandria,2019-12-26,150000,A,NORM,Normal,0,2026-04-28,World Elite Card,1066.02,148755.01,M,1995-10-24,Secondary,101038,,0.0,77,,,,NORM,0,1039
2,Giza,2019-10-11,100000,A,NORM,Normal,0,2026-04-26,Platinum Credit Card,85550.47,14430.08,F,1976-04-03,Secondary,101039,,0.0,79,,,,NORM,0,1040
2,Giza,2019-10-11,100000,A,NORM,Normal,0,2026-04-26,Travel Rewards Card,4687.47,95021.47,F,1976-04-03,Secondary,101039,,0.0,79,,,,NORM,0,1040
9,Ismailia,2024-06-18,10000,A,NORM,Normal,0,2026-04-20,Classic Credit Card,5261.27,4626.5,F,1990-05-29,Secondary,101040,,0.0,22,,,,NORM,0,1041
10,Suez,2023-12-25,150000,A,NORM,Normal,0,2026-04-27,World Elite Card,138748.35,10783.91,M,1992-12-12,Primary,101041,,0.0,28,,,,NORM,0,1042
2,Giza,2018-03-01,150000,A,90DA,90 Days Delinquent,90,2026-04-21,Platinum Credit Card,5099.24,144753.27,M,1993-04-30,Secondary,101042,,29088.85,99,,,,90DA,0,1043
7,Luxor,2020-09-13,100000,A,NORM,Normal,0,2026-04-17,Platinum Credit Card,3086.81,96604.26,F,1992-03-21,Secondary,101043,,0.0,68,,,,NORM,0,1044
6,Assiut,2022-05-23,100000,A,NORM,Normal,0,2026-04-20,Platinum Credit Card,-6614.71,92970.49,F,1965-07-12,Secondary,101044,,0.0,47,,,,NORM,0,1045
6,Assiut,2022-05-23,100000,A,NORM,Normal,0,2026-04-26,Travel Rewards Card,8754.19,90977.44,F,1965-07-12,Secondary,101044,,0.0,47,,,,NORM,0,1045
7,Luxor,2020-02-29,75000,A,NORM,Normal,0,2026-04-30,Titanium Credit Card,19093.34,55510.11,F,1999-03-07,Primary,101045,,0.0,75,,,,NORM,0,1046
10,Suez,2019-12-30,50000,A,NORM,Normal,0,2026-04-21,Platinum Credit Card,38178.56,11540.12,F,1966-08-24,Primary,101046,,0.0,77,,,,NORM,0,1047
8,Zagazig,2020-04-16,150000,A,NORM,Normal,0,2026-04-22,Business Credit Card,23956.31,125943.56,M,1996-10-02,Primary,101047,,0.0,73,,,,NORM,0,1048
8,Zagazig,2020-04-16,150000,A,NORM,Normal,0,2026-04-26,World Elite Card,137305.93,12224.43,M,1996-10-02,Primary,101047,,0.0,73,,,,NORM,0,1048
8,Zagazig,2020-04-16,150000,A,NORM,Normal,0,2026-04-24,Travel Rewards Card,13688.81,136203.56,M,1996-10-02,Primary,101047,,0.0,73,,,,NORM,0,1048
7,Luxor,2021-08-14,150000,A,NORM,Normal,0,2026-04-20,World Elite Card,82008.82,67774.38,M,1977-06-21,Primary,101048,,0.0,57,,,,NORM,0,1049
6,Assiut,2022-08-24,5000,A,NORM,Normal,0,2026-04-25,Cashback Card,1792.29,2738.71,F,1997-07-10,Primary,101049,,0.0,44,,,,NORM,0,1050
6,Assiut,2018-01-22,30000,A,30DD,30 Days Delinquent,30,2026-04-22,Cashback Card,28455.26,1045.65,M,1987-12-25,Primary,101050,,2658.3,100,,,,30DD,0,1051
3,Alexandria,2023-12-10,200000,A,NORM,Normal,0,2026-04-29,Platinum Credit Card,123217.57,76645.99,F,1981-11-30,Primary,101051,,0.0,29,,,,NORM,0,1052
1,Cairo Main,2018-07-24,10000,A,NORM,Normal,0,2026-04-16,Gold Credit Card,-620.77,9234.69,F,1974-05-20,Primary,101052,,0.0,94,,,,NORM,0,1053
1,Cairo Main,2021-03-04,15000,A,NORM,Normal,0,2026-04-17,Business Credit Card,10478.29,4068.69,M,1984-04-23,Primary,101053,,0.0,62,,,,NORM,0,1054
3,Alexandria,2021-07-13,20000,A,NORM,Normal,0,2026-04-19,Cashback Card,1482.23,18281.01,F,1975-06-14,Primary,101054,,0.0,58,,,,NORM,0,1055
2,Giza,2021-09-11,15000,A,NORM,Normal,0,2026-04-23,Classic Credit Card,5315.95,9240.26,F,1968-06-15,Primary,101055,,0.0,56,,,,NORM,0,1056
6,Assiut,2020-05-03,200000,A,NORM,Normal,0,2026-04-19,Platinum Credit Card,13928.85,186037.64,M,1965-06-23,Secondary,101056,,0.0,72,,,,NORM,0,1057
6,Assiut,2020-05-03,200000,A,NORM,Normal,0,2026-04-25,Travel Rewards Card,-2311.8,197337.81,M,1965-06-23,Secondary,101056,,0.0,72,,,,NORM,0,1057
1,Cairo Main,2018-01-14,100000,A,30DD,30 Days Delinquent,30,2026-04-21,World Elite Card,67076.23,32581.56,M,1991-12-28,Primary,101057,,17765.71,100,,,,30DD,0,1058
4,Mansoura,2019-09-23,100000,A,NORM,Normal,0,2026-04-27,World Elite Card,59616.45,39917.43,F,1969-09-13,Primary,101058,,0.0,80,,,,NORM,0,1059
4,Mansoura,2019-09-23,100000,A,NORM,Normal,0,2026-04-21,Travel Rewards Card,-5643.39,93896.28,F,1969-09-13,Primary,101058,,0.0,80,,,,NORM,0,1059
10,Suez,2018-06-22,200000,A,NORM,Normal,0,2026-04-25,World Elite Card,107659.65,91846.02,M,1969-02-09,Primary,101059,,0.0,95,,,,NORM,0,1060
7,Luxor,2022-08-13,5000,A,NORM,Normal,0,2026-04-28,Gold Credit Card,24.09,4692.22,F,1968-11-29,Primary,101060,,0.0,45,,,,NORM,0,1061
2,Giza,2021-07-05,150000,A,NORM,Normal,0,2026-05-01,Platinum Credit Card,137029.19,12696.7,F,1966-02-21,Secondary,101061,,0.0,58,,,,NORM,0,1062
4,Mansoura,2021-12-04,20000,A,NEW,New,0,2026-04-28,Cashback Card,257.21,19720.54,F,1979-03-06,Primary,101062,,0.0,53,,,,NEW,0,1063
2,Giza,2018-05-10,150000,A,NORM,Normal,0,2026-04-30,World Elite Card,32562.39,117385.7,M,1976-07-06,Primary,101063,,0.0,97,,,,NORM,0,1064
8,Zagazig,2024-03-05,200000,A,NORM,Normal,0,2026-04-23,Business Credit Card,-3369.41,196509.52,M,1987-09-10,Primary,101064,,0.0,26,,,,NORM,0,1065
8,Zagazig,2024-03-05,200000,A,60DA,60 Days Delinquent,60,2026-04-26,Travel Rewards Card,124490.23,75055.33,M,1987-09-10,Primary,101064,,94139.98,26,,,,60DA,0,1065
3,Alexandria,2020-05-10,20000,A,NORM,Normal,0,2026-04-26,Cashback Card,7496.93,12342.94,F,1996-05-09,Primary,101065,,0.0,72,,,,NORM,0,1066
1,Cairo Main,2019-09-21,100000,A,NORM,Normal,0,2026-04-23,World Elite Card,87459.65,12341.43,F,1987-05-22,Secondary,101066,,0.0,80,,,,NORM,0,1067
5,Tanta,2018-06-14,100000,A,30DD,30 Days Delinquent,30,2026-04-19,World Elite Card,37622.72,62023.36,F,1980-12-17,Primary,101067,,16948.58,95,,,,30DD,0,1068
7,Luxor,2022-08-20,150000,A,NORM,Normal,0,2026-04-26,Platinum Credit Card,83554.41,66219.49,M,1969-01-31,Secondary,101068,,0.0,45,,,,NORM,0,1069
4,Mansoura,2018-06-26,200000,A,NORM,Normal,0,2026-04-19,World Elite Card,115978.42,83970.53,F,1968-07-08,Primary,101069,,0.0,95,,,,NORM,0,1070
2,Giza,2022-06-11,15000,A,30DD,30 Days Delinquent,30,2026-05-01,Cashback Card,12418.62,2191.71,F,1983-06-28,Primary,101070,,5063.62,47,,,,30DD,0,1071
2,Giza,2022-10-02,150000,A,NORM,Normal,0,2026-04-24,World Elite Card,117625.22,32081.32,M,1999-06-12,Secondary,101071,,0.0,43,,,,NORM,0,1072
10,Suez,2021-06-30,15000,A,NEW,New,0,2026-04-16,Cashback Card,11588.54,3068.32,F,1962-02-08,Primary,101072,,0.0,58,,,,NEW,0,1073
9,Ismailia,2018-11-04,100000,A,NORM,Normal,0,2026-04-25,Platinum Credit Card,2316.31,97656.25,F,1994-10-26,Secondary,101073,,0.0,91,,,,NORM,0,1074
4,Mansoura,2018-06-19,150000,A,NORM,Normal,0,2026-04-24,Platinum Credit Card,-14731.59,135073.77,F,1965-07-13,Secondary,101074,,0.0,95,,,,NORM,0,1075
9,Ismailia,2024-03-06,200000,A,NORM,Normal,0,2026-04-17,Platinum Credit Card,52573.02,147196.6,F,1980-06-15,Secondary,101075,,0.0,26,,,,NORM,0,1076
9,Ismailia,2024-03-06,200000,A,NORM,Normal,0,2026-05-01,Gold Credit Card,123776.83,76061.5,F,1980-06-15,Secondary,101075,,0.0,26,,,,NORM,0,1076
9,Ismailia,2024-03-06,200000,A,NORM,Normal,0,2026-04-23,Cashback Card,50699.57,149109.03,F,1980-06-15,Secondary,101075,,0.0,26,,,,NORM,0,1076
7,Luxor,2023-02-19,15000,A,NORM,Normal,0,2026-04-28,Classic Credit Card,12692.98,2211.6,M,1991-01-16,Primary,101076,,0.0,38,,,,NORM,0,1077
5,Tanta,2021-08-04,200000,A,NORM,Normal,0,2026-04-22,Platinum Credit Card,85662.04,114032.87,F,1962-07-08,Primary,101077,,0.0,57,,,,NORM,0,1078
8,Zagazig,2019-12-10,50000,A,NORM,Normal,0,2026-05-01,Platinum Credit Card,17698.78,32257.76,F,1983-07-04,Primary,101078,,0.0,77,,,,NORM,0,1079
6,Assiut,2024-01-23,10000,A,NORM,Normal,0,2026-04-28,Gold Credit Card,-691.78,9205.05,F,1981-10-29,Secondary,101079,,0.0,27,,,,NORM,0,1080
