BRANCH_ID,BRANCH_NAME,CREATION_DATE,CREDIT_LIMIT,ACTIVATED,STATUS,STATUS_NAME,DELINQUENCY,LAST_STATEMENT_DATE,PRODUCT_NAME,LEDGER_BALANCE,AVAILABLE_LIMIT,GENDER,DOB,CUSTOMER_TYPE,RIMNO,CLOSURE_DATE,OVERDUEAMOUNT,NO_OF_CYCLES,FIRST_REPLACED_CARD,SECOND_REPLACED_CARD,THIRD_REPLACED_CARD,Card account status ,DOB_WAS_MISSING,CUSTOMER_ID
2,Giza,2021-01-31,20000,A,30DD,30 Days Delinquent,30,2026-03-19,Titanium Credit Card,620.63,19225.16,M,1961-02-13,Primary,100000,,8173.56,62,,,,30DD,0,1
4,Mansoura,2023-09-01,200000,A,NORM,Normal,0,2026-03-19,Classic Credit Card,-13955.86,185679.9,F,1970-06-08,Primary,100001,,0.0,31,,,,NORM,0,2
6,Assiut,2020-12-19,5000,A,NORM,Normal,0,2026-03-20,Business Credit Card,2261.31,2406.29,M,1987-01-30,Primary,100003,,0.0,64,,,,NORM,0,4
10,Suez,2021-07-12,20000,A,30DD,30 Days Delinquent,30,2026-03-17,Business Credit Card,3078.59,16762.41,M,1999-04-24,Primary,100007,,6657.8,57,,,,30DD,0,8
5,Tanta,2024-07-22,75000,A,NORM,Normal,0,2026-04-01,Travel Rewards Card,17913.89,56784.48,M,1993-07-05,Primary,100008,,0.0,20,,,,NORM,0,9
3,Alexandria,2019-10-18,75000,A,NORM,Normal,0,2026-04-01,Gold Credit Card,36367.19,38153.01,F,1988-02-23,Primary,100009,,0.0,78,,,,NORM,0,10
3,Alexandria,2019-03-12,30000,A,30DD,30 Days Delinquent,30,2026-03-21,Titanium Credit Card,15007.2,14516.1,M,1982-10-09,Secondary,100011,,2933.81,85,,,,30DD,0,12
10,Suez,2023-06-25,5000,A,NORM,Normal,0,2026-03-23,Gold Credit Card,-12.73,4720.83,M,1974-07-16,Primary,100012,,0.0,33,,,,NORM,0,13
2,Giza,2023-06-14,10000,A,NORM,Normal,0,2026-03-27,Platinum Credit Card,8166.89,1652.58,M,1992-10-30,Primary,100013,,0.0,34,,,,NORM,0,14
4,Mansoura,2020-04-03,30000,A,30DD,30 Days Delinquent,30,2026-03-21,Travel Rewards Card,17115.8,12622.77,F,1984-03-10,Primary,100014,,8326.1,72,,,,30DD,0,15
2,Giza,2020-09-01,30000,A,NORM,Normal,0,2026-03-20,Business Credit Card,24631.44,5198.61,M,1983-01-23,Primary,100016,,0.0,67,,,,NORM,0,17
7,Luxor,2019-01-22,10000,A,NORM,Normal,0,2026-03-21,Travel Rewards Card,1889.99,7824.2,F,1968-07-16,Secondary,100017,,0.0,87,,,,NORM,0,18
1,Cairo Main,2021-10-21,10000,A,NORM,Normal,0,2026-03-29,Titanium Credit Card,1384.15,8521.33,F,1978-01-22,Primary,100018,,0.0,54,,,,NORM,0,19
4,Mansoura,2018-11-05,100000,A,NORM,Normal,0,2026-03-26,Gold Credit Card,7655.56,92323.52,M,1999-03-24,Secondary,100019,,0.0,90,,,,NORM,0,20
7,Luxor,2023-05-26,20000,A,NORM,Normal,0,2026-03-19,Travel Rewards Card,3495.26,16418.36,F,1981-10-13,Secondary,100020,,0.0,34,,,,NORM,0,21
5,Tanta,2024-03-26,100000,A,90DA,90 Days Delinquent,90,2026-03-23,Platinum Credit Card,50292.86,49525.4,M,1978-12-22,Primary,100021,,28439.63,24,,,,90DA,0,22
6,Assiut,2018-07-25,200000,A,90DA,90 Days Delinquent,90,2026-03-24,Business Credit Card,48592.63,150965.31,M,1962-07-25,Primary,100022,,83000.36,93,,,,90DA,0,23
5,Tanta,2019-06-21,30000,A,90DA,90 Days Delinquent,90,2026-03-21,Business Credit Card,14096.63,15656.9,M,1977-10-02,Primary,100024,,4144.88,82,,,,90DA,0,25
2,Giza,2020-05-23,150000,A,NORM,Normal,0,2026-03-19,World Elite Card,-4670.6,145138.99,M,1984-02-12,Primary,100025,,0.0,71,,,,NORM,0,26
3,Alexandria,2021-02-28,200000,A,NORM,Normal,0,2026-03-27,Titanium Credit Card,177353.53,22469.88,F,1972-03-20,Primary,100027,,0.0,61,,,,NORM,0,28
6,Assiut,2018-10-12,30000,A,NORM,Normal,0,2026-03-27,Cashback Card,20083.72,9912.18,F,1972-06-30,Primary,100033,,0.0,90,,,,NORM,0,34
6,Assiut,2019-05-26,30000,A,NORM,Normal,0,2026-03-21,World Elite Card,10283.87,19548.59,F,1989-10-03,Primary,100036,,0.0,83,,,,NORM,0,37
7,Luxor,2019-12-14,200000,A,NORM,Normal,0,2026-03-27,World Elite Card,126412.4,73585.17,M,1990-05-20,Primary,100037,,0.0,76,,,,NORM,0,38
10,Suez,2021-08-12,100000,A,NORM,Normal,0,2026-03-18,Business Credit Card,12020.36,87866.15,F,1989-05-14,Primary,100038,,0.0,56,,,,NORM,0,39
2,Giza,2022-08-25,200000,A,90DA,90 Days Delinquent,90,2026-03-24,Titanium Credit Card,170186.0,29758.16,F,1980-06-05,Primary,100040,,29060.57,43,,,,90DA,0,41
7,Luxor,2019-12-22,150000,A,NORM,Normal,0,2026-03-19,Business Credit Card,41380.23,108177.31,M,1969-10-25,Primary,100041,,0.0,76,,,,NORM,0,42
9,Ismailia,2021-07-23,100000,A,NORM,Normal,0,2026-03-21,Travel Rewards Card,9233.76,90432.32,F,1986-09-16,Primary,100042,,0.0,57,,,,NORM,0,43
9,Ismailia,2020-09-06,30000,A,NEW,New,0,2026-03-30,Business Credit Card,14451.23,15210.32,M,1981-09-26,Primary,100043,,0.0,67,,,,NEW,0,44
1,Cairo Main,2022-09-17,75000,A,NORM,Normal,0,2026-03-22,Classic Credit Card,44913.02,29625.4,M,1969-04-11,Primary,100045,,0.0,43,,,,NORM,0,46
9,Ismailia,2024-02-15,200000,A,NORM,Normal,0,2026-03-17,Titanium Credit Card,75288.65,124695.72,F,1993-07-13,Primary,100046,,0.0,25,,,,NORM,0,47
4,Mansoura,2018-03-25,200000,A,60DA,60 Days Delinquent,60,2026-03-25,Platinum Credit Card,62373.55,137619.39,F,1968-12-10,Primary,100050,,74761.63,97,,,,60DA,0,51
7,Luxor,2022-02-26,10000,A,NORM,Normal,0,2026-03-29,Cashback Card,6110.39,3527.82,F,1989-09-03,Primary,100053,,0.0,49,,,,NORM,0,54
5,Tanta,2023-01-21,20000,A,NORM,Normal,0,2026-03-28,Business Credit Card,17650.96,2020.25,M,1999-07-19,Secondary,100055,,0.0,38,,,,NORM,0,56
7,Luxor,2024-03-24,20000,A,NORM,Normal,0,2026-03-20,Business Credit Card,3362.39,16401.92,M,1981-11-30,Primary,100057,,0.0,24,,,,NORM,0,58
5,Tanta,2024-07-10,50000,A,30DD,30 Days Delinquent,30,2026-03-24,Business Credit Card,-1644.02,47996.81,F,1989-10-13,Primary,100058,,9137.74,21,,,,30DD,0,59
5,Tanta,2019-05-10,20000,A,NORM,Normal,0,2026-03-21,Cashback Card,15867.63,4030.81,M,1970-05-05,Primary,100059,,0.0,83,,,,NORM,0,60
9,Ismailia,2021-01-28,5000,A,60DA,60 Days Delinquent,60,2026-03-18,Classic Credit Card,1183.64,3612.36,F,1965-09-04,Secondary,100061,,2208.3,62,,,,60DA,0,62
8,Zagazig,2022-12-10,50000,A,NORM,Normal,0,2026-03-26,Platinum Credit Card,36068.61,13761.52,F,1981-06-22,Secondary,100062,,0.0,40,,,,NORM,0,63
2,Giza,2018-08-08,15000,A,NEW,New,0,2026-03-31,Platinum Credit Card,11759.18,3170.19,M,1985-11-18,Primary,100063,,0.0,93,,,,NEW,0,64
10,Suez,2024-12-08,20000,A,NORM,Normal,0,2026-03-25,Travel Rewards Card,15222.04,4700.15,F,1995-06-21,Secondary,100064,,0.0,15,,,,NORM,0,65
3,Alexandria,2022-08-01,100000,A,NORM,Normal,0,2026-03-23,Business Credit Card,49312.4,50346.38,M,1960-02-13,Primary,100066,,0.0,44,,,,NORM,0,67
4,Mansoura,2024-08-12,20000,A,30DD,30 Days Delinquent,30,2026-03-24,Travel Rewards Card,10993.76,8641.74,M,1971-11-13,Secondary,100067,,4791.34,19,,,,30DD,0,68
1,Cairo Main,2021-06-13,200000,A,NORM,Normal,0,2026-03-25,World Elite Card,187520.28,12476.78,F,1967-06-11,Primary,100068,,0.0,58,,,,NORM,0,69
9,Ismailia,2022-11-29,10000,A,30DD,30 Days Delinquent,30,2026-03-31,Classic Credit Card,-640.74,9252.74,F,1982-02-24,Primary,100069,,5670.73,40,,,,30DD,0,70
1,Cairo Main,2021-01-08,200000,A,NORM,Normal,0,2026-03-31,Classic Credit Card,63950.66,135668.72,F,1994-04-21,Primary,100070,,0.0,63,,,,NORM,0,71
8,Zagazig,2023-04-10,50000,A,30DD,30 Days Delinquent,30,2026-03-21,Travel Rewards Card,32738.4,17158.74,M,1964-02-03,Primary,100071,,12538.56,36,,,,30DD,0,72
7,Luxor,2024-03-03,5000,A,NORM,Normal,0,2026-03-29,Business Credit Card,3232.66,1694.24,F,1996-06-29,Primary,100072,,0.0,25,,,,NORM,0,73
4,Mansoura,2024-02-28,15000,A,NORM,Normal,0,2026-03-27,World Elite Card,2351.93,12460.42,M,1971-12-24,Secondary,100074,,0.0,25,,,,NORM,0,75
3,Alexandria,2024-03-06,5000,A,NORM,Normal,0,2026-03-27,Travel Rewards Card,2310.94,2415.61,M,1973-12-09,Secondary,100075,,0.0,25,,,,NORM,0,76
5,Tanta,2021-01-24,75000,A,NEW,New,0,2026-03-20,Business Credit Card,8012.72,66621.68,F,1982-10-29,Primary,100076,,0.0,63,,,,NEW,0,77
10,Suez,2023-06-29,15000,A,90DA,90 Days Delinquent,90,2026-03-23,Business Credit Card,14098.13,532.73,F,1989-08-08,Primary,100078,,5601.98,33,,,,90DA,0,79
6,Assiut,2020-02-12,20000,A,NORM,Normal,0,2026-03-24,Travel Rewards Card,1867.93,18110.7,M,1999-01-03,Primary,100079,,0.0,74,,,,NORM,0,80
3,Alexandria,2018-06-01,15000,A,NORM,Normal,0,2026-03-19,Cashback Card,-706.92,14056.14,M,1982-03-21,Secondary,100080,,0.0,95,,,,NORM,0,81
7,Luxor,2019-09-25,10000,A,30DD,30 Days Delinquent,30,2026-03-22,Business Credit Card,8149.3,1836.91,F,1999-01-25,Secondary,100081,,4098.16,79,,,,30DD,0,82
6,Assiut,2023-06-22,150000,A,NORM,Normal,0,2026-03-30,Classic Credit Card,-13988.89,135825.45,F,1988-02-12,Primary,100082,,0.0,33,,,,NORM,0,83
4,Mansoura,2022-08-15,200000,A,NORM,Normal,0,2026-03-17,Platinum Credit Card,61791.91,138150.65,M,1983-10-29,Secondary,100084,,0.0,44,,,,NORM,0,85
8,Zagazig,2019-08-10,20000,A,NORM,Normal,0,2026-03-19,Business Credit Card,13421.59,6172.97,F,1986-02-27,Secondary,100085,,0.0,80,,,,NORM,0,86
10,Suez,2023-07-28,30000,A,NORM,Normal,0,2026-03-31,Titanium Credit Card,14150.82,15423.14,M,1993-06-04,Primary,100088,,0.0,32,,,,NORM,0,89
1,Cairo Main,2022-12-11,5000,A,NORM,Normal,0,2026-03-20,Cashback Card,3108.8,1427.39,F,1973-11-09,Primary,100089,,0.0,40,,,,NORM,0,90
3,Alexandria,2024-01-19,50000,A,NORM,Normal,0,2026-03-26,World Elite Card,36341.59,13215.54,F,1995-04-13,Primary,100090,,0.0,26,,,,NORM,0,91
8,Zagazig,2019-07-31,20000,A,NORM,Normal,0,2026-03-29,Travel Rewards Card,17979.99,1964.79,F,1963-05-18,Primary,100091,,0.0,81,,,,NORM,0,92
6,Assiut,2020-12-09,200000,A,NORM,Normal,0,2026-03-29,Travel Rewards Card,120897.89,78914.81,M,1990-03-07,Primary,100092,,0.0,64,,,,NORM,0,93
2,Giza,2020-08-19,150000,A,NORM,Normal,0,2026-03-17,Platinum Credit Card,34328.01,115402.67,F,1964-05-11,Primary,100094,,0.0,68,,,,NORM,0,95
2,Giza,2023-06-28,200000,A,NORM,Normal,0,2026-03-24,Travel Rewards Card,95753.36,103856.94,F,1997-05-25,Primary,100095,,0.0,33,,,,NORM,0,96
2,Giza,2022-02-13,150000,A,NORM,Normal,0,2026-03-30,Cashback Card,80027.84,69651.81,F,1990-10-04,Secondary,100096,,0.0,50,,,,NORM,0,97
4,Mansoura,2024-09-11,5000,A,30DD,30 Days Delinquent,30,2026-03-29,Classic Credit Card,450.91,4073.05,M,1988-10-13,Primary,100097,,2448.66,18,,,,30DD,0,98
10,Suez,2020-08-12,50000,A,NORM,Normal,0,2026-03-30,Platinum Credit Card,44089.71,5718.64,M,1969-09-08,Primary,100098,,0.0,68,,,,NORM,0,99
1,Cairo Main,2018-03-02,50000,A,NORM,Normal,0,2026-03-30,Titanium Credit Card,14798.82,34732.86,M,1965-11-29,Primary,100099,,0.0,98,,,,NORM,0,100
2,Giza,2018-09-18,100000,A,NORM,Normal,0,2026-04-01,Business Credit Card,43924.11,55935.51,M,1993-06-12,Primary,100100,,0.0,91,,,,NORM,0,101
9,Ismailia,2023-02-20,5000,A,NORM,Normal,0,2026-03-31,Classic Credit Card,3156.75,1456.91,F,1973-07-12,Primary,100101,,0.0,37,,,,NORM,0,102
2,Giza,2024-10-27,15000,A,NORM,Normal,0,2026-03-24,Gold Credit Card,9165.04,5572.05,F,1974-06-13,Secondary,100102,,0.0,17,,,,NORM,0,103
8,Zagazig,2024-10-15,75000,A,NORM,Normal,0,2026-03-22,Gold Credit Card,14932.68,59760.17,M,1982-09-04,Primary,100103,,0.0,17,,,,NORM,0,104
8,Zagazig,2019-01-09,10000,A,NORM,Normal,0,2026-04-01,Gold Credit Card,6746.58,2976.97,F,1963-01-04,Primary,100105,,0.0,87,,,,NORM,0,106
9,Ismailia,2019-05-16,75000,A,NORM,Normal,0,2026-03-22,Cashback Card,42257.6,32400.04,F,1974-10-14,Primary,100106,,0.0,83,,,,NORM,0,107
9,Ismailia,2019-09-26,100000,A,NORM,Normal,0,2026-03-18,Titanium Credit Card,94281.11,5618.83,F,1969-07-17,Primary,100107,,0.0,79,,,,NORM,0,108
7,Luxor,2024-04-16,200000,A,NORM,Normal,0,2026-03-19,Classic Credit Card,54003.81,145587.2,M,1997-11-29,Primary,100108,,0.0,23,,,,NORM,0,109
6,Assiut,2020-01-14,15000,A,30DD,30 Days Delinquent,30,2026-03-26,Travel Rewards Card,8088.64,6802.4,M,1960-04-10,Primary,100109,,8267.78,75,,,,30DD,0,110
7,Luxor,2021-10-28,15000,A,90DA,90 Days Delinquent,90,2026-03-31,Cashback Card,7792.14,6917.48,M,1980-05-07,Primary,100110,,5474.6,53,,,,90DA,0,111
2,Giza,2022-12-20,75000,A,NORM,Normal,0,2026-03-21,Business Credit Card,57334.73,17415.47,F,1972-03-16,Primary,100111,,0.0,39,,,,NORM,0,112
7,Luxor,2021-03-06,200000,A,90DA,90 Days Delinquent,90,2026-03-29,Business Credit Card,16065.51,183739.98,M,1964-12-21,Secondary,100112,,96395.85,61,,,,90DA,0,113
4,Mansoura,2020-05-15,15000,A,NORM,Normal,0,2026-03-31,World Elite Card,5905.75,8663.76,M,1973-07-09,Primary,100113,,0.0,71,,,,NORM,0,114
3,Alexandria,2023-12-22,20000,A,NORM,Normal,0,2026-03-27,Cashback Card,12474.19,7108.41,M,1977-01-20,Primary,100114,,0.0,27,,,,NORM,0,115
5,Tanta,2021-10-22,20000,A,30DD,30 Days Delinquent,30,2026-03-18,Cashback Card,1236.67,18307.94,M,1993-06-15,Primary,100117,,9437.75,54,,,,30DD,0,118
3,Alexandria,2019-02-26,15000,A,NORM,Normal,0,2026-03-30,World Elite Card,7953.13,6676.99,M,1970-08-07,Primary,100118,,0.0,86,,,,NORM,0,119
2,Giza,2024-08-30,150000,A,NEW,New,0,2026-03-26,Travel Rewards Card,21740.18,127960.7,M,1987-08-03,Secondary,100121,,0.0,19,,,,NEW,0,122
6,Assiut,2023-05-03,150000,A,30DD,30 Days Delinquent,30,2026-03-25,Platinum Credit Card,35138.4,114814.69,M,1987-02-20,Secondary,100122,,35370.26,35,,,,30DD,0,123
1,Cairo Main,2021-10-02,10000,A,90DA,90 Days Delinquent,90,2026-03-24,Cashback Card,2211.47,7347.57,F,1995-05-27,Primary,100124,,3686.12,54,,,,90DA,0,125
6,Assiut,2024-07-14,15000,A,NORM,Normal,0,2026-03-29,Cashback Card,14018.03,676.33,M,1963-08-28,Primary,100125,,0.0,20,,,,NORM,0,126
9,Ismailia,2021-09-07,15000,A,60DA,60 Days Delinquent,60,2026-03-20,Gold Credit Card,12549.56,2286.13,F,1976-11-23,Primary,100126,,8538.52,55,,,,60DA,0,127
6,Assiut,2023-06-15,20000,A,NORM,Normal,0,2026-03-19,Titanium Credit Card,2330.11,17188.39,M,1994-05-14,Secondary,100127,,0.0,34,,,,NORM,0,128
9,Ismailia,2023-11-27,5000,A,NORM,Normal,0,2026-04-01,Cashback Card,214.45,4546.14,F,1997-06-17,Primary,100128,,0.0,28,,,,NORM,0,129
8,Zagazig,2022-08-10,50000,A,NORM,Normal,0,2026-03-24,Titanium Credit Card,1961.72,47952.45,F,1961-12-16,Primary,100129,,0.0,44,,,,NORM,0,130
8,Zagazig,2020-03-05,50000,A,30DD,30 Days Delinquent,30,2026-03-25,Business Credit Card,41176.85,8403.41,F,1997-06-17,Primary,100130,,7271.26,73,,,,30DD,0,131
10,Suez,2020-10-21,5000,A,NORM,Normal,0,2026-03-29,Business Credit Card,1141.52,3407.59,M,1966-03-17,Secondary,100131,,0.0,66,,,,NORM,0,132
3,Alexandria,2023-01-15,150000,A,NORM,Normal,0,2026-03-24,Platinum Credit Card,27281.74,122569.99,M,1972-03-27,Secondary,100132,,0.0,39,,,,NORM,0,133
3,Alexandria,2018-06-06,30000,A,30DD,30 Days Delinquent,30,2026-03-19,Business Credit Card,10835.37,18989.11,F,1966-03-04,Primary,100134,,16152.8,95,,,,30DD,0,135
10,Suez,2018-09-15,10000,A,NORM,Normal,0,2026-03-26,Business Credit Card,1020.26,8710.16,M,1980-07-03,Primary,100136,,0.0,91,,,,NORM,0,137
6,Assiut,2024-05-26,75000,A,NORM,Normal,0,2026-03-31,Platinum Credit Card,57926.92,17005.96,F,1970-10-16,Secondary,100137,,0.0,22,,,,NORM,0,138
6,Assiut,2019-03-01,200000,A,NORM,Normal,0,2026-03-27,Cashback Card,47100.25,152766.17,F,1970-10-25,Primary,100139,,0.0,86,,,,NORM,0,140
9,Ismailia,2018-12-05,75000,A,NORM,Normal,0,2026-03-19,Gold Credit Card,43979.27,30591.4,M,1971-12-18,Primary,100143,,0.0,89,,,,NORM,0,144
6,Assiut,2021-04-25,30000,A,NEW,New,0,2026-03-25,Business Credit Card,2916.35,26878.59,F,1989-08-24,Primary,100144,,0.0,60,,,,NEW,0,145
7,Luxor,2018-08-23,10000,A,NORM,Normal,0,2026-03-20,Travel Rewards Card,3962.72,5986.02,M,1972-04-25,Primary,100145,,0.0,92,,,,NORM,0,146
1,Cairo Main,2018-10-03,20000,A,30DD,30 Days Delinquent,30,2026-03-27,Cashback Card,13364.75,6381.38,M,1965-08-30,Primary,100146,,9424.53,91,,,,30DD,0,147
3,Alexandria,2023-10-22,75000,A,NORM,Normal,0,2026-03-21,Gold Credit Card,57168.91,17820.24,F,1982-05-21,Secondary,100148,,0.0,29,,,,NORM,0,149
8,Zagazig,2022-01-18,150000,A,NORM,Normal,0,2026-03-22,Cashback Card,4624.63,145100.65,M,1961-03-06,Secondary,100151,,0.0,51,,,,NORM,0,152
7,Luxor,2023-05-15,150000,A,NEW,New,0,2026-03-20,Travel Rewards Card,134552.54,15341.33,M,1992-02-28,Secondary,100152,,0.0,35,,,,NEW,0,153
8,Zagazig,2023-10-21,50000,A,NEW,New,0,2026-03-24,Platinum Credit Card,17766.01,32009.0,F,1990-07-04,Secondary,100153,,0.0,29,,,,NEW,0,154
9,Ismailia,2021-05-30,15000,A,NORM,Normal,0,2026-03-19,Platinum Credit Card,177.24,14472.62,F,1966-11-12,Secondary,100154,,0.0,58,,,,NORM,0,155
4,Mansoura,2024-03-06,30000,A,NORM,Normal,0,2026-03-26,Platinum Credit Card,5217.16,24562.68,M,1988-06-26,Primary,100155,,0.0,25,,,,NORM,0,156
3,Alexandria,2024-10-14,50000,A,NORM,Normal,0,2026-03-22,Classic Credit Card,44948.38,4693.71,M,1967-09-05,Primary,100156,,0.0,17,,,,NORM,0,157
3,Alexandria,2022-08-30,100000,A,NORM,Normal,0,2026-03-24,Business Credit Card,-7899.71,92052.33,M,1979-09-20,Secondary,100158,,0.0,43,,,,NORM,0,159
2,Giza,2021-04-03,75000,A,NORM,Normal,0,2026-04-01,Travel Rewards Card,62031.79,12472.11,F,1962-04-09,Primary,100160,,0.0,60,,,,NORM,0,161
10,Suez,2018-07-19,5000,A,90DA,90 Days Delinquent,90,2026-03-27,World Elite Card,4231.3,318.08,F,1975-10-30,Primary,100162,,2488.51,93,,,,90DA,0,163
9,Ismailia,2019-09-03,200000,A,30DD,30 Days Delinquent,30,2026-03-26,Platinum Credit Card,139335.6,60460.8,F,1980-07-01,Primary,100166,,67334.88,80,,,,30DD,0,167
10,Suez,2023-09-09,150000,A,NORM,Normal,0,2026-03-28,Business Credit Card,-12016.11,137563.94,M,1975-02-02,Primary,100167,,0.0,31,,,,NORM,0,168
10,Suez,2018-04-20,200000,A,30DD,30 Days Delinquent,30,2026-03-23,Business Credit Card,106227.26,93730.71,M,1973-10-19,Primary,100168,,96878.24,96,,,,30DD,0,169
10,Suez,2022-04-07,15000,A,NEW,New,0,2026-03-18,Titanium Credit Card,4309.76,10236.96,M,1994-09-30,Primary,100169,,0.0,48,,,,NEW,0,170
3,Alexandria,2020-04-15,75000,A,NORM,Normal,0,2026-03-28,Business Credit Card,29894.29,44659.94,M,1978-07-10,Primary,100170,,0.0,72,,,,NORM,0,171
7,Luxor,2019-12-11,100000,A,NORM,Normal,0,2026-03-24,Cashback Card,34358.51,65514.63,F,1974-01-27,Secondary,100171,,0.0,76,,,,NORM,0,172
2,Giza,2024-02-03,75000,A,NORM,Normal,0,2026-03-31,Travel Rewards Card,25707.22,49054.39,F,1985-09-21,Primary,100173,,0.0,26,,,,NORM,0,174
8,Zagazig,2020-11-16,100000,A,NORM,Normal,0,2026-03-18,Titanium Credit Card,3023.35,96753.4,F,1989-06-04,Primary,100174,,0.0,65,,,,NORM,0,175
10,Suez,2024-07-31,20000,A,NORM,Normal,0,2026-03-18,Titanium Credit Card,12179.24,7375.66,M,1993-03-26,Primary,100175,,0.0,20,,,,NORM,0,176
8,Zagazig,2019-07-18,5000,A,90DA,90 Days Delinquent,90,2026-03-17,Platinum Credit Card,2174.56,2374.58,F,1964-07-05,Primary,100176,,1885.67,81,,,,90DA,0,177
5,Tanta,2018-08-31,10000,A,NEW,New,0,2026-03-25,Titanium Credit Card,7120.52,2692.31,F,1988-12-21,Secondary,100177,,0.0,92,,,,NEW,0,178
8,Zagazig,2019-07-04,150000,A,NORM,Normal,0,2026-03-17,Business Credit Card,115067.79,34918.46,M,1999-11-21,Primary,100179,,0.0,82,,,,NORM,0,180
3,Alexandria,2021-10-12,30000,A,NORM,Normal,0,2026-03-17,Titanium Credit Card,11972.57,18014.92,F,1960-08-18,Primary,100180,,0.0,54,,,,NORM,0,181
2,Giza,2019-07-30,100000,A,NORM,Normal,0,2026-03-30,Cashback Card,22353.17,77424.25,F,1968-04-15,Primary,100181,,0.0,81,,,,NORM,0,182
5,Tanta,2024-06-04,5000,A,NORM,Normal,0,2026-03-31,World Elite Card,590.41,4021.11,M,1986-02-16,Primary,100182,,0.0,22,,,,NORM,0,183
9,Ismailia,2021-06-27,10000,A,60DA,60 Days Delinquent,60,2026-03-20,World Elite Card,-511.63,9062.82,M,1999-10-28,Secondary,100183,,4561.61,57,,,,60DA,0,184
8,Zagazig,2024-10-17,50000,A,NEW,New,0,2026-03-22,Travel Rewards Card,7713.83,42140.92,M,1993-07-16,Primary,100184,,0.0,17,,,,NEW,0,185
9,Ismailia,2023-12-04,50000,A,NORM,Normal,0,2026-03-28,Gold Credit Card,7915.09,41607.99,M,1980-01-15,Primary,100185,,0.0,28,,,,NORM,0,186
9,Ismailia,2019-04-22,20000,A,NORM,Normal,0,2026-04-01,Business Credit Card,-1330.27,18327.96,F,1979-10-27,Primary,100186,,0.0,84,,,,NORM,0,187
8,Zagazig,2018-08-25,150000,A,NORM,Normal,0,2026-03-30,Business Credit Card,58460.37,91111.9,F,1985-04-18,Secondary,100187,,0.0,92,,,,NORM,0,188
2,Giza,2022-10-02,50000,A,NORM,Normal,0,2026-03-19,Gold Credit Card,11152.41,38352.79,F,1962-01-12,Primary,100188,,0.0,42,,,,NORM,0,189
7,Luxor,2022-04-16,100000,A,30DD,30 Days Delinquent,30,2026-03-30,Travel Rewards Card,70365.24,29383.83,M,1976-10-18,Primary,100189,,35698.38,48,,,,30DD,0,190
9,Ismailia,2020-07-01,5000,A,NORM,Normal,0,2026-03-24,Classic Credit Card,4155.34,593.47,F,1965-09-17,Primary,100190,,0.0,70,,,,NORM,0,191
8,Zagazig,2019-09-28,30000,A,NORM,Normal,0,2026-03-19,Titanium Credit Card,20000.24,9764.57,F,1975-07-12,Primary,100191,,0.0,79,,,,NORM,0,192
4,Mansoura,2019-02-18,200000,A,60DA,60 Days Delinquent,60,2026-03-20,Classic Credit Card,38939.47,160829.75,M,1963-01-07,Primary,100192,,70234.27,86,,,,60DA,0,193
4,Mansoura,2020-06-08,5000,A,NORM,Normal,0,2026-03-20,Platinum Credit Card,2724.08,1905.73,F,1984-03-18,Primary,100193,,0.0,70,,,,NORM,0,194
5,Tanta,2019-08-10,150000,A,30DD,30 Days Delinquent,30,2026-03-25,Titanium Credit Card,44051.04,105685.58,F,1999-04-22,Primary,100194,,55884.76,80,,,,30DD,0,195
7,Luxor,2023-07-24,5000,A,NORM,Normal,0,2026-03-23,Cashback Card,447.52,4200.29,F,1984-12-07,Primary,100195,,0.0,32,,,,NORM,0,196
3,Alexandria,2024-01-13,100000,A,NORM,Normal,0,2026-03-27,Titanium Credit Card,78008.47,21651.33,M,1993-11-03,Secondary,100196,,0.0,26,,,,NORM,0,197
7,Luxor,2023-12-11,15000,A,NORM,Normal,0,2026-03-20,Travel Rewards Card,-636.98,14329.4,M,1984-12-30,Primary,100197,,0.0,28,,,,NORM,0,198
2,Giza,2020-02-20,5000,A,NORM,Normal,0,2026-03-30,World Elite Card,1114.52,3451.67,M,1984-01-10,Primary,100198,,0.0,74,,,,NORM,0,199
10,Suez,2020-04-17,75000,A,NORM,Normal,0,2026-03-27,Titanium Credit Card,13168.38,61780.06,F,1991-07-27,Primary,100200,,0.0,72,,,,NORM,0,201
5,Tanta,2023-10-02,100000,A,NORM,Normal,0,2026-03-19,Business Credit Card,42977.57,56699.86,F,1976-02-18,Primary,100201,,0.0,30,,,,NORM,0,202
7,Luxor,2020-10-03,100000,A,NORM,Normal,0,2026-03-26,Cashback Card,60803.18,39192.49,F,1985-07-23,Primary,100203,,0.0,66,,,,NORM,0,204
8,Zagazig,2018-01-28,150000,A,NORM,Normal,0,2026-03-23,Travel Rewards Card,123099.84,26496.79,F,1960-09-14,Secondary,100206,,0.0,99,,,,NORM,0,207
7,Luxor,2020-01-05,10000,A,60DA,60 Days Delinquent,60,2026-03-22,Gold Credit Card,9221.39,320.27,M,1996-02-29,Primary,100207,,5841.19,75,,,,60DA,0,208
7,Luxor,2022-03-09,75000,A,NEW,New,0,2026-03-27,Business Credit Card,62359.04,12208.28,F,1963-07-18,Primary,100208,,0.0,49,,,,NEW,0,209
7,Luxor,2022-03-25,150000,A,NORM,Normal,0,2026-03-30,Business Credit Card,119475.8,30230.4,M,1977-01-04,Primary,100209,,0.0,48,,,,NORM,0,210
10,Suez,2019-01-26,150000,A,90DA,90 Days Delinquent,90,2026-03-24,Classic Credit Card,-8534.26,141438.0,F,1998-06-26,Primary,100210,,18048.98,87,,,,90DA,0,211
9,Ismailia,2018-05-15,15000,A,NORM,Normal,0,2026-03-27,Cashback Card,502.38,14194.27,M,1985-04-11,Secondary,100211,,0.0,95,,,,NORM,0,212
10,Suez,2024-05-10,75000,A,30DD,30 Days Delinquent,30,2026-03-31,Cashback Card,21635.57,53132.77,M,1970-10-14,Primary,100212,,37932.69,23,,,,30DD,0,213
4,Mansoura,2024-03-15,75000,A,NORM,Normal,0,2026-03-21,Travel Rewards Card,49493.66,25462.28,F,1975-12-17,Primary,100214,,0.0,24,,,,NORM,0,215
8,Zagazig,2021-01-09,10000,A,NORM,Normal,0,2026-03-19,Platinum Credit Card,-76.52,9567.37,F,1976-02-22,Primary,100216,,0.0,63,,,,NORM,0,217
2,Giza,2019-01-03,50000,A,NEW,New,0,2026-03-19,Gold Credit Card,29841.3,20002.27,M,1961-03-06,Primary,100217,,0.0,88,,,,NEW,0,218
3,Alexandria,2021-02-04,75000,A,NORM,Normal,0,2026-03-28,World Elite Card,66427.32,8143.84,F,1979-07-01,Secondary,100219,,0.0,62,,,,NORM,0,220
10,Suez,2023-02-19,10000,A,NORM,Normal,0,2026-04-01,Platinum Credit Card,-138.64,9552.3,F,1968-10-08,Secondary,100220,,0.0,37,,,,NORM,0,221
8,Zagazig,2022-10-30,200000,A,NORM,Normal,0,2026-03-30,Platinum Credit Card,125902.67,73906.11,M,1975-01-06,Primary,100221,,0.0,41,,,,NORM,0,222
10,Suez,2020-01-07,150000,A,NORM,Normal,0,2026-03-28,Classic Credit Card,101558.41,48239.34,F,1984-06-22,Secondary,100223,,0.0,75,,,,NORM,0,224
8,Zagazig,2021-05-25,20000,A,NORM,Normal,0,2026-03-20,World Elite Card,15021.6,4800.48,F,1966-03-30,Primary,100224,,0.0,59,,,,NORM,0,225
10,Suez,2023-12-29,150000,A,30DD,30 Days Delinquent,30,2026-03-30,Travel Rewards Card,45079.72,104847.27,M,1977-12-23,Primary,100225,,47852.49,27,,,,30DD,0,226
10,Suez,2024-04-25,75000,A,NORM,Normal,0,2026-03-21,Cashback Card,37285.37,37645.05,M,1961-12-26,Primary,100226,,0.0,23,,,,NORM,0,227
1,Cairo Main,2019-03-05,30000,A,60DA,60 Days Delinquent,60,2026-03-24,Travel Rewards Card,25755.37,4110.96,M,1981-08-27,Primary,100228,,6443.01,86,,,,60DA,0,229
9,Ismailia,2021-11-27,100000,A,30DD,30 Days Delinquent,30,2026-03-31,Gold Credit Card,88623.94,11303.69,F,1981-08-30,Primary,100229,,21304.07,52,,,,30DD,0,230
9,Ismailia,2021-07-07,200000,A,NORM,Normal,0,2026-03-31,Travel Rewards Card,180470.06,19330.37,M,1988-09-01,Primary,100233,,0.0,57,,,,NORM,0,234
3,Alexandria,2021-05-03,200000,A,NORM,Normal,0,2026-03-22,Gold Credit Card,162831.18,36851.54,M,1996-07-02,Primary,100234,,0.0,59,,,,NORM,0,235
3,Alexandria,2021-03-29,15000,A,NORM,Normal,0,2026-03-18,Platinum Credit Card,6608.47,8145.46,M,1981-12-18,Secondary,100236,,0.0,60,,,,NORM,0,237
4,Mansoura,2022-04-22,150000,A,NORM,Normal,0,2026-03-25,Business Credit Card,52026.95,97481.78,F,1996-07-26,Primary,100237,,0.0,48,,,,NORM,0,238
1,Cairo Main,2020-06-22,30000,A,NORM,Normal,0,2026-03-28,Classic Credit Card,27207.92,2583.73,F,1995-09-13,Primary,100238,,0.0,70,,,,NORM,0,239
9,Ismailia,2019-04-09,200000,A,NORM,Normal,0,2026-03-20,Gold Credit Card,-1481.31,198469.85,F,1982-11-30,Secondary,100239,,0.0,84,,,,NORM,0,240
9,Ismailia,2022-10-08,10000,A,NORM,Normal,0,2026-03-30,Titanium Credit Card,7722.43,2139.02,F,1969-10-20,Primary,100240,,0.0,42,,,,NORM,0,241
2,Giza,2020-08-28,20000,A,30DD,30 Days Delinquent,30,2026-03-24,Cashback Card,2500.7,17490.96,M,1994-10-16,Secondary,100241,,4286.62,68,,,,30DD,0,242
6,Assiut,2021-02-25,200000,A,NEW,New,0,2026-03-27,Platinum Credit Card,147504.17,52113.18,F,1983-11-16,Primary,100242,,0.0,62,,,,NEW,0,243
3,Alexandria,2022-08-13,5000,A,30DD,30 Days Delinquent,30,2026-03-31,World Elite Card,1117.21,3588.23,M,1993-08-24,Primary,100243,,2383.71,44,,,,30DD,0,244
8,Zagazig,2024-06-23,30000,A,NORM,Normal,0,2026-03-30,Travel Rewards Card,10875.74,18843.86,M,1966-05-18,Primary,100244,,0.0,21,,,,NORM,0,245
8,Zagazig,2021-09-02,200000,A,NORM,Normal,0,2026-03-25,Classic Credit Card,25161.1,174810.75,F,1981-11-22,Primary,100245,,0.0,55,,,,NORM,0,246
6,Assiut,2018-07-18,5000,A,NEW,New,0,2026-03-28,Gold Credit Card,3543.67,1038.97,M,1990-08-13,Primary,100247,,0.0,93,,,,NEW,0,248
4,Mansoura,2019-06-25,30000,A,NORM,Normal,0,2026-03-27,Platinum Credit Card,21390.4,8139.97,F,1990-11-20,Primary,100248,,0.0,82,,,,NORM,0,249
7,Luxor,2021-06-05,20000,A,NORM,Normal,0,2026-03-26,Travel Rewards Card,9266.95,10732.24,M,1988-01-23,Primary,100249,,0.0,58,,,,NORM,0,250
4,Mansoura,2022-12-28,5000,A,NORM,Normal,0,2026-03-23,Classic Credit Card,-280.89,4269.97,F,1983-04-20,Primary,100250,,0.0,39,,,,NORM,0,251
2,Giza,2024-04-26,5000,A,NEW,New,0,2026-03-17,Platinum Credit Card,2018.06,2847.54,M,1983-10-18,Secondary,100252,,0.0,23,,,,NEW,0,253
4,Mansoura,2019-02-16,15000,A,NORM,Normal,0,2026-03-21,Gold Credit Card,4129.27,10770.4,F,1963-11-21,Primary,100253,,0.0,86,,,,NORM,0,254
2,Giza,2024-03-16,200000,A,90DA,90 Days Delinquent,90,2026-03-18,World Elite Card,105937.06,93983.62,M,1971-02-17,Primary,100254,,60602.09,24,,,,90DA,0,255
5,Tanta,2018-08-12,20000,A,NORM,Normal,0,2026-03-20,Business Credit Card,12402.46,7244.66,M,1988-12-25,Primary,100255,,0.0,92,,,,NORM,0,256
10,Suez,2018-02-26,30000,A,30DD,30 Days Delinquent,30,2026-03-22,Titanium Credit Card,10368.62,19464.06,F,1963-01-11,Primary,100257,,5193.86,98,,,,30DD,0,258
7,Luxor,2022-07-06,10000,A,NORM,Normal,0,2026-03-18,Platinum Credit Card,5733.92,4110.74,F,1991-06-25,Primary,100258,,0.0,45,,,,NORM,0,259
9,Ismailia,2022-05-20,200000,A,NORM,Normal,0,2026-03-26,Gold Credit Card,176426.71,23569.32,M,1974-08-28,Primary,100259,,0.0,47,,,,NORM,0,260
8,Zagazig,2024-10-29,5000,A,NEW,New,0,2026-03-31,World Elite Card,464.35,4118.11,M,1987-06-19,Primary,100260,,0.0,17,,,,NEW,0,261
3,Alexandria,2019-10-07,30000,A,NORM,Normal,0,2026-03-31,Gold Credit Card,16795.53,12821.32,M,1976-06-29,Secondary,100263,,0.0,78,,,,NORM,0,264
5,Tanta,2018-11-16,200000,A,NEW,New,0,2026-03-25,Cashback Card,-4882.21,194690.62,M,1997-01-19,Primary,100265,,0.0,89,,,,NEW,0,266
5,Tanta,2024-12-25,20000,A,NORM,Normal,0,2026-03-31,Business Credit Card,-1668.78,18208.7,F,1993-03-05,Primary,100267,,0.0,15,,,,NORM,0,268
3,Alexandria,2022-08-07,5000,A,NORM,Normal,0,2026-03-28,Titanium Credit Card,3992.91,541.39,F,1960-04-14,Primary,100268,,0.0,44,,,,NORM,0,269
2,Giza,2023-12-11,20000,A,NORM,Normal,0,2026-03-23,Travel Rewards Card,4987.92,14908.97,M,1969-03-15,Primary,100269,,0.0,28,,,,NORM,0,270
7,Luxor,2022-03-06,100000,A,NORM,Normal,0,2026-03-19,Gold Credit Card,52926.58,46996.84,M,1991-06-09,Primary,100270,,0.0,49,,,,NORM,0,271
7,Luxor,2019-06-20,20000,A,30DD,30 Days Delinquent,30,2026-03-21,World Elite Card,12338.81,7259.68,F,1989-09-18,Primary,100271,,4690.95,82,,,,30DD,0,272
2,Giza,2019-07-12,200000,A,90DA,90 Days Delinquent,90,2026-04-01,Gold Credit Card,158456.21,41219.29,M,1969-02-03,Primary,100272,,78934.93,81,,,,90DA,0,273
9,Ismailia,2020-04-30,100000,A,NORM,Normal,0,2026-03-20,World Elite Card,81848.95,17876.54,M,1976-01-27,Primary,100273,,0.0,72,,,,NORM,0,274
1,Cairo Main,2021-09-04,15000,A,NORM,Normal,0,2026-03-24,Gold Credit Card,13342.69,1471.92,F,1969-08-23,Primary,100274,,0.0,55,,,,NORM,0,275
3,Alexandria,2022-07-15,100000,A,NORM,Normal,0,2026-03-17,Titanium Credit Card,36810.16,62885.08,M,1961-05-24,Primary,100275,,0.0,45,,,,NORM,0,276
3,Alexandria,2022-06-29,50000,A,NORM,Normal,0,2026-03-30,Gold Credit Card,36017.02,13701.69,M,1968-11-20,Primary,100276,,0.0,45,,,,NORM,0,277
2,Giza,2021-09-20,10000,A,NORM,Normal,0,2026-03-29,Classic Credit Card,-280.52,9433.19,M,1998-01-02,Primary,100277,,0.0,55,,,,NORM,0,278
1,Cairo Main,2022-10-14,15000,A,30DD,30 Days Delinquent,30,2026-03-27,Cashback Card,1102.08,13794.92,F,1977-03-02,Primary,100278,,1352.64,42,,,,30DD,0,279
10,Suez,2024-12-02,20000,A,60DA,60 Days Delinquent,60,2026-03-18,World Elite Card,3135.28,16474.41,F,1987-10-10,Primary,100279,,4367.96,16,,,,60DA,0,280
7,Luxor,2023-11-24,20000,A,NORM,Normal,0,2026-03-21,Classic Credit Card,14382.77,5326.06,F,1968-12-11,Primary,100280,,0.0,28,,,,NORM,0,281
8,Zagazig,2022-01-04,200000,A,60DA,60 Days Delinquent,60,2026-04-01,Titanium Credit Card,1388.2,198181.89,M,1983-10-01,Primary,100282,,96184.02,51,,,,60DA,0,283
10,Suez,2022-05-10,50000,A,NORM,Normal,0,2026-03-25,Platinum Credit Card,27155.81,22395.39,F,1997-12-21,Secondary,100283,,0.0,47,,,,NORM,0,284
10,Suez,2019-08-06,200000,A,NORM,Normal,0,2026-03-31,Titanium Credit Card,24206.9,175496.23,F,1985-04-13,Primary,100284,,0.0,81,,,,NORM,0,285
1,Cairo Main,2019-08-29,200000,A,NORM,Normal,0,2026-03-17,Platinum Credit Card,119274.59,80316.09,F,1960-12-25,Primary,100286,,0.0,80,,,,NORM,0,287
2,Giza,2021-05-21,50000,A,NORM,Normal,0,2026-03-29,Platinum Credit Card,14177.33,35341.71,F,1975-02-05,Primary,100287,,0.0,59,,,,NORM,0,288
6,Assiut,2024-08-09,15000,A,NORM,Normal,0,2026-03-22,Travel Rewards Card,13720.86,962.2,M,1970-01-05,Primary,100288,,0.0,20,,,,NORM,0,289
10,Suez,2020-01-16,200000,A,NORM,Normal,0,2026-03-28,Cashback Card,24939.3,174728.1,M,1961-06-14,Primary,100289,,0.0,75,,,,NORM,0,290
5,Tanta,2019-03-19,5000,A,30DD,30 Days Delinquent,30,2026-03-31,Classic Credit Card,3872.54,946.4,F,1995-04-21,Secondary,100291,,1753.96,85,,,,30DD,0,292
1,Cairo Main,2020-12-05,10000,A,NORM,Normal,0,2026-04-01,Gold Credit Card,6728.65,2877.8,F,1974-04-18,Primary,100293,,0.0,64,,,,NORM,0,294
6,Assiut,2024-11-18,100000,A,NORM,Normal,0,2026-03-29,Classic Credit Card,16420.38,83176.19,F,1986-08-24,Primary,100294,,0.0,16,,,,NORM,0,295
8,Zagazig,2018-08-12,50000,A,NORM,Normal,0,2026-03-26,Classic Credit Card,13338.22,36502.11,F,1966-11-21,Primary,100296,,0.0,92,,,,NORM,0,297
4,Mansoura,2021-04-10,10000,A,NORM,Normal,0,2026-03-26,Business Credit Card,6495.79,3303.0,F,1967-08-30,Primary,100297,,0.0,60,,,,NORM,0,298
9,Ismailia,2020-01-28,50000,A,NORM,Normal,0,2026-03-31,Travel Rewards Card,-3987.01,45782.93,F,1977-05-20,Primary,100298,,0.0,75,,,,NORM,0,299
4,Mansoura,2021-01-05,200000,A,NORM,Normal,0,2026-03-24,Classic Credit Card,-12594.16,187214.23,M,1997-07-19,Secondary,100299,,0.0,63,,,,NORM,0,300
4,Mansoura,2018-09-07,75000,A,NORM,Normal,0,2026-03-22,Travel Rewards Card,26557.5,48143.81,M,1984-10-31,Primary,100300,,0.0,92,,,,NORM,0,301
9,Ismailia,2023-10-18,200000,A,NORM,Normal,0,2026-03-25,Platinum Credit Card,127763.48,72181.6,M,1985-08-15,Secondary,100301,,0.0,29,,,,NORM,0,302
7,Luxor,2022-06-16,150000,A,NORM,Normal,0,2026-03-31,Cashback Card,91124.56,58697.42,F,1984-12-15,Primary,100303,,0.0,46,,,,NORM,0,304
9,Ismailia,2022-09-15,10000,A,NORM,Normal,0,2026-03-26,Travel Rewards Card,394.81,9336.02,M,1995-01-24,Primary,100304,,0.0,43,,,,NORM,0,305
9,Ismailia,2021-11-09,75000,A,NORM,Normal,0,2026-03-26,World Elite Card,884.55,74018.53,F,1999-06-25,Primary,100305,,0.0,53,,,,NORM,0,306
10,Suez,2022-07-04,5000,A,NORM,Normal,0,2026-03-25,Travel Rewards Card,4000.67,916.85,M,1987-04-21,Secondary,100306,,0.0,45,,,,NORM,0,307
1,Cairo Main,2019-10-14,10000,A,NORM,Normal,0,2026-03-21,World Elite Card,6569.62,3028.08,M,1983-02-11,Primary,100309,,0.0,78,,,,NORM,0,310
4,Mansoura,2023-02-13,5000,A,NORM,Normal,0,2026-03-27,Cashback Card,3827.9,915.27,F,1961-06-25,Primary,100310,,0.0,38,,,,NORM,0,311
4,Mansoura,2023-06-26,200000,A,60DA,60 Days Delinquent,60,2026-03-30,Business Credit Card,29829.76,169805.51,F,1976-09-15,Primary,100311,,97268.49,33,,,,60DA,0,312
5,Tanta,2022-05-03,5000,A,NEW,New,0,2026-03-30,Platinum Credit Card,3508.83,1296.0,M,1961-03-25,Primary,100312,,0.0,47,,,,NEW,0,313
1,Cairo Main,2018-02-06,100000,A,60DA,60 Days Delinquent,60,2026-03-27,Platinum Credit Card,90475.98,9125.64,M,1998-10-14,Primary,100313,,10391.7,99,,,,60DA,0,314
7,Luxor,2021-11-29,100000,A,NORM,Normal,0,2026-03-28,World Elite Card,29649.13,69889.23,F,1976-11-20,Secondary,100314,,0.0,52,,,,NORM,0,315
5,Tanta,2021-05-08,20000,A,30DD,30 Days Delinquent,30,2026-03-22,Platinum Credit Card,5928.39,13885.46,F,1971-09-18,Primary,100316,,2969.86,59,,,,30DD,0,317
8,Zagazig,2022-01-08,150000,A,NORM,Normal,0,2026-03-28,World Elite Card,55897.91,93846.49,M,1990-02-19,Primary,100318,,0.0,51,,,,NORM,0,319
9,Ismailia,2020-01-20,50000,A,NEW,New,0,2026-03-18,Gold Credit Card,29023.57,20706.49,M,1994-03-22,Primary,100319,,0.0,75,,,,NEW,0,320
5,Tanta,2021-04-19,100000,A,90DA,90 Days Delinquent,90,2026-03-17,Gold Credit Card,43864.06,55745.78,M,1986-04-07,Secondary,100320,,32454.94,60,,,,90DA,0,321
7,Luxor,2021-05-07,75000,A,NORM,Normal,0,2026-03-25,Classic Credit Card,45322.41,29594.68,M,1983-10-07,Primary,100321,,0.0,59,,,,NORM,0,322
3,Alexandria,2020-01-09,10000,A,NORM,Normal,0,2026-03-27,Business Credit Card,9235.16,315.14,F,1974-03-11,Primary,100322,,0.0,75,,,,NORM,0,323
6,Assiut,2019-06-13,10000,A,NORM,Normal,0,2026-03-17,Travel Rewards Card,3882.84,6044.97,M,1973-12-31,Primary,100325,,0.0,82,,,,NORM,0,326
9,Ismailia,2023-11-17,50000,A,NORM,Normal,0,2026-03-17,Travel Rewards Card,39012.73,10669.02,F,1986-10-01,Primary,100326,,0.0,28,,,,NORM,0,327
1,Cairo Main,2020-07-07,15000,A,NORM,Normal,0,2026-03-23,Titanium Credit Card,6745.95,7995.98,M,1970-03-31,Primary,100327,,0.0,69,,,,NORM,0,328
5,Tanta,2023-12-31,200000,A,NORM,Normal,0,2026-03-27,Classic Credit Card,100603.6,99374.04,M,1994-08-06,Primary,100328,,0.0,27,,,,NORM,0,329
7,Luxor,2024-02-20,30000,A,NORM,Normal,0,2026-03-23,Business Credit Card,7347.95,22451.75,M,1965-07-17,Primary,100329,,0.0,25,,,,NORM,0,330
5,Tanta,2024-10-16,15000,A,30DD,30 Days Delinquent,30,2026-04-01,Travel Rewards Card,4820.13,10018.42,M,1987-12-08,Primary,100330,,8202.76,17,,,,30DD,0,331
8,Zagazig,2020-08-18,5000,A,NORM,Normal,0,2026-03-18,Classic Credit Card,1265.54,3403.46,F,1974-10-30,Secondary,100332,,0.0,68,,,,NORM,0,333
2,Giza,2020-08-04,100000,A,NORM,Normal,0,2026-03-26,World Elite Card,-2739.11,96829.2,M,1971-06-24,Secondary,100333,,0.0,68,,,,NORM,0,334
6,Assiut,2021-07-04,75000,A,NEW,New,0,2026-03-27,Gold Credit Card,38141.7,36626.03,M,1995-12-16,Primary,100334,,0.0,57,,,,NEW,0,335
6,Assiut,2024-12-21,30000,A,NORM,Normal,0,2026-03-28,Gold Credit Card,4767.99,24932.83,M,1979-08-20,Primary,100335,,0.0,15,,,,NORM,0,336
7,Luxor,2023-05-13,75000,A,NORM,Normal,0,2026-03-19,Platinum Credit Card,6034.94,68567.11,M,1990-12-12,Primary,100336,,0.0,35,,,,NORM,0,337
7,Luxor,2018-07-08,10000,A,NORM,Normal,0,2026-03-25,World Elite Card,7851.94,1846.32,M,1979-10-08,Primary,100338,,0.0,94,,,,NORM,0,339
6,Assiut,2023-07-31,5000,A,NORM,Normal,0,2026-03-21,Gold Credit Card,4282.13,595.6,M,1965-04-28,Primary,100342,,0.0,32,,,,NORM,0,343
10,Suez,2021-06-01,150000,A,60DA,60 Days Delinquent,60,2026-03-18,Titanium Credit Card,96279.06,53437.81,F,1988-08-06,Secondary,100343,,1568.13,58,,,,60DA,0,344
6,Assiut,2021-04-10,150000,A,NORM,Normal,0,2026-03-20,Cashback Card,-6025.03,143688.41,M,1975-12-06,Primary,100345,,0.0,60,,,,NORM,0,346
5,Tanta,2020-03-13,20000,A,NORM,Normal,0,2026-03-22,Gold Credit Card,6235.37,13494.19,F,1987-05-27,Primary,100346,,0.0,73,,,,NORM,0,347
1,Cairo Main,2024-08-08,10000,A,NORM,Normal,0,2026-03-20,Business Credit Card,4865.46,5076.89,M,1988-05-28,Primary,100347,,0.0,20,,,,NORM,0,348
5,Tanta,2022-09-27,5000,A,NORM,Normal,0,2026-03-23,Gold Credit Card,2349.94,2201.61,M,1999-05-12,Primary,100352,,0.0,42,,,,NORM,0,353
9,Ismailia,2024-10-07,20000,A,NORM,Normal,0,2026-03-21,Titanium Credit Card,4440.14,15335.07,M,1993-02-14,Primary,100356,,0.0,18,,,,NORM,0,357
2,Giza,2018-06-16,75000,A,NORM,Normal,0,2026-03-26,World Elite Card,32799.22,41805.66,M,1976-12-02,Secondary,100357,,0.0,94,,,,NORM,0,358
8,Zagazig,2019-09-27,5000,A,NORM,Normal,0,2026-04-01,Platinum Credit Card,4452.18,207.67,M,1991-11-01,Secondary,100358,,0.0,79,,,,NORM,0,359
10,Suez,2022-01-06,10000,A,NORM,Normal,0,2026-04-01,Cashback Card,6195.45,3540.34,M,1984-09-04,Primary,100359,,0.0,51,,,,NORM,0,360
7,Luxor,2021-12-02,20000,A,NORM,Normal,0,2026-03-19,Titanium Credit Card,10392.79,9308.48,F,1964-02-15,Primary,100360,,0.0,52,,,,NORM,0,361
8,Zagazig,2018-02-06,10000,A,NEW,New,0,2026-03-18,Cashback Card,8780.62,828.49,M,1985-03-06,Primary,100361,,0.0,99,,,,NEW,0,362
2,Giza,2024-01-12,75000,A,NORM,Normal,0,2026-03-28,Gold Credit Card,67025.26,7595.1,F,1969-03-22,Primary,100364,,0.0,27,,,,NORM,0,365
3,Alexandria,2020-10-28,150000,A,NORM,Normal,0,2026-03-27,Gold Credit Card,14520.44,135083.07,F,1995-08-17,Primary,100365,,0.0,66,,,,NORM,0,366
6,Assiut,2022-05-15,10000,A,NORM,Normal,0,2026-03-28,Classic Credit Card,1022.22,8506.96,M,1960-10-03,Primary,100366,,0.0,47,,,,NORM,0,367
5,Tanta,2021-05-19,200000,A,30DD,30 Days Delinquent,30,2026-04-01,Gold Credit Card,28254.9,171605.14,F,1995-04-19,Secondary,100367,,3195.64,59,,,,30DD,0,368
9,Ismailia,2019-05-20,5000,A,NORM,Normal,0,2026-03-22,Classic Credit Card,185.2,4644.29,M,1966-05-05,Primary,100369,,0.0,83,,,,NORM,0,370
7,Luxor,2023-10-01,15000,A,30DD,30 Days Delinquent,30,2026-03-31,Platinum Credit Card,-77.08,14670.0,F,1988-12-21,Primary,100370,,2560.74,30,,,,30DD,0,371
10,Suez,2024-05-05,200000,A,NORM,Normal,0,2026-03-22,Cashback Card,182247.96,17299.78,M,1966-11-01,Primary,100373,,0.0,23,,,,NORM,0,374
5,Tanta,2022-01-12,15000,A,NORM,Normal,0,2026-04-01,Cashback Card,10472.09,4376.57,F,1997-09-07,Primary,100374,,0.0,51,,,,NORM,0,375
1,Cairo Main,2023-09-09,5000,A,NORM,Normal,0,2026-03-30,Travel Rewards Card,3291.06,1233.46,F,1998-02-09,Secondary,100376,,0.0,31,,,,NORM,0,377
3,Alexandria,2022-05-27,20000,A,NORM,Normal,0,2026-03-20,World Elite Card,16886.0,2803.28,M,1976-05-29,Primary,100377,,0.0,46,,,,NORM,0,378
10,Suez,2024-05-24,15000,A,30DD,30 Days Delinquent,30,2026-04-01,Travel Rewards Card,3377.92,11564.65,M,1984-06-01,Primary,100381,,570.91,22,,,,30DD,0,382
7,Luxor,2021-11-14,100000,A,NORM,Normal,0,2026-03-22,Business Credit Card,-1749.01,98230.33,M,1975-10-30,Primary,100382,,0.0,53,,,,NORM,0,383
5,Tanta,2019-09-08,15000,A,NORM,Normal,0,2026-04-01,Platinum Credit Card,-1166.06,13493.39,M,1969-06-27,Primary,100383,,0.0,79,,,,NORM,0,384
3,Alexandria,2023-10-01,5000,A,NORM,Normal,0,2026-03-20,Platinum Credit Card,4040.66,925.26,F,1966-01-16,Primary,100385,,0.0,30,,,,NORM,0,386
3,Alexandria,2024-07-14,15000,A,30DD,30 Days Delinquent,30,2026-03-31,World Elite Card,2482.58,12432.01,F,1995-08-23,Primary,100387,,931.81,20,,,,30DD,0,388
9,Ismailia,2022-02-26,5000,A,90DA,90 Days Delinquent,90,2026-03-28,Travel Rewards Card,-445.06,4530.45,F,1978-11-14,Primary,100390,,719.81,49,,,,90DA,0,391
7,Luxor,2020-11-08,100000,A,NORM,Normal,0,2026-03-29,Titanium Credit Card,-2074.88,97554.36,F,1966-01-02,Primary,100391,,0.0,65,,,,NORM,0,392
9,Ismailia,2023-10-30,5000,A,NORM,Normal,0,2026-03-17,Travel Rewards Card,2.18,4975.68,F,1965-04-14,Primary,100392,,0.0,29,,,,NORM,0,393
3,Alexandria,2024-04-09,150000,A,NORM,Normal,0,2026-03-25,Business Credit Card,73570.29,76154.86,F,1976-08-09,Primary,100394,,0.0,24,,,,NORM,0,395
8,Zagazig,2019-10-25,10000,A,NORM,Normal,0,2026-03-26,Titanium Credit Card,4933.57,4645.54,M,1995-02-16,Primary,100395,,0.0,78,,,,NORM,0,396
3,Alexandria,2024-09-24,75000,A,30DD,30 Days Delinquent,30,2026-03-21,Gold Credit Card,32309.77,42393.54,M,1981-02-26,Primary,100396,,5089.76,18,,,,30DD,0,397
4,Mansoura,2024-09-21,150000,A,NORM,Normal,0,2026-03-18,Titanium Credit Card,-11944.93,137661.29,F,1961-07-04,Primary,100398,,0.0,18,,,,NORM,0,399
9,Ismailia,2024-04-09,200000,A,NORM,Normal,0,2026-03-25,Cashback Card,60950.55,138876.54,M,1972-10-05,Secondary,100400,,0.0,24,,,,NORM,0,401
10,Suez,2020-12-05,15000,A,NORM,Normal,0,2026-03-17,Travel Rewards Card,8786.88,5736.89,M,1960-03-17,Primary,100401,,0.0,64,,,,NORM,0,402
5,Tanta,2024-01-13,200000,A,NORM,Normal,0,2026-03-27,World Elite Card,174040.9,25741.98,F,1999-04-20,Primary,100402,,0.0,26,,,,NORM,0,403
10,Suez,2018-04-23,100000,A,NORM,Normal,0,2026-03-23,Gold Credit Card,10083.28,89763.86,F,1998-09-01,Primary,100403,,0.0,96,,,,NORM,0,404
7,Luxor,2023-10-17,150000,A,NORM,Normal,0,2026-03-17,Classic Credit Card,63026.66,86671.54,F,1975-11-03,Primary,100404,,0.0,29,,,,NORM,0,405
2,Giza,2023-07-11,200000,A,NORM,Normal,0,2026-03-31,Classic Credit Card,102048.3,97742.32,F,1990-04-25,Primary,100407,,0.0,33,,,,NORM,0,408
8,Zagazig,2023-09-25,30000,A,NORM,Normal,0,2026-03-19,Travel Rewards Card,-926.81,28723.69,M,1968-03-15,Primary,100408,,0.0,30,,,,NORM,0,409
4,Mansoura,2024-07-07,10000,A,30DD,30 Days Delinquent,30,2026-03-30,Cashback Card,8689.85,1199.74,F,1977-01-07,Primary,100410,,4800.4,21,,,,30DD,0,411
8,Zagazig,2021-11-06,50000,A,NORM,Normal,0,2026-03-22,Platinum Credit Card,38584.67,10928.06,M,1987-07-02,Primary,100411,,0.0,53,,,,NORM,0,412
7,Luxor,2023-01-21,15000,A,NORM,Normal,0,2026-03-27,Platinum Credit Card,13371.51,1571.67,F,1972-07-17,Primary,100412,,0.0,38,,,,NORM,0,413
6,Assiut,2023-06-17,30000,A,NORM,Normal,0,2026-03-22,World Elite Card,5375.7,24165.1,M,1995-03-24,Primary,100414,,0.0,33,,,,NORM,0,415
9,Ismailia,2022-08-23,15000,A,NORM,Normal,0,2026-03-31,Platinum Credit Card,8030.54,6961.51,M,1980-03-13,Secondary,100419,,0.0,43,,,,NORM,0,420
2,Giza,2024-12-06,15000,A,NORM,Normal,0,2026-03-23,Gold Credit Card,10116.34,4721.22,M,1971-10-10,Primary,100421,,0.0,16,,,,NORM,0,422
3,Alexandria,2019-11-30,5000,A,NORM,Normal,0,2026-03-31,Classic Credit Card,1602.9,3150.75,F,1983-08-18,Secondary,100422,,0.0,77,,,,NORM,0,423
9,Ismailia,2019-07-08,150000,A,NORM,Normal,0,2026-03-26,Platinum Credit Card,42280.35,107288.11,F,1979-12-15,Primary,100423,,0.0,81,,,,NORM,0,424
6,Assiut,2024-01-20,20000,A,NORM,Normal,0,2026-03-26,Gold Credit Card,10065.94,9640.32,F,1981-08-09,Primary,100424,,0.0,26,,,,NORM,0,425
1,Cairo Main,2019-07-13,50000,A,60DA,60 Days Delinquent,60,2026-03-25,World Elite Card,40419.14,9185.27,M,1983-06-23,Secondary,100425,,20822.24,81,,,,60DA,0,426
1,Cairo Main,2022-10-30,30000,A,NORM,Normal,0,2026-03-25,Titanium Credit Card,23057.92,6529.08,F,1994-05-10,Primary,100426,,0.0,41,,,,NORM,0,427
7,Luxor,2019-10-31,75000,A,NORM,Normal,0,2026-03-26,Travel Rewards Card,14332.19,60543.53,M,1971-03-18,Primary,100427,,0.0,78,,,,NORM,0,428
8,Zagazig,2024-12-25,100000,A,NORM,Normal,0,2026-03-27,Titanium Credit Card,49855.97,49956.88,M,1972-03-16,Secondary,100429,,0.0,15,,,,NORM,0,430
2,Giza,2021-01-07,15000,A,NORM,Normal,0,2026-03-25,Business Credit Card,-794.05,13748.02,M,1972-08-27,Primary,100430,,0.0,63,,,,NORM,0,431
7,Luxor,2023-08-04,50000,A,NORM,Normal,0,2026-03-22,Business Credit Card,37989.81,11766.45,M,1973-12-22,Primary,100431,,0.0,32,,,,NORM,0,432
9,Ismailia,2020-01-14,20000,A,NEW,New,0,2026-03-31,World Elite Card,14883.41,4638.58,M,1981-02-01,Primary,100432,,0.0,75,,,,NEW,0,433
1,Cairo Main,2023-03-03,10000,A,NORM,Normal,0,2026-03-20,Titanium Credit Card,5800.12,3856.34,F,1968-12-07,Primary,100433,,0.0,37,,,,NORM,0,434
9,Ismailia,2020-11-03,100000,A,NORM,Normal,0,2026-03-28,World Elite Card,55168.23,44646.1,M,1965-06-24,Secondary,100434,,0.0,65,,,,NORM,0,435
6,Assiut,2019-11-17,30000,A,NEW,New,0,2026-03-30,Gold Credit Card,22598.84,6930.47,M,1960-09-03,Primary,100435,,0.0,77,,,,NEW,0,436
2,Giza,2023-06-22,20000,A,30DD,30 Days Delinquent,30,2026-03-29,Cashback Card,3332.5,16286.45,M,1965-08-23,Primary,100437,,1286.39,33,,,,30DD,0,438
5,Tanta,2023-06-11,100000,A,NEW,New,0,2026-03-20,World Elite Card,69427.3,30393.73,M,1961-10-08,Primary,100438,,0.0,34,,,,NEW,0,439
10,Suez,2024-03-21,15000,A,NORM,Normal,0,2026-03-19,Gold Credit Card,13600.98,1083.12,F,1998-08-08,Primary,100439,,0.0,24,,,,NORM,0,440
8,Zagazig,2024-03-08,15000,A,NEW,New,0,2026-03-28,World Elite Card,4243.77,10281.99,F,1994-05-07,Primary,100441,,0.0,25,,,,NEW,0,442
9,Ismailia,2024-08-14,30000,A,NORM,Normal,0,2026-03-18,Classic Credit Card,22473.28,7192.9,M,1987-12-28,Secondary,100443,,0.0,19,,,,NORM,0,444
2,Giza,2018-09-06,50000,A,NORM,Normal,0,2026-03-31,Travel Rewards Card,31006.53,18647.1,F,1980-12-29,Primary,100444,,0.0,92,,,,NORM,0,445
2,Giza,2023-10-29,10000,A,30DD,30 Days Delinquent,30,2026-03-29,Gold Credit Card,147.7,9812.98,F,1969-09-07,Primary,100445,,2064.91,29,,,,30DD,0,446
10,Suez,2024-04-25,150000,A,NORM,Normal,0,2026-03-21,Titanium Credit Card,69365.94,80457.9,F,1970-10-18,Secondary,100448,,0.0,23,,,,NORM,0,449
1,Cairo Main,2021-02-04,150000,A,NORM,Normal,0,2026-03-31,Platinum Credit Card,72696.68,76923.99,F,1994-08-10,Primary,100450,,0.0,62,,,,NORM,0,451
7,Luxor,2019-05-09,20000,A,NORM,Normal,0,2026-03-25,Classic Credit Card,8831.07,10805.35,F,1978-09-07,Primary,100453,,0.0,83,,,,NORM,0,454
3,Alexandria,2023-08-20,20000,A,NORM,Normal,0,2026-03-21,Platinum Credit Card,7312.34,12245.51,F,1974-08-29,Primary,100454,,0.0,31,,,,NORM,0,455
7,Luxor,2022-06-04,15000,A,NORM,Normal,0,2026-03-30,Platinum Credit Card,13886.84,809.38,F,1972-12-30,Primary,100455,,0.0,46,,,,NORM,0,456
5,Tanta,2022-06-21,150000,A,NORM,Normal,0,2026-03-19,Travel Rewards Card,73877.04,75651.05,F,1963-10-25,Primary,100456,,0.0,46,,,,NORM,0,457
4,Mansoura,2024-11-28,150000,A,NORM,Normal,0,2026-03-19,Titanium Credit Card,73386.91,76231.66,F,1985-03-04,Primary,100457,,0.0,16,,,,NORM,0,458
2,Giza,2022-08-22,75000,A,NORM,Normal,0,2026-03-26,Cashback Card,20148.68,54547.51,F,1990-02-17,Primary,100458,,0.0,43,,,,NORM,0,459
3,Alexandria,2024-11-29,100000,A,NORM,Normal,0,2026-03-18,Platinum Credit Card,68801.88,30946.23,M,1975-09-08,Primary,100459,,0.0,16,,,,NORM,0,460
7,Luxor,2023-11-28,5000,A,NORM,Normal,0,2026-03-27,World Elite Card,2099.43,2621.97,F,1986-02-24,Primary,100462,,0.0,28,,,,NORM,0,463
1,Cairo Main,2018-02-04,10000,A,NORM,Normal,0,2026-03-29,Travel Rewards Card,1973.3,7786.46,M,1980-11-08,Primary,100463,,0.0,99,,,,NORM,0,464
7,Luxor,2019-02-12,50000,A,60DA,60 Days Delinquent,60,2026-03-31,Business Credit Card,2271.02,47541.51,M,1982-10-23,Secondary,100464,,24632.9,86,,,,60DA,0,465
1,Cairo Main,2023-12-09,30000,A,NORM,Normal,0,2026-03-26,Cashback Card,28265.4,1480.96,M,1971-02-05,Primary,100465,,0.0,28,,,,NORM,0,466
5,Tanta,2023-08-16,30000,A,NEW,New,0,2026-03-23,Classic Credit Card,16879.57,13001.98,M,1970-08-05,Secondary,100466,,0.0,31,,,,NEW,0,467
6,Assiut,2019-07-17,10000,A,NORM,Normal,0,2026-03-25,Travel Rewards Card,-861.51,8739.32,M,1977-08-15,Primary,100467,,0.0,81,,,,NORM,0,468
6,Assiut,2024-01-30,15000,A,NORM,Normal,0,2026-03-23,Titanium Credit Card,-1028.94,13931.33,M,1980-02-24,Primary,100468,,0.0,26,,,,NORM,0,469
7,Luxor,2019-08-18,200000,A,NORM,Normal,0,2026-03-18,Platinum Credit Card,-16270.37,183383.81,M,1994-07-17,Primary,100469,,0.0,80,,,,NORM,0,470
6,Assiut,2022-08-23,75000,A,30DD,30 Days Delinquent,30,2026-03-17,World Elite Card,43200.67,31642.28,M,1999-06-25,Primary,100470,,12580.41,43,,,,30DD,0,471
10,Suez,2020-12-29,200000,A,NORM,Normal,0,2026-03-28,Titanium Credit Card,89592.48,110008.3,M,1987-09-04,Primary,100471,,0.0,63,,,,NORM,0,472
9,Ismailia,2024-10-12,100000,A,NORM,Normal,0,2026-03-28,Cashback Card,32443.15,67554.76,F,1997-12-15,Primary,100472,,0.0,17,,,,NORM,0,473
8,Zagazig,2021-08-23,100000,A,NORM,Normal,0,2026-03-29,Titanium Credit Card,28741.07,70977.0,M,1990-11-08,Primary,100474,,0.0,56,,,,NORM,0,475
9,Ismailia,2018-06-10,150000,A,NORM,Normal,0,2026-03-28,Travel Rewards Card,96767.97,52831.51,F,1977-09-29,Primary,100476,,0.0,95,,,,NORM,0,477
8,Zagazig,2022-09-27,30000,A,NEW,New,0,2026-03-20,Classic Credit Card,21296.71,8460.33,F,1967-06-20,Primary,100477,,0.0,42,,,,NEW,0,478
10,Suez,2024-02-17,15000,A,NORM,Normal,0,2026-03-23,Travel Rewards Card,3640.56,11122.62,F,1991-03-24,Primary,100478,,0.0,25,,,,NORM,0,479
8,Zagazig,2020-10-21,50000,A,NORM,Normal,0,2026-03-28,Platinum Credit Card,2599.25,47001.13,M,1964-01-17,Primary,100479,,0.0,66,,,,NORM,0,480
7,Luxor,2023-09-27,200000,A,NEW,New,0,2026-03-25,Platinum Credit Card,62506.12,137131.79,F,1992-08-09,Primary,100480,,0.0,30,,,,NEW,0,481
3,Alexandria,2019-08-16,15000,A,NORM,Normal,0,2026-03-29,Classic Credit Card,-845.55,13682.94,F,1967-04-10,Primary,100481,,0.0,80,,,,NORM,0,482
3,Alexandria,2018-01-15,200000,A,NORM,Normal,0,2026-03-29,World Elite Card,12024.91,187635.57,F,1969-02-05,Primary,100482,,0.0,99,,,,NORM,0,483
5,Tanta,2024-09-02,200000,A,NEW,New,0,2026-03-24,Platinum Credit Card,143183.16,56672.11,F,1987-05-31,Primary,100486,,0.0,19,,,,NEW,0,487
6,Assiut,2018-10-05,75000,A,NORM,Normal,0,2026-03-29,Gold Credit Card,52004.96,22737.21,M,1976-12-30,Primary,100487,,0.0,91,,,,NORM,0,488
7,Luxor,2021-07-20,30000,A,NORM,Normal,0,2026-03-21,Cashback Card,15498.26,14500.63,F,1987-04-24,Primary,100489,,0.0,57,,,,NORM,0,490
3,Alexandria,2024-11-01,20000,A,30DD,30 Days Delinquent,30,2026-03-23,World Elite Card,3772.7,16203.42,M,1999-08-21,Primary,100490,,11992.22,17,,,,30DD,0,491
10,Suez,2022-08-23,5000,A,NEW,New,0,2026-03-21,Cashback Card,2264.48,2700.92,M,1978-08-07,Primary,100491,,0.0,43,,,,NEW,0,492
2,Giza,2021-05-14,150000,A,NORM,Normal,0,2026-03-22,Cashback Card,34565.64,115371.79,F,1973-10-21,Primary,100492,,0.0,59,,,,NORM,0,493
1,Cairo Main,2019-12-21,20000,A,NORM,Normal,0,2026-03-25,Cashback Card,3644.66,16328.01,F,1997-04-28,Primary,100493,,0.0,76,,,,NORM,0,494
6,Assiut,2023-11-15,30000,A,NORM,Normal,0,2026-03-20,Cashback Card,21784.37,8132.76,M,1981-09-08,Primary,100499,,0.0,28,,,,NORM,0,500
9,Ismailia,2018-01-17,30000,A,NORM,Normal,0,2026-03-23,Classic Credit Card,5848.31,24006.39,F,1965-03-12,Primary,100500,,0.0,99,,,,NORM,0,501
10,Suez,2021-07-02,20000,A,NORM,Normal,0,2026-03-24,Cashback Card,11347.13,8360.93,F,1994-01-09,Primary,100501,,0.0,57,,,,NORM,0,502
5,Tanta,2019-10-08,30000,A,NORM,Normal,0,2026-03-31,Gold Credit Card,25292.77,4584.0,M,1966-09-12,Primary,100502,,0.0,78,,,,NORM,0,503
5,Tanta,2021-03-06,200000,A,NORM,Normal,0,2026-03-25,Titanium Credit Card,78392.42,121230.83,F,1966-05-08,Secondary,100503,,0.0,61,,,,NORM,0,504
1,Cairo Main,2018-04-29,100000,A,NORM,Normal,0,2026-03-31,Classic Credit Card,85282.58,14419.66,M,1965-11-01,Primary,100504,,0.0,96,,,,NORM,0,505
10,Suez,2023-01-01,200000,A,NORM,Normal,0,2026-03-19,Cashback Card,175631.24,24331.82,M,1988-03-27,Primary,100505,,0.0,39,,,,NORM,0,506
8,Zagazig,2019-12-01,30000,A,NORM,Normal,0,2026-03-22,Cashback Card,17852.35,11996.13,M,1980-09-08,Secondary,100508,,0.0,77,,,,NORM,0,509
9,Ismailia,2018-10-18,30000,A,NORM,Normal,0,2026-03-26,Business Credit Card,14877.73,15067.82,F,1989-02-17,Primary,100509,,0.0,90,,,,NORM,0,510
8,Zagazig,2018-09-28,50000,A,NORM,Normal,0,2026-03-27,Titanium Credit Card,42610.75,6951.03,F,1977-03-20,Primary,100510,,0.0,91,,,,NORM,0,511
10,Suez,2023-06-17,10000,A,NORM,Normal,0,2026-03-17,Business Credit Card,2653.83,6986.5,M,1997-07-14,Primary,100511,,0.0,33,,,,NORM,0,512
10,Suez,2024-09-08,75000,A,NORM,Normal,0,2026-03-23,Cashback Card,671.55,74101.24,M,1964-11-16,Secondary,100512,,0.0,19,,,,NORM,0,513
3,Alexandria,2019-09-04,100000,A,90DA,90 Days Delinquent,90,2026-03-26,World Elite Card,6250.89,93495.83,F,1989-08-23,Primary,100513,,43200.59,80,,,,90DA,0,514
3,Alexandria,2024-03-25,75000,A,NORM,Normal,0,2026-03-29,Cashback Card,66306.52,8478.27,F,1968-06-10,Primary,100517,,0.0,24,,,,NORM,0,518
3,Alexandria,2023-06-17,75000,A,NORM,Normal,0,2026-03-29,Platinum Credit Card,17655.11,57041.13,F,1992-05-10,Secondary,100518,,0.0,33,,,,NORM,0,519
10,Suez,2023-02-05,150000,A,NORM,Normal,0,2026-03-21,Travel Rewards Card,46929.23,102665.04,F,1968-01-24,Primary,100519,,0.0,38,,,,NORM,0,520
10,Suez,2020-08-27,150000,A,NORM,Normal,0,2026-03-18,World Elite Card,48101.45,101488.74,F,1982-05-06,Secondary,100520,,0.0,68,,,,NORM,0,521
2,Giza,2023-04-20,10000,A,NORM,Normal,0,2026-03-29,World Elite Card,6532.15,3342.58,M,1970-12-31,Primary,100522,,0.0,35,,,,NORM,0,523
3,Alexandria,2021-02-24,30000,A,NORM,Normal,0,2026-03-31,World Elite Card,-473.56,29047.23,M,1987-08-16,Primary,100525,,0.0,62,,,,NORM,0,526
3,Alexandria,2020-08-25,100000,A,NORM,Normal,0,2026-03-24,Platinum Credit Card,-2251.04,97713.75,M,1971-09-20,Primary,100526,,0.0,68,,,,NORM,0,527
3,Alexandria,2022-06-22,100000,A,60DA,60 Days Delinquent,60,2026-03-20,World Elite Card,48384.32,51545.71,M,1980-10-24,Primary,100528,,45945.0,45,,,,60DA,0,529
5,Tanta,2023-12-13,75000,A,30DD,30 Days Delinquent,30,2026-03-20,Classic Credit Card,52677.76,21978.94,F,1966-07-06,Secondary,100529,,40089.74,28,,,,30DD,0,530
9,Ismailia,2021-12-20,75000,A,NORM,Normal,0,2026-03-29,World Elite Card,65908.21,9055.0,F,1988-08-04,Primary,100530,,0.0,52,,,,NORM,0,531
1,Cairo Main,2019-02-05,150000,A,NORM,Normal,0,2026-03-28,Gold Credit Card,80430.57,69506.21,M,1978-06-12,Primary,100532,,0.0,87,,,,NORM,0,533
10,Suez,2018-08-21,200000,A,NORM,Normal,0,2026-03-23,Titanium Credit Card,24797.81,175161.38,M,1964-02-15,Primary,100533,,0.0,92,,,,NORM,0,534
2,Giza,2020-01-25,30000,A,NORM,Normal,0,2026-04-01,World Elite Card,17099.36,12586.95,F,1991-03-16,Primary,100534,,0.0,75,,,,NORM,0,535
3,Alexandria,2018-10-31,30000,A,NORM,Normal,0,2026-03-19,Classic Credit Card,21084.18,8570.68,F,1995-01-08,Primary,100535,,0.0,90,,,,NORM,0,536
8,Zagazig,2023-07-08,20000,A,NORM,Normal,0,2026-03-19,Travel Rewards Card,11139.19,8565.28,M,1963-02-11,Primary,100536,,0.0,33,,,,NORM,0,537
1,Cairo Main,2019-09-02,5000,A,NORM,Normal,0,2026-03-20,Classic Credit Card,4223.42,701.99,M,1982-04-29,Secondary,100538,,0.0,80,,,,NORM,0,539
10,Suez,2022-01-10,50000,A,30DD,30 Days Delinquent,30,2026-03-19,World Elite Card,39397.13,10520.16,M,1984-01-05,Primary,100540,,6001.75,51,,,,30DD,0,541
8,Zagazig,2021-04-02,20000,A,NORM,Normal,0,2026-03-19,Platinum Credit Card,12359.68,7501.11,M,1994-02-10,Primary,100541,,0.0,60,,,,NORM,0,542
9,Ismailia,2021-06-14,100000,A,NORM,Normal,0,2026-03-17,Business Credit Card,-7447.64,92198.59,F,1988-11-10,Primary,100543,,0.0,58,,,,NORM,0,544
10,Suez,2020-09-21,15000,A,NORM,Normal,0,2026-03-31,Classic Credit Card,12498.25,2111.75,F,1962-01-20,Primary,100545,,0.0,67,,,,NORM,0,546
2,Giza,2019-03-12,10000,A,NORM,Normal,0,2026-03-20,Business Credit Card,28.67,9895.36,M,1996-09-06,Primary,100546,,0.0,85,,,,NORM,0,547
2,Giza,2024-06-17,150000,A,NORM,Normal,0,2026-03-20,Platinum Credit Card,3306.2,146604.51,M,1990-09-08,Primary,100547,,0.0,21,,,,NORM,0,548
5,Tanta,2022-08-28,15000,A,NORM,Normal,0,2026-04-01,Cashback Card,1496.62,13249.02,M,1966-05-03,Primary,100548,,0.0,43,,,,NORM,0,549
7,Luxor,2019-10-09,5000,A,NORM,Normal,0,2026-03-25,Business Credit Card,2953.94,1751.34,M,1994-11-19,Secondary,100549,,0.0,78,,,,NORM,0,550
1,Cairo Main,2020-01-08,100000,A,NORM,Normal,0,2026-03-24,Gold Credit Card,90975.4,8616.54,F,1986-09-30,Primary,100551,,0.0,75,,,,NORM,0,552
9,Ismailia,2024-12-10,50000,A,NORM,Normal,0,2026-03-18,Titanium Credit Card,20172.92,29718.79,F,1964-04-16,Primary,100552,,0.0,15,,,,NORM,0,553
8,Zagazig,2019-10-17,5000,A,90DA,90 Days Delinquent,90,2026-03-19,Classic Credit Card,1734.91,2784.44,M,1967-11-28,Primary,100553,,1482.36,78,,,,90DA,0,554
1,Cairo Main,2018-08-03,150000,A,NORM,Normal,0,2026-03-26,Platinum Credit Card,134321.76,15532.41,F,1964-09-06,Primary,100554,,0.0,93,,,,NORM,0,555
10,Suez,2021-08-28,75000,A,NORM,Normal,0,2026-03-28,Titanium Credit Card,-4116.8,70684.24,M,1986-01-02,Primary,100555,,0.0,55,,,,NORM,0,556
4,Mansoura,2020-06-22,10000,A,NORM,Normal,0,2026-03-25,Business Credit Card,1653.83,8027.42,F,1976-11-04,Primary,100556,,0.0,70,,,,NORM,0,557
1,Cairo Main,2019-07-14,10000,A,NORM,Normal,0,2026-03-21,Business Credit Card,6520.83,2988.38,M,1972-08-02,Primary,100558,,0.0,81,,,,NORM,0,559
3,Alexandria,2024-11-09,15000,A,NORM,Normal,0,2026-03-23,Titanium Credit Card,606.32,14361.65,F,1995-06-01,Primary,100559,,0.0,16,,,,NORM,0,560
1,Cairo Main,2022-10-20,20000,A,NORM,Normal,0,2026-03-17,Titanium Credit Card,15421.69,4543.63,M,1992-09-29,Secondary,100560,,0.0,41,,,,NORM,0,561
7,Luxor,2018-06-14,100000,A,NORM,Normal,0,2026-03-22,Classic Credit Card,83242.45,16442.93,F,1961-12-25,Secondary,100561,,0.0,94,,,,NORM,0,562
8,Zagazig,2018-12-07,150000,A,NORM,Normal,0,2026-03-31,Classic Credit Card,96726.49,53264.35,M,1970-10-15,Primary,100562,,0.0,89,,,,NORM,0,563
8,Zagazig,2021-06-02,15000,A,30DD,30 Days Delinquent,30,2026-03-27,Business Credit Card,9346.01,5269.7,F,1990-01-04,Secondary,100563,,6535.04,58,,,,30DD,0,564
6,Assiut,2023-03-17,5000,A,NORM,Normal,0,2026-03-25,Gold Credit Card,601.47,4393.16,M,1988-02-12,Primary,100564,,0.0,37,,,,NORM,0,565
9,Ismailia,2020-04-28,10000,A,NORM,Normal,0,2026-03-24,Cashback Card,5869.03,4015.51,F,1985-10-20,Primary,100565,,0.0,72,,,,NORM,0,566
1,Cairo Main,2022-03-08,50000,A,NORM,Normal,0,2026-03-17,Business Credit Card,39112.28,10495.44,M,1962-11-04,Primary,100568,,0.0,49,,,,NORM,0,569
8,Zagazig,2022-02-16,10000,A,NORM,Normal,0,2026-03-24,Titanium Credit Card,1611.66,7959.28,M,1987-11-08,Secondary,100569,,0.0,50,,,,NORM,0,570
2,Giza,2021-02-04,10000,A,NORM,Normal,0,2026-04-01,Platinum Credit Card,45.7,9758.82,M,1967-05-23,Secondary,100570,,0.0,62,,,,NORM,0,571
7,Luxor,2024-01-27,15000,A,NORM,Normal,0,2026-03-29,Business Credit Card,10923.27,3911.09,F,1990-08-11,Primary,100571,,0.0,26,,,,NORM,0,572
4,Mansoura,2023-10-30,50000,A,NORM,Normal,0,2026-04-01,Travel Rewards Card,25455.61,24337.95,F,1997-06-14,Primary,100572,,0.0,29,,,,NORM,0,573
8,Zagazig,2021-05-30,200000,A,NORM,Normal,0,2026-03-19,Platinum Credit Card,4993.21,195003.75,F,1980-07-17,Primary,100573,,0.0,58,,,,NORM,0,574
4,Mansoura,2018-06-18,50000,A,90DA,90 Days Delinquent,90,2026-03-31,Platinum Credit Card,14555.09,35095.84,F,1965-03-30,Primary,100575,,21041.27,94,,,,90DA,0,576
6,Assiut,2019-04-06,100000,A,60DA,60 Days Delinquent,60,2026-03-27,Classic Credit Card,52560.51,47416.13,M,1990-11-29,Primary,100578,,6837.16,85,,,,60DA,0,579
8,Zagazig,2019-01-14,50000,A,NORM,Normal,0,2026-03-27,Classic Credit Card,31005.72,18576.87,M,1976-01-12,Primary,100579,,0.0,87,,,,NORM,0,580
8,Zagazig,2018-12-24,150000,A,NORM,Normal,0,2026-04-01,Travel Rewards Card,139849.92,10011.9,F,1990-05-16,Primary,100580,,0.0,88,,,,NORM,0,581
2,Giza,2022-12-25,75000,A,NEW,New,0,2026-03-28,Business Credit Card,-2191.7,72363.88,F,1969-09-03,Primary,100582,,0.0,39,,,,NEW,0,583
3,Alexandria,2023-03-08,200000,A,NORM,Normal,0,2026-03-19,Platinum Credit Card,164649.14,35328.26,F,1984-12-06,Primary,100584,,0.0,37,,,,NORM,0,585
10,Suez,2023-07-17,150000,A,NORM,Normal,0,2026-03-26,Business Credit Card,79434.54,70074.18,M,1973-08-19,Primary,100585,,0.0,32,,,,NORM,0,586
5,Tanta,2024-07-10,5000,A,NORM,Normal,0,2026-03-18,Platinum Credit Card,2384.83,2125.72,M,1967-04-22,Primary,100588,,0.0,21,,,,NORM,0,589
7,Luxor,2021-12-29,5000,A,NORM,Normal,0,2026-03-27,World Elite Card,3471.69,1089.21,M,1988-07-16,Primary,100589,,0.0,51,,,,NORM,0,590
10,Suez,2019-11-16,150000,A,NORM,Normal,0,2026-04-01,Cashback Card,44679.22,105059.94,F,1993-10-05,Primary,100590,,0.0,77,,,,NORM,0,591
3,Alexandria,2019-07-15,150000,A,NORM,Normal,0,2026-03-25,World Elite Card,57214.76,92444.86,F,1960-07-30,Secondary,100591,,0.0,81,,,,NORM,0,592
8,Zagazig,2021-06-30,50000,A,30DD,30 Days Delinquent,30,2026-03-18,Platinum Credit Card,34642.82,15117.6,F,1975-08-15,Primary,100593,,26573.78,57,,,,30DD,0,594
1,Cairo Main,2023-06-07,75000,A,NORM,Normal,0,2026-03-28,Classic Credit Card,35104.0,39636.48,M,1994-10-01,Primary,100595,,0.0,34,,,,NORM,0,596
1,Cairo Main,2020-06-07,20000,A,NORM,Normal,0,2026-03-23,World Elite Card,10335.1,9357.16,M,1983-09-21,Secondary,100598,,0.0,70,,,,NORM,0,599
6,Assiut,2024-08-11,15000,A,NORM,Normal,0,2026-03-23,Business Credit Card,9272.86,5405.85,F,1991-04-26,Primary,100599,,0.0,19,,,,NORM,0,600
7,Luxor,2023-11-11,10000,A,NEW,New,0,2026-03-31,Gold Credit Card,9025.45,656.13,F,1979-08-26,Secondary,100603,,0.0,29,,,,NEW,0,604
6,Assiut,2021-10-19,20000,A,30DD,30 Days Delinquent,30,2026-03-25,Travel Rewards Card,14439.14,5077.8,F,1968-12-05,Primary,100604,,4684.55,54,,,,30DD,0,605
5,Tanta,2022-06-28,50000,A,NEW,New,0,2026-03-17,Business Credit Card,16873.59,32633.3,F,1993-12-04,Primary,100605,,0.0,45,,,,NEW,0,606
7,Luxor,2021-09-01,15000,A,NORM,Normal,0,2026-03-20,World Elite Card,9051.3,5545.51,F,1987-02-13,Primary,100607,,0.0,55,,,,NORM,0,608
8,Zagazig,2018-05-15,15000,A,NEW,New,0,2026-03-22,World Elite Card,4609.49,10312.15,F,1961-08-12,Primary,100609,,0.0,95,,,,NEW,0,610
2,Giza,2023-07-03,150000,A,NORM,Normal,0,2026-03-22,Business Credit Card,14781.74,134927.44,M,1985-07-08,Primary,100610,,0.0,33,,,,NORM,0,611
10,Suez,2024-12-01,50000,A,NORM,Normal,0,2026-03-20,World Elite Card,4832.57,45123.93,M,1976-12-11,Primary,100611,,0.0,16,,,,NORM,0,612
10,Suez,2021-10-29,75000,A,NORM,Normal,0,2026-03-29,Gold Credit Card,11234.06,63418.76,F,1961-03-16,Primary,100612,,0.0,53,,,,NORM,0,613
4,Mansoura,2021-07-02,200000,A,NORM,Normal,0,2026-03-25,Gold Credit Card,35121.16,164533.85,M,1989-01-26,Primary,100613,,0.0,57,,,,NORM,0,614
1,Cairo Main,2022-09-27,200000,A,NORM,Normal,0,2026-03-25,Travel Rewards Card,41324.03,158279.86,F,1980-09-03,Primary,100614,,0.0,42,,,,NORM,0,615
10,Suez,2021-08-13,200000,A,NORM,Normal,0,2026-03-28,Gold Credit Card,52382.06,147392.2,M,1977-07-04,Primary,100615,,0.0,56,,,,NORM,0,616
10,Suez,2022-01-28,75000,A,NORM,Normal,0,2026-03-24,Titanium Credit Card,29533.25,45429.93,M,1973-06-08,Primary,100616,,0.0,50,,,,NORM,0,617
7,Luxor,2021-11-23,10000,A,NORM,Normal,0,2026-04-01,World Elite Card,5958.06,3995.32,F,1969-05-29,Primary,100618,,0.0,53,,,,NORM,0,619
9,Ismailia,2024-02-21,15000,A,NORM,Normal,0,2026-03-28,Classic Credit Card,5392.19,9405.2,F,1980-04-30,Primary,100619,,0.0,25,,,,NORM,0,620
9,Ismailia,2024-11-21,75000,A,NEW,New,0,2026-03-23,Classic Credit Card,11152.35,63492.61,F,1996-04-14,Primary,100620,,0.0,16,,,,NEW,0,621
7,Luxor,2018-09-21,20000,A,30DD,30 Days Delinquent,30,2026-03-22,Travel Rewards Card,5406.72,14257.68,M,1974-04-17,Primary,100621,,11273.31,91,,,,30DD,0,622
4,Mansoura,2019-09-07,20000,A,NORM,Normal,0,2026-03-17,Classic Credit Card,18360.03,1533.85,F,1965-02-03,Primary,100622,,0.0,79,,,,NORM,0,623
2,Giza,2023-08-12,10000,A,NEW,New,0,2026-03-28,World Elite Card,6289.95,3297.65,M,1985-08-11,Primary,100625,,0.0,32,,,,NEW,0,626
10,Suez,2022-05-17,20000,A,NORM,Normal,0,2026-03-28,Travel Rewards Card,17511.75,2479.56,M,1993-01-25,Primary,100626,,0.0,47,,,,NORM,0,627
7,Luxor,2024-08-11,5000,A,NORM,Normal,0,2026-03-31,Business Credit Card,4481.71,180.02,F,1971-05-29,Primary,100627,,0.0,19,,,,NORM,0,628
9,Ismailia,2021-06-20,50000,A,NORM,Normal,0,2026-03-18,Gold Credit Card,25660.98,24234.63,F,1977-04-03,Secondary,100629,,0.0,58,,,,NORM,0,630
5,Tanta,2020-08-22,30000,A,NORM,Normal,0,2026-03-26,Titanium Credit Card,2153.08,27789.67,F,1964-01-18,Primary,100630,,0.0,68,,,,NORM,0,631
9,Ismailia,2021-08-31,100000,A,NORM,Normal,0,2026-03-25,Classic Credit Card,58123.8,41802.85,F,1993-02-03,Primary,100632,,0.0,55,,,,NORM,0,633
6,Assiut,2018-12-03,10000,A,NORM,Normal,0,2026-03-28,Platinum Credit Card,820.03,8971.02,M,1985-10-30,Primary,100633,,0.0,89,,,,NORM,0,634
8,Zagazig,2019-07-01,30000,A,NEW,New,0,2026-03-31,Platinum Credit Card,17549.58,12228.18,M,1999-03-08,Primary,100634,,0.0,82,,,,NEW,0,635
7,Luxor,2024-05-25,20000,A,30DD,30 Days Delinquent,30,2026-03-28,Classic Credit Card,4807.16,14825.17,M,1997-06-10,Secondary,100635,,6657.65,22,,,,30DD,0,636
3,Alexandria,2022-07-01,200000,A,NORM,Normal,0,2026-04-01,Travel Rewards Card,13343.68,186326.2,M,1962-03-26,Primary,100636,,0.0,45,,,,NORM,0,637
8,Zagazig,2019-06-18,75000,A,90DA,90 Days Delinquent,90,2026-03-19,Titanium Credit Card,21296.89,53413.32,M,1977-02-19,Primary,100638,,6612.26,82,,,,90DA,0,639
5,Tanta,2020-08-22,200000,A,30DD,30 Days Delinquent,30,2026-03-18,Business Credit Card,151879.45,47709.59,F,1971-09-29,Primary,100639,,77784.52,68,,,,30DD,0,640
7,Luxor,2020-05-19,75000,A,30DD,30 Days Delinquent,30,2026-03-18,Travel Rewards Card,64699.25,9801.09,M,1990-10-23,Primary,100640,,8371.34,71,,,,30DD,0,641
8,Zagazig,2024-10-19,200000,A,NORM,Normal,0,2026-03-24,Classic Credit Card,94965.54,104766.29,F,1975-11-22,Secondary,100641,,0.0,17,,,,NORM,0,642
9,Ismailia,2024-07-05,15000,A,NORM,Normal,0,2026-03-28,World Elite Card,5715.83,8850.41,F,1961-11-04,Secondary,100642,,0.0,21,,,,NORM,0,643
6,Assiut,2023-12-13,75000,A,NEW,New,0,2026-03-28,Platinum Credit Card,40274.77,34248.48,F,1991-11-10,Secondary,100643,,0.0,28,,,,NEW,0,644
6,Assiut,2021-03-04,30000,A,NORM,Normal,0,2026-03-20,World Elite Card,15860.28,13883.4,M,1979-04-17,Primary,100644,,0.0,61,,,,NORM,0,645
9,Ismailia,2022-12-08,5000,A,NORM,Normal,0,2026-04-01,Titanium Credit Card,2880.48,1930.69,M,1998-04-07,Primary,100645,,0.0,40,,,,NORM,0,646
6,Assiut,2020-04-14,30000,A,NEW,New,0,2026-03-20,Platinum Credit Card,-2666.9,27232.47,F,1964-03-13,Secondary,100647,,0.0,72,,,,NEW,0,648
5,Tanta,2019-05-15,75000,A,NEW,New,0,2026-03-28,Cashback Card,63183.4,11376.54,M,1990-07-24,Primary,100649,,0.0,83,,,,NEW,0,650
5,Tanta,2018-01-24,50000,A,NORM,Normal,0,2026-03-20,Classic Credit Card,46606.53,3057.34,M,1986-08-27,Secondary,100650,,0.0,99,,,,NORM,0,651
1,Cairo Main,2018-10-17,150000,A,NORM,Normal,0,2026-04-01,Travel Rewards Card,80119.02,69392.43,F,1993-05-13,Primary,100651,,0.0,90,,,,NORM,0,652
1,Cairo Main,2020-05-02,15000,A,NORM,Normal,0,2026-03-20,Travel Rewards Card,9563.61,5200.75,M,1998-03-26,Primary,100652,,0.0,72,,,,NORM,0,653
7,Luxor,2022-09-27,50000,A,NORM,Normal,0,2026-03-18,Platinum Credit Card,6869.67,42918.01,M,1964-01-18,Primary,100654,,0.0,42,,,,NORM,0,655
3,Alexandria,2023-11-30,150000,A,NORM,Normal,0,2026-03-31,Gold Credit Card,8887.43,140656.56,F,1982-03-21,Secondary,100655,,0.0,28,,,,NORM,0,656
3,Alexandria,2021-05-15,20000,A,NORM,Normal,0,2026-03-17,Travel Rewards Card,-1265.26,18320.4,M,1965-09-24,Primary,100656,,0.0,59,,,,NORM,0,657
2,Giza,2022-10-07,75000,A,NORM,Normal,0,2026-03-21,Gold Credit Card,36227.3,38591.64,F,1982-11-27,Primary,100657,,0.0,42,,,,NORM,0,658
1,Cairo Main,2023-03-11,15000,A,NORM,Normal,0,2026-03-25,Platinum Credit Card,3052.69,11710.53,M,1965-02-09,Secondary,100658,,0.0,37,,,,NORM,0,659
10,Suez,2023-02-07,100000,A,30DD,30 Days Delinquent,30,2026-03-17,World Elite Card,-6558.93,93435.09,M,1992-06-24,Primary,100659,,40637.59,38,,,,30DD,0,660
2,Giza,2023-12-29,5000,A,30DD,30 Days Delinquent,30,2026-03-22,Classic Credit Card,2665.99,2199.49,M,1979-06-17,Primary,100660,,1651.78,27,,,,30DD,0,661
1,Cairo Main,2020-02-10,5000,A,NORM,Normal,0,2026-03-24,Titanium Credit Card,294.58,4373.87,M,1991-03-22,Secondary,100662,,0.0,74,,,,NORM,0,663
2,Giza,2023-03-14,15000,A,NORM,Normal,0,2026-03-26,Business Credit Card,2930.17,11867.6,M,1973-07-01,Secondary,100663,,0.0,37,,,,NORM,0,664
8,Zagazig,2023-01-16,200000,A,NORM,Normal,0,2026-03-26,Titanium Credit Card,146602.49,53057.54,F,1960-11-17,Primary,100664,,0.0,39,,,,NORM,0,665
4,Mansoura,2018-09-06,150000,A,NORM,Normal,0,2026-03-29,Classic Credit Card,75315.02,74293.3,F,1992-01-15,Primary,100666,,0.0,92,,,,NORM,0,667
3,Alexandria,2020-04-28,30000,A,NEW,New,0,2026-03-31,Gold Credit Card,-516.52,29347.04,M,1987-11-23,Primary,100669,,0.0,72,,,,NEW,0,670
9,Ismailia,2018-09-18,50000,A,NORM,Normal,0,2026-03-24,Travel Rewards Card,24659.21,25052.01,M,1961-06-07,Primary,100671,,0.0,91,,,,NORM,0,672
6,Assiut,2021-12-26,5000,A,NORM,Normal,0,2026-03-29,World Elite Card,263.12,4516.19,M,1995-03-17,Secondary,100672,,0.0,51,,,,NORM,0,673
3,Alexandria,2021-04-11,100000,A,NORM,Normal,0,2026-03-22,Business Credit Card,61129.94,38421.53,F,1992-09-02,Secondary,100674,,0.0,60,,,,NORM,0,675
4,Mansoura,2023-12-10,75000,A,NORM,Normal,0,2026-04-01,Titanium Credit Card,47187.68,27486.9,F,1966-10-19,Secondary,100676,,0.0,28,,,,NORM,0,677
1,Cairo Main,2019-08-20,5000,A,NORM,Normal,0,2026-03-21,Gold Credit Card,320.03,4351.65,F,1979-11-08,Secondary,100677,,0.0,80,,,,NORM,0,678
1,Cairo Main,2021-02-19,150000,A,NORM,Normal,0,2026-03-29,Platinum Credit Card,75475.3,74089.83,M,1997-02-04,Primary,100679,,0.0,62,,,,NORM,0,680
6,Assiut,2022-07-15,20000,A,NORM,Normal,0,2026-03-24,World Elite Card,-651.01,18969.64,F,1999-10-26,Primary,100680,,0.0,45,,,,NORM,0,681
9,Ismailia,2020-05-25,10000,A,NEW,New,0,2026-03-25,World Elite Card,3691.99,6114.71,M,1972-09-25,Secondary,100681,,0.0,71,,,,NEW,0,682
8,Zagazig,2024-06-02,5000,A,NORM,Normal,0,2026-03-24,Business Credit Card,1904.56,2845.92,M,1973-05-13,Primary,100683,,0.0,22,,,,NORM,0,684
7,Luxor,2020-10-11,10000,A,NORM,Normal,0,2026-03-19,Cashback Card,7737.89,2171.65,F,1983-04-24,Primary,100684,,0.0,66,,,,NORM,0,685
2,Giza,2018-09-12,75000,A,NEW,New,0,2026-03-18,Platinum Credit Card,43612.92,31159.58,F,1964-02-20,Primary,100685,,0.0,91,,,,NEW,0,686
10,Suez,2023-10-27,75000,A,NORM,Normal,0,2026-03-23,World Elite Card,14453.98,60289.66,F,1985-01-27,Primary,100686,,0.0,29,,,,NORM,0,687
3,Alexandria,2019-06-05,100000,A,NORM,Normal,0,2026-03-26,Business Credit Card,-9551.5,89989.47,M,1982-09-08,Primary,100687,,0.0,83,,,,NORM,0,688
8,Zagazig,2021-06-22,200000,A,60DA,60 Days Delinquent,60,2026-03-20,Business Credit Card,65495.95,134043.49,F,1985-09-15,Primary,100691,,8853.71,58,,,,60DA,0,692
8,Zagazig,2023-01-17,100000,A,NORM,Normal,0,2026-03-18,Platinum Credit Card,86767.56,12798.53,F,1994-03-02,Primary,100692,,0.0,39,,,,NORM,0,693
9,Ismailia,2022-12-20,30000,A,NORM,Normal,0,2026-03-29,Gold Credit Card,16318.61,13422.16,F,1962-01-20,Primary,100693,,0.0,39,,,,NORM,0,694
4,Mansoura,2024-01-29,200000,A,NORM,Normal,0,2026-03-31,Classic Credit Card,7412.63,192269.54,M,1987-10-02,Primary,100694,,0.0,26,,,,NORM,0,695
1,Cairo Main,2020-04-22,20000,A,NORM,Normal,0,2026-03-17,Business Credit Card,12178.93,7416.86,F,1972-05-01,Primary,100695,,0.0,72,,,,NORM,0,696
6,Assiut,2020-01-10,75000,A,NORM,Normal,0,2026-03-21,Classic Credit Card,43585.14,31272.73,F,1979-08-09,Primary,100696,,0.0,75,,,,NORM,0,697
6,Assiut,2018-04-22,5000,A,NORM,Normal,0,2026-03-20,World Elite Card,4246.41,483.8,F,1968-02-21,Primary,100698,,0.0,96,,,,NORM,0,699
7,Luxor,2019-05-11,5000,A,NORM,Normal,0,2026-03-20,Titanium Credit Card,4130.52,696.12,M,1997-02-16,Primary,100699,,0.0,83,,,,NORM,0,700
2,Giza,2018-09-06,50000,A,NORM,Normal,0,2026-04-01,Business Credit Card,12120.43,37462.88,F,1972-01-30,Primary,100700,,0.0,92,,,,NORM,0,701
9,Ismailia,2018-07-06,15000,A,NORM,Normal,0,2026-03-18,Gold Credit Card,9050.12,5530.01,F,1972-08-14,Secondary,100704,,0.0,94,,,,NORM,0,705
4,Mansoura,2024-09-21,50000,A,NEW,New,0,2026-03-17,Classic Credit Card,46458.54,3478.07,F,1980-08-16,Secondary,100706,,0.0,18,,,,NEW,0,707
9,Ismailia,2023-06-26,75000,A,NORM,Normal,0,2026-03-17,Gold Credit Card,66898.36,7750.43,M,1991-03-30,Primary,100707,,0.0,33,,,,NORM,0,708
10,Suez,2022-05-04,15000,A,NORM,Normal,0,2026-03-17,Classic Credit Card,4464.82,10520.65,F,1976-01-21,Primary,100708,,0.0,47,,,,NORM,0,709
5,Tanta,2022-01-05,20000,A,NORM,Normal,0,2026-03-19,Gold Credit Card,3641.39,15873.64,M,1990-07-12,Secondary,100709,,0.0,51,,,,NORM,0,710
8,Zagazig,2024-10-18,20000,A,NEW,New,0,2026-03-21,Classic Credit Card,15301.46,4565.56,M,1991-08-01,Primary,100710,,0.0,17,,,,NEW,0,711
9,Ismailia,2024-05-06,200000,A,NORM,Normal,0,2026-03-18,Platinum Credit Card,69309.39,130594.17,M,1968-09-09,Primary,100711,,0.0,23,,,,NORM,0,712
9,Ismailia,2021-01-28,20000,A,90DA,90 Days Delinquent,90,2026-03-17,Classic Credit Card,-1232.44,18640.22,F,1992-09-11,Secondary,100712,,2949.1,62,,,,90DA,0,713
5,Tanta,2023-12-21,100000,A,NORM,Normal,0,2026-03-27,Cashback Card,87069.12,12706.8,M,1978-11-04,Primary,100714,,0.0,27,,,,NORM,0,715
4,Mansoura,2022-10-02,10000,A,NORM,Normal,0,2026-03-19,Titanium Credit Card,6631.62,3292.18,F,1990-12-06,Primary,100715,,0.0,42,,,,NORM,0,716
6,Assiut,2020-08-27,10000,A,NORM,Normal,0,2026-03-30,Business Credit Card,91.99,9669.67,M,1983-04-24,Secondary,100717,,0.0,68,,,,NORM,0,718
6,Assiut,2018-09-24,15000,A,30DD,30 Days Delinquent,30,2026-03-20,Classic Credit Card,8542.7,6025.19,F,1999-12-05,Primary,100718,,3897.71,91,,,,30DD,0,719
8,Zagazig,2023-03-17,75000,A,NORM,Normal,0,2026-03-30,Gold Credit Card,51256.23,23640.16,F,1977-03-22,Primary,100720,,0.0,37,,,,NORM,0,721
2,Giza,2024-09-03,10000,A,NORM,Normal,0,2026-03-18,Titanium Credit Card,4715.81,5119.04,F,1960-07-20,Primary,100721,,0.0,19,,,,NORM,0,722
3,Alexandria,2019-07-18,5000,A,60DA,60 Days Delinquent,60,2026-03-24,Classic Credit Card,1722.01,3197.15,F,1970-11-27,Secondary,100722,,2193.48,81,,,,60DA,0,723
10,Suez,2024-01-26,15000,A,NORM,Normal,0,2026-03-22,Platinum Credit Card,-999.56,13794.15,F,1999-09-16,Primary,100723,,0.0,26,,,,NORM,0,724
10,Suez,2019-08-16,5000,A,NORM,Normal,0,2026-04-01,Titanium Credit Card,4456.29,520.11,F,1989-07-02,Secondary,100724,,0.0,80,,,,NORM,0,725
6,Assiut,2023-05-03,100000,A,NORM,Normal,0,2026-03-28,Cashback Card,89258.86,10491.74,F,1968-06-29,Primary,100725,,0.0,35,,,,NORM,0,726
1,Cairo Main,2020-06-17,5000,A,NORM,Normal,0,2026-03-30,Titanium Credit Card,1727.57,2960.15,M,1982-03-31,Primary,100726,,0.0,70,,,,NORM,0,727
4,Mansoura,2020-01-25,5000,A,60DA,60 Days Delinquent,60,2026-03-26,Cashback Card,4469.89,347.12,F,1977-12-15,Primary,100727,,1046.15,75,,,,60DA,0,728
8,Zagazig,2024-07-26,50000,A,NORM,Normal,0,2026-03-18,Classic Credit Card,1788.27,47883.76,M,1968-09-20,Primary,100728,,0.0,20,,,,NORM,0,729
6,Assiut,2024-03-21,20000,A,NORM,Normal,0,2026-03-18,Platinum Credit Card,6000.4,13695.52,M,1998-01-07,Secondary,100729,,0.0,24,,,,NORM,0,730
7,Luxor,2019-03-31,50000,A,30DD,30 Days Delinquent,30,2026-03-21,Titanium Credit Card,42143.63,7679.64,M,1989-05-17,Secondary,100730,,15091.8,85,,,,30DD,0,731
10,Suez,2022-11-12,10000,A,NORM,Normal,0,2026-03-20,Gold Credit Card,2597.33,6954.39,M,1999-07-20,Primary,100731,,0.0,41,,,,NORM,0,732
10,Suez,2020-09-28,5000,A,90DA,90 Days Delinquent,90,2026-03-23,Titanium Credit Card,-64.36,4878.27,F,1979-04-08,Primary,100732,,1784.87,67,,,,90DA,0,733
9,Ismailia,2023-06-26,20000,A,30DD,30 Days Delinquent,30,2026-03-21,Gold Credit Card,11109.58,8419.39,M,1986-03-14,Primary,100733,,8431.31,33,,,,30DD,0,734
10,Suez,2018-05-30,20000,A,NORM,Normal,0,2026-03-27,Titanium Credit Card,11652.34,8299.52,M,1989-02-22,Primary,100735,,0.0,95,,,,NORM,0,736
4,Mansoura,2021-09-10,30000,A,NORM,Normal,0,2026-04-01,World Elite Card,3308.66,26304.89,M,1990-04-13,Secondary,100740,,0.0,55,,,,NORM,0,741
5,Tanta,2021-11-20,75000,A,NORM,Normal,0,2026-03-21,Travel Rewards Card,55280.83,19674.9,M,1996-11-19,Primary,100741,,0.0,53,,,,NORM,0,742
4,Mansoura,2024-08-01,150000,A,60DA,60 Days Delinquent,60,2026-03-23,Business Credit Card,40689.15,109025.01,M,1983-02-20,Secondary,100742,,52678.02,20,,,,60DA,0,743
4,Mansoura,2023-01-18,150000,A,NORM,Normal,0,2026-03-25,Classic Credit Card,128812.96,21142.77,M,1979-09-05,Secondary,100743,,0.0,38,,,,NORM,0,744
6,Assiut,2020-07-12,75000,A,NORM,Normal,0,2026-03-29,Travel Rewards Card,24522.61,50434.22,F,1975-03-30,Primary,100744,,0.0,69,,,,NORM,0,745
3,Alexandria,2021-09-14,200000,A,NORM,Normal,0,2026-03-21,Travel Rewards Card,182278.85,17232.45,F,1966-11-23,Primary,100745,,0.0,55,,,,NORM,0,746
2,Giza,2024-05-21,100000,A,NORM,Normal,0,2026-03-18,World Elite Card,53086.79,46570.4,M,1974-10-01,Primary,100746,,0.0,22,,,,NORM,0,747
1,Cairo Main,2020-03-26,10000,A,NORM,Normal,0,2026-03-29,Travel Rewards Card,949.21,8931.18,M,1968-05-16,Primary,100747,,0.0,73,,,,NORM,0,748
10,Suez,2021-06-25,200000,A,NEW,New,0,2026-03-21,Titanium Credit Card,-5250.51,194559.57,M,1985-10-18,Secondary,100750,,0.0,58,,,,NEW,0,751
7,Luxor,2020-10-08,150000,A,NORM,Normal,0,2026-03-28,Cashback Card,75133.96,74527.99,F,1987-02-17,Primary,100751,,0.0,66,,,,NORM,0,752
8,Zagazig,2021-05-03,75000,A,NORM,Normal,0,2026-03-26,Platinum Credit Card,17773.51,56744.38,M,1975-07-22,Primary,100752,,0.0,59,,,,NORM,0,753
2,Giza,2020-06-08,100000,A,NORM,Normal,0,2026-03-17,Travel Rewards Card,87205.83,12354.17,M,1991-04-24,Primary,100754,,0.0,70,,,,NORM,0,755
2,Giza,2022-05-20,15000,A,NORM,Normal,0,2026-03-17,Gold Credit Card,6678.01,7937.02,M,1983-12-25,Primary,100758,,0.0,47,,,,NORM,0,759
4,Mansoura,2022-03-15,20000,A,NORM,Normal,0,2026-03-30,Titanium Credit Card,6281.85,13300.53,F,1971-03-15,Secondary,100760,,0.0,49,,,,NORM,0,761
6,Assiut,2022-05-14,20000,A,NORM,Normal,0,2026-03-20,Business Credit Card,7694.79,12298.38,F,1960-07-15,Primary,100763,,0.0,47,,,,NORM,0,764
6,Assiut,2021-07-26,100000,A,NORM,Normal,0,2026-03-22,Gold Credit Card,38427.31,61558.05,F,1967-11-12,Primary,100765,,0.0,57,,,,NORM,0,766
10,Suez,2018-02-24,20000,A,NORM,Normal,0,2026-03-31,Classic Credit Card,-1445.01,18307.25,M,1991-08-10,Primary,100766,,0.0,98,,,,NORM,0,767
1,Cairo Main,2022-03-15,100000,A,NORM,Normal,0,2026-03-20,World Elite Card,9173.6,90677.28,F,1966-03-03,Primary,100767,,0.0,49,,,,NORM,0,768
8,Zagazig,2021-09-08,15000,A,NEW,New,0,2026-03-26,World Elite Card,6231.99,8625.35,F,1993-02-27,Primary,100768,,0.0,55,,,,NEW,0,769
6,Assiut,2020-04-23,150000,A,60DA,60 Days Delinquent,60,2026-03-27,Classic Credit Card,23336.42,126496.05,F,1970-11-13,Primary,100769,,66032.65,72,,,,60DA,0,770
7,Luxor,2023-04-13,100000,A,NEW,New,0,2026-03-26,Travel Rewards Card,85431.94,14294.16,F,1967-07-11,Primary,100773,,0.0,36,,,,NEW,0,774
5,Tanta,2024-01-10,15000,A,NORM,Normal,0,2026-03-18,Platinum Credit Card,-1232.35,13638.6,F,1986-09-12,Primary,100774,,0.0,27,,,,NORM,0,775
10,Suez,2018-10-22,50000,A,NORM,Normal,0,2026-03-17,Platinum Credit Card,17107.31,32492.91,M,1981-07-27,Primary,100775,,0.0,90,,,,NORM,0,776
8,Zagazig,2022-08-31,75000,A,NORM,Normal,0,2026-03-20,Cashback Card,23440.47,51313.98,F,1978-02-23,Primary,100776,,0.0,43,,,,NORM,0,777
7,Luxor,2019-10-28,20000,A,NORM,Normal,0,2026-03-31,Travel Rewards Card,5249.35,14666.32,F,1985-05-15,Primary,100777,,0.0,78,,,,NORM,0,778
4,Mansoura,2023-05-11,5000,A,NORM,Normal,0,2026-03-24,Cashback Card,1085.03,3658.53,F,1970-11-14,Primary,100778,,0.0,35,,,,NORM,0,779
4,Mansoura,2024-06-26,15000,A,NORM,Normal,0,2026-03-26,Classic Credit Card,5420.74,9307.23,F,1987-01-04,Primary,100779,,0.0,21,,,,NORM,0,780
2,Giza,2024-06-03,50000,A,NORM,Normal,0,2026-04-01,Platinum Credit Card,14690.24,35265.1,F,1988-07-15,Primary,100781,,0.0,22,,,,NORM,0,782
1,Cairo Main,2018-10-14,75000,A,NORM,Normal,0,2026-03-24,Travel Rewards Card,48355.58,26509.61,M,1964-05-06,Primary,100782,,0.0,90,,,,NORM,0,783
8,Zagazig,2023-08-21,10000,A,NORM,Normal,0,2026-03-25,Business Credit Card,9182.65,627.46,M,1968-02-29,Primary,100783,,0.0,31,,,,NORM,0,784
7,Luxor,2019-03-24,15000,A,NORM,Normal,0,2026-03-24,Gold Credit Card,2703.95,12282.4,F,1979-10-08,Primary,100784,,0.0,85,,,,NORM,0,785
10,Suez,2023-05-12,100000,A,NORM,Normal,0,2026-03-19,Gold Credit Card,94147.39,5428.81,F,1970-07-13,Primary,100785,,0.0,35,,,,NORM,0,786
4,Mansoura,2018-01-30,75000,A,NORM,Normal,0,2026-03-28,World Elite Card,-6953.06,68003.82,F,1983-06-06,Primary,100786,,0.0,99,,,,NORM,0,787
8,Zagazig,2022-07-04,15000,A,NORM,Normal,0,2026-03-26,Classic Credit Card,12001.54,2515.51,F,1999-01-18,Primary,100788,,0.0,45,,,,NORM,0,789
9,Ismailia,2020-02-09,5000,A,NEW,New,0,2026-03-22,Cashback Card,2309.17,2361.77,M,1978-07-13,Primary,100789,,0.0,74,,,,NEW,0,790
8,Zagazig,2024-11-14,10000,A,30DD,30 Days Delinquent,30,2026-03-30,Cashback Card,-774.5,8830.5,M,1977-12-13,Primary,100790,,1565.23,16,,,,30DD,0,791
6,Assiut,2020-07-05,200000,A,NORM,Normal,0,2026-03-24,Gold Credit Card,129063.06,70784.5,F,1999-02-10,Secondary,100794,,0.0,69,,,,NORM,0,795
6,Assiut,2021-07-07,75000,A,90DA,90 Days Delinquent,90,2026-04-01,Classic Credit Card,20356.11,54426.33,M,1965-09-18,Secondary,100796,,21621.95,57,,,,90DA,0,797
5,Tanta,2020-06-15,100000,A,NORM,Normal,0,2026-03-22,Business Credit Card,18444.72,81324.8,F,1997-07-21,Primary,100798,,0.0,70,,,,NORM,0,799
6,Assiut,2023-08-20,10000,A,NORM,Normal,0,2026-03-25,World Elite Card,6078.66,3513.28,F,1973-11-08,Primary,100799,,0.0,31,,,,NORM,0,800
6,Assiut,2020-05-12,20000,A,NORM,Normal,0,2026-03-31,Classic Credit Card,17098.38,2644.43,F,1966-11-06,Secondary,100800,,0.0,71,,,,NORM,0,801
9,Ismailia,2021-10-14,75000,A,NORM,Normal,0,2026-03-23,Business Credit Card,29128.46,45388.56,F,1977-08-06,Primary,100801,,0.0,54,,,,NORM,0,802
4,Mansoura,2024-02-23,75000,A,NORM,Normal,0,2026-03-24,Gold Credit Card,24396.56,50565.99,M,1991-06-13,Primary,100802,,0.0,25,,,,NORM,0,803
3,Alexandria,2022-03-18,10000,A,NORM,Normal,0,2026-03-31,Business Credit Card,4165.4,5337.83,F,1989-04-13,Primary,100806,,0.0,49,,,,NORM,0,807
2,Giza,2023-09-19,20000,A,NORM,Normal,0,2026-03-17,Classic Credit Card,4839.94,15023.1,M,1981-12-11,Primary,100807,,0.0,30,,,,NORM,0,808
5,Tanta,2019-05-28,10000,A,NORM,Normal,0,2026-03-18,Cashback Card,4435.35,5499.7,M,1985-08-19,Secondary,100808,,0.0,83,,,,NORM,0,809
9,Ismailia,2024-01-07,150000,A,60DA,60 Days Delinquent,60,2026-03-17,Business Credit Card,67174.14,82528.6,M,1996-09-01,Secondary,100809,,7032.1,27,,,,60DA,0,810
10,Suez,2020-01-08,5000,A,NORM,Normal,0,2026-03-24,Business Credit Card,4691.44,248.93,M,1991-03-09,Primary,100810,,0.0,75,,,,NORM,0,811
9,Ismailia,2018-05-24,10000,A,90DA,90 Days Delinquent,90,2026-03-18,Gold Credit Card,-141.88,9806.58,M,1971-07-08,Secondary,100811,,3703.88,95,,,,90DA,0,812
5,Tanta,2023-10-29,30000,A,NORM,Normal,0,2026-03-22,Business Credit Card,20040.82,9808.19,F,1962-01-26,Primary,100812,,0.0,29,,,,NORM,0,813
9,Ismailia,2020-05-09,10000,A,NORM,Normal,0,2026-03-17,Classic Credit Card,4218.94,5420.25,M,1982-11-26,Primary,100813,,0.0,71,,,,NORM,0,814
10,Suez,2020-06-03,200000,A,NORM,Normal,0,2026-03-25,Cashback Card,97666.67,101889.65,F,1984-10-06,Primary,100814,,0.0,70,,,,NORM,0,815
6,Assiut,2023-09-26,200000,A,NORM,Normal,0,2026-03-19,Platinum Credit Card,14859.39,184899.07,F,1985-04-13,Primary,100816,,0.0,30,,,,NORM,0,817
2,Giza,2019-05-26,150000,A,NORM,Normal,0,2026-03-26,Gold Credit Card,-11924.23,137805.2,F,1972-02-12,Primary,100817,,0.0,83,,,,NORM,0,818
3,Alexandria,2020-07-13,30000,A,NORM,Normal,0,2026-03-23,Classic Credit Card,14989.36,14511.91,M,1998-12-22,Secondary,100818,,0.0,69,,,,NORM,0,819
10,Suez,2018-07-16,15000,A,NORM,Normal,0,2026-03-18,Cashback Card,11603.47,3021.9,F,1964-06-11,Primary,100820,,0.0,93,,,,NORM,0,821
10,Suez,2020-11-27,5000,A,NORM,Normal,0,2026-03-19,Platinum Credit Card,2230.98,2738.63,F,1965-09-21,Primary,100821,,0.0,65,,,,NORM,0,822
4,Mansoura,2024-10-29,75000,A,90DA,90 Days Delinquent,90,2026-03-31,Business Credit Card,26728.18,47868.03,F,1990-06-03,Primary,100822,,26311.81,17,,,,90DA,0,823
2,Giza,2024-06-14,5000,A,NEW,New,0,2026-03-21,Gold Credit Card,4042.47,490.6,F,1967-05-29,Secondary,100824,,0.0,21,,,,NEW,0,825
3,Alexandria,2023-08-02,150000,A,NORM,Normal,0,2026-03-22,Gold Credit Card,30107.54,119460.72,M,1981-07-07,Primary,100825,,0.0,32,,,,NORM,0,826
4,Mansoura,2023-12-04,200000,A,NORM,Normal,0,2026-03-27,Classic Credit Card,62985.12,136676.39,M,1993-02-23,Primary,100826,,0.0,28,,,,NORM,0,827
6,Assiut,2022-09-28,100000,A,NORM,Normal,0,2026-03-31,Travel Rewards Card,51527.82,48222.97,M,1962-04-14,Secondary,100827,,0.0,42,,,,NORM,0,828
2,Giza,2021-05-10,100000,A,NORM,Normal,0,2026-03-20,World Elite Card,3899.57,96025.85,M,1973-01-04,Primary,100828,,0.0,59,,,,NORM,0,829
3,Alexandria,2019-05-23,100000,A,NORM,Normal,0,2026-03-20,Classic Credit Card,71403.92,28467.12,M,1978-06-04,Primary,100831,,0.0,83,,,,NORM,0,832
7,Luxor,2024-01-07,30000,A,NORM,Normal,0,2026-03-20,Gold Credit Card,13220.62,16706.06,M,1968-03-03,Primary,100832,,0.0,27,,,,NORM,0,833
6,Assiut,2020-03-23,10000,A,NORM,Normal,0,2026-04-01,Titanium Credit Card,314.02,9331.93,M,1999-08-20,Primary,100833,,0.0,73,,,,NORM,0,834
7,Luxor,2022-05-12,15000,A,NORM,Normal,0,2026-03-28,Gold Credit Card,6257.93,8626.8,M,1982-07-06,Primary,100835,,0.0,47,,,,NORM,0,836
1,Cairo Main,2021-11-02,75000,A,NORM,Normal,0,2026-03-18,Classic Credit Card,24019.44,50593.89,F,1990-06-05,Primary,100836,,0.0,53,,,,NORM,0,837
5,Tanta,2019-08-22,75000,A,30DD,30 Days Delinquent,30,2026-03-18,Classic Credit Card,3727.78,71168.41,M,1968-08-14,Primary,100839,,42134.45,80,,,,30DD,0,840
4,Mansoura,2022-10-12,100000,A,NORM,Normal,0,2026-03-26,Classic Credit Card,14488.26,85130.91,F,1975-01-29,Primary,100840,,0.0,42,,,,NORM,0,841
7,Luxor,2021-08-03,5000,A,NORM,Normal,0,2026-03-17,Platinum Credit Card,2831.74,1684.13,M,1971-01-29,Primary,100841,,0.0,56,,,,NORM,0,842
10,Suez,2022-10-31,15000,A,30DD,30 Days Delinquent,30,2026-03-21,World Elite Card,-1300.9,13466.73,F,1964-07-08,Primary,100842,,4239.05,41,,,,30DD,0,843
3,Alexandria,2022-01-16,50000,A,90DA,90 Days Delinquent,90,2026-03-20,Cashback Card,967.77,48557.49,M,1974-11-09,Primary,100843,,17355.32,51,,,,90DA,0,844
5,Tanta,2023-04-27,20000,A,90DA,90 Days Delinquent,90,2026-03-22,Platinum Credit Card,14622.56,5145.66,M,1992-07-15,Primary,100845,,8190.25,35,,,,90DA,0,846
6,Assiut,2023-01-11,10000,A,NORM,Normal,0,2026-03-19,Travel Rewards Card,7651.03,2249.86,F,1976-06-01,Secondary,100846,,0.0,39,,,,NORM,0,847
3,Alexandria,2021-01-27,15000,A,NORM,Normal,0,2026-03-26,World Elite Card,1715.81,12921.28,M,1986-11-16,Primary,100847,,0.0,63,,,,NORM,0,848
9,Ismailia,2023-10-05,10000,A,30DD,30 Days Delinquent,30,2026-03-26,Platinum Credit Card,1319.96,8451.63,F,1999-01-14,Primary,100848,,5505.98,30,,,,30DD,0,849
5,Tanta,2020-01-24,5000,A,NORM,Normal,0,2026-03-21,Platinum Credit Card,1454.55,3426.44,M,1969-04-13,Primary,100849,,0.0,75,,,,NORM,0,850
3,Alexandria,2021-02-11,15000,A,NORM,Normal,0,2026-03-31,World Elite Card,5341.82,9202.43,M,1999-08-20,Primary,100851,,0.0,62,,,,NORM,0,852
6,Assiut,2018-12-07,150000,A,NORM,Normal,0,2026-03-23,World Elite Card,140998.55,8754.34,F,1974-07-23,Secondary,100852,,0.0,89,,,,NORM,0,853
4,Mansoura,2021-02-19,15000,A,30DD,30 Days Delinquent,30,2026-03-30,World Elite Card,6877.3,7999.39,M,1992-10-07,Secondary,100853,,5255.87,62,,,,30DD,0,854
9,Ismailia,2022-12-17,20000,A,NORM,Normal,0,2026-03-20,Cashback Card,9082.48,10824.92,F,1969-03-31,Primary,100854,,0.0,40,,,,NORM,0,855
3,Alexandria,2019-01-19,100000,A,NORM,Normal,0,2026-03-18,Platinum Credit Card,27009.31,72611.0,M,1981-06-27,Primary,100855,,0.0,87,,,,NORM,0,856
1,Cairo Main,2019-10-30,15000,A,30DD,30 Days Delinquent,30,2026-03-23,Travel Rewards Card,14026.16,859.91,M,1973-11-29,Primary,100856,,5631.6,78,,,,30DD,0,857
2,Giza,2023-11-28,15000,A,30DD,30 Days Delinquent,30,2026-03-21,Classic Credit Card,3978.89,10627.17,F,1992-06-28,Primary,100857,,2930.97,28,,,,30DD,0,858
3,Alexandria,2018-12-09,30000,A,NORM,Normal,0,2026-03-30,Platinum Credit Card,13176.75,16714.65,M,1971-02-20,Primary,100858,,0.0,89,,,,NORM,0,859
4,Mansoura,2023-05-22,200000,A,NORM,Normal,0,2026-03-20,Business Credit Card,149399.67,50366.46,F,1966-03-31,Primary,100859,,0.0,34,,,,NORM,0,860
8,Zagazig,2019-03-28,20000,A,NORM,Normal,0,2026-03-19,Gold Credit Card,16.8,19921.28,M,1967-08-10,Primary,100862,,0.0,85,,,,NORM,0,863
5,Tanta,2019-03-02,30000,A,NORM,Normal,0,2026-03-26,Business Credit Card,20796.83,8816.4,M,1975-08-17,Secondary,100864,,0.0,86,,,,NORM,0,865
6,Assiut,2022-05-19,100000,A,NEW,New,0,2026-03-19,Business Credit Card,54473.96,45210.99,F,1966-08-18,Primary,100865,,0.0,47,,,,NEW,0,866
4,Mansoura,2022-09-11,150000,A,90DA,90 Days Delinquent,90,2026-03-17,Business Credit Card,89242.29,60438.46,M,1977-03-10,Primary,100867,,50550.83,43,,,,90DA,0,868
10,Suez,2020-06-17,10000,A,90DA,90 Days Delinquent,90,2026-03-26,Titanium Credit Card,3393.9,6125.42,M,1994-11-01,Primary,100868,,5094.65,70,,,,90DA,0,869
1,Cairo Main,2019-03-11,200000,A,NORM,Normal,0,2026-03-25,Gold Credit Card,147758.0,52090.53,M,1991-06-18,Primary,100871,,0.0,85,,,,NORM,0,872
4,Mansoura,2018-02-21,200000,A,NORM,Normal,0,2026-03-22,Travel Rewards Card,151210.52,48612.1,F,1963-06-16,Primary,100872,,0.0,98,,,,NORM,0,873
7,Luxor,2021-10-13,100000,A,NEW,New,0,2026-03-31,Classic Credit Card,31482.49,68144.06,M,1992-05-30,Secondary,100873,,0.0,54,,,,NEW,0,874
3,Alexandria,2019-10-19,5000,A,30DD,30 Days Delinquent,30,2026-03-27,Travel Rewards Card,2606.39,2057.08,F,1982-07-29,Primary,100874,,1201.05,78,,,,30DD,0,875
3,Alexandria,2019-01-12,150000,A,NORM,Normal,0,2026-03-22,Travel Rewards Card,106988.23,42895.67,F,1972-03-11,Primary,100875,,0.0,87,,,,NORM,0,876
9,Ismailia,2018-11-13,100000,A,NORM,Normal,0,2026-03-25,Business Credit Card,76126.01,23530.98,F,1987-02-21,Primary,100876,,0.0,89,,,,NORM,0,877
4,Mansoura,2019-03-21,10000,A,NORM,Normal,0,2026-03-19,Gold Credit Card,4471.69,5505.81,F,1972-02-09,Primary,100877,,0.0,85,,,,NORM,0,878
2,Giza,2020-05-17,200000,A,NORM,Normal,0,2026-03-17,Classic Credit Card,-19854.73,179995.44,M,1962-12-06,Primary,100878,,0.0,71,,,,NORM,0,879
10,Suez,2024-04-28,100000,A,NORM,Normal,0,2026-03-30,Classic Credit Card,38253.37,61379.3,M,1962-01-05,Primary,100879,,0.0,23,,,,NORM,0,880
7,Luxor,2020-03-09,50000,A,NORM,Normal,0,2026-03-20,Travel Rewards Card,1079.1,48751.89,M,1982-06-09,Primary,100880,,0.0,73,,,,NORM,0,881
6,Assiut,2022-10-31,5000,A,NORM,Normal,0,2026-03-29,Travel Rewards Card,2354.99,2287.69,M,1987-12-19,Primary,100883,,0.0,41,,,,NORM,0,884
1,Cairo Main,2021-06-21,150000,A,NEW,New,0,2026-03-22,Gold Credit Card,34715.41,115284.43,F,1966-05-25,Primary,100884,,0.0,58,,,,NEW,0,885
2,Giza,2024-06-19,50000,A,NORM,Normal,0,2026-04-01,Cashback Card,36465.47,13528.75,M,1972-07-25,Primary,100885,,0.0,21,,,,NORM,0,886
8,Zagazig,2023-10-01,200000,A,NORM,Normal,0,2026-03-29,Cashback Card,137011.46,62661.5,F,1976-06-13,Primary,100887,,0.0,30,,,,NORM,0,888
1,Cairo Main,2020-09-29,150000,A,NORM,Normal,0,2026-03-29,Classic Credit Card,108544.62,41268.54,F,1993-03-29,Primary,100888,,0.0,67,,,,NORM,0,889
4,Mansoura,2023-03-09,10000,A,60DA,60 Days Delinquent,60,2026-03-18,Cashback Card,6766.8,2936.64,F,1977-05-31,Primary,100889,,5083.23,37,,,,60DA,0,890
7,Luxor,2022-07-03,50000,A,NORM,Normal,0,2026-03-23,Gold Credit Card,29663.88,20297.72,F,1968-12-12,Primary,100890,,0.0,45,,,,NORM,0,891
5,Tanta,2018-06-06,150000,A,NORM,Normal,0,2026-03-21,Platinum Credit Card,118983.64,30662.79,M,1980-05-22,Primary,100891,,0.0,95,,,,NORM,0,892
5,Tanta,2019-12-23,10000,A,NORM,Normal,0,2026-03-31,Platinum Credit Card,1044.49,8667.27,F,1988-07-07,Primary,100893,,0.0,76,,,,NORM,0,894
8,Zagazig,2024-01-03,15000,A,60DA,60 Days Delinquent,60,2026-03-28,Travel Rewards Card,13236.23,1528.18,F,1981-04-30,Primary,100895,,3587.33,27,,,,60DA,0,896
2,Giza,2024-06-27,200000,A,NORM,Normal,0,2026-03-27,Platinum Credit Card,-18549.94,181250.35,M,1992-06-02,Secondary,100896,,0.0,21,,,,NORM,0,897
7,Luxor,2024-02-15,15000,A,NORM,Normal,0,2026-03-31,Travel Rewards Card,9111.94,5804.05,M,1991-03-29,Secondary,100898,,0.0,25,,,,NORM,0,899
6,Assiut,2022-01-30,5000,A,NORM,Normal,0,2026-03-25,World Elite Card,-70.19,4869.09,M,1996-07-02,Primary,100899,,0.0,50,,,,NORM,0,900
7,Luxor,2021-12-13,150000,A,30DD,30 Days Delinquent,30,2026-03-17,Travel Rewards Card,80870.34,69018.83,M,1975-10-11,Primary,100900,,5806.21,52,,,,30DD,0,901
2,Giza,2018-03-09,200000,A,30DD,30 Days Delinquent,30,2026-03-29,Travel Rewards Card,96544.02,103112.22,M,1964-01-08,Primary,100902,,84283.11,98,,,,30DD,0,903
7,Luxor,2022-03-15,20000,A,NORM,Normal,0,2026-03-26,World Elite Card,1428.82,18538.63,F,1960-05-04,Primary,100904,,0.0,49,,,,NORM,0,905
1,Cairo Main,2018-04-18,15000,A,NORM,Normal,0,2026-04-01,Cashback Card,428.57,14178.42,M,1960-09-11,Secondary,100905,,0.0,96,,,,NORM,0,906
3,Alexandria,2020-08-04,10000,A,NORM,Normal,0,2026-03-22,Platinum Credit Card,7446.64,2277.45,F,1979-08-15,Secondary,100907,,0.0,68,,,,NORM,0,908
4,Mansoura,2019-01-18,5000,A,30DD,30 Days Delinquent,30,2026-03-22,Travel Rewards Card,1350.08,3239.81,M,1964-03-07,Primary,100908,,528.89,87,,,,30DD,0,909
7,Luxor,2020-12-02,5000,A,30DD,30 Days Delinquent,30,2026-03-31,World Elite Card,657.3,4033.58,M,1994-07-23,Secondary,100910,,1865.96,64,,,,30DD,0,911
10,Suez,2019-03-15,15000,A,NORM,Normal,0,2026-04-01,World Elite Card,13979.13,981.78,M,1965-07-03,Primary,100911,,0.0,85,,,,NORM,0,912
7,Luxor,2023-07-05,5000,A,NORM,Normal,0,2026-03-27,Travel Rewards Card,4382.04,119.55,M,1964-07-07,Primary,100912,,0.0,33,,,,NORM,0,913
8,Zagazig,2019-10-22,15000,A,NORM,Normal,0,2026-03-20,World Elite Card,10487.26,4245.91,M,1996-04-08,Secondary,100913,,0.0,78,,,,NORM,0,914
5,Tanta,2023-05-27,20000,A,NORM,Normal,0,2026-03-20,Gold Credit Card,17039.37,2893.25,F,1972-04-10,Primary,100916,,0.0,34,,,,NORM,0,917
3,Alexandria,2020-04-23,100000,A,NORM,Normal,0,2026-03-24,Travel Rewards Card,-9172.81,90732.37,F,1995-08-15,Primary,100918,,0.0,72,,,,NORM,0,919
7,Luxor,2024-05-12,50000,A,NORM,Normal,0,2026-03-19,Cashback Card,23790.56,25750.7,M,1968-12-16,Secondary,100919,,0.0,22,,,,NORM,0,920
7,Luxor,2024-10-09,150000,A,NORM,Normal,0,2026-03-17,Cashback Card,47343.86,102466.9,M,1973-03-01,Secondary,100920,,0.0,17,,,,NORM,0,921
6,Assiut,2018-10-25,20000,A,NORM,Normal,0,2026-03-28,Cashback Card,1320.88,18230.7,F,1971-01-02,Primary,100921,,0.0,90,,,,NORM,0,922
4,Mansoura,2024-05-13,50000,A,90DA,90 Days Delinquent,90,2026-03-22,Titanium Credit Card,2744.68,47181.34,F,1980-11-15,Primary,100922,,5789.69,22,,,,90DA,0,923
9,Ismailia,2024-10-25,10000,A,NORM,Normal,0,2026-03-23,Travel Rewards Card,-644.61,9094.89,F,1972-06-21,Primary,100923,,0.0,17,,,,NORM,0,924
5,Tanta,2024-06-16,5000,A,30DD,30 Days Delinquent,30,2026-03-29,Business Credit Card,4268.01,283.44,F,1960-10-19,Secondary,100925,,1326.14,21,,,,30DD,0,926
6,Assiut,2018-03-08,10000,A,NORM,Normal,0,2026-03-25,Business Credit Card,3343.94,6491.37,F,1988-12-03,Primary,100926,,0.0,98,,,,NORM,0,927
2,Giza,2021-07-06,100000,A,NORM,Normal,0,2026-03-30,Classic Credit Card,5689.42,93947.78,F,1984-12-16,Secondary,100927,,0.0,57,,,,NORM,0,928
3,Alexandria,2020-02-22,50000,A,NORM,Normal,0,2026-03-17,Classic Credit Card,31663.34,17937.27,M,1963-12-13,Primary,100929,,0.0,74,,,,NORM,0,930
5,Tanta,2024-11-14,75000,A,NORM,Normal,0,2026-03-18,World Elite Card,63921.03,10649.91,F,1974-10-09,Primary,100930,,0.0,16,,,,NORM,0,931
7,Luxor,2023-01-05,10000,A,NORM,Normal,0,2026-03-28,Titanium Credit Card,7001.62,2922.81,F,1988-07-27,Primary,100931,,0.0,39,,,,NORM,0,932
2,Giza,2021-04-28,10000,A,NORM,Normal,0,2026-03-30,Cashback Card,8770.88,1155.48,M,1971-11-01,Secondary,100932,,0.0,59,,,,NORM,0,933
1,Cairo Main,2020-06-04,100000,A,60DA,60 Days Delinquent,60,2026-03-27,Travel Rewards Card,90811.98,8786.01,M,1990-01-28,Primary,100933,,34228.29,70,,,,60DA,0,934
9,Ismailia,2021-07-07,30000,A,NORM,Normal,0,2026-03-26,Business Credit Card,11589.67,18024.15,M,1998-07-04,Primary,100934,,0.0,57,,,,NORM,0,935
8,Zagazig,2024-12-16,150000,A,NORM,Normal,0,2026-03-21,Titanium Credit Card,59571.74,89942.06,M,1998-12-05,Primary,100935,,0.0,15,,,,NORM,0,936
2,Giza,2023-03-04,10000,A,NORM,Normal,0,2026-03-28,Gold Credit Card,7056.07,2793.68,F,1966-08-10,Primary,100936,,0.0,37,,,,NORM,0,937
6,Assiut,2022-12-13,30000,A,NORM,Normal,0,2026-03-27,Cashback Card,677.79,28872.69,F,1962-05-20,Primary,100938,,0.0,40,,,,NORM,0,939
3,Alexandria,2021-02-04,150000,A,NORM,Normal,0,2026-03-27,Business Credit Card,140122.52,9751.6,M,1986-08-24,Secondary,100939,,0.0,62,,,,NORM,0,940
1,Cairo Main,2024-06-14,30000,A,NORM,Normal,0,2026-03-20,Titanium Credit Card,-2775.87,27093.13,M,1961-08-07,Primary,100940,,0.0,21,,,,NORM,0,941
7,Luxor,2019-02-19,20000,A,90DA,90 Days Delinquent,90,2026-03-18,World Elite Card,9177.82,10552.01,M,1977-08-16,Primary,100941,,11653.49,86,,,,90DA,0,942
5,Tanta,2018-01-13,10000,A,60DA,60 Days Delinquent,60,2026-03-26,Platinum Credit Card,-416.04,9347.64,M,1992-12-01,Primary,100942,,1641.84,100,,,,60DA,0,943
3,Alexandria,2023-02-08,15000,A,NORM,Normal,0,2026-03-28,Classic Credit Card,4168.55,10736.66,F,1974-11-25,Primary,100943,,0.0,38,,,,NORM,0,944
3,Alexandria,2018-02-09,200000,A,NORM,Normal,0,2026-03-30,Cashback Card,117516.35,82243.27,M,1990-06-20,Secondary,100944,,0.0,99,,,,NORM,0,945
6,Assiut,2024-09-06,100000,A,NORM,Normal,0,2026-03-17,Gold Credit Card,18478.2,81419.43,M,1983-03-25,Secondary,100947,,0.0,19,,,,NORM,0,948
6,Assiut,2018-05-07,20000,A,NORM,Normal,0,2026-03-24,Travel Rewards Card,15877.16,4009.45,M,1982-05-01,Secondary,100948,,0.0,96,,,,NORM,0,949
4,Mansoura,2024-07-01,150000,A,NORM,Normal,0,2026-03-17,Cashback Card,17448.44,132234.97,F,1961-11-04,Secondary,100950,,0.0,21,,,,NORM,0,951
2,Giza,2023-08-06,15000,A,90DA,90 Days Delinquent,90,2026-03-30,Business Credit Card,9541.0,5052.14,F,1960-05-16,Primary,100951,,6594.0,32,,,,90DA,0,952
8,Zagazig,2018-09-22,30000,A,NORM,Normal,0,2026-03-28,Classic Credit Card,9709.33,19816.65,M,1972-12-05,Secondary,100952,,0.0,91,,,,NORM,0,953
8,Zagazig,2018-01-21,75000,A,30DD,30 Days Delinquent,30,2026-03-25,Cashback Card,4583.9,70112.6,F,1973-09-19,Primary,100953,,10172.09,99,,,,30DD,0,954
9,Ismailia,2018-12-19,30000,A,NORM,Normal,0,2026-03-26,Platinum Credit Card,6086.68,23479.58,M,1966-12-15,Primary,100954,,0.0,88,,,,NORM,0,955
4,Mansoura,2022-05-02,75000,A,NORM,Normal,0,2026-03-18,Travel Rewards Card,10542.55,64156.41,F,1996-05-30,Primary,100955,,0.0,47,,,,NORM,0,956
6,Assiut,2024-06-26,15000,A,NORM,Normal,0,2026-03-26,Titanium Credit Card,9300.76,5208.96,F,1996-01-30,Primary,100956,,0.0,21,,,,NORM,0,957
5,Tanta,2023-03-04,150000,A,30DD,30 Days Delinquent,30,2026-04-01,Platinum Credit Card,33770.5,115993.7,M,1985-06-02,Primary,100957,,77335.99,37,,,,30DD,0,958
6,Assiut,2021-12-21,75000,A,NORM,Normal,0,2026-04-01,Business Credit Card,60195.73,14313.26,F,1981-01-03,Secondary,100958,,0.0,52,,,,NORM,0,959
2,Giza,2019-07-30,200000,A,NORM,Normal,0,2026-03-28,World Elite Card,182094.56,17835.82,F,1993-11-26,Primary,100959,,0.0,81,,,,NORM,0,960
6,Assiut,2019-02-03,30000,A,NEW,New,0,2026-03-24,Business Credit Card,24254.17,5477.24,M,1986-08-29,Primary,100961,,0.0,87,,,,NEW,0,962
9,Ismailia,2024-04-21,100000,A,NORM,Normal,0,2026-04-01,Platinum Credit Card,17449.94,82154.84,F,1966-06-19,Primary,100962,,0.0,23,,,,NORM,0,963
10,Suez,2020-04-02,10000,A,90DA,90 Days Delinquent,90,2026-03-31,Gold Credit Card,2781.61,6925.28,M,1990-11-07,Primary,100963,,5111.9,73,,,,90DA,0,964
8,Zagazig,2023-09-03,100000,A,NORM,Normal,0,2026-03-25,Travel Rewards Card,91495.35,8488.42,F,1961-02-07,Primary,100964,,0.0,31,,,,NORM,0,965
9,Ismailia,2024-11-14,100000,A,NORM,Normal,0,2026-03-24,Gold Credit Card,58610.34,41257.35,M,1971-09-04,Primary,100965,,0.0,16,,,,NORM,0,966
5,Tanta,2022-04-30,10000,A,NORM,Normal,0,2026-03-25,Business Credit Card,1744.58,8196.24,M,1977-07-19,Primary,100967,,0.0,47,,,,NORM,0,968
7,Luxor,2024-07-05,30000,A,60DA,60 Days Delinquent,60,2026-03-20,Classic Credit Card,11925.95,17720.29,F,1960-06-29,Primary,100968,,5871.27,21,,,,60DA,0,969
3,Alexandria,2023-09-08,150000,A,NORM,Normal,0,2026-03-19,World Elite Card,75374.81,74526.52,F,1985-11-02,Primary,100971,,0.0,31,,,,NORM,0,972
1,Cairo Main,2019-10-14,20000,A,90DA,90 Days Delinquent,90,2026-03-17,Gold Credit Card,5065.53,14686.2,F,1961-04-28,Primary,100972,,6121.9,78,,,,90DA,0,973
3,Alexandria,2022-04-23,75000,A,NORM,Normal,0,2026-03-23,Gold Credit Card,9005.98,65599.86,F,1992-08-30,Primary,100973,,0.0,47,,,,NORM,0,974
6,Assiut,2018-05-01,15000,A,NORM,Normal,0,2026-04-01,Cashback Card,7880.94,6826.65,F,1987-03-17,Secondary,100974,,0.0,96,,,,NORM,0,975
4,Mansoura,2020-10-31,100000,A,60DA,60 Days Delinquent,60,2026-03-26,Business Credit Card,73941.97,25968.45,M,1968-10-11,Primary,100975,,47304.06,65,,,,60DA,0,976
2,Giza,2018-04-10,10000,A,NORM,Normal,0,2026-04-01,Titanium Credit Card,7519.82,2055.42,M,1986-02-10,Primary,100976,,0.0,97,,,,NORM,0,977
2,Giza,2020-01-30,150000,A,NORM,Normal,0,2026-03-23,Business Credit Card,20271.15,129675.72,F,1975-04-14,Primary,100977,,0.0,75,,,,NORM,0,978
3,Alexandria,2018-11-03,150000,A,30DD,30 Days Delinquent,30,2026-03-22,Titanium Credit Card,34118.92,115566.66,M,1972-12-02,Primary,100980,,72165.5,90,,,,30DD,0,981
8,Zagazig,2018-05-03,5000,A,NORM,Normal,0,2026-03-20,Cashback Card,2284.16,2254.77,M,1971-10-19,Secondary,100981,,0.0,96,,,,NORM,0,982
4,Mansoura,2021-09-12,5000,A,NORM,Normal,0,2026-03-29,Titanium Credit Card,1873.48,2637.62,M,1984-07-16,Secondary,100982,,0.0,55,,,,NORM,0,983
10,Suez,2024-03-08,100000,A,NORM,Normal,0,2026-03-27,Platinum Credit Card,10335.51,89573.89,M,1963-08-13,Primary,100983,,0.0,25,,,,NORM,0,984
7,Luxor,2021-05-27,20000,A,NEW,New,0,2026-03-24,Classic Credit Card,6126.03,13591.02,M,1981-06-03,Primary,100984,,0.0,59,,,,NEW,0,985
9,Ismailia,2018-08-02,75000,A,30DD,30 Days Delinquent,30,2026-03-18,Travel Rewards Card,29431.58,45236.13,F,1981-08-17,Primary,100985,,34005.01,93,,,,30DD,0,986
10,Suez,2021-12-11,20000,A,NORM,Normal,0,2026-03-22,Cashback Card,16405.32,3361.23,M,1976-06-29,Primary,100986,,0.0,52,,,,NORM,0,987
7,Luxor,2024-01-06,200000,A,30DD,30 Days Delinquent,30,2026-03-19,Classic Credit Card,155042.73,44724.0,M,1993-07-12,Primary,100987,,60146.93,27,,,,30DD,0,988
5,Tanta,2020-04-23,100000,A,NORM,Normal,0,2026-03-21,Cashback Card,69399.71,30428.78,F,1984-05-21,Primary,100989,,0.0,72,,,,NORM,0,990
8,Zagazig,2018-03-29,100000,A,NORM,Normal,0,2026-03-21,Classic Credit Card,5789.97,94012.22,F,1965-02-14,Secondary,100992,,0.0,97,,,,NORM,0,993
5,Tanta,2020-10-20,150000,A,NEW,New,0,2026-03-22,World Elite Card,47742.3,101818.45,F,1963-11-02,Primary,100997,,0.0,66,,,,NEW,0,998
5,Tanta,2024-10-26,5000,A,NORM,Normal,0,2026-03-17,Gold Credit Card,3724.83,1100.47,F,1995-02-05,Secondary,100998,,0.0,17,,,,NORM,0,999
1,Cairo Main,2018-02-06,100000,A,NORM,Normal,0,2026-03-20,Classic Credit Card,45870.05,54030.59,M,1979-09-25,Primary,100999,,0.0,99,,,,NORM,0,1000
