BRANCH_ID,BRANCH_NAME,CREATION_DATE,CREDIT_LIMIT,ACTIVATED,STATUS,STATUS_NAME,DELINQUENCY,LAST_STATEMENT_DATE,PRODUCT_NAME,LEDGER_BALANCE,AVAILABLE_LIMIT,GENDER,DOB,CUSTOMER_TYPE,RIMNO,CLOSURE_DATE,OVERDUEAMOUNT,NO_OF_CYCLES,FIRST_REPLACED_CARD,SECOND_REPLACED_CARD,THIRD_REPLACED_CARD,Card account status ,DOB_WAS_MISSING,CUSTOMER_ID
2,Giza,2021-01-31,20000,A,NORM,Normal,0,2026-02-19,Titanium Credit Card,15317.69,4385.28,M,1961-02-13,Primary,100000,,0.0,61,,,,NORM,0,1
4,Mansoura,2023-09-01,200000,A,NORM,Normal,0,2026-02-26,Classic Credit Card,126965.81,72668.88,F,1970-06-08,Primary,100001,,0.0,30,,,,NORM,0,2
3,Alexandria,2022-09-28,50000,A,NORM,Normal,0,2026-02-26,World Elite Card,-624.93,49325.01,F,1991-04-26,Primary,100002,,0.0,41,,,,NORM,0,3
6,Assiut,2020-12-19,5000,A,30DD,30 Days Delinquent,30,2026-02-28,Business Credit Card,247.2,4350.08,M,1987-01-30,Primary,100003,,2260.4,63,,,,30DD,0,4
10,Suez,2018-10-12,5000,A,NORM,Normal,0,2026-02-22,Titanium Credit Card,2827.69,1969.25,M,1968-08-16,Primary,100004,,0.0,89,,,,NORM,0,5
7,Luxor,2024-03-31,20000,A,NORM,Normal,0,2026-02-28,Cashback Card,4588.69,15014.37,M,1972-02-09,Primary,100006,,0.0,23,,,,NORM,0,7
5,Tanta,2024-07-22,75000,A,60DA,60 Days Delinquent,60,2026-02-21,Travel Rewards Card,6918.56,67642.19,M,1993-07-05,Primary,100008,,43514.25,19,,,,60DA,0,9
2,Giza,2024-01-09,30000,A,30DD,30 Days Delinquent,30,2026-02-18,Cashback Card,23602.53,6165.62,F,1990-07-31,Primary,100010,,10138.03,26,,,,30DD,0,11
10,Suez,2023-06-25,5000,A,NORM,Normal,0,2026-02-26,Gold Credit Card,1096.33,3542.99,M,1974-07-16,Primary,100012,,0.0,32,,,,NORM,0,13
2,Giza,2023-06-14,10000,A,NORM,Normal,0,2026-02-20,Platinum Credit Card,8845.72,715.14,M,1992-10-30,Primary,100013,,0.0,33,,,,NORM,0,14
4,Mansoura,2020-04-03,30000,A,NORM,Normal,0,2026-02-19,Travel Rewards Card,16746.12,12798.95,F,1984-03-10,Primary,100014,,0.0,71,,,,NORM,0,15
1,Cairo Main,2024-03-18,20000,A,NEW,New,0,2026-02-22,Titanium Credit Card,1659.51,18067.77,M,1986-05-22,Primary,100015,,0.0,23,,,,NEW,0,16
2,Giza,2020-09-01,30000,A,30DD,30 Days Delinquent,30,2026-02-14,Business Credit Card,7724.73,22252.42,M,1983-01-23,Primary,100016,,7288.64,66,,,,30DD,0,17
7,Luxor,2019-01-22,10000,A,NEW,New,0,2026-02-28,Travel Rewards Card,5763.32,4037.79,F,1968-07-16,Secondary,100017,,0.0,86,,,,NEW,0,18
1,Cairo Main,2021-10-21,10000,A,NORM,Normal,0,2026-02-22,Titanium Credit Card,3611.94,6256.68,F,1978-01-22,Primary,100018,,0.0,53,,,,NORM,0,19
4,Mansoura,2018-11-05,100000,A,NORM,Normal,0,2026-02-23,Gold Credit Card,62910.76,37026.59,M,1999-03-24,Secondary,100019,,0.0,89,,,,NORM,0,20
7,Luxor,2023-05-26,20000,A,NORM,Normal,0,2026-03-01,Travel Rewards Card,10202.12,9316.29,F,1981-10-13,Secondary,100020,,0.0,33,,,,NORM,0,21
5,Tanta,2024-03-26,100000,A,NORM,Normal,0,2026-03-01,Platinum Credit Card,29582.58,69993.39,M,1978-12-22,Primary,100021,,0.0,23,,,,NORM,0,22
6,Assiut,2018-07-25,200000,A,NEW,New,0,2026-02-19,Business Credit Card,153972.88,45990.68,M,1962-07-25,Primary,100022,,0.0,92,,,,NEW,0,23
2,Giza,2020-05-23,150000,A,NORM,Normal,0,2026-02-16,World Elite Card,101113.53,48870.5,M,1984-02-12,Primary,100025,,0.0,70,,,,NORM,0,26
9,Ismailia,2021-05-24,200000,A,NORM,Normal,0,2026-02-16,Classic Credit Card,31299.91,168381.49,M,1991-07-23,Primary,100026,,0.0,58,,,,NORM,0,27
3,Alexandria,2021-02-28,200000,A,NORM,Normal,0,2026-02-15,Titanium Credit Card,11808.03,187740.54,F,1972-03-20,Primary,100027,,0.0,60,,,,NORM,0,28
7,Luxor,2021-02-07,5000,A,NORM,Normal,0,2026-02-15,Classic Credit Card,4369.47,489.74,F,1997-03-15,Primary,100028,,0.0,61,,,,NORM,0,29
1,Cairo Main,2020-05-10,20000,A,60DA,60 Days Delinquent,60,2026-02-22,Gold Credit Card,14192.39,5651.77,F,1976-01-19,Primary,100030,,5045.28,70,,,,60DA,0,31
1,Cairo Main,2023-04-12,20000,A,NORM,Normal,0,2026-02-15,Titanium Credit Card,7730.71,12256.96,F,1998-07-07,Primary,100032,,0.0,35,,,,NORM,0,33
10,Suez,2018-06-06,10000,A,NORM,Normal,0,2026-02-18,Travel Rewards Card,5793.87,3902.13,F,1971-11-28,Secondary,100034,,0.0,94,,,,NORM,0,35
10,Suez,2020-11-09,5000,A,NORM,Normal,0,2026-02-18,Travel Rewards Card,153.59,4559.98,M,1968-07-11,Primary,100035,,0.0,64,,,,NORM,0,36
6,Assiut,2019-05-26,30000,A,NORM,Normal,0,2026-02-19,World Elite Card,21343.28,8405.15,F,1989-10-03,Primary,100036,,0.0,82,,,,NORM,0,37
7,Luxor,2019-12-14,200000,A,NORM,Normal,0,2026-02-14,World Elite Card,103593.66,96249.87,M,1990-05-20,Primary,100037,,0.0,75,,,,NORM,0,38
10,Suez,2021-08-12,100000,A,30DD,30 Days Delinquent,30,2026-02-19,Business Credit Card,30080.57,69661.05,F,1989-05-14,Primary,100038,,42675.37,55,,,,30DD,0,39
10,Suez,2019-01-18,20000,A,NORM,Normal,0,2026-02-17,World Elite Card,14077.35,5572.97,M,1975-01-13,Primary,100039,,0.0,86,,,,NORM,0,40
2,Giza,2022-08-25,200000,A,NORM,Normal,0,2026-02-21,Titanium Credit Card,170809.12,28951.08,F,1980-06-05,Primary,100040,,0.0,42,,,,NORM,0,41
9,Ismailia,2021-07-23,100000,A,NORM,Normal,0,2026-02-25,Travel Rewards Card,-4332.69,95391.71,F,1986-09-16,Primary,100042,,0.0,56,,,,NORM,0,43
9,Ismailia,2024-02-15,200000,A,60DA,60 Days Delinquent,60,2026-02-25,Titanium Credit Card,134305.15,65631.06,F,1993-07-13,Primary,100046,,76268.24,24,,,,60DA,0,47
7,Luxor,2019-11-08,100000,A,NORM,Normal,0,2026-02-26,Platinum Credit Card,65278.65,34472.34,M,1992-06-25,Primary,100047,,0.0,76,,,,NORM,0,48
3,Alexandria,2020-12-01,75000,A,60DA,60 Days Delinquent,60,2026-02-28,Cashback Card,-4237.48,70374.1,F,1962-04-03,Primary,100048,,6313.6,63,,,,60DA,0,49
7,Luxor,2018-12-02,100000,A,NORM,Normal,0,2026-02-22,Classic Credit Card,-9696.99,89810.83,M,1971-04-26,Primary,100049,,0.0,88,,,,NORM,0,50
4,Mansoura,2018-03-25,200000,A,NORM,Normal,0,2026-02-22,Platinum Credit Card,76515.76,123285.3,F,1968-12-10,Primary,100050,,0.0,96,,,,NORM,0,51
5,Tanta,2022-02-19,15000,A,NORM,Normal,0,2026-02-27,Gold Credit Card,-1139.05,13780.0,M,1994-05-26,Primary,100051,,0.0,49,,,,NORM,0,52
7,Luxor,2020-03-23,10000,A,NORM,Normal,0,2026-02-23,Titanium Credit Card,5385.24,4184.46,M,1977-10-16,Primary,100052,,0.0,72,,,,NORM,0,53
3,Alexandria,2019-12-23,150000,A,NORM,Normal,0,2026-02-14,World Elite Card,-2217.32,147348.36,F,1979-07-15,Primary,100054,,0.0,75,,,,NORM,0,55
5,Tanta,2023-01-21,20000,A,NORM,Normal,0,2026-02-17,Business Credit Card,6523.12,13034.48,M,1999-07-19,Secondary,100055,,0.0,37,,,,NORM,0,56
4,Mansoura,2020-11-24,50000,A,90DA,90 Days Delinquent,90,2026-02-17,World Elite Card,41773.55,8034.87,M,1975-12-01,Secondary,100056,,21162.57,64,,,,90DA,0,57
7,Luxor,2024-03-24,20000,A,NORM,Normal,0,2026-02-28,Business Credit Card,10205.48,9405.12,M,1981-11-30,Primary,100057,,0.0,23,,,,NORM,0,58
5,Tanta,2024-07-10,50000,A,NORM,Normal,0,2026-02-22,Business Credit Card,46434.07,3223.5,F,1989-10-13,Primary,100058,,0.0,19,,,,NORM,0,59
5,Tanta,2019-05-10,20000,A,NORM,Normal,0,2026-02-25,Cashback Card,4348.32,15349.42,M,1970-05-05,Primary,100059,,0.0,82,,,,NORM,0,60
10,Suez,2023-11-19,200000,A,NORM,Normal,0,2026-02-21,World Elite Card,71106.37,128476.62,F,1994-02-06,Primary,100060,,0.0,27,,,,NORM,0,61
9,Ismailia,2021-01-28,5000,A,NORM,Normal,0,2026-02-19,Classic Credit Card,221.59,4364.04,F,1965-09-04,Secondary,100061,,0.0,61,,,,NORM,0,62
8,Zagazig,2022-12-10,50000,A,NORM,Normal,0,2026-02-14,Platinum Credit Card,30656.83,18918.09,F,1981-06-22,Secondary,100062,,0.0,39,,,,NORM,0,63
2,Giza,2018-08-08,15000,A,NEW,New,0,2026-02-25,Platinum Credit Card,9324.08,5626.88,M,1985-11-18,Primary,100063,,0.0,92,,,,NEW,0,64
10,Suez,2024-12-08,20000,A,60DA,60 Days Delinquent,60,2026-02-21,Travel Rewards Card,17056.24,2588.15,F,1995-06-21,Secondary,100064,,8067.17,14,,,,60DA,0,65
10,Suez,2024-11-02,10000,A,NEW,New,0,2026-02-15,Titanium Credit Card,7452.48,2103.84,M,1962-09-13,Primary,100065,,0.0,16,,,,NEW,0,66
3,Alexandria,2022-08-01,100000,A,NORM,Normal,0,2026-02-22,Business Credit Card,28391.5,71579.7,M,1960-02-13,Primary,100066,,0.0,43,,,,NORM,0,67
4,Mansoura,2024-08-12,20000,A,NORM,Normal,0,2026-02-18,Travel Rewards Card,15119.97,4475.57,M,1971-11-13,Secondary,100067,,0.0,18,,,,NORM,0,68
1,Cairo Main,2021-06-13,200000,A,NORM,Normal,0,2026-02-15,World Elite Card,65190.24,134622.83,F,1967-06-11,Primary,100068,,0.0,57,,,,NORM,0,69
9,Ismailia,2022-11-29,10000,A,NORM,Normal,0,2026-02-15,Classic Credit Card,6243.2,3419.23,F,1982-02-24,Primary,100069,,0.0,39,,,,NORM,0,70
1,Cairo Main,2021-01-08,200000,A,60DA,60 Days Delinquent,60,2026-02-19,Classic Credit Card,131315.92,68188.9,F,1994-04-21,Primary,100070,,86748.61,62,,,,60DA,0,71
8,Zagazig,2023-04-10,50000,A,NORM,Normal,0,2026-02-21,Travel Rewards Card,7596.28,42218.36,M,1964-02-03,Primary,100071,,0.0,35,,,,NORM,0,72
1,Cairo Main,2024-02-01,100000,A,NORM,Normal,0,2026-03-01,Travel Rewards Card,8593.74,91263.48,F,1989-07-02,Primary,100073,,0.0,25,,,,NORM,0,74
3,Alexandria,2024-03-06,5000,A,NEW,New,0,2026-02-20,Travel Rewards Card,1196.26,3333.76,M,1973-12-09,Secondary,100075,,0.0,24,,,,NEW,0,76
5,Tanta,2021-01-24,75000,A,NORM,Normal,0,2026-02-25,Business Credit Card,59709.07,15171.17,F,1982-10-29,Primary,100076,,0.0,62,,,,NORM,0,77
9,Ismailia,2019-07-14,10000,A,90DA,90 Days Delinquent,90,2026-02-20,World Elite Card,5179.26,4761.41,F,1993-06-23,Primary,100077,,1498.76,80,,,,90DA,0,78
10,Suez,2023-06-29,15000,A,30DD,30 Days Delinquent,30,2026-02-16,Business Credit Card,2670.16,12057.61,F,1989-08-08,Primary,100078,,2161.01,32,,,,30DD,0,79
6,Assiut,2020-02-12,20000,A,NORM,Normal,0,2026-02-15,Travel Rewards Card,4651.43,15194.1,M,1999-01-03,Primary,100079,,0.0,73,,,,NORM,0,80
3,Alexandria,2018-06-01,15000,A,NORM,Normal,0,2026-03-01,Cashback Card,10632.54,4254.46,M,1982-03-21,Secondary,100080,,0.0,94,,,,NORM,0,81
7,Luxor,2019-09-25,10000,A,30DD,30 Days Delinquent,30,2026-02-25,Business Credit Card,6674.14,3078.02,F,1999-01-25,Secondary,100081,,3419.57,78,,,,30DD,0,82
6,Assiut,2023-06-22,150000,A,NORM,Normal,0,2026-02-21,Classic Credit Card,99957.59,49819.09,F,1988-02-12,Primary,100082,,0.0,32,,,,NORM,0,83
2,Giza,2019-11-13,30000,A,NORM,Normal,0,2026-02-16,Classic Credit Card,22692.83,6978.2,M,1979-11-26,Primary,100083,,0.0,76,,,,NORM,0,84
4,Mansoura,2022-08-15,200000,A,NORM,Normal,0,2026-02-14,Platinum Credit Card,76737.48,123128.99,M,1983-10-29,Secondary,100084,,0.0,43,,,,NORM,0,85
8,Zagazig,2019-08-10,20000,A,NORM,Normal,0,2026-03-01,Business Credit Card,11499.13,8419.07,F,1986-02-27,Secondary,100085,,0.0,79,,,,NORM,0,86
9,Ismailia,2018-10-30,100000,A,NORM,Normal,0,2026-02-15,Cashback Card,25850.9,73778.11,F,1967-02-01,Secondary,100086,,0.0,89,,,,NORM,0,87
8,Zagazig,2020-08-29,75000,A,NORM,Normal,0,2026-02-15,Cashback Card,26360.51,48298.51,M,1964-10-13,Primary,100087,,0.0,67,,,,NORM,0,88
10,Suez,2023-07-28,30000,A,NORM,Normal,0,2026-02-18,Titanium Credit Card,-1048.72,28537.57,M,1993-06-04,Primary,100088,,0.0,31,,,,NORM,0,89
3,Alexandria,2024-01-19,50000,A,NORM,Normal,0,2026-02-24,World Elite Card,39957.58,9953.33,F,1995-04-13,Primary,100090,,0.0,25,,,,NORM,0,91
8,Zagazig,2019-07-31,20000,A,30DD,30 Days Delinquent,30,2026-02-26,Travel Rewards Card,17852.62,2087.42,F,1963-05-18,Primary,100091,,804.4,80,,,,30DD,0,92
6,Assiut,2020-12-09,200000,A,NORM,Normal,0,2026-02-24,Travel Rewards Card,63579.16,136017.78,M,1990-03-07,Primary,100092,,0.0,63,,,,NORM,0,93
10,Suez,2018-09-16,100000,A,NORM,Normal,0,2026-02-17,World Elite Card,10802.14,88886.64,M,1969-12-05,Secondary,100093,,0.0,90,,,,NORM,0,94
2,Giza,2020-08-19,150000,A,60DA,60 Days Delinquent,60,2026-02-22,Platinum Credit Card,79646.96,70259.8,F,1964-05-11,Primary,100094,,65499.76,67,,,,60DA,0,95
2,Giza,2023-06-28,200000,A,60DA,60 Days Delinquent,60,2026-02-22,Travel Rewards Card,182935.64,16888.24,F,1997-05-25,Primary,100095,,107243.53,32,,,,60DA,0,96
2,Giza,2022-02-13,150000,A,NORM,Normal,0,2026-02-23,Cashback Card,94182.94,55409.72,F,1990-10-04,Secondary,100096,,0.0,49,,,,NORM,0,97
4,Mansoura,2024-09-11,5000,A,NEW,New,0,2026-02-22,Classic Credit Card,415.11,4441.23,M,1988-10-13,Primary,100097,,0.0,17,,,,NEW,0,98
10,Suez,2020-08-12,50000,A,NORM,Normal,0,2026-02-14,Platinum Credit Card,6898.45,42888.14,M,1969-09-08,Primary,100098,,0.0,67,,,,NORM,0,99
2,Giza,2018-09-18,100000,A,90DA,90 Days Delinquent,90,2026-02-14,Business Credit Card,74727.21,24857.91,M,1993-06-12,Primary,100100,,12394.25,90,,,,90DA,0,101
9,Ismailia,2023-02-20,5000,A,NORM,Normal,0,2026-02-22,Classic Credit Card,1359.66,3217.68,F,1973-07-12,Primary,100101,,0.0,36,,,,NORM,0,102
2,Giza,2024-10-27,15000,A,NEW,New,0,2026-02-14,Gold Credit Card,7323.48,7195.57,F,1974-06-13,Secondary,100102,,0.0,16,,,,NEW,0,103
6,Assiut,2023-02-01,75000,A,NORM,Normal,0,2026-02-25,Travel Rewards Card,27356.03,47512.64,F,1997-02-11,Primary,100104,,0.0,37,,,,NORM,0,105
8,Zagazig,2019-01-09,10000,A,NORM,Normal,0,2026-02-20,Gold Credit Card,6476.74,3514.82,F,1963-01-04,Primary,100105,,0.0,86,,,,NORM,0,106
9,Ismailia,2019-05-16,75000,A,NORM,Normal,0,2026-02-24,Cashback Card,36616.78,38048.04,F,1974-10-14,Primary,100106,,0.0,82,,,,NORM,0,107
7,Luxor,2024-04-16,200000,A,30DD,30 Days Delinquent,30,2026-02-22,Classic Credit Card,169045.82,30833.06,M,1997-11-29,Primary,100108,,107702.12,22,,,,30DD,0,109
6,Assiut,2020-01-14,15000,A,30DD,30 Days Delinquent,30,2026-02-22,Travel Rewards Card,6872.27,7991.95,M,1960-04-10,Primary,100109,,6311.23,74,,,,30DD,0,110
7,Luxor,2021-10-28,15000,A,30DD,30 Days Delinquent,30,2026-02-19,Cashback Card,2108.56,12611.99,M,1980-05-07,Primary,100110,,3091.57,52,,,,30DD,0,111
7,Luxor,2021-03-06,200000,A,30DD,30 Days Delinquent,30,2026-02-19,Business Credit Card,28140.11,171445.8,M,1964-12-21,Secondary,100112,,57086.43,60,,,,30DD,0,113
3,Alexandria,2023-12-22,20000,A,NORM,Normal,0,2026-02-19,Cashback Card,13127.98,6836.01,M,1977-01-20,Primary,100114,,0.0,26,,,,NORM,0,115
10,Suez,2024-06-06,75000,A,NORM,Normal,0,2026-02-23,Travel Rewards Card,37354.07,37310.67,F,1979-04-04,Secondary,100115,,0.0,21,,,,NORM,0,116
8,Zagazig,2022-01-22,10000,A,NORM,Normal,0,2026-03-01,Travel Rewards Card,4214.84,5382.73,F,1997-04-27,Primary,100116,,0.0,49,,,,NORM,0,117
5,Tanta,2021-10-22,20000,A,NORM,Normal,0,2026-02-14,Cashback Card,1543.27,17968.53,M,1993-06-15,Primary,100117,,0.0,53,,,,NORM,0,118
3,Alexandria,2019-02-26,15000,A,60DA,60 Days Delinquent,60,2026-02-16,World Elite Card,-85.57,14760.69,M,1970-08-07,Primary,100118,,8496.81,85,,,,60DA,0,119
10,Suez,2024-07-01,100000,A,NEW,New,0,2026-02-14,Cashback Card,38589.53,61127.21,F,1994-01-31,Primary,100119,,0.0,20,,,,NEW,0,120
10,Suez,2021-12-12,150000,A,NORM,Normal,0,2026-02-24,Gold Credit Card,62261.55,87496.51,F,1962-07-09,Primary,100120,,0.0,51,,,,NORM,0,121
2,Giza,2024-08-30,150000,A,30DD,30 Days Delinquent,30,2026-02-14,Travel Rewards Card,91304.64,58681.2,M,1987-08-03,Secondary,100121,,86343.37,18,,,,30DD,0,122
6,Assiut,2023-05-03,150000,A,NORM,Normal,0,2026-02-20,Platinum Credit Card,22363.95,127317.35,M,1987-02-20,Secondary,100122,,0.0,34,,,,NORM,0,123
3,Alexandria,2020-10-11,100000,A,NEW,New,0,2026-02-19,Business Credit Card,56146.35,43662.53,F,1961-10-03,Primary,100123,,0.0,65,,,,NEW,0,124
1,Cairo Main,2021-10-02,10000,A,NORM,Normal,0,2026-03-01,Cashback Card,-520.35,9419.12,F,1995-05-27,Primary,100124,,0.0,53,,,,NORM,0,125
6,Assiut,2024-07-14,15000,A,NORM,Normal,0,2026-02-20,Cashback Card,4455.64,10047.77,M,1963-08-28,Primary,100125,,0.0,19,,,,NORM,0,126
9,Ismailia,2021-09-07,15000,A,60DA,60 Days Delinquent,60,2026-02-16,Gold Credit Card,-1481.25,13308.32,F,1976-11-23,Primary,100126,,5270.73,54,,,,60DA,0,127
6,Assiut,2023-06-15,20000,A,NORM,Normal,0,2026-02-16,Titanium Credit Card,7404.35,12370.58,M,1994-05-14,Secondary,100127,,0.0,33,,,,NORM,0,128
9,Ismailia,2023-11-27,5000,A,NORM,Normal,0,2026-02-19,Cashback Card,1324.68,3330.01,F,1997-06-17,Primary,100128,,0.0,27,,,,NORM,0,129
8,Zagazig,2022-08-10,50000,A,NORM,Normal,0,2026-02-17,Titanium Credit Card,13532.67,36117.81,F,1961-12-16,Primary,100129,,0.0,43,,,,NORM,0,130
8,Zagazig,2020-03-05,50000,A,NEW,New,0,2026-02-18,Business Credit Card,27364.08,22154.48,F,1997-06-17,Primary,100130,,0.0,72,,,,NEW,0,131
10,Suez,2020-10-21,5000,A,30DD,30 Days Delinquent,30,2026-03-01,Business Credit Card,669.39,4227.67,M,1966-03-17,Secondary,100131,,2236.8,65,,,,30DD,0,132
3,Alexandria,2023-01-15,150000,A,NORM,Normal,0,2026-02-16,Platinum Credit Card,10438.14,139481.31,M,1972-03-27,Secondary,100132,,0.0,38,,,,NORM,0,133
3,Alexandria,2018-06-06,30000,A,NORM,Normal,0,2026-02-21,Business Credit Card,5873.33,23797.94,F,1966-03-04,Primary,100134,,0.0,94,,,,NORM,0,135
10,Suez,2018-09-15,10000,A,NORM,Normal,0,2026-02-22,Business Credit Card,273.78,9441.53,M,1980-07-03,Primary,100136,,0.0,90,,,,NORM,0,137
9,Ismailia,2018-03-25,75000,A,NORM,Normal,0,2026-02-24,Business Credit Card,33908.68,40753.31,F,1984-11-09,Primary,100138,,0.0,96,,,,NORM,0,139
6,Assiut,2019-03-01,200000,A,NORM,Normal,0,2026-02-23,Cashback Card,48919.48,150870.46,F,1970-10-25,Primary,100139,,0.0,85,,,,NORM,0,140
8,Zagazig,2020-01-17,15000,A,30DD,30 Days Delinquent,30,2026-02-26,Gold Credit Card,6897.56,7717.17,F,1988-05-03,Primary,100140,,4940.27,74,,,,30DD,0,141
6,Assiut,2023-10-13,75000,A,NORM,Normal,0,2026-02-28,Business Credit Card,-6871.88,67681.01,M,1973-11-28,Primary,100141,,0.0,29,,,,NORM,0,142
5,Tanta,2022-02-16,75000,A,NORM,Normal,0,2026-02-18,Travel Rewards Card,30200.55,44777.77,F,1965-08-01,Primary,100142,,0.0,49,,,,NORM,0,143
9,Ismailia,2018-12-05,75000,A,NEW,New,0,2026-02-25,Gold Credit Card,54269.06,20545.67,M,1971-12-18,Primary,100143,,0.0,88,,,,NEW,0,144
6,Assiut,2021-04-25,30000,A,NORM,Normal,0,2026-02-20,Business Credit Card,4699.67,25278.87,F,1989-08-24,Primary,100144,,0.0,59,,,,NORM,0,145
7,Luxor,2018-08-23,10000,A,NORM,Normal,0,2026-02-25,Travel Rewards Card,6597.11,3291.17,M,1972-04-25,Primary,100145,,0.0,91,,,,NORM,0,146
3,Alexandria,2023-10-22,75000,A,NORM,Normal,0,2026-02-23,Gold Credit Card,-7317.55,67212.49,F,1982-05-21,Secondary,100148,,0.0,28,,,,NORM,0,149
4,Mansoura,2019-07-10,10000,A,NORM,Normal,0,2026-02-17,Business Credit Card,2785.21,7065.62,M,1965-07-02,Primary,100149,,0.0,80,,,,NORM,0,150
9,Ismailia,2021-05-13,15000,A,NORM,Normal,0,2026-02-23,Platinum Credit Card,2009.45,12719.53,M,1973-01-09,Secondary,100150,,0.0,58,,,,NORM,0,151
8,Zagazig,2022-01-18,150000,A,NORM,Normal,0,2026-02-28,Cashback Card,115538.14,34383.07,M,1961-03-06,Secondary,100151,,0.0,50,,,,NORM,0,152
7,Luxor,2023-05-15,150000,A,NORM,Normal,0,2026-02-26,Travel Rewards Card,57059.29,92849.15,M,1992-02-28,Secondary,100152,,0.0,34,,,,NORM,0,153
8,Zagazig,2023-10-21,50000,A,NORM,Normal,0,2026-02-17,Platinum Credit Card,18665.02,31045.26,F,1990-07-04,Secondary,100153,,0.0,28,,,,NORM,0,154
9,Ismailia,2021-05-30,15000,A,NORM,Normal,0,2026-02-19,Platinum Credit Card,-1058.68,13665.24,F,1966-11-12,Secondary,100154,,0.0,57,,,,NORM,0,155
3,Alexandria,2024-10-14,50000,A,NORM,Normal,0,2026-02-15,Classic Credit Card,29789.87,19966.48,M,1967-09-05,Primary,100156,,0.0,16,,,,NORM,0,157
3,Alexandria,2022-08-30,100000,A,NORM,Normal,0,2026-02-19,Business Credit Card,75582.01,24113.24,M,1979-09-20,Secondary,100158,,0.0,42,,,,NORM,0,159
7,Luxor,2022-02-26,150000,A,90DA,90 Days Delinquent,90,2026-02-25,Gold Credit Card,99948.65,49674.4,F,1965-11-12,Primary,100159,,68410.45,48,,,,90DA,0,160
2,Giza,2021-04-03,75000,A,NORM,Normal,0,2026-02-23,Travel Rewards Card,3233.01,71699.77,F,1962-04-09,Primary,100160,,0.0,59,,,,NORM,0,161
8,Zagazig,2023-03-28,100000,A,NORM,Normal,0,2026-02-27,World Elite Card,-7693.51,92207.86,M,1983-02-02,Primary,100161,,0.0,35,,,,NORM,0,162
10,Suez,2018-07-19,5000,A,NORM,Normal,0,2026-03-01,World Elite Card,4229.74,378.6,F,1975-10-30,Primary,100162,,0.0,92,,,,NORM,0,163
3,Alexandria,2020-12-19,50000,A,NORM,Normal,0,2026-02-19,Travel Rewards Card,35735.05,13960.11,F,1999-08-02,Primary,100163,,0.0,63,,,,NORM,0,164
9,Ismailia,2018-10-29,75000,A,90DA,90 Days Delinquent,90,2026-02-24,Business Credit Card,6167.91,68511.21,M,1972-12-11,Secondary,100164,,9872.12,89,,,,90DA,0,165
6,Assiut,2022-02-06,15000,A,60DA,60 Days Delinquent,60,2026-02-21,Titanium Credit Card,7259.03,7611.81,M,1985-01-08,Primary,100165,,4644.91,49,,,,60DA,0,166
10,Suez,2023-09-09,150000,A,60DA,60 Days Delinquent,60,2026-02-28,Business Credit Card,135823.86,13845.18,M,1975-02-02,Primary,100167,,12350.05,30,,,,60DA,0,168
5,Tanta,2021-05-04,30000,A,NEW,New,0,2026-02-17,Titanium Credit Card,22283.93,7423.6,F,1970-02-01,Primary,100172,,0.0,58,,,,NEW,0,173
2,Giza,2024-02-03,75000,A,NORM,Normal,0,2026-02-14,Travel Rewards Card,12559.39,62187.04,F,1985-09-21,Primary,100173,,0.0,25,,,,NORM,0,174
8,Zagazig,2020-11-16,100000,A,NORM,Normal,0,2026-02-25,Titanium Credit Card,50207.36,49322.4,F,1989-06-04,Primary,100174,,0.0,64,,,,NORM,0,175
8,Zagazig,2019-07-18,5000,A,NORM,Normal,0,2026-02-27,Platinum Credit Card,3738.55,890.08,F,1964-07-05,Primary,100176,,0.0,80,,,,NORM,0,177
5,Tanta,2018-08-31,10000,A,NORM,Normal,0,2026-02-22,Titanium Credit Card,7655.98,2198.35,F,1988-12-21,Secondary,100177,,0.0,91,,,,NORM,0,178
8,Zagazig,2021-03-31,5000,A,NORM,Normal,0,2026-02-24,Classic Credit Card,2585.72,2104.57,M,1968-05-10,Primary,100178,,0.0,59,,,,NORM,0,179
8,Zagazig,2019-07-04,150000,A,60DA,60 Days Delinquent,60,2026-02-14,Business Credit Card,126340.48,23604.82,M,1999-11-21,Primary,100179,,9631.12,81,,,,60DA,0,180
3,Alexandria,2021-10-12,30000,A,90DA,90 Days Delinquent,90,2026-02-20,Titanium Credit Card,4867.86,24853.36,F,1960-08-18,Primary,100180,,3681.29,53,,,,90DA,0,181
2,Giza,2019-07-30,100000,A,NORM,Normal,0,2026-02-17,Cashback Card,8495.49,91164.95,F,1968-04-15,Primary,100181,,0.0,80,,,,NORM,0,182
5,Tanta,2024-06-04,5000,A,NORM,Normal,0,2026-02-23,World Elite Card,525.32,4106.71,M,1986-02-16,Primary,100182,,0.0,21,,,,NORM,0,183
9,Ismailia,2021-06-27,10000,A,NORM,Normal,0,2026-02-14,World Elite Card,2171.44,7389.96,M,1999-10-28,Secondary,100183,,0.0,56,,,,NORM,0,184
8,Zagazig,2024-10-17,50000,A,NEW,New,0,2026-03-01,Travel Rewards Card,12356.17,37508.35,M,1993-07-16,Primary,100184,,0.0,16,,,,NEW,0,185
9,Ismailia,2023-12-04,50000,A,NEW,New,0,2026-02-19,Gold Credit Card,14819.97,34926.29,M,1980-01-15,Primary,100185,,0.0,27,,,,NEW,0,186
9,Ismailia,2019-04-22,20000,A,30DD,30 Days Delinquent,30,2026-02-23,Business Credit Card,8433.54,11254.5,F,1979-10-27,Primary,100186,,10893.4,83,,,,30DD,0,187
2,Giza,2022-10-02,50000,A,NORM,Normal,0,2026-02-17,Gold Credit Card,42882.55,6833.83,F,1962-01-12,Primary,100188,,0.0,41,,,,NORM,0,189
7,Luxor,2022-04-16,100000,A,NORM,Normal,0,2026-02-24,Travel Rewards Card,74999.73,24933.36,M,1976-10-18,Primary,100189,,0.0,47,,,,NORM,0,190
9,Ismailia,2020-07-01,5000,A,NORM,Normal,0,2026-02-16,Classic Credit Card,-125.49,4412.48,F,1965-09-17,Primary,100190,,0.0,68,,,,NORM,0,191
8,Zagazig,2019-09-28,30000,A,NORM,Normal,0,2026-02-22,Titanium Credit Card,7009.0,22612.27,F,1975-07-12,Primary,100191,,0.0,78,,,,NORM,0,192
4,Mansoura,2019-02-18,200000,A,NORM,Normal,0,2026-02-20,Classic Credit Card,131242.33,68680.59,M,1963-01-07,Primary,100192,,0.0,85,,,,NORM,0,193
5,Tanta,2019-08-10,150000,A,NORM,Normal,0,2026-02-28,Titanium Credit Card,292.63,149604.99,F,1999-04-22,Primary,100194,,0.0,79,,,,NORM,0,195
7,Luxor,2023-07-24,5000,A,NEW,New,0,2026-02-27,Cashback Card,3971.26,916.52,F,1984-12-07,Primary,100195,,0.0,31,,,,NEW,0,196
3,Alexandria,2024-01-13,100000,A,NORM,Normal,0,2026-02-20,Titanium Credit Card,89724.47,10189.08,M,1993-11-03,Secondary,100196,,0.0,25,,,,NORM,0,197
2,Giza,2020-02-20,5000,A,NORM,Normal,0,2026-02-21,World Elite Card,-455.71,4162.5,M,1984-01-10,Primary,100198,,0.0,73,,,,NORM,0,199
4,Mansoura,2020-05-05,50000,A,NORM,Normal,0,2026-03-01,World Elite Card,11238.45,38608.75,M,1981-07-03,Primary,100199,,0.0,70,,,,NORM,0,200
10,Suez,2020-04-17,75000,A,NORM,Normal,0,2026-02-14,Titanium Credit Card,37388.86,37359.9,F,1991-07-27,Primary,100200,,0.0,71,,,,NORM,0,201
5,Tanta,2023-10-02,100000,A,NORM,Normal,0,2026-02-20,Business Credit Card,24365.68,75265.95,F,1976-02-18,Primary,100201,,0.0,29,,,,NORM,0,202
10,Suez,2020-06-25,15000,A,NORM,Normal,0,2026-02-25,Classic Credit Card,3394.98,11232.34,F,1998-10-05,Primary,100202,,0.0,69,,,,NORM,0,203
7,Luxor,2020-10-03,100000,A,30DD,30 Days Delinquent,30,2026-02-27,Cashback Card,1738.27,98191.28,F,1985-07-23,Primary,100203,,55844.64,65,,,,30DD,0,204
3,Alexandria,2024-02-17,100000,A,NORM,Normal,0,2026-02-23,Platinum Credit Card,62468.59,37508.67,M,1992-04-23,Secondary,100204,,0.0,24,,,,NORM,0,205
7,Luxor,2020-08-05,10000,A,NORM,Normal,0,2026-02-26,Platinum Credit Card,6693.76,2837.41,F,1966-03-02,Primary,100205,,0.0,67,,,,NORM,0,206
7,Luxor,2020-01-05,10000,A,NORM,Normal,0,2026-03-01,Gold Credit Card,689.28,8961.57,M,1996-02-29,Primary,100207,,0.0,74,,,,NORM,0,208
10,Suez,2019-01-26,150000,A,NORM,Normal,0,2026-02-22,Classic Credit Card,-7689.91,141905.28,F,1998-06-26,Primary,100210,,0.0,86,,,,NORM,0,211
9,Ismailia,2018-05-15,15000,A,NORM,Normal,0,2026-02-24,Cashback Card,4095.63,10559.81,M,1985-04-11,Secondary,100211,,0.0,94,,,,NORM,0,212
10,Suez,2024-05-10,75000,A,NEW,New,0,2026-02-16,Cashback Card,40652.85,34317.33,M,1970-10-14,Primary,100212,,0.0,22,,,,NEW,0,213
2,Giza,2020-08-08,10000,A,NORM,Normal,0,2026-02-23,Cashback Card,3579.55,6298.42,M,1979-08-10,Primary,100213,,0.0,67,,,,NORM,0,214
4,Mansoura,2024-03-15,75000,A,NORM,Normal,0,2026-02-23,Travel Rewards Card,62820.35,11843.06,F,1975-12-17,Primary,100214,,0.0,23,,,,NORM,0,215
2,Giza,2021-01-02,15000,A,NORM,Normal,0,2026-02-17,Travel Rewards Card,10265.0,4482.17,F,1963-09-06,Primary,100215,,0.0,62,,,,NORM,0,216
8,Zagazig,2021-01-09,10000,A,NORM,Normal,0,2026-03-01,Platinum Credit Card,1602.24,8121.69,F,1976-02-22,Primary,100216,,0.0,62,,,,NORM,0,217
2,Giza,2019-01-03,50000,A,NORM,Normal,0,2026-02-25,Gold Credit Card,29850.76,19753.69,M,1961-03-06,Primary,100217,,0.0,87,,,,NORM,0,218
4,Mansoura,2023-11-05,15000,A,NORM,Normal,0,2026-02-15,Travel Rewards Card,6502.6,8011.99,F,1985-08-27,Primary,100218,,0.0,28,,,,NORM,0,219
3,Alexandria,2021-02-04,75000,A,60DA,60 Days Delinquent,60,2026-03-01,World Elite Card,-2515.07,72246.49,F,1979-07-01,Secondary,100219,,32016.99,61,,,,60DA,0,220
8,Zagazig,2022-10-30,200000,A,NORM,Normal,0,2026-02-21,Platinum Credit Card,168759.33,30971.56,M,1975-01-06,Primary,100221,,0.0,40,,,,NORM,0,222
5,Tanta,2023-07-05,200000,A,NORM,Normal,0,2026-02-15,Titanium Credit Card,6761.49,192935.16,F,1992-12-18,Primary,100222,,0.0,32,,,,NORM,0,223
10,Suez,2020-01-07,150000,A,30DD,30 Days Delinquent,30,2026-02-20,Classic Credit Card,40494.07,109209.22,F,1984-06-22,Secondary,100223,,52370.21,74,,,,30DD,0,224
8,Zagazig,2021-05-25,20000,A,NORM,Normal,0,2026-02-25,World Elite Card,13422.91,6568.77,F,1966-03-30,Primary,100224,,0.0,58,,,,NORM,0,225
10,Suez,2023-12-29,150000,A,NORM,Normal,0,2026-02-24,Travel Rewards Card,94609.16,54979.85,M,1977-12-23,Primary,100225,,0.0,26,,,,NORM,0,226
10,Suez,2024-04-25,75000,A,NORM,Normal,0,2026-02-24,Cashback Card,57817.85,17112.97,M,1961-12-26,Primary,100226,,0.0,22,,,,NORM,0,227
9,Ismailia,2024-06-14,20000,A,NORM,Normal,0,2026-02-15,Business Credit Card,3729.4,16053.02,F,1986-01-15,Primary,100227,,0.0,20,,,,NORM,0,228
9,Ismailia,2021-11-27,100000,A,NORM,Normal,0,2026-02-17,Gold Credit Card,51977.9,47523.59,F,1981-08-30,Primary,100229,,0.0,51,,,,NORM,0,230
6,Assiut,2019-03-24,15000,A,NEW,New,0,2026-02-14,Titanium Credit Card,7213.62,7488.74,M,1989-01-24,Primary,100230,,0.0,84,,,,NEW,0,231
7,Luxor,2020-01-26,15000,A,NORM,Normal,0,2026-02-23,Travel Rewards Card,8230.46,6484.05,M,1988-03-31,Primary,100231,,0.0,74,,,,NORM,0,232
9,Ismailia,2021-07-07,200000,A,60DA,60 Days Delinquent,60,2026-03-01,Travel Rewards Card,92651.31,107082.08,M,1988-09-01,Primary,100233,,119670.36,56,,,,60DA,0,234
3,Alexandria,2021-05-03,200000,A,NORM,Normal,0,2026-02-17,Gold Credit Card,146390.4,53526.27,M,1996-07-02,Primary,100234,,0.0,58,,,,NORM,0,235
3,Alexandria,2022-05-11,75000,A,NORM,Normal,0,2026-02-17,Platinum Credit Card,5958.48,68623.67,M,1982-11-30,Primary,100235,,0.0,46,,,,NORM,0,236
3,Alexandria,2021-03-29,15000,A,NORM,Normal,0,2026-03-01,Platinum Credit Card,4748.15,10106.91,M,1981-12-18,Secondary,100236,,0.0,59,,,,NORM,0,237
4,Mansoura,2022-04-22,150000,A,NORM,Normal,0,2026-02-22,Business Credit Card,69206.0,80667.67,F,1996-07-26,Primary,100237,,0.0,46,,,,NORM,0,238
2,Giza,2020-08-28,20000,A,NORM,Normal,0,2026-02-17,Cashback Card,2469.94,17190.23,M,1994-10-16,Secondary,100241,,0.0,67,,,,NORM,0,242
3,Alexandria,2022-08-13,5000,A,NEW,New,0,2026-02-20,World Elite Card,3528.08,1376.13,M,1993-08-24,Primary,100243,,0.0,43,,,,NEW,0,244
8,Zagazig,2024-06-23,30000,A,NEW,New,0,2026-02-26,Travel Rewards Card,12833.59,16926.48,M,1966-05-18,Primary,100244,,0.0,20,,,,NEW,0,245
8,Zagazig,2021-09-02,200000,A,NORM,Normal,0,2026-02-23,Classic Credit Card,164419.24,35178.94,F,1981-11-22,Primary,100245,,0.0,54,,,,NORM,0,246
4,Mansoura,2019-06-25,30000,A,NORM,Normal,0,2026-02-26,Platinum Credit Card,26609.95,3201.14,F,1990-11-20,Primary,100248,,0.0,81,,,,NORM,0,249
7,Luxor,2021-06-05,20000,A,NORM,Normal,0,2026-02-16,Travel Rewards Card,10544.49,9019.39,M,1988-01-23,Primary,100249,,0.0,57,,,,NORM,0,250
4,Mansoura,2022-12-28,5000,A,NORM,Normal,0,2026-02-23,Classic Credit Card,3989.32,948.24,F,1983-04-20,Primary,100250,,0.0,38,,,,NORM,0,251
2,Giza,2019-02-24,10000,A,30DD,30 Days Delinquent,30,2026-02-17,Cashback Card,2096.4,7507.04,M,1992-10-11,Primary,100251,,1922.41,85,,,,30DD,0,252
2,Giza,2024-04-26,5000,A,NORM,Normal,0,2026-02-19,Platinum Credit Card,3623.7,1190.12,M,1983-10-18,Secondary,100252,,0.0,22,,,,NORM,0,253
2,Giza,2024-03-16,200000,A,NORM,Normal,0,2026-02-28,World Elite Card,53016.61,146932.58,M,1971-02-17,Primary,100254,,0.0,23,,,,NORM,0,255
5,Tanta,2018-08-12,20000,A,NORM,Normal,0,2026-02-27,Business Credit Card,682.24,19225.34,M,1988-12-25,Primary,100255,,0.0,91,,,,NORM,0,256
10,Suez,2018-02-26,30000,A,NORM,Normal,0,2026-02-19,Titanium Credit Card,17239.95,12394.3,F,1963-01-11,Primary,100257,,0.0,97,,,,NORM,0,258
7,Luxor,2022-07-06,10000,A,NORM,Normal,0,2026-02-18,Platinum Credit Card,2409.6,7499.93,F,1991-06-25,Primary,100258,,0.0,44,,,,NORM,0,259
8,Zagazig,2024-10-29,5000,A,NORM,Normal,0,2026-02-18,World Elite Card,1263.94,3709.95,M,1987-06-19,Primary,100260,,0.0,16,,,,NORM,0,261
6,Assiut,2023-10-20,30000,A,NORM,Normal,0,2026-02-18,Platinum Credit Card,11119.46,18726.91,F,1983-06-17,Primary,100261,,0.0,28,,,,NORM,0,262
7,Luxor,2023-11-16,10000,A,NORM,Normal,0,2026-02-20,World Elite Card,482.03,9298.79,F,1972-03-14,Primary,100262,,0.0,27,,,,NORM,0,263
1,Cairo Main,2022-01-30,75000,A,NORM,Normal,0,2026-03-01,Platinum Credit Card,63477.53,11420.88,F,1981-02-28,Primary,100264,,0.0,49,,,,NORM,0,265
5,Tanta,2018-11-16,200000,A,NORM,Normal,0,2026-02-23,Cashback Card,25732.38,174226.05,M,1997-01-19,Primary,100265,,0.0,88,,,,NORM,0,266
7,Luxor,2023-03-21,30000,A,30DD,30 Days Delinquent,30,2026-02-24,World Elite Card,25930.99,3578.81,F,1963-02-03,Primary,100266,,7974.67,35,,,,30DD,0,267
5,Tanta,2024-12-25,20000,A,NEW,New,0,2026-03-01,Business Credit Card,5405.15,14507.81,F,1993-03-05,Primary,100267,,0.0,14,,,,NEW,0,268
3,Alexandria,2022-08-07,5000,A,NORM,Normal,0,2026-02-15,Titanium Credit Card,465.76,4192.1,F,1960-04-14,Primary,100268,,0.0,43,,,,NORM,0,269
2,Giza,2023-12-11,20000,A,NORM,Normal,0,2026-02-14,Travel Rewards Card,15466.38,4427.27,M,1969-03-15,Primary,100269,,0.0,27,,,,NORM,0,270
7,Luxor,2019-06-20,20000,A,NORM,Normal,0,2026-02-17,World Elite Card,6011.83,13944.36,F,1989-09-18,Primary,100271,,0.0,81,,,,NORM,0,272
2,Giza,2019-07-12,200000,A,NEW,New,0,2026-02-23,Gold Credit Card,63473.0,136060.93,M,1969-02-03,Primary,100272,,0.0,80,,,,NEW,0,273
9,Ismailia,2020-04-30,100000,A,NORM,Normal,0,2026-02-16,World Elite Card,53483.13,46388.39,M,1976-01-27,Primary,100273,,0.0,71,,,,NORM,0,274
3,Alexandria,2022-07-15,100000,A,NEW,New,0,2026-02-22,Titanium Credit Card,25729.85,74156.21,M,1961-05-24,Primary,100275,,0.0,44,,,,NEW,0,276
3,Alexandria,2022-06-29,50000,A,30DD,30 Days Delinquent,30,2026-02-20,Gold Credit Card,12869.98,37082.42,M,1968-11-20,Primary,100276,,3007.04,44,,,,30DD,0,277
2,Giza,2021-09-20,10000,A,NORM,Normal,0,2026-02-20,Classic Credit Card,2095.49,7766.04,M,1998-01-02,Primary,100277,,0.0,54,,,,NORM,0,278
9,Ismailia,2022-05-10,30000,A,NEW,New,0,2026-02-27,Platinum Credit Card,20030.53,9664.87,M,1974-06-05,Secondary,100281,,0.0,46,,,,NEW,0,282
8,Zagazig,2022-01-04,200000,A,NORM,Normal,0,2026-02-27,Titanium Credit Card,93494.06,106186.29,M,1983-10-01,Primary,100282,,0.0,50,,,,NORM,0,283
10,Suez,2019-08-06,200000,A,NORM,Normal,0,2026-02-17,Titanium Credit Card,174452.62,25334.65,F,1985-04-13,Primary,100284,,0.0,79,,,,NORM,0,285
4,Mansoura,2020-06-15,5000,A,NORM,Normal,0,2026-02-19,Business Credit Card,456.68,4434.5,M,1986-12-27,Primary,100285,,0.0,69,,,,NORM,0,286
2,Giza,2021-05-21,50000,A,NORM,Normal,0,2026-02-24,Platinum Credit Card,-4403.78,45185.69,F,1975-02-05,Primary,100287,,0.0,58,,,,NORM,0,288
6,Assiut,2024-08-09,15000,A,NORM,Normal,0,2026-02-16,Travel Rewards Card,7589.2,7225.6,M,1970-01-05,Primary,100288,,0.0,18,,,,NORM,0,289
10,Suez,2020-01-16,200000,A,NEW,New,0,2026-02-19,Cashback Card,26412.34,173193.0,M,1961-06-14,Primary,100289,,0.0,74,,,,NEW,0,290
6,Assiut,2019-11-19,10000,A,NORM,Normal,0,2026-02-19,Cashback Card,-782.99,8856.05,F,1974-05-01,Primary,100290,,0.0,76,,,,NORM,0,291
5,Tanta,2019-03-19,5000,A,30DD,30 Days Delinquent,30,2026-02-27,Classic Credit Card,-395.13,4232.66,F,1995-04-21,Secondary,100291,,804.65,84,,,,30DD,0,292
1,Cairo Main,2020-12-05,10000,A,NORM,Normal,0,2026-02-19,Gold Credit Card,273.26,9364.99,F,1974-04-18,Primary,100293,,0.0,63,,,,NORM,0,294
4,Mansoura,2024-03-19,150000,A,60DA,60 Days Delinquent,60,2026-02-14,World Elite Card,17536.99,132428.17,M,1978-05-11,Primary,100295,,31220.97,23,,,,60DA,0,296
8,Zagazig,2018-08-12,50000,A,90DA,90 Days Delinquent,90,2026-02-17,Classic Credit Card,2342.7,47437.36,F,1966-11-21,Primary,100296,,6902.47,91,,,,90DA,0,297
4,Mansoura,2021-04-10,10000,A,NORM,Normal,0,2026-02-19,Business Credit Card,1540.94,8149.72,F,1967-08-30,Primary,100297,,0.0,59,,,,NORM,0,298
4,Mansoura,2021-01-05,200000,A,NORM,Normal,0,2026-02-14,Classic Credit Card,116638.92,82930.69,M,1997-07-19,Secondary,100299,,0.0,62,,,,NORM,0,300
4,Mansoura,2018-09-07,75000,A,NORM,Normal,0,2026-02-17,Travel Rewards Card,54701.0,20241.15,M,1984-10-31,Primary,100300,,0.0,91,,,,NORM,0,301
9,Ismailia,2023-10-18,200000,A,NEW,New,0,2026-02-14,Platinum Credit Card,118605.17,80975.67,M,1985-08-15,Secondary,100301,,0.0,28,,,,NEW,0,302
1,Cairo Main,2018-11-17,75000,A,NORM,Normal,0,2026-02-17,Titanium Credit Card,4974.63,69728.12,F,1978-12-28,Secondary,100302,,0.0,88,,,,NORM,0,303
7,Luxor,2022-06-16,150000,A,NORM,Normal,0,2026-02-21,Cashback Card,24276.41,125635.05,F,1984-12-15,Primary,100303,,0.0,45,,,,NORM,0,304
9,Ismailia,2021-11-09,75000,A,NEW,New,0,2026-02-20,World Elite Card,8623.09,66109.2,F,1999-06-25,Primary,100305,,0.0,52,,,,NEW,0,306
10,Suez,2022-07-04,5000,A,NORM,Normal,0,2026-03-01,Travel Rewards Card,4620.39,0.0,M,1987-04-21,Secondary,100306,,0.0,44,,,,NORM,0,307
5,Tanta,2022-09-04,200000,A,NORM,Normal,0,2026-02-26,Gold Credit Card,1514.2,198168.92,M,1992-09-09,Primary,100308,,0.0,42,,,,NORM,0,309
1,Cairo Main,2019-10-14,10000,A,NEW,New,0,2026-02-16,World Elite Card,5215.77,4387.11,M,1983-02-11,Primary,100309,,0.0,77,,,,NEW,0,310
4,Mansoura,2023-02-13,5000,A,NORM,Normal,0,2026-03-01,Cashback Card,2100.31,2769.63,F,1961-06-25,Primary,100310,,0.0,37,,,,NORM,0,311
4,Mansoura,2023-06-26,200000,A,NORM,Normal,0,2026-02-15,Business Credit Card,92682.02,106888.88,F,1976-09-15,Primary,100311,,0.0,32,,,,NORM,0,312
1,Cairo Main,2018-02-06,100000,A,NORM,Normal,0,2026-03-01,Platinum Credit Card,78815.12,21123.24,M,1998-10-14,Primary,100313,,0.0,98,,,,NORM,0,314
7,Luxor,2021-11-29,100000,A,NORM,Normal,0,2026-02-17,World Elite Card,48043.56,51676.46,F,1976-11-20,Secondary,100314,,0.0,51,,,,NORM,0,315
5,Tanta,2021-05-08,20000,A,NORM,Normal,0,2026-02-22,Platinum Credit Card,7306.94,12319.35,F,1971-09-18,Primary,100316,,0.0,58,,,,NORM,0,317
5,Tanta,2022-09-11,75000,A,NORM,Normal,0,2026-03-01,Travel Rewards Card,29898.09,45094.95,M,1971-08-21,Primary,100317,,0.0,42,,,,NORM,0,318
8,Zagazig,2022-01-08,150000,A,NEW,New,0,2026-02-16,World Elite Card,2752.94,146771.3,M,1990-02-19,Primary,100318,,0.0,50,,,,NEW,0,319
9,Ismailia,2020-01-20,50000,A,NORM,Normal,0,2026-02-28,Gold Credit Card,1705.11,48228.27,M,1994-03-22,Primary,100319,,0.0,74,,,,NORM,0,320
5,Tanta,2021-04-19,100000,A,NORM,Normal,0,2026-02-28,Gold Credit Card,78975.15,20593.67,M,1986-04-07,Secondary,100320,,0.0,59,,,,NORM,0,321
7,Luxor,2021-05-07,75000,A,NORM,Normal,0,2026-03-01,Classic Credit Card,28868.74,46127.6,M,1983-10-07,Primary,100321,,0.0,58,,,,NORM,0,322
3,Alexandria,2020-01-09,10000,A,30DD,30 Days Delinquent,30,2026-02-21,Business Credit Card,6239.4,3341.17,F,1974-03-11,Primary,100322,,1996.61,74,,,,30DD,0,323
1,Cairo Main,2023-12-27,20000,A,NEW,New,0,2026-03-01,Cashback Card,1033.3,18591.37,M,1961-09-10,Primary,100324,,0.0,26,,,,NEW,0,325
6,Assiut,2019-06-13,10000,A,60DA,60 Days Delinquent,60,2026-02-16,Travel Rewards Card,3984.03,5643.77,M,1973-12-31,Primary,100325,,5906.3,81,,,,60DA,0,326
9,Ismailia,2023-11-17,50000,A,NORM,Normal,0,2026-02-24,Travel Rewards Card,-898.25,48853.75,F,1986-10-01,Primary,100326,,0.0,27,,,,NORM,0,327
1,Cairo Main,2020-07-07,15000,A,NORM,Normal,0,2026-02-26,Titanium Credit Card,12518.66,2158.5,M,1970-03-31,Primary,100327,,0.0,68,,,,NORM,0,328
7,Luxor,2024-02-20,30000,A,NORM,Normal,0,2026-02-24,Business Credit Card,-2622.03,27104.89,M,1965-07-17,Primary,100329,,0.0,24,,,,NORM,0,330
4,Mansoura,2020-03-29,30000,A,NORM,Normal,0,2026-03-01,Titanium Credit Card,1269.57,28444.81,F,1987-04-26,Primary,100331,,0.0,72,,,,NORM,0,332
8,Zagazig,2020-08-18,5000,A,NORM,Normal,0,2026-02-25,Classic Credit Card,2675.8,2309.19,F,1974-10-30,Secondary,100332,,0.0,67,,,,NORM,0,333
6,Assiut,2021-07-04,75000,A,NORM,Normal,0,2026-02-17,Gold Credit Card,28053.34,46866.54,M,1995-12-16,Primary,100334,,0.0,56,,,,NORM,0,335
6,Assiut,2024-12-21,30000,A,60DA,60 Days Delinquent,60,2026-03-01,Gold Credit Card,11887.34,18074.87,M,1979-08-20,Primary,100335,,7322.33,14,,,,60DA,0,336
7,Luxor,2023-05-13,75000,A,NORM,Normal,0,2026-02-26,Platinum Credit Card,61023.43,13621.6,M,1990-12-12,Primary,100336,,0.0,34,,,,NORM,0,337
10,Suez,2022-11-30,15000,A,NORM,Normal,0,2026-03-01,Travel Rewards Card,1133.15,13462.98,M,1990-06-06,Primary,100337,,0.0,39,,,,NORM,0,338
7,Luxor,2018-07-08,10000,A,NORM,Normal,0,2026-02-20,World Elite Card,3274.15,6234.22,M,1979-10-08,Primary,100338,,0.0,93,,,,NORM,0,339
8,Zagazig,2023-07-24,15000,A,NORM,Normal,0,2026-03-01,Gold Credit Card,7756.48,6865.86,M,1998-03-19,Secondary,100340,,0.0,31,,,,NORM,0,341
4,Mansoura,2022-03-31,75000,A,NORM,Normal,0,2026-02-17,Titanium Credit Card,57334.31,17266.77,F,1984-09-10,Primary,100341,,0.0,47,,,,NORM,0,342
6,Assiut,2023-07-31,5000,A,NORM,Normal,0,2026-02-22,Gold Credit Card,458.82,4220.4,M,1965-04-28,Primary,100342,,0.0,31,,,,NORM,0,343
10,Suez,2021-06-01,150000,A,NORM,Normal,0,2026-03-01,Titanium Credit Card,-2572.81,147194.38,F,1988-08-06,Secondary,100343,,0.0,57,,,,NORM,0,344
9,Ismailia,2024-12-13,200000,A,30DD,30 Days Delinquent,30,2026-02-26,Business Credit Card,36773.16,163054.37,M,1994-06-04,Primary,100344,,83198.99,14,,,,30DD,0,345
6,Assiut,2021-04-10,150000,A,NORM,Normal,0,2026-02-27,Cashback Card,1742.35,147923.94,M,1975-12-06,Primary,100345,,0.0,59,,,,NORM,0,346
5,Tanta,2020-03-13,20000,A,NORM,Normal,0,2026-02-16,Gold Credit Card,16497.69,3005.63,F,1987-05-27,Primary,100346,,0.0,72,,,,NORM,0,347
1,Cairo Main,2024-08-08,10000,A,NEW,New,0,2026-02-25,Business Credit Card,7307.22,2238.63,M,1988-05-28,Primary,100347,,0.0,19,,,,NEW,0,348
7,Luxor,2024-07-24,100000,A,NORM,Normal,0,2026-02-15,Platinum Credit Card,-3827.32,96167.84,M,1997-08-17,Primary,100348,,0.0,19,,,,NORM,0,349
9,Ismailia,2022-04-25,75000,A,NORM,Normal,0,2026-02-26,Titanium Credit Card,10669.3,63920.27,F,1999-07-15,Primary,100349,,0.0,46,,,,NORM,0,350
7,Luxor,2023-09-30,30000,A,NORM,Normal,0,2026-02-28,Cashback Card,16520.9,13195.47,M,1987-01-10,Primary,100350,,0.0,29,,,,NORM,0,351
3,Alexandria,2024-02-01,50000,A,NEW,New,0,2026-02-23,Gold Credit Card,33120.23,16615.23,F,1982-08-08,Primary,100351,,0.0,25,,,,NEW,0,352
3,Alexandria,2020-10-23,15000,A,NORM,Normal,0,2026-02-26,Classic Credit Card,2759.1,11768.63,M,1972-11-08,Secondary,100353,,0.0,65,,,,NORM,0,354
9,Ismailia,2024-10-07,20000,A,NORM,Normal,0,2026-02-28,Titanium Credit Card,4905.92,14654.76,M,1993-02-14,Primary,100356,,0.0,17,,,,NORM,0,357
2,Giza,2018-06-16,75000,A,NORM,Normal,0,2026-02-15,World Elite Card,22181.14,52422.22,M,1976-12-02,Secondary,100357,,0.0,93,,,,NORM,0,358
8,Zagazig,2019-09-27,5000,A,NORM,Normal,0,2026-02-27,Platinum Credit Card,-474.65,4267.27,M,1991-11-01,Secondary,100358,,0.0,78,,,,NORM,0,359
10,Suez,2022-01-06,10000,A,NORM,Normal,0,2026-02-27,Cashback Card,7382.37,2606.06,M,1984-09-04,Primary,100359,,0.0,50,,,,NORM,0,360
7,Luxor,2021-12-02,20000,A,90DA,90 Days Delinquent,90,2026-02-15,Titanium Credit Card,11183.29,8406.51,F,1964-02-15,Primary,100360,,2096.93,51,,,,90DA,0,361
8,Zagazig,2018-02-06,10000,A,NEW,New,0,2026-02-28,Cashback Card,4585.29,5028.04,M,1985-03-06,Primary,100361,,0.0,98,,,,NEW,0,362
2,Giza,2020-11-16,150000,A,NORM,Normal,0,2026-02-16,World Elite Card,100456.2,49393.7,F,1977-04-23,Secondary,100362,,0.0,64,,,,NORM,0,363
1,Cairo Main,2020-02-28,50000,A,NORM,Normal,0,2026-02-21,Gold Credit Card,7859.55,42115.12,M,1973-04-18,Primary,100363,,0.0,73,,,,NORM,0,364
2,Giza,2024-01-12,75000,A,NORM,Normal,0,2026-02-27,Gold Credit Card,1850.83,73100.78,F,1969-03-22,Primary,100364,,0.0,25,,,,NORM,0,365
3,Alexandria,2020-10-28,150000,A,NORM,Normal,0,2026-02-18,Gold Credit Card,-1586.83,148366.94,F,1995-08-17,Primary,100365,,0.0,65,,,,NORM,0,366
6,Assiut,2022-05-15,10000,A,NORM,Normal,0,2026-03-01,Classic Credit Card,485.98,9227.35,M,1960-10-03,Primary,100366,,0.0,46,,,,NORM,0,367
5,Tanta,2021-05-19,200000,A,NORM,Normal,0,2026-02-22,Gold Credit Card,158051.53,41942.45,F,1995-04-19,Secondary,100367,,0.0,58,,,,NORM,0,368
3,Alexandria,2020-06-19,15000,A,NORM,Normal,0,2026-02-21,Travel Rewards Card,5532.02,9280.45,F,1983-12-06,Secondary,100368,,0.0,69,,,,NORM,0,369
7,Luxor,2023-10-01,15000,A,NORM,Normal,0,2026-02-27,Platinum Credit Card,12379.44,2260.05,F,1988-12-21,Primary,100370,,0.0,29,,,,NORM,0,371
9,Ismailia,2024-03-01,10000,A,NORM,Normal,0,2026-02-20,World Elite Card,446.61,9442.14,M,1980-09-09,Primary,100371,,0.0,24,,,,NORM,0,372
6,Assiut,2020-08-18,10000,A,NORM,Normal,0,2026-02-27,World Elite Card,8352.17,1577.46,F,1965-10-01,Primary,100372,,0.0,67,,,,NORM,0,373
10,Suez,2024-05-05,200000,A,30DD,30 Days Delinquent,30,2026-02-16,Cashback Card,170015.25,29750.97,M,1966-11-01,Primary,100373,,94865.4,22,,,,30DD,0,374
2,Giza,2024-10-20,10000,A,NORM,Normal,0,2026-02-26,World Elite Card,7101.69,2423.1,M,1967-11-19,Primary,100375,,0.0,16,,,,NORM,0,376
1,Cairo Main,2023-09-09,5000,A,30DD,30 Days Delinquent,30,2026-03-01,Travel Rewards Card,4425.91,259.92,F,1998-02-09,Secondary,100376,,2465.75,30,,,,30DD,0,377
10,Suez,2019-11-11,150000,A,NORM,Normal,0,2026-02-25,Platinum Credit Card,-11293.77,138663.6,M,1990-09-09,Secondary,100378,,0.0,76,,,,NORM,0,379
6,Assiut,2020-06-15,100000,A,NORM,Normal,0,2026-02-25,Titanium Credit Card,65957.66,33669.52,F,1961-10-24,Primary,100379,,0.0,69,,,,NORM,0,380
10,Suez,2024-05-24,15000,A,60DA,60 Days Delinquent,60,2026-02-21,Travel Rewards Card,-1318.43,13313.86,M,1984-06-01,Primary,100381,,4199.42,21,,,,60DA,0,382
7,Luxor,2021-11-14,100000,A,60DA,60 Days Delinquent,60,2026-02-16,Business Credit Card,91917.73,7929.54,M,1975-10-30,Primary,100382,,11073.41,52,,,,60DA,0,383
8,Zagazig,2023-05-16,100000,A,NORM,Normal,0,2026-02-20,Titanium Credit Card,65513.74,34086.99,M,1990-04-15,Primary,100384,,0.0,34,,,,NORM,0,385
3,Alexandria,2023-10-01,5000,A,NORM,Normal,0,2026-02-16,Platinum Credit Card,733.11,3987.72,F,1966-01-16,Primary,100385,,0.0,29,,,,NORM,0,386
10,Suez,2018-03-18,30000,A,NORM,Normal,0,2026-02-15,Gold Credit Card,7012.29,22936.93,F,1988-08-07,Primary,100386,,0.0,96,,,,NORM,0,387
3,Alexandria,2024-07-14,15000,A,NORM,Normal,0,2026-02-17,World Elite Card,5635.75,9362.35,F,1995-08-23,Primary,100387,,0.0,19,,,,NORM,0,388
9,Ismailia,2022-02-26,5000,A,NORM,Normal,0,2026-02-23,Travel Rewards Card,3856.81,811.99,F,1978-11-14,Primary,100390,,0.0,48,,,,NORM,0,391
7,Luxor,2020-11-08,100000,A,NORM,Normal,0,2026-02-14,Titanium Credit Card,92371.56,7574.01,F,1966-01-02,Primary,100391,,0.0,64,,,,NORM,0,392
5,Tanta,2024-01-05,75000,A,60DA,60 Days Delinquent,60,2026-02-27,Cashback Card,61698.03,12925.02,M,1971-09-21,Primary,100393,,24871.93,26,,,,60DA,0,394
3,Alexandria,2024-04-09,150000,A,30DD,30 Days Delinquent,30,2026-02-24,Business Credit Card,117847.57,31850.13,F,1976-08-09,Primary,100394,,67733.29,23,,,,30DD,0,395
8,Zagazig,2019-10-25,10000,A,NORM,Normal,0,2026-02-26,Titanium Credit Card,6255.04,3344.45,M,1995-02-16,Primary,100395,,0.0,77,,,,NORM,0,396
3,Alexandria,2024-09-24,75000,A,60DA,60 Days Delinquent,60,2026-02-22,Gold Credit Card,31328.29,43573.93,M,1981-02-26,Primary,100396,,24994.19,17,,,,60DA,0,397
7,Luxor,2023-11-05,30000,A,30DD,30 Days Delinquent,30,2026-02-24,Classic Credit Card,4355.3,25532.03,F,1987-07-17,Primary,100397,,12350.44,28,,,,30DD,0,398
4,Mansoura,2024-09-21,150000,A,NORM,Normal,0,2026-02-17,Titanium Credit Card,28663.32,120935.99,F,1961-07-04,Primary,100398,,0.0,17,,,,NORM,0,399
5,Tanta,2022-06-25,50000,A,90DA,90 Days Delinquent,90,2026-02-24,Travel Rewards Card,13234.13,36716.7,M,1994-12-22,Primary,100399,,3472.32,44,,,,90DA,0,400
9,Ismailia,2024-04-09,200000,A,NORM,Normal,0,2026-02-24,Cashback Card,21175.4,178449.72,M,1972-10-05,Secondary,100400,,0.0,23,,,,NORM,0,401
10,Suez,2020-12-05,15000,A,NORM,Normal,0,2026-02-16,Travel Rewards Card,9654.67,5319.85,M,1960-03-17,Primary,100401,,0.0,63,,,,NORM,0,402
10,Suez,2018-04-23,100000,A,NORM,Normal,0,2026-02-15,Gold Credit Card,7131.34,92368.91,F,1998-09-01,Primary,100403,,0.0,95,,,,NORM,0,404
7,Luxor,2023-10-17,150000,A,NEW,New,0,2026-02-21,Classic Credit Card,80191.56,69329.46,F,1975-11-03,Primary,100404,,0.0,28,,,,NEW,0,405
9,Ismailia,2023-05-06,50000,A,NORM,Normal,0,2026-02-26,Cashback Card,10635.24,38896.37,F,1968-01-03,Secondary,100405,,0.0,34,,,,NORM,0,406
4,Mansoura,2020-09-18,30000,A,NORM,Normal,0,2026-02-16,Titanium Credit Card,115.4,29473.28,M,1970-07-14,Primary,100406,,0.0,66,,,,NORM,0,407
2,Giza,2023-07-11,200000,A,90DA,90 Days Delinquent,90,2026-02-28,Classic Credit Card,165771.48,33849.68,F,1990-04-25,Primary,100407,,106150.68,32,,,,90DA,0,408
8,Zagazig,2023-09-25,30000,A,NORM,Normal,0,2026-02-19,Travel Rewards Card,15327.78,14529.77,M,1968-03-15,Primary,100408,,0.0,29,,,,NORM,0,409
4,Mansoura,2024-07-07,10000,A,30DD,30 Days Delinquent,30,2026-02-15,Cashback Card,-762.34,8776.35,F,1977-01-07,Primary,100410,,3569.61,20,,,,30DD,0,411
8,Zagazig,2021-11-06,50000,A,NORM,Normal,0,2026-02-22,Platinum Credit Card,2224.1,47541.91,M,1987-07-02,Primary,100411,,0.0,52,,,,NORM,0,412
3,Alexandria,2019-09-05,100000,A,NORM,Normal,0,2026-02-17,Classic Credit Card,83844.51,15817.07,F,1995-11-20,Secondary,100413,,0.0,78,,,,NORM,0,414
6,Assiut,2023-06-17,30000,A,NORM,Normal,0,2026-02-28,World Elite Card,799.36,29101.66,M,1995-03-24,Primary,100414,,0.0,32,,,,NORM,0,415
2,Giza,2021-10-02,30000,A,NORM,Normal,0,2026-02-20,Cashback Card,24193.67,5356.49,F,1980-03-06,Primary,100415,,0.0,53,,,,NORM,0,416
10,Suez,2024-06-20,200000,A,30DD,30 Days Delinquent,30,2026-02-28,Platinum Credit Card,130426.79,69390.04,F,1968-12-03,Primary,100416,,42551.81,20,,,,30DD,0,417
7,Luxor,2021-03-19,100000,A,30DD,30 Days Delinquent,30,2026-02-17,Platinum Credit Card,60258.62,39594.8,F,1987-07-12,Primary,100417,,48004.95,60,,,,30DD,0,418
3,Alexandria,2020-07-23,50000,A,NORM,Normal,0,2026-02-17,Cashback Card,38272.63,11532.02,F,1975-05-31,Secondary,100418,,0.0,68,,,,NORM,0,419
3,Alexandria,2019-02-26,10000,A,NORM,Normal,0,2026-02-18,Gold Credit Card,5507.31,4433.49,M,1977-10-23,Primary,100420,,0.0,85,,,,NORM,0,421
9,Ismailia,2019-07-08,150000,A,30DD,30 Days Delinquent,30,2026-02-26,Platinum Credit Card,105777.89,43775.72,F,1979-12-15,Primary,100423,,14510.4,80,,,,30DD,0,424
1,Cairo Main,2019-07-13,50000,A,NORM,Normal,0,2026-03-01,World Elite Card,624.69,49162.77,M,1983-06-23,Secondary,100425,,0.0,80,,,,NORM,0,426
1,Cairo Main,2022-10-30,30000,A,NORM,Normal,0,2026-02-18,Titanium Credit Card,1641.84,28174.01,F,1994-05-10,Primary,100426,,0.0,40,,,,NORM,0,427
7,Luxor,2019-10-31,75000,A,60DA,60 Days Delinquent,60,2026-02-19,Travel Rewards Card,70396.49,4254.37,M,1971-03-18,Primary,100427,,18490.45,77,,,,60DA,0,428
5,Tanta,2023-12-19,30000,A,NORM,Normal,0,2026-02-21,Travel Rewards Card,-55.62,29781.45,M,1972-10-08,Primary,100428,,0.0,26,,,,NORM,0,429
8,Zagazig,2024-12-25,100000,A,NORM,Normal,0,2026-02-16,Titanium Credit Card,70714.28,29207.99,M,1972-03-16,Secondary,100429,,0.0,14,,,,NORM,0,430
2,Giza,2021-01-07,15000,A,NORM,Normal,0,2026-02-26,Business Credit Card,5941.22,8782.88,M,1972-08-27,Primary,100430,,0.0,62,,,,NORM,0,431
7,Luxor,2023-08-04,50000,A,90DA,90 Days Delinquent,90,2026-02-18,Business Credit Card,42556.22,6989.98,M,1973-12-22,Primary,100431,,10220.72,31,,,,90DA,0,432
9,Ismailia,2020-01-14,20000,A,NORM,Normal,0,2026-02-28,World Elite Card,67.71,19751.15,M,1981-02-01,Primary,100432,,0.0,74,,,,NORM,0,433
6,Assiut,2019-11-17,30000,A,NORM,Normal,0,2026-02-26,Gold Credit Card,-2139.53,27758.68,M,1960-09-03,Primary,100435,,0.0,76,,,,NORM,0,436
2,Giza,2023-06-22,20000,A,NORM,Normal,0,2026-02-15,Cashback Card,4444.81,15441.05,M,1965-08-23,Primary,100437,,0.0,32,,,,NORM,0,438
5,Tanta,2023-06-11,100000,A,NORM,Normal,0,2026-02-24,World Elite Card,21679.98,77896.68,M,1961-10-08,Primary,100438,,0.0,33,,,,NORM,0,439
10,Suez,2024-03-21,15000,A,NORM,Normal,0,2026-02-17,Gold Credit Card,1220.94,13649.28,F,1998-08-08,Primary,100439,,0.0,23,,,,NORM,0,440
8,Zagazig,2024-03-08,15000,A,NORM,Normal,0,2026-02-14,World Elite Card,5513.78,9040.04,F,1994-05-07,Primary,100441,,0.0,24,,,,NORM,0,442
9,Ismailia,2024-08-14,30000,A,NORM,Normal,0,2026-02-14,Classic Credit Card,16017.87,13873.19,M,1987-12-28,Secondary,100443,,0.0,18,,,,NORM,0,444
2,Giza,2018-09-06,50000,A,NORM,Normal,0,2026-02-17,Travel Rewards Card,30270.65,19714.25,F,1980-12-29,Primary,100444,,0.0,91,,,,NORM,0,445
2,Giza,2023-10-29,10000,A,NORM,Normal,0,2026-02-21,Gold Credit Card,-395.89,9436.81,F,1969-09-07,Primary,100445,,0.0,28,,,,NORM,0,446
10,Suez,2024-04-25,150000,A,30DD,30 Days Delinquent,30,2026-02-15,Titanium Credit Card,101214.0,48580.25,F,1970-10-18,Secondary,100448,,5670.68,22,,,,30DD,0,449
1,Cairo Main,2018-05-22,30000,A,NORM,Normal,0,2026-03-01,Classic Credit Card,5022.77,24759.06,M,1992-07-30,Secondary,100449,,0.0,94,,,,NORM,0,450
10,Suez,2020-08-12,30000,A,NORM,Normal,0,2026-02-14,World Elite Card,-1121.46,28790.51,F,1971-03-17,Secondary,100451,,0.0,67,,,,NORM,0,452
8,Zagazig,2023-06-23,200000,A,90DA,90 Days Delinquent,90,2026-02-26,Gold Credit Card,155542.49,44042.44,F,1967-10-03,Primary,100452,,78324.23,32,,,,90DA,0,453
7,Luxor,2019-05-09,20000,A,NORM,Normal,0,2026-02-18,Classic Credit Card,1452.02,18158.26,F,1978-09-07,Primary,100453,,0.0,82,,,,NORM,0,454
3,Alexandria,2023-08-20,20000,A,NORM,Normal,0,2026-02-24,Platinum Credit Card,9602.23,10109.21,F,1974-08-29,Primary,100454,,0.0,30,,,,NORM,0,455
5,Tanta,2022-06-21,150000,A,NORM,Normal,0,2026-03-01,Travel Rewards Card,50080.37,99439.09,F,1963-10-25,Primary,100456,,0.0,44,,,,NORM,0,457
2,Giza,2022-08-22,75000,A,NORM,Normal,0,2026-03-01,Cashback Card,60882.68,13892.03,F,1990-02-17,Primary,100458,,0.0,42,,,,NORM,0,459
1,Cairo Main,2018-02-04,10000,A,90DA,90 Days Delinquent,90,2026-02-19,Travel Rewards Card,2413.51,7556.06,M,1980-11-08,Primary,100463,,5345.37,98,,,,90DA,0,464
7,Luxor,2019-02-12,50000,A,NEW,New,0,2026-02-14,Business Credit Card,33753.41,16134.16,M,1982-10-23,Secondary,100464,,0.0,85,,,,NEW,0,465
6,Assiut,2019-07-17,10000,A,30DD,30 Days Delinquent,30,2026-02-23,Travel Rewards Card,7652.66,2120.53,M,1977-08-15,Primary,100467,,1414.12,80,,,,30DD,0,468
6,Assiut,2024-01-30,15000,A,NORM,Normal,0,2026-03-01,Titanium Credit Card,10295.47,4411.34,M,1980-02-24,Primary,100468,,0.0,25,,,,NORM,0,469
7,Luxor,2019-08-18,200000,A,NORM,Normal,0,2026-02-16,Platinum Credit Card,43284.05,156714.56,M,1994-07-17,Primary,100469,,0.0,79,,,,NORM,0,470
6,Assiut,2022-08-23,75000,A,NORM,Normal,0,2026-02-24,World Elite Card,-3988.16,71006.73,M,1999-06-25,Primary,100470,,0.0,42,,,,NORM,0,471
10,Suez,2020-12-29,200000,A,NORM,Normal,0,2026-02-22,Titanium Credit Card,142045.92,57502.02,M,1987-09-04,Primary,100471,,0.0,62,,,,NORM,0,472
9,Ismailia,2024-10-12,100000,A,NORM,Normal,0,2026-02-24,Cashback Card,46932.46,52610.61,F,1997-12-15,Primary,100472,,0.0,16,,,,NORM,0,473
1,Cairo Main,2018-03-03,30000,A,NORM,Normal,0,2026-02-27,Travel Rewards Card,3498.13,26498.59,M,1978-04-30,Primary,100473,,0.0,97,,,,NORM,0,474
7,Luxor,2024-05-31,200000,A,NORM,Normal,0,2026-02-20,Classic Credit Card,130761.84,68789.43,F,1987-06-06,Secondary,100475,,0.0,21,,,,NORM,0,476
9,Ismailia,2018-06-10,150000,A,NORM,Normal,0,2026-02-20,Travel Rewards Card,15498.46,134113.66,F,1977-09-29,Primary,100476,,0.0,94,,,,NORM,0,477
8,Zagazig,2022-09-27,30000,A,NORM,Normal,0,2026-03-01,Classic Credit Card,2141.16,27645.46,F,1967-06-20,Primary,100477,,0.0,41,,,,NORM,0,478
10,Suez,2024-02-17,15000,A,60DA,60 Days Delinquent,60,2026-02-21,Travel Rewards Card,6979.26,7698.19,F,1991-03-24,Primary,100478,,1540.82,24,,,,60DA,0,479
8,Zagazig,2020-10-21,50000,A,NORM,Normal,0,2026-02-17,Platinum Credit Card,41184.45,8786.78,M,1964-01-17,Primary,100479,,0.0,65,,,,NORM,0,480
3,Alexandria,2019-08-16,15000,A,NORM,Normal,0,2026-02-27,Classic Credit Card,6077.67,8767.83,F,1967-04-10,Primary,100481,,0.0,79,,,,NORM,0,482
3,Alexandria,2018-01-15,200000,A,NORM,Normal,0,2026-02-23,World Elite Card,105012.49,94554.03,F,1969-02-05,Primary,100482,,0.0,98,,,,NORM,0,483
8,Zagazig,2020-06-07,200000,A,NORM,Normal,0,2026-02-15,Business Credit Card,187056.57,12894.54,F,1970-09-02,Primary,100483,,0.0,69,,,,NORM,0,484
9,Ismailia,2024-12-13,150000,A,NORM,Normal,0,2026-02-21,Titanium Credit Card,60854.77,89029.17,M,1972-06-22,Primary,100484,,0.0,14,,,,NORM,0,485
1,Cairo Main,2024-06-25,200000,A,NORM,Normal,0,2026-02-26,World Elite Card,159139.88,40545.34,M,1989-12-02,Primary,100485,,0.0,20,,,,NORM,0,486
5,Tanta,2024-09-02,200000,A,NORM,Normal,0,2026-02-22,Platinum Credit Card,-14664.98,185024.61,F,1987-05-31,Primary,100486,,0.0,18,,,,NORM,0,487
6,Assiut,2018-10-05,75000,A,NEW,New,0,2026-02-19,Gold Credit Card,4969.21,69659.88,M,1976-12-30,Primary,100487,,0.0,90,,,,NEW,0,488
9,Ismailia,2023-11-19,20000,A,NORM,Normal,0,2026-02-22,Titanium Credit Card,2012.09,17635.33,M,1978-07-24,Primary,100488,,0.0,27,,,,NORM,0,489
7,Luxor,2021-07-20,30000,A,NORM,Normal,0,2026-02-26,Cashback Card,7010.54,22854.01,F,1987-04-24,Primary,100489,,0.0,56,,,,NORM,0,490
3,Alexandria,2024-11-01,20000,A,NORM,Normal,0,2026-02-14,World Elite Card,2993.02,16586.32,M,1999-08-21,Primary,100490,,0.0,16,,,,NORM,0,491
10,Suez,2022-08-23,5000,A,NORM,Normal,0,2026-02-21,Cashback Card,233.2,4533.73,M,1978-08-07,Primary,100491,,0.0,42,,,,NORM,0,492
2,Giza,2021-05-14,150000,A,NORM,Normal,0,2026-02-19,Cashback Card,-285.67,149441.7,F,1973-10-21,Primary,100492,,0.0,58,,,,NORM,0,493
1,Cairo Main,2019-12-21,20000,A,NORM,Normal,0,2026-02-20,Cashback Card,298.69,19611.14,F,1997-04-28,Primary,100493,,0.0,75,,,,NORM,0,494
8,Zagazig,2024-01-09,50000,A,NORM,Normal,0,2026-02-23,Business Credit Card,-2824.01,46929.64,F,1998-10-23,Primary,100494,,0.0,26,,,,NORM,0,495
9,Ismailia,2019-11-11,200000,A,NEW,New,0,2026-02-20,Travel Rewards Card,-7996.44,191833.41,M,1997-10-14,Primary,100496,,0.0,76,,,,NEW,0,497
5,Tanta,2018-12-22,100000,A,NORM,Normal,0,2026-02-18,Titanium Credit Card,82759.14,17074.09,F,1978-07-25,Primary,100497,,0.0,87,,,,NORM,0,498
6,Assiut,2018-06-03,20000,A,NORM,Normal,0,2026-02-16,Gold Credit Card,15420.39,4308.87,M,1995-03-18,Secondary,100498,,0.0,94,,,,NORM,0,499
6,Assiut,2023-11-15,30000,A,NORM,Normal,0,2026-02-17,Cashback Card,9742.72,20171.33,M,1981-09-08,Primary,100499,,0.0,27,,,,NORM,0,500
9,Ismailia,2018-01-17,30000,A,30DD,30 Days Delinquent,30,2026-02-19,Classic Credit Card,21535.94,8282.85,F,1965-03-12,Primary,100500,,16669.61,98,,,,30DD,0,501
10,Suez,2021-07-02,20000,A,NORM,Normal,0,2026-02-18,Cashback Card,10297.65,9617.96,F,1994-01-09,Primary,100501,,0.0,56,,,,NORM,0,502
5,Tanta,2019-10-08,30000,A,NORM,Normal,0,2026-02-17,Gold Credit Card,2775.56,26859.77,M,1966-09-12,Primary,100502,,0.0,77,,,,NORM,0,503
1,Cairo Main,2018-04-29,100000,A,NORM,Normal,0,2026-02-21,Classic Credit Card,79363.57,20551.67,M,1965-11-01,Primary,100504,,0.0,95,,,,NORM,0,505
10,Suez,2023-01-01,200000,A,NEW,New,0,2026-02-16,Cashback Card,16750.65,183243.63,M,1988-03-27,Primary,100505,,0.0,38,,,,NEW,0,506
8,Zagazig,2019-12-01,30000,A,NORM,Normal,0,2026-02-22,Cashback Card,4295.38,25667.18,M,1980-09-08,Secondary,100508,,0.0,76,,,,NORM,0,509
9,Ismailia,2018-10-18,30000,A,90DA,90 Days Delinquent,90,2026-02-27,Business Credit Card,13970.41,15940.77,F,1989-02-17,Primary,100509,,3305.64,89,,,,90DA,0,510
8,Zagazig,2018-09-28,50000,A,NORM,Normal,0,2026-02-25,Titanium Credit Card,39739.34,9913.25,F,1977-03-20,Primary,100510,,0.0,90,,,,NORM,0,511
10,Suez,2023-06-17,10000,A,30DD,30 Days Delinquent,30,2026-02-28,Business Credit Card,2363.89,7495.62,M,1997-07-14,Primary,100511,,1109.94,32,,,,30DD,0,512
10,Suez,2024-09-08,75000,A,NORM,Normal,0,2026-02-18,Cashback Card,2721.68,72137.63,M,1964-11-16,Secondary,100512,,0.0,17,,,,NORM,0,513
3,Alexandria,2019-09-04,100000,A,NEW,New,0,2026-02-15,World Elite Card,13968.26,85945.01,F,1989-08-23,Primary,100513,,0.0,79,,,,NEW,0,514
10,Suez,2021-06-01,75000,A,30DD,30 Days Delinquent,30,2026-02-16,Cashback Card,60019.44,14643.91,M,1995-08-19,Secondary,100514,,9648.58,57,,,,30DD,0,515
5,Tanta,2022-02-21,150000,A,30DD,30 Days Delinquent,30,2026-02-25,Classic Credit Card,109828.86,40041.65,F,1962-10-19,Secondary,100515,,64273.34,48,,,,30DD,0,516
7,Luxor,2024-08-14,75000,A,60DA,60 Days Delinquent,60,2026-02-23,Cashback Card,23140.79,51721.2,F,1991-07-02,Primary,100516,,36862.17,18,,,,60DA,0,517
3,Alexandria,2024-03-25,75000,A,NORM,Normal,0,2026-02-28,Cashback Card,44356.27,30449.55,F,1968-06-10,Primary,100517,,0.0,23,,,,NORM,0,518
3,Alexandria,2023-06-17,75000,A,30DD,30 Days Delinquent,30,2026-02-21,Platinum Credit Card,54715.58,19982.22,F,1992-05-10,Secondary,100518,,8512.7,32,,,,30DD,0,519
10,Suez,2020-08-27,150000,A,NEW,New,0,2026-02-24,World Elite Card,73929.53,75984.25,F,1982-05-06,Secondary,100520,,0.0,67,,,,NEW,0,521
6,Assiut,2024-07-04,100000,A,NORM,Normal,0,2026-02-24,Gold Credit Card,22303.51,77310.74,F,1965-01-28,Primary,100521,,0.0,20,,,,NORM,0,522
2,Giza,2023-04-20,10000,A,NORM,Normal,0,2026-02-21,World Elite Card,7199.5,2402.43,M,1970-12-31,Primary,100522,,0.0,34,,,,NORM,0,523
6,Assiut,2021-12-16,30000,A,90DA,90 Days Delinquent,90,2026-02-22,World Elite Card,-2660.42,27160.11,F,1978-11-19,Primary,100523,,5634.88,51,,,,90DA,0,524
3,Alexandria,2018-07-31,30000,A,90DA,90 Days Delinquent,90,2026-02-16,Classic Credit Card,10167.68,19548.41,M,1985-09-11,Primary,100524,,5415.29,92,,,,90DA,0,525
3,Alexandria,2021-02-24,30000,A,NORM,Normal,0,2026-02-22,World Elite Card,17564.36,11946.01,M,1987-08-16,Primary,100525,,0.0,61,,,,NORM,0,526
3,Alexandria,2020-08-25,100000,A,NORM,Normal,0,2026-02-27,Platinum Credit Card,82991.82,16767.33,M,1971-09-20,Primary,100526,,0.0,67,,,,NORM,0,527
7,Luxor,2022-04-19,20000,A,NORM,Normal,0,2026-02-28,Business Credit Card,4747.03,14957.99,F,1994-07-22,Primary,100527,,0.0,47,,,,NORM,0,528
3,Alexandria,2022-06-22,100000,A,NORM,Normal,0,2026-02-14,World Elite Card,46031.2,53837.87,M,1980-10-24,Primary,100528,,0.0,44,,,,NORM,0,529
5,Tanta,2023-12-13,75000,A,NEW,New,0,2026-02-21,Classic Credit Card,50541.84,24311.36,F,1966-07-06,Secondary,100529,,0.0,26,,,,NEW,0,530
9,Ismailia,2021-12-20,75000,A,NORM,Normal,0,2026-02-18,World Elite Card,23699.12,51113.29,F,1988-08-04,Primary,100530,,0.0,51,,,,NORM,0,531
8,Zagazig,2020-09-17,200000,A,NORM,Normal,0,2026-02-22,Titanium Credit Card,66959.71,132806.61,F,1994-09-06,Primary,100531,,0.0,66,,,,NORM,0,532
10,Suez,2018-08-21,200000,A,NORM,Normal,0,2026-02-14,Titanium Credit Card,107875.04,92108.18,M,1964-02-15,Primary,100533,,0.0,91,,,,NORM,0,534
2,Giza,2020-01-25,30000,A,NORM,Normal,0,2026-02-28,World Elite Card,23558.38,6436.07,F,1991-03-16,Primary,100534,,0.0,74,,,,NORM,0,535
3,Alexandria,2018-10-31,30000,A,30DD,30 Days Delinquent,30,2026-02-16,Classic Credit Card,23385.28,6422.19,F,1995-01-08,Primary,100535,,5575.98,89,,,,30DD,0,536
10,Suez,2019-03-12,100000,A,NORM,Normal,0,2026-02-26,World Elite Card,36203.32,63691.18,M,1988-11-09,Primary,100537,,0.0,84,,,,NORM,0,538
1,Cairo Main,2019-09-02,5000,A,NORM,Normal,0,2026-02-21,Classic Credit Card,3358.2,1431.49,M,1982-04-29,Secondary,100538,,0.0,79,,,,NORM,0,539
9,Ismailia,2023-07-03,100000,A,NEW,New,0,2026-02-19,Travel Rewards Card,70965.22,28808.72,M,1991-09-28,Primary,100539,,0.0,32,,,,NEW,0,540
10,Suez,2022-01-10,50000,A,90DA,90 Days Delinquent,90,2026-02-16,World Elite Card,30503.27,19092.56,M,1984-01-05,Primary,100540,,1877.38,50,,,,90DA,0,541
8,Zagazig,2021-04-02,20000,A,30DD,30 Days Delinquent,30,2026-02-14,Platinum Credit Card,1552.36,18190.12,M,1994-02-10,Primary,100541,,7606.05,59,,,,30DD,0,542
8,Zagazig,2022-11-29,20000,A,NORM,Normal,0,2026-03-01,Platinum Credit Card,15720.53,3880.06,M,1963-10-22,Primary,100542,,0.0,39,,,,NORM,0,543
9,Ismailia,2021-06-14,100000,A,30DD,30 Days Delinquent,30,2026-02-16,Business Credit Card,49955.18,49975.32,F,1988-11-10,Primary,100543,,7517.92,57,,,,30DD,0,544
2,Giza,2023-11-13,100000,A,90DA,90 Days Delinquent,90,2026-02-23,Platinum Credit Card,47231.83,52567.43,M,1969-06-30,Primary,100544,,43535.67,27,,,,90DA,0,545
10,Suez,2020-09-21,15000,A,NORM,Normal,0,2026-03-01,Classic Credit Card,-401.78,14216.72,F,1962-01-20,Primary,100545,,0.0,66,,,,NORM,0,546
2,Giza,2024-06-17,150000,A,NEW,New,0,2026-02-16,Platinum Credit Card,69499.98,80420.15,M,1990-09-08,Primary,100547,,0.0,20,,,,NEW,0,548
7,Luxor,2023-05-04,15000,A,NORM,Normal,0,2026-02-22,Titanium Credit Card,1748.39,12903.88,F,1991-02-09,Primary,100550,,0.0,34,,,,NORM,0,551
1,Cairo Main,2020-01-08,100000,A,NORM,Normal,0,2026-03-01,Gold Credit Card,70963.69,28557.49,F,1986-09-30,Primary,100551,,0.0,74,,,,NORM,0,552
9,Ismailia,2024-12-10,50000,A,NORM,Normal,0,2026-02-24,Titanium Credit Card,24692.99,24817.81,F,1964-04-16,Primary,100552,,0.0,14,,,,NORM,0,553
8,Zagazig,2019-10-17,5000,A,NORM,Normal,0,2026-02-24,Classic Credit Card,2327.69,2577.38,M,1967-11-28,Primary,100553,,0.0,77,,,,NORM,0,554
1,Cairo Main,2018-08-03,150000,A,NORM,Normal,0,2026-02-22,Platinum Credit Card,73422.26,76321.43,F,1964-09-06,Primary,100554,,0.0,92,,,,NORM,0,555
10,Suez,2021-08-28,75000,A,30DD,30 Days Delinquent,30,2026-02-26,Titanium Credit Card,54146.29,20506.84,M,1986-01-02,Primary,100555,,37080.16,54,,,,30DD,0,556
4,Mansoura,2020-06-22,10000,A,NORM,Normal,0,2026-02-21,Business Credit Card,8737.94,1068.88,F,1976-11-04,Primary,100556,,0.0,69,,,,NORM,0,557
3,Alexandria,2022-03-10,15000,A,30DD,30 Days Delinquent,30,2026-02-28,Business Credit Card,3913.9,10763.5,F,1977-05-17,Primary,100557,,5429.14,48,,,,30DD,0,558
1,Cairo Main,2019-07-14,10000,A,30DD,30 Days Delinquent,30,2026-02-27,Business Credit Card,1652.28,7961.52,M,1972-08-02,Primary,100558,,5565.54,80,,,,30DD,0,559
3,Alexandria,2024-11-09,15000,A,NORM,Normal,0,2026-02-25,Titanium Credit Card,5568.1,9408.71,F,1995-06-01,Primary,100559,,0.0,15,,,,NORM,0,560
1,Cairo Main,2022-10-20,20000,A,NORM,Normal,0,2026-02-28,Titanium Credit Card,7371.6,12604.44,M,1992-09-29,Secondary,100560,,0.0,40,,,,NORM,0,561
8,Zagazig,2018-12-07,150000,A,NORM,Normal,0,2026-02-19,Classic Credit Card,87576.91,62037.89,M,1970-10-15,Primary,100562,,0.0,88,,,,NORM,0,563
8,Zagazig,2021-06-02,15000,A,NORM,Normal,0,2026-02-19,Business Credit Card,11897.88,2873.3,F,1990-01-04,Secondary,100563,,0.0,57,,,,NORM,0,564
6,Assiut,2023-03-17,5000,A,NORM,Normal,0,2026-03-01,Gold Credit Card,2895.94,1788.39,M,1988-02-12,Primary,100564,,0.0,36,,,,NORM,0,565
9,Ismailia,2020-04-28,10000,A,NEW,New,0,2026-02-26,Cashback Card,179.5,9520.58,F,1985-10-20,Primary,100565,,0.0,71,,,,NEW,0,566
10,Suez,2022-02-06,50000,A,NORM,Normal,0,2026-03-01,Platinum Credit Card,15575.44,34416.78,M,1961-10-31,Secondary,100566,,0.0,49,,,,NORM,0,567
2,Giza,2023-05-14,200000,A,NORM,Normal,0,2026-02-16,Titanium Credit Card,-8068.1,191553.2,F,1989-02-10,Primary,100567,,0.0,34,,,,NORM,0,568
8,Zagazig,2022-02-16,10000,A,30DD,30 Days Delinquent,30,2026-02-27,Titanium Credit Card,2507.08,7231.96,M,1987-11-08,Secondary,100569,,5017.26,49,,,,30DD,0,570
2,Giza,2021-02-04,10000,A,60DA,60 Days Delinquent,60,2026-02-18,Platinum Credit Card,2099.97,7569.07,M,1967-05-23,Secondary,100570,,4117.62,61,,,,60DA,0,571
7,Luxor,2024-01-27,15000,A,NEW,New,0,2026-02-15,Business Credit Card,7722.68,6807.93,F,1990-08-11,Primary,100571,,0.0,25,,,,NEW,0,572
4,Mansoura,2023-10-30,50000,A,NORM,Normal,0,2026-02-28,Travel Rewards Card,23944.28,25922.59,F,1997-06-14,Primary,100572,,0.0,28,,,,NORM,0,573
8,Zagazig,2021-05-30,200000,A,NORM,Normal,0,2026-02-22,Platinum Credit Card,139819.46,60180.16,F,1980-07-17,Primary,100573,,0.0,57,,,,NORM,0,574
3,Alexandria,2021-03-10,100000,A,NORM,Normal,0,2026-02-22,Platinum Credit Card,70309.79,29345.36,F,1975-11-03,Secondary,100574,,0.0,60,,,,NORM,0,575
4,Mansoura,2018-06-18,50000,A,NORM,Normal,0,2026-02-18,Platinum Credit Card,21314.69,28645.73,F,1965-03-30,Primary,100575,,0.0,93,,,,NORM,0,576
6,Assiut,2022-03-08,100000,A,NORM,Normal,0,2026-02-21,Platinum Credit Card,-8291.82,91586.64,M,1966-08-20,Secondary,100576,,0.0,48,,,,NORM,0,577
6,Assiut,2019-04-06,100000,A,NORM,Normal,0,2026-02-25,Classic Credit Card,19026.75,80617.1,M,1990-11-29,Primary,100578,,0.0,84,,,,NORM,0,579
8,Zagazig,2019-01-14,50000,A,NORM,Normal,0,2026-02-16,Classic Credit Card,16169.69,33598.51,M,1976-01-12,Primary,100579,,0.0,86,,,,NORM,0,580
8,Zagazig,2018-12-24,150000,A,NORM,Normal,0,2026-02-24,Travel Rewards Card,43721.23,106123.56,F,1990-05-16,Primary,100580,,0.0,87,,,,NORM,0,581
7,Luxor,2022-10-18,50000,A,NORM,Normal,0,2026-02-16,Travel Rewards Card,8470.05,41227.53,F,1966-08-20,Primary,100581,,0.0,41,,,,NORM,0,582
2,Giza,2022-12-25,75000,A,NORM,Normal,0,2026-02-16,Business Credit Card,22726.74,52074.18,F,1969-09-03,Primary,100582,,0.0,38,,,,NORM,0,583
3,Alexandria,2023-03-08,200000,A,NEW,New,0,2026-02-14,Platinum Credit Card,179783.34,19942.58,F,1984-12-06,Primary,100584,,0.0,36,,,,NEW,0,585
10,Suez,2023-07-17,150000,A,NORM,Normal,0,2026-02-18,Business Credit Card,66075.94,83569.0,M,1973-08-19,Primary,100585,,0.0,31,,,,NORM,0,586
5,Tanta,2020-01-05,100000,A,NORM,Normal,0,2026-02-21,Titanium Credit Card,21616.33,78260.14,F,1978-09-17,Secondary,100586,,0.0,74,,,,NORM,0,587
5,Tanta,2024-07-10,5000,A,NORM,Normal,0,2026-02-15,Platinum Credit Card,-346.01,4205.59,M,1967-04-22,Primary,100588,,0.0,19,,,,NORM,0,589
7,Luxor,2021-12-29,5000,A,NORM,Normal,0,2026-02-20,World Elite Card,2738.93,1887.57,M,1988-07-16,Primary,100589,,0.0,50,,,,NORM,0,590
10,Suez,2019-11-16,150000,A,30DD,30 Days Delinquent,30,2026-02-20,Cashback Card,119332.86,30231.78,F,1993-10-05,Primary,100590,,65932.48,76,,,,30DD,0,591
3,Alexandria,2019-07-15,150000,A,NORM,Normal,0,2026-02-14,World Elite Card,112815.57,36936.58,F,1960-07-30,Secondary,100591,,0.0,80,,,,NORM,0,592
4,Mansoura,2023-08-24,20000,A,NEW,New,0,2026-02-20,Titanium Credit Card,9343.07,10334.72,F,1966-12-07,Primary,100592,,0.0,30,,,,NEW,0,593
4,Mansoura,2019-08-07,20000,A,NORM,Normal,0,2026-02-16,World Elite Card,5073.51,14810.43,M,1965-10-09,Primary,100594,,0.0,79,,,,NORM,0,595
1,Cairo Main,2019-08-20,30000,A,NORM,Normal,0,2026-02-18,Cashback Card,13819.37,15740.96,M,1964-01-27,Primary,100597,,0.0,79,,,,NORM,0,598
6,Assiut,2024-08-11,15000,A,NORM,Normal,0,2026-02-20,Business Credit Card,10540.58,4001.74,F,1991-04-26,Primary,100599,,0.0,18,,,,NORM,0,600
7,Luxor,2021-07-11,10000,A,NORM,Normal,0,2026-02-24,Business Credit Card,1603.04,7927.27,M,1965-01-22,Primary,100600,,0.0,56,,,,NORM,0,601
9,Ismailia,2021-04-05,75000,A,NORM,Normal,0,2026-02-18,Titanium Credit Card,31102.62,43799.16,F,1978-04-08,Primary,100602,,0.0,59,,,,NORM,0,603
7,Luxor,2023-11-11,10000,A,NORM,Normal,0,2026-02-25,Gold Credit Card,6954.48,2664.62,F,1979-08-26,Secondary,100603,,0.0,28,,,,NORM,0,604
5,Tanta,2022-06-28,50000,A,NORM,Normal,0,2026-02-20,Business Credit Card,-2883.47,46967.4,F,1993-12-04,Primary,100605,,0.0,44,,,,NORM,0,606
5,Tanta,2023-07-30,20000,A,NORM,Normal,0,2026-03-01,Platinum Credit Card,9548.95,10451.01,M,1981-12-13,Primary,100606,,0.0,31,,,,NORM,0,607
9,Ismailia,2024-01-31,50000,A,NORM,Normal,0,2026-02-14,Classic Credit Card,11871.02,37740.28,M,1971-09-27,Primary,100608,,0.0,25,,,,NORM,0,609
10,Suez,2021-10-29,75000,A,NORM,Normal,0,2026-02-15,Gold Credit Card,-1274.52,73357.18,F,1961-03-16,Primary,100612,,0.0,52,,,,NORM,0,613
4,Mansoura,2021-07-02,200000,A,60DA,60 Days Delinquent,60,2026-02-17,Gold Credit Card,110022.46,89643.0,M,1989-01-26,Primary,100613,,30240.73,56,,,,60DA,0,614
1,Cairo Main,2022-09-27,200000,A,NORM,Normal,0,2026-03-01,Travel Rewards Card,79286.93,120687.78,F,1980-09-03,Primary,100614,,0.0,41,,,,NORM,0,615
10,Suez,2021-08-13,200000,A,NORM,Normal,0,2026-02-22,Gold Credit Card,45469.23,154260.98,M,1977-07-04,Primary,100615,,0.0,55,,,,NORM,0,616
7,Luxor,2020-07-14,200000,A,NORM,Normal,0,2026-02-17,Gold Credit Card,177352.04,22282.27,F,1996-02-03,Primary,100617,,0.0,68,,,,NORM,0,618
7,Luxor,2021-11-23,10000,A,NORM,Normal,0,2026-03-01,World Elite Card,9207.07,421.06,F,1969-05-29,Primary,100618,,0.0,51,,,,NORM,0,619
9,Ismailia,2024-02-21,15000,A,NORM,Normal,0,2026-02-20,Classic Credit Card,8077.27,6753.76,F,1980-04-30,Primary,100619,,0.0,24,,,,NORM,0,620
9,Ismailia,2024-11-21,75000,A,60DA,60 Days Delinquent,60,2026-02-23,Classic Credit Card,8773.42,66124.72,F,1996-04-14,Primary,100620,,11034.48,15,,,,60DA,0,621
7,Luxor,2018-09-21,20000,A,NORM,Normal,0,2026-02-28,Travel Rewards Card,18694.53,1155.48,M,1974-04-17,Primary,100621,,0.0,90,,,,NORM,0,622
1,Cairo Main,2019-10-15,30000,A,NEW,New,0,2026-02-27,Platinum Credit Card,-1707.67,27952.58,F,1969-01-22,Primary,100623,,0.0,77,,,,NEW,0,624
1,Cairo Main,2018-12-10,50000,A,60DA,60 Days Delinquent,60,2026-02-23,World Elite Card,31369.67,18187.47,F,1962-06-25,Primary,100624,,8823.35,87,,,,60DA,0,625
10,Suez,2022-05-17,20000,A,NORM,Normal,0,2026-02-26,Travel Rewards Card,1423.2,18377.13,M,1993-01-25,Primary,100626,,0.0,46,,,,NORM,0,627
7,Luxor,2024-08-11,5000,A,NORM,Normal,0,2026-02-25,Business Credit Card,1050.16,3722.43,F,1971-05-29,Primary,100627,,0.0,18,,,,NORM,0,628
3,Alexandria,2023-05-01,50000,A,NORM,Normal,0,2026-02-18,World Elite Card,42511.65,7149.29,M,1976-04-13,Primary,100628,,0.0,34,,,,NORM,0,629
9,Ismailia,2021-06-20,50000,A,NORM,Normal,0,2026-02-25,Gold Credit Card,33136.5,16384.21,F,1977-04-03,Secondary,100629,,0.0,57,,,,NORM,0,630
8,Zagazig,2022-08-19,50000,A,NORM,Normal,0,2026-02-17,Travel Rewards Card,7803.75,42060.1,F,1981-02-17,Primary,100631,,0.0,43,,,,NORM,0,632
9,Ismailia,2021-08-31,100000,A,NORM,Normal,0,2026-02-17,Classic Credit Card,32781.74,67094.16,F,1993-02-03,Primary,100632,,0.0,54,,,,NORM,0,633
6,Assiut,2018-12-03,10000,A,NORM,Normal,0,2026-02-20,Platinum Credit Card,9250.34,680.73,M,1985-10-30,Primary,100633,,0.0,88,,,,NORM,0,634
8,Zagazig,2019-07-01,30000,A,NORM,Normal,0,2026-02-17,Platinum Credit Card,22608.07,6938.32,M,1999-03-08,Primary,100634,,0.0,81,,,,NORM,0,635
7,Luxor,2024-05-25,20000,A,NORM,Normal,0,2026-02-17,Classic Credit Card,17490.65,2483.43,M,1997-06-10,Secondary,100635,,0.0,21,,,,NORM,0,636
1,Cairo Main,2023-11-24,75000,A,NORM,Normal,0,2026-02-23,Business Credit Card,-6868.87,67858.62,M,1992-03-26,Primary,100637,,0.0,27,,,,NORM,0,638
8,Zagazig,2019-06-18,75000,A,NEW,New,0,2026-03-01,Titanium Credit Card,70339.38,4631.27,M,1977-02-19,Primary,100638,,0.0,81,,,,NEW,0,639
5,Tanta,2020-08-22,200000,A,NORM,Normal,0,2026-02-15,Business Credit Card,107745.11,92085.41,F,1971-09-29,Primary,100639,,0.0,67,,,,NORM,0,640
7,Luxor,2020-05-19,75000,A,NEW,New,0,2026-02-24,Travel Rewards Card,47318.96,27497.71,M,1990-10-23,Primary,100640,,0.0,70,,,,NEW,0,641
8,Zagazig,2024-10-19,200000,A,NORM,Normal,0,2026-02-15,Classic Credit Card,110889.01,88844.27,F,1975-11-22,Secondary,100641,,0.0,16,,,,NORM,0,642
6,Assiut,2023-12-13,75000,A,60DA,60 Days Delinquent,60,2026-02-27,Platinum Credit Card,68308.24,6551.0,F,1991-11-10,Secondary,100643,,13196.44,26,,,,60DA,0,644
6,Assiut,2021-03-04,30000,A,NORM,Normal,0,2026-02-18,World Elite Card,14673.38,14967.44,M,1979-04-17,Primary,100644,,0.0,60,,,,NORM,0,645
9,Ismailia,2022-12-08,5000,A,NORM,Normal,0,2026-02-24,Titanium Credit Card,3904.58,953.92,M,1998-04-07,Primary,100645,,0.0,39,,,,NORM,0,646
8,Zagazig,2019-04-21,100000,A,NEW,New,0,2026-02-28,Classic Credit Card,62012.02,37913.28,F,1979-07-30,Primary,100646,,0.0,83,,,,NEW,0,647
6,Assiut,2020-04-14,30000,A,NORM,Normal,0,2026-02-16,Platinum Credit Card,-2619.74,26895.51,F,1964-03-13,Secondary,100647,,0.0,71,,,,NORM,0,648
10,Suez,2023-11-25,200000,A,NORM,Normal,0,2026-02-25,Platinum Credit Card,68842.01,130934.17,M,1960-03-08,Primary,100648,,0.0,27,,,,NORM,0,649
5,Tanta,2018-01-24,50000,A,NORM,Normal,0,2026-02-27,Classic Credit Card,45131.87,4527.68,M,1986-08-27,Secondary,100650,,0.0,98,,,,NORM,0,651
1,Cairo Main,2020-05-02,15000,A,NORM,Normal,0,2026-02-28,Travel Rewards Card,2363.4,12473.4,M,1998-03-26,Primary,100652,,0.0,70,,,,NORM,0,653
3,Alexandria,2021-05-15,20000,A,NEW,New,0,2026-02-23,Travel Rewards Card,7023.39,12782.44,M,1965-09-24,Primary,100656,,0.0,58,,,,NEW,0,657
2,Giza,2022-10-07,75000,A,60DA,60 Days Delinquent,60,2026-02-18,Gold Credit Card,31473.07,43213.33,F,1982-11-27,Primary,100657,,25400.69,41,,,,60DA,0,658
1,Cairo Main,2023-03-11,15000,A,NORM,Normal,0,2026-02-14,Platinum Credit Card,1425.33,13453.23,M,1965-02-09,Secondary,100658,,0.0,36,,,,NORM,0,659
10,Suez,2023-02-07,100000,A,NORM,Normal,0,2026-02-24,World Elite Card,17862.72,81709.51,M,1992-06-24,Primary,100659,,0.0,37,,,,NORM,0,660
2,Giza,2023-12-29,5000,A,NEW,New,0,2026-02-25,Classic Credit Card,1770.55,3108.5,M,1979-06-17,Primary,100660,,0.0,26,,,,NEW,0,661
10,Suez,2023-06-17,30000,A,NEW,New,0,2026-02-17,Cashback Card,12090.33,17516.6,M,1992-07-24,Primary,100661,,0.0,32,,,,NEW,0,662
1,Cairo Main,2020-02-10,5000,A,NORM,Normal,0,2026-02-24,Titanium Credit Card,4060.03,479.19,M,1991-03-22,Secondary,100662,,0.0,73,,,,NORM,0,663
8,Zagazig,2023-01-16,200000,A,NORM,Normal,0,2026-02-19,Titanium Credit Card,29718.99,169814.48,F,1960-11-17,Primary,100664,,0.0,38,,,,NORM,0,665
7,Luxor,2023-07-24,200000,A,NORM,Normal,0,2026-03-01,World Elite Card,30042.68,169866.14,F,1998-01-24,Primary,100665,,0.0,31,,,,NORM,0,666
4,Mansoura,2018-09-06,150000,A,NEW,New,0,2026-02-25,Classic Credit Card,20902.63,128698.18,F,1992-01-15,Primary,100666,,0.0,91,,,,NEW,0,667
2,Giza,2024-12-25,50000,A,NORM,Normal,0,2026-03-01,Business Credit Card,29641.75,20055.93,M,1982-03-12,Primary,100667,,0.0,14,,,,NORM,0,668
8,Zagazig,2023-09-11,20000,A,NORM,Normal,0,2026-02-19,Cashback Card,15217.44,4351.55,F,1970-05-30,Secondary,100668,,0.0,30,,,,NORM,0,669
3,Alexandria,2020-04-28,30000,A,NORM,Normal,0,2026-02-27,Gold Credit Card,25817.42,3961.3,M,1987-11-23,Primary,100669,,0.0,71,,,,NORM,0,670
9,Ismailia,2018-09-18,50000,A,NORM,Normal,0,2026-02-25,Travel Rewards Card,3123.09,46490.18,M,1961-06-07,Primary,100671,,0.0,90,,,,NORM,0,672
6,Assiut,2021-12-26,5000,A,NORM,Normal,0,2026-02-28,World Elite Card,1954.06,2936.77,M,1995-03-17,Secondary,100672,,0.0,50,,,,NORM,0,673
2,Giza,2024-11-05,200000,A,NORM,Normal,0,2026-03-01,Gold Credit Card,42734.93,157026.0,M,1964-09-30,Primary,100673,,0.0,16,,,,NORM,0,674
3,Alexandria,2021-04-11,100000,A,NORM,Normal,0,2026-02-24,Business Credit Card,14994.22,84606.99,F,1992-09-02,Secondary,100674,,0.0,59,,,,NORM,0,675
4,Mansoura,2023-12-10,75000,A,NORM,Normal,0,2026-02-14,Titanium Credit Card,31564.65,43426.1,F,1966-10-19,Secondary,100676,,0.0,27,,,,NORM,0,677
1,Cairo Main,2019-08-20,5000,A,NORM,Normal,0,2026-03-01,Gold Credit Card,376.77,4396.51,F,1979-11-08,Secondary,100677,,0.0,79,,,,NORM,0,678
1,Cairo Main,2018-06-01,15000,A,NORM,Normal,0,2026-02-23,Classic Credit Card,1018.44,13560.18,F,1977-08-22,Secondary,100678,,0.0,94,,,,NORM,0,679
1,Cairo Main,2021-02-19,150000,A,30DD,30 Days Delinquent,30,2026-02-21,Platinum Credit Card,41200.75,108375.78,M,1997-02-04,Primary,100679,,72956.75,61,,,,30DD,0,680
6,Assiut,2022-07-15,20000,A,60DA,60 Days Delinquent,60,2026-02-23,World Elite Card,3937.21,15838.88,F,1999-10-26,Primary,100680,,4123.2,44,,,,60DA,0,681
8,Zagazig,2024-06-02,5000,A,NORM,Normal,0,2026-02-16,Business Credit Card,981.0,3667.9,M,1973-05-13,Primary,100683,,0.0,21,,,,NORM,0,684
7,Luxor,2020-10-11,10000,A,NORM,Normal,0,2026-02-21,Cashback Card,1273.02,8661.09,F,1983-04-24,Primary,100684,,0.0,65,,,,NORM,0,685
2,Giza,2018-09-12,75000,A,NORM,Normal,0,2026-02-27,Platinum Credit Card,441.49,74199.21,F,1964-02-20,Primary,100685,,0.0,90,,,,NORM,0,686
3,Alexandria,2019-06-05,100000,A,NORM,Normal,0,2026-02-24,Business Credit Card,61930.88,37850.65,M,1982-09-08,Primary,100687,,0.0,82,,,,NORM,0,688
9,Ismailia,2019-05-02,200000,A,NORM,Normal,0,2026-02-20,Travel Rewards Card,104231.46,95503.01,F,1976-07-26,Primary,100688,,0.0,83,,,,NORM,0,689
1,Cairo Main,2021-03-07,20000,A,90DA,90 Days Delinquent,90,2026-02-14,Platinum Credit Card,9053.47,10492.03,M,1973-09-08,Primary,100690,,1980.83,60,,,,90DA,0,691
8,Zagazig,2021-06-22,200000,A,30DD,30 Days Delinquent,30,2026-02-27,Business Credit Card,184231.54,15623.4,F,1985-09-15,Primary,100691,,46857.97,57,,,,30DD,0,692
8,Zagazig,2023-01-17,100000,A,NORM,Normal,0,2026-02-15,Platinum Credit Card,65950.35,33761.88,F,1994-03-02,Primary,100692,,0.0,37,,,,NORM,0,693
9,Ismailia,2022-12-20,30000,A,NEW,New,0,2026-02-19,Gold Credit Card,13899.12,15665.96,F,1962-01-20,Primary,100693,,0.0,38,,,,NEW,0,694
4,Mansoura,2024-01-29,200000,A,30DD,30 Days Delinquent,30,2026-02-22,Classic Credit Card,110941.75,88774.57,M,1987-10-02,Primary,100694,,95715.18,25,,,,30DD,0,695
6,Assiut,2020-01-10,75000,A,NORM,Normal,0,2026-03-01,Classic Credit Card,61804.48,12986.93,F,1979-08-09,Primary,100696,,0.0,74,,,,NORM,0,697
3,Alexandria,2019-08-13,15000,A,NORM,Normal,0,2026-02-21,World Elite Card,12688.68,1945.09,F,1972-10-19,Primary,100697,,0.0,79,,,,NORM,0,698
6,Assiut,2018-04-22,5000,A,30DD,30 Days Delinquent,30,2026-02-14,World Elite Card,2244.38,2556.32,F,1968-02-21,Primary,100698,,1319.45,95,,,,30DD,0,699
2,Giza,2018-09-06,50000,A,NORM,Normal,0,2026-02-25,Business Credit Card,22353.52,27241.83,F,1972-01-30,Primary,100700,,0.0,91,,,,NORM,0,701
5,Tanta,2024-07-28,10000,A,NORM,Normal,0,2026-02-25,Titanium Credit Card,-251.44,9557.25,F,1984-11-07,Primary,100701,,0.0,19,,,,NORM,0,702
3,Alexandria,2024-01-23,15000,A,NORM,Normal,0,2026-02-14,Titanium Credit Card,3264.95,11700.69,F,1976-09-29,Primary,100702,,0.0,25,,,,NORM,0,703
5,Tanta,2019-11-17,5000,A,NORM,Normal,0,2026-02-16,Classic Credit Card,3708.8,874.61,F,1989-04-17,Secondary,100703,,0.0,76,,,,NORM,0,704
9,Ismailia,2018-07-06,15000,A,90DA,90 Days Delinquent,90,2026-03-01,Gold Credit Card,11674.83,2914.88,F,1972-08-14,Secondary,100704,,7871.74,93,,,,90DA,0,705
7,Luxor,2024-11-05,150000,A,NORM,Normal,0,2026-02-25,Cashback Card,-7820.86,141868.03,F,1969-06-16,Primary,100705,,0.0,16,,,,NORM,0,706
4,Mansoura,2024-09-21,50000,A,NORM,Normal,0,2026-02-28,Classic Credit Card,16588.64,33324.68,F,1980-08-16,Secondary,100706,,0.0,17,,,,NORM,0,707
9,Ismailia,2023-06-26,75000,A,60DA,60 Days Delinquent,60,2026-02-23,Gold Credit Card,10087.93,64420.51,M,1991-03-30,Primary,100707,,35070.23,32,,,,60DA,0,708
10,Suez,2022-05-04,15000,A,NEW,New,0,2026-02-14,Classic Credit Card,7696.14,7087.23,F,1976-01-21,Primary,100708,,0.0,46,,,,NEW,0,709
8,Zagazig,2024-10-18,20000,A,NORM,Normal,0,2026-03-01,Classic Credit Card,299.83,19518.88,M,1991-08-01,Primary,100710,,0.0,16,,,,NORM,0,711
5,Tanta,2023-12-21,100000,A,NEW,New,0,2026-02-22,Cashback Card,18377.81,81296.85,M,1978-11-04,Primary,100714,,0.0,26,,,,NEW,0,715
4,Mansoura,2022-10-02,10000,A,NORM,Normal,0,2026-02-21,Titanium Credit Card,4569.68,4942.84,F,1990-12-06,Primary,100715,,0.0,41,,,,NORM,0,716
6,Assiut,2020-08-27,10000,A,30DD,30 Days Delinquent,30,2026-02-20,Business Credit Card,3947.23,5786.47,M,1983-04-24,Secondary,100717,,3031.52,67,,,,30DD,0,718
1,Cairo Main,2018-08-02,30000,A,NORM,Normal,0,2026-02-17,Travel Rewards Card,19803.13,9777.32,F,1985-01-31,Secondary,100719,,0.0,92,,,,NORM,0,720
2,Giza,2024-09-03,10000,A,NORM,Normal,0,2026-02-21,Titanium Credit Card,6736.7,3083.0,F,1960-07-20,Primary,100721,,0.0,18,,,,NORM,0,722
3,Alexandria,2019-07-18,5000,A,NORM,Normal,0,2026-02-15,Classic Credit Card,2022.97,2512.98,F,1970-11-27,Secondary,100722,,0.0,80,,,,NORM,0,723
10,Suez,2024-01-26,15000,A,NORM,Normal,0,2026-02-27,Platinum Credit Card,4844.97,9733.32,F,1999-09-16,Primary,100723,,0.0,25,,,,NORM,0,724
6,Assiut,2023-05-03,100000,A,NORM,Normal,0,2026-02-16,Cashback Card,30055.9,69763.19,F,1968-06-29,Primary,100725,,0.0,34,,,,NORM,0,726
1,Cairo Main,2020-06-17,5000,A,NEW,New,0,2026-02-15,Titanium Credit Card,-377.13,4412.67,M,1982-03-31,Primary,100726,,0.0,69,,,,NEW,0,727
4,Mansoura,2020-01-25,5000,A,NORM,Normal,0,2026-03-01,Cashback Card,1987.23,2787.62,F,1977-12-15,Primary,100727,,0.0,74,,,,NORM,0,728
7,Luxor,2019-03-31,50000,A,NEW,New,0,2026-02-14,Titanium Credit Card,31921.51,18043.19,M,1989-05-17,Secondary,100730,,0.0,84,,,,NEW,0,731
10,Suez,2022-11-12,10000,A,NORM,Normal,0,2026-02-28,Gold Credit Card,4510.73,4994.85,M,1999-07-20,Primary,100731,,0.0,40,,,,NORM,0,732
10,Suez,2020-09-28,5000,A,90DA,90 Days Delinquent,90,2026-02-28,Titanium Credit Card,1929.54,3037.31,F,1979-04-08,Primary,100732,,1957.96,66,,,,90DA,0,733
9,Ismailia,2023-06-26,20000,A,NORM,Normal,0,2026-02-24,Gold Credit Card,8708.48,10987.26,M,1986-03-14,Primary,100733,,0.0,32,,,,NORM,0,734
8,Zagazig,2023-03-17,15000,A,NORM,Normal,0,2026-03-01,Cashback Card,6462.07,8262.68,F,1983-04-11,Primary,100734,,0.0,36,,,,NORM,0,735
10,Suez,2022-03-13,30000,A,NORM,Normal,0,2026-02-19,Gold Credit Card,26473.11,3133.71,F,1967-01-19,Primary,100736,,0.0,48,,,,NORM,0,737
1,Cairo Main,2023-09-30,200000,A,NORM,Normal,0,2026-02-17,Cashback Card,149528.83,50421.29,F,1980-11-13,Primary,100737,,0.0,29,,,,NORM,0,738
9,Ismailia,2018-11-17,30000,A,NORM,Normal,0,2026-02-26,Titanium Credit Card,19530.96,10044.14,M,1984-07-09,Primary,100739,,0.0,88,,,,NORM,0,740
4,Mansoura,2021-09-10,30000,A,NEW,New,0,2026-02-17,World Elite Card,3912.55,25697.78,M,1990-04-13,Secondary,100740,,0.0,54,,,,NEW,0,741
4,Mansoura,2023-01-18,150000,A,NEW,New,0,2026-02-19,Classic Credit Card,120804.72,28803.81,M,1979-09-05,Secondary,100743,,0.0,37,,,,NEW,0,744
6,Assiut,2020-07-12,75000,A,NORM,Normal,0,2026-02-24,Travel Rewards Card,55528.82,19250.05,F,1975-03-30,Primary,100744,,0.0,68,,,,NORM,0,745
3,Alexandria,2021-09-14,200000,A,30DD,30 Days Delinquent,30,2026-02-19,Travel Rewards Card,164769.02,35180.9,F,1966-11-23,Primary,100745,,39847.72,54,,,,30DD,0,746
10,Suez,2021-06-25,200000,A,90DA,90 Days Delinquent,90,2026-02-15,Titanium Credit Card,106365.5,93262.67,M,1985-10-18,Secondary,100750,,70142.13,57,,,,90DA,0,751
7,Luxor,2020-10-08,150000,A,NORM,Normal,0,2026-02-21,Cashback Card,122609.38,27319.56,F,1987-02-17,Primary,100751,,0.0,65,,,,NORM,0,752
8,Zagazig,2021-05-03,75000,A,NORM,Normal,0,2026-03-01,Platinum Credit Card,13243.11,61268.73,M,1975-07-22,Primary,100752,,0.0,58,,,,NORM,0,753
2,Giza,2020-06-08,100000,A,NORM,Normal,0,2026-02-23,Travel Rewards Card,4144.82,95695.53,M,1991-04-24,Primary,100754,,0.0,69,,,,NORM,0,755
8,Zagazig,2020-11-01,20000,A,NORM,Normal,0,2026-02-25,Classic Credit Card,17842.97,1974.0,M,1967-05-24,Primary,100755,,0.0,64,,,,NORM,0,756
7,Luxor,2018-02-13,30000,A,NORM,Normal,0,2026-02-28,Gold Credit Card,13034.88,16484.25,F,1961-09-10,Primary,100756,,0.0,97,,,,NORM,0,757
2,Giza,2022-05-20,15000,A,NORM,Normal,0,2026-02-27,Gold Credit Card,3226.35,11585.69,M,1983-12-25,Primary,100758,,0.0,46,,,,NORM,0,759
9,Ismailia,2022-12-16,5000,A,NEW,New,0,2026-03-01,Gold Credit Card,835.02,4041.26,F,1969-09-11,Primary,100759,,0.0,39,,,,NEW,0,760
2,Giza,2019-01-31,15000,A,NORM,Normal,0,2026-02-27,Platinum Credit Card,10202.41,4511.44,M,1969-11-22,Primary,100761,,0.0,86,,,,NORM,0,762
4,Mansoura,2022-06-07,75000,A,NORM,Normal,0,2026-02-27,Gold Credit Card,50831.99,23706.34,M,1984-04-19,Primary,100762,,0.0,45,,,,NORM,0,763
6,Assiut,2022-05-14,20000,A,NORM,Normal,0,2026-02-26,Business Credit Card,17914.4,1636.82,F,1960-07-15,Primary,100763,,0.0,46,,,,NORM,0,764
7,Luxor,2024-09-18,100000,A,NORM,Normal,0,2026-02-22,Gold Credit Card,57780.7,41747.9,M,1973-07-11,Primary,100764,,0.0,17,,,,NORM,0,765
6,Assiut,2021-07-26,100000,A,NORM,Normal,0,2026-02-21,Gold Credit Card,18713.03,81047.21,F,1967-11-12,Primary,100765,,0.0,55,,,,NORM,0,766
10,Suez,2018-02-24,20000,A,NORM,Normal,0,2026-02-25,Classic Credit Card,8223.92,11551.21,M,1991-08-10,Primary,100766,,0.0,97,,,,NORM,0,767
1,Cairo Main,2022-03-15,100000,A,NORM,Normal,0,2026-03-01,World Elite Card,56876.8,43002.52,F,1966-03-03,Primary,100767,,0.0,48,,,,NORM,0,768
8,Zagazig,2021-09-08,15000,A,NORM,Normal,0,2026-02-17,World Elite Card,11930.67,2895.39,F,1993-02-27,Primary,100768,,0.0,54,,,,NORM,0,769
6,Assiut,2020-04-23,150000,A,NORM,Normal,0,2026-02-26,Classic Credit Card,72858.26,77047.44,F,1970-11-13,Primary,100769,,0.0,71,,,,NORM,0,770
2,Giza,2023-07-07,10000,A,NORM,Normal,0,2026-02-19,Titanium Credit Card,3362.62,6419.63,M,1999-01-07,Primary,100770,,0.0,32,,,,NORM,0,771
10,Suez,2018-10-22,50000,A,NORM,Normal,0,2026-02-15,Platinum Credit Card,3620.74,46256.6,M,1981-07-27,Primary,100775,,0.0,89,,,,NORM,0,776
8,Zagazig,2022-08-31,75000,A,NORM,Normal,0,2026-02-17,Cashback Card,20889.1,53670.06,F,1978-02-23,Primary,100776,,0.0,42,,,,NORM,0,777
7,Luxor,2019-10-28,20000,A,NORM,Normal,0,2026-02-27,Travel Rewards Card,6058.33,13696.86,F,1985-05-15,Primary,100777,,0.0,77,,,,NORM,0,778
4,Mansoura,2024-06-26,15000,A,NORM,Normal,0,2026-02-21,Classic Credit Card,1377.65,13279.7,F,1987-01-04,Primary,100779,,0.0,20,,,,NORM,0,780
4,Mansoura,2022-09-29,15000,A,NORM,Normal,0,2026-02-19,Travel Rewards Card,-791.55,14100.28,F,1999-04-18,Primary,100780,,0.0,41,,,,NORM,0,781
2,Giza,2024-06-03,50000,A,NORM,Normal,0,2026-02-21,Platinum Credit Card,37083.03,12745.33,F,1988-07-15,Primary,100781,,0.0,21,,,,NORM,0,782
8,Zagazig,2023-08-21,10000,A,NORM,Normal,0,2026-02-21,Business Credit Card,1532.6,8350.69,M,1968-02-29,Primary,100783,,0.0,30,,,,NORM,0,784
7,Luxor,2019-03-24,15000,A,60DA,60 Days Delinquent,60,2026-02-18,Gold Credit Card,-181.85,14474.83,F,1979-10-08,Primary,100784,,2985.49,84,,,,60DA,0,785
10,Suez,2023-05-12,100000,A,NORM,Normal,0,2026-02-19,Gold Credit Card,72075.11,27695.9,F,1970-07-13,Primary,100785,,0.0,34,,,,NORM,0,786
4,Mansoura,2018-01-30,75000,A,NORM,Normal,0,2026-02-22,World Elite Card,46696.04,28159.2,F,1983-06-06,Primary,100786,,0.0,98,,,,NORM,0,787
6,Assiut,2020-09-08,50000,A,30DD,30 Days Delinquent,30,2026-02-28,Travel Rewards Card,17308.61,32434.47,M,1996-08-22,Secondary,100787,,2027.14,66,,,,30DD,0,788
8,Zagazig,2022-07-04,15000,A,60DA,60 Days Delinquent,60,2026-02-19,Classic Credit Card,6940.64,7576.85,F,1999-01-18,Primary,100788,,1229.08,44,,,,60DA,0,789
9,Ismailia,2020-02-09,5000,A,NORM,Normal,0,2026-02-26,Cashback Card,701.41,4057.9,M,1978-07-13,Primary,100789,,0.0,73,,,,NORM,0,790
8,Zagazig,2024-11-14,10000,A,NORM,Normal,0,2026-02-17,Cashback Card,7383.53,2577.66,M,1977-12-13,Primary,100790,,0.0,15,,,,NORM,0,791
9,Ismailia,2024-05-31,150000,A,NORM,Normal,0,2026-02-16,Classic Credit Card,32437.79,117396.88,M,1999-04-22,Secondary,100791,,0.0,21,,,,NORM,0,792
3,Alexandria,2019-04-19,100000,A,30DD,30 Days Delinquent,30,2026-02-27,Titanium Credit Card,-9758.54,89809.6,M,1980-01-07,Primary,100792,,49407.1,83,,,,30DD,0,793
6,Assiut,2021-02-22,20000,A,NORM,Normal,0,2026-02-24,World Elite Card,12841.3,7060.61,M,1977-03-15,Primary,100793,,0.0,61,,,,NORM,0,794
6,Assiut,2020-07-05,200000,A,NORM,Normal,0,2026-02-19,Gold Credit Card,85462.53,114100.33,F,1999-02-10,Secondary,100794,,0.0,68,,,,NORM,0,795
4,Mansoura,2019-04-19,30000,A,NORM,Normal,0,2026-02-26,Gold Credit Card,7282.89,22301.64,F,1971-08-15,Secondary,100795,,0.0,83,,,,NORM,0,796
3,Alexandria,2024-09-30,200000,A,NEW,New,0,2026-02-22,Titanium Credit Card,-15990.4,183518.05,M,1983-04-25,Secondary,100797,,0.0,17,,,,NEW,0,798
5,Tanta,2020-06-15,100000,A,60DA,60 Days Delinquent,60,2026-02-22,Business Credit Card,4768.2,95163.96,F,1997-07-21,Primary,100798,,8629.49,69,,,,60DA,0,799
6,Assiut,2023-08-20,10000,A,NEW,New,0,2026-03-01,World Elite Card,933.99,8977.96,F,1973-11-08,Primary,100799,,0.0,30,,,,NEW,0,800
6,Assiut,2020-05-12,20000,A,30DD,30 Days Delinquent,30,2026-02-20,Classic Credit Card,10892.93,9083.89,F,1966-11-06,Secondary,100800,,1368.54,70,,,,30DD,0,801
9,Ismailia,2021-10-14,75000,A,NEW,New,0,2026-02-17,Business Credit Card,7654.89,67024.24,F,1977-08-06,Primary,100801,,0.0,53,,,,NEW,0,802
4,Mansoura,2024-02-23,75000,A,NORM,Normal,0,2026-02-16,Gold Credit Card,9405.83,65472.54,M,1991-06-13,Primary,100802,,0.0,24,,,,NORM,0,803
3,Alexandria,2023-05-31,30000,A,NORM,Normal,0,2026-02-20,Platinum Credit Card,3822.22,26084.94,M,1979-10-27,Primary,100803,,0.0,33,,,,NORM,0,804
3,Alexandria,2022-10-16,15000,A,NORM,Normal,0,2026-02-23,Classic Credit Card,-1421.62,13446.53,F,1976-11-21,Secondary,100804,,0.0,41,,,,NORM,0,805
6,Assiut,2022-11-12,15000,A,60DA,60 Days Delinquent,60,2026-02-14,Travel Rewards Card,9992.5,4715.83,M,1986-08-14,Primary,100805,,3531.18,40,,,,60DA,0,806
5,Tanta,2019-05-28,10000,A,NORM,Normal,0,2026-02-17,Cashback Card,2491.41,7085.06,M,1985-08-19,Secondary,100808,,0.0,82,,,,NORM,0,809
9,Ismailia,2024-01-07,150000,A,NORM,Normal,0,2026-02-16,Business Credit Card,23790.4,125889.81,M,1996-09-01,Secondary,100809,,0.0,26,,,,NORM,0,810
10,Suez,2020-01-08,5000,A,NORM,Normal,0,2026-02-18,Business Credit Card,1981.85,2521.84,M,1991-03-09,Primary,100810,,0.0,74,,,,NORM,0,811
5,Tanta,2023-10-29,30000,A,NORM,Normal,0,2026-02-16,Business Credit Card,3563.92,26145.8,F,1962-01-26,Primary,100812,,0.0,28,,,,NORM,0,813
9,Ismailia,2020-05-09,10000,A,NEW,New,0,2026-02-25,Classic Credit Card,7041.66,2682.62,M,1982-11-26,Primary,100813,,0.0,70,,,,NEW,0,814
3,Alexandria,2023-02-12,10000,A,NORM,Normal,0,2026-02-16,World Elite Card,644.87,9126.3,M,1977-12-11,Primary,100815,,0.0,37,,,,NORM,0,816
6,Assiut,2023-09-26,200000,A,60DA,60 Days Delinquent,60,2026-02-16,Platinum Credit Card,94880.98,105006.72,F,1985-04-13,Primary,100816,,32938.69,29,,,,60DA,0,817
2,Giza,2019-05-26,150000,A,NORM,Normal,0,2026-02-26,Gold Credit Card,52593.63,97071.99,F,1972-02-12,Primary,100817,,0.0,82,,,,NORM,0,818
3,Alexandria,2020-07-13,30000,A,NORM,Normal,0,2026-02-27,Classic Credit Card,6325.11,23439.7,M,1998-12-22,Secondary,100818,,0.0,68,,,,NORM,0,819
9,Ismailia,2021-06-09,200000,A,NORM,Normal,0,2026-02-23,Business Credit Card,27166.71,172360.12,F,1992-09-01,Secondary,100819,,0.0,57,,,,NORM,0,820
10,Suez,2018-07-16,15000,A,NORM,Normal,0,2026-02-17,Cashback Card,2356.28,12395.17,F,1964-06-11,Primary,100820,,0.0,92,,,,NORM,0,821
10,Suez,2020-11-27,5000,A,30DD,30 Days Delinquent,30,2026-02-16,Platinum Credit Card,3568.83,1044.54,F,1965-09-21,Primary,100821,,2857.46,64,,,,30DD,0,822
9,Ismailia,2020-07-26,30000,A,NORM,Normal,0,2026-02-20,Gold Credit Card,27845.18,1665.3,F,1992-03-24,Primary,100823,,0.0,68,,,,NORM,0,824
2,Giza,2024-06-14,5000,A,NORM,Normal,0,2026-02-24,Gold Credit Card,465.7,4213.08,F,1967-05-29,Secondary,100824,,0.0,20,,,,NORM,0,825
3,Alexandria,2023-08-02,150000,A,30DD,30 Days Delinquent,30,2026-02-15,Gold Credit Card,39254.45,110542.82,M,1981-07-07,Primary,100825,,82585.92,31,,,,30DD,0,826
6,Assiut,2022-09-28,100000,A,NORM,Normal,0,2026-02-16,Travel Rewards Card,78880.46,21079.58,M,1962-04-14,Secondary,100827,,0.0,41,,,,NORM,0,828
2,Giza,2021-05-10,100000,A,NORM,Normal,0,2026-03-01,World Elite Card,20673.82,79096.1,M,1973-01-04,Primary,100828,,0.0,58,,,,NORM,0,829
6,Assiut,2020-02-02,75000,A,NORM,Normal,0,2026-02-22,Cashback Card,54339.8,20374.59,F,1999-12-06,Primary,100830,,0.0,73,,,,NORM,0,831
3,Alexandria,2019-05-23,100000,A,NORM,Normal,0,2026-02-22,Classic Credit Card,51435.62,48183.67,M,1978-06-04,Primary,100831,,0.0,82,,,,NORM,0,832
7,Luxor,2024-01-07,30000,A,NORM,Normal,0,2026-02-23,Gold Credit Card,12001.5,17665.56,M,1968-03-03,Primary,100832,,0.0,26,,,,NORM,0,833
6,Assiut,2020-03-23,10000,A,NORM,Normal,0,2026-02-21,Titanium Credit Card,7342.94,2516.34,M,1999-08-20,Primary,100833,,0.0,72,,,,NORM,0,834
3,Alexandria,2020-03-26,100000,A,NORM,Normal,0,2026-02-27,World Elite Card,-2528.33,97254.59,F,1989-11-19,Primary,100834,,0.0,72,,,,NORM,0,835
5,Tanta,2019-08-22,75000,A,60DA,60 Days Delinquent,60,2026-02-19,Classic Credit Card,18418.72,56304.52,M,1968-08-14,Primary,100839,,40022.91,79,,,,60DA,0,840
4,Mansoura,2022-10-12,100000,A,NORM,Normal,0,2026-02-26,Classic Credit Card,63012.69,36704.57,F,1975-01-29,Primary,100840,,0.0,41,,,,NORM,0,841
7,Luxor,2021-08-03,5000,A,NORM,Normal,0,2026-02-27,Platinum Credit Card,-191.51,4646.53,M,1971-01-29,Primary,100841,,0.0,55,,,,NORM,0,842
10,Suez,2022-10-31,15000,A,NORM,Normal,0,2026-02-20,World Elite Card,12311.25,2297.4,F,1964-07-08,Primary,100842,,0.0,40,,,,NORM,0,843
10,Suez,2018-06-18,200000,A,NORM,Normal,0,2026-02-14,Titanium Credit Card,92059.72,107514.74,M,1965-05-25,Secondary,100844,,0.0,93,,,,NORM,0,845
5,Tanta,2023-04-27,20000,A,NORM,Normal,0,2026-02-18,Platinum Credit Card,17518.16,2375.28,M,1992-07-15,Primary,100845,,0.0,34,,,,NORM,0,846
6,Assiut,2023-01-11,10000,A,NORM,Normal,0,2026-02-27,Travel Rewards Card,3501.38,6196.02,F,1976-06-01,Secondary,100846,,0.0,38,,,,NORM,0,847
3,Alexandria,2021-01-27,15000,A,30DD,30 Days Delinquent,30,2026-02-20,World Elite Card,3251.23,11263.46,M,1986-11-16,Primary,100847,,6089.78,61,,,,30DD,0,848
9,Ismailia,2023-10-05,10000,A,30DD,30 Days Delinquent,30,2026-02-19,Platinum Credit Card,249.19,9608.83,F,1999-01-14,Primary,100848,,763.37,29,,,,30DD,0,849
5,Tanta,2020-01-24,5000,A,NORM,Normal,0,2026-02-27,Platinum Credit Card,2633.26,2150.07,M,1969-04-13,Primary,100849,,0.0,74,,,,NORM,0,850
5,Tanta,2020-06-21,30000,A,NORM,Normal,0,2026-02-14,World Elite Card,7848.41,22067.98,M,1998-03-28,Primary,100850,,0.0,69,,,,NORM,0,851
6,Assiut,2018-12-07,150000,A,NEW,New,0,2026-02-18,World Elite Card,79060.68,70632.53,F,1974-07-23,Secondary,100852,,0.0,88,,,,NEW,0,853
4,Mansoura,2021-02-19,15000,A,NEW,New,0,2026-03-01,World Elite Card,6480.27,8028.74,M,1992-10-07,Secondary,100853,,0.0,61,,,,NEW,0,854
9,Ismailia,2022-12-17,20000,A,NEW,New,0,2026-02-17,Cashback Card,11202.03,8432.74,F,1969-03-31,Primary,100854,,0.0,39,,,,NEW,0,855
3,Alexandria,2019-01-19,100000,A,NORM,Normal,0,2026-02-15,Platinum Credit Card,43010.91,56545.83,M,1981-06-27,Primary,100855,,0.0,86,,,,NORM,0,856
1,Cairo Main,2019-10-30,15000,A,NORM,Normal,0,2026-02-17,Travel Rewards Card,957.98,13839.92,M,1973-11-29,Primary,100856,,0.0,77,,,,NORM,0,857
2,Giza,2023-11-28,15000,A,NORM,Normal,0,2026-02-20,Classic Credit Card,12264.94,2496.85,F,1992-06-28,Primary,100857,,0.0,27,,,,NORM,0,858
3,Alexandria,2018-12-09,30000,A,30DD,30 Days Delinquent,30,2026-02-16,Platinum Credit Card,5645.31,23935.27,M,1971-02-20,Primary,100858,,589.14,87,,,,30DD,0,859
4,Mansoura,2023-05-22,200000,A,NORM,Normal,0,2026-03-01,Business Credit Card,145365.19,54378.83,F,1966-03-31,Primary,100859,,0.0,33,,,,NORM,0,860
5,Tanta,2024-02-05,10000,A,30DD,30 Days Delinquent,30,2026-02-26,Classic Credit Card,7533.67,2261.74,F,1988-02-23,Primary,100860,,3797.28,25,,,,30DD,0,861
1,Cairo Main,2018-04-09,20000,A,NORM,Normal,0,2026-02-26,Travel Rewards Card,-1838.14,17958.04,F,1970-01-23,Primary,100861,,0.0,96,,,,NORM,0,862
1,Cairo Main,2019-09-11,15000,A,NORM,Normal,0,2026-02-23,Travel Rewards Card,6942.79,7821.69,M,1987-02-12,Primary,100863,,0.0,78,,,,NORM,0,864
5,Tanta,2019-03-02,30000,A,NEW,New,0,2026-02-21,Business Credit Card,15758.11,14225.92,M,1975-08-17,Secondary,100864,,0.0,85,,,,NEW,0,865
4,Mansoura,2022-09-11,150000,A,NORM,Normal,0,2026-02-20,Business Credit Card,5672.19,143914.99,M,1977-03-10,Primary,100867,,0.0,42,,,,NORM,0,868
10,Suez,2020-06-17,10000,A,30DD,30 Days Delinquent,30,2026-02-15,Titanium Credit Card,5981.5,3540.25,M,1994-11-01,Primary,100868,,3560.88,69,,,,30DD,0,869
2,Giza,2021-12-01,50000,A,NORM,Normal,0,2026-02-20,Platinum Credit Card,43648.3,6343.1,M,1962-09-03,Secondary,100869,,0.0,51,,,,NORM,0,870
4,Mansoura,2020-07-08,5000,A,NORM,Normal,0,2026-02-19,Platinum Credit Card,4050.29,478.1,F,1997-02-18,Primary,100870,,0.0,68,,,,NORM,0,871
1,Cairo Main,2019-03-11,200000,A,NORM,Normal,0,2026-02-21,Gold Credit Card,140043.62,59575.9,M,1991-06-18,Primary,100871,,0.0,84,,,,NORM,0,872
4,Mansoura,2018-02-21,200000,A,NEW,New,0,2026-02-28,Travel Rewards Card,147972.16,51883.92,F,1963-06-16,Primary,100872,,0.0,97,,,,NEW,0,873
7,Luxor,2021-10-13,100000,A,30DD,30 Days Delinquent,30,2026-02-18,Classic Credit Card,60784.14,38752.69,M,1992-05-30,Secondary,100873,,13784.72,53,,,,30DD,0,874
3,Alexandria,2019-01-12,150000,A,NORM,Normal,0,2026-02-15,Travel Rewards Card,7980.66,141908.38,F,1972-03-11,Primary,100875,,0.0,86,,,,NORM,0,876
4,Mansoura,2019-03-21,10000,A,NORM,Normal,0,2026-02-20,Gold Credit Card,2617.05,7136.46,F,1972-02-09,Primary,100877,,0.0,84,,,,NORM,0,878
2,Giza,2020-05-17,200000,A,NORM,Normal,0,2026-02-16,Classic Credit Card,139507.7,60399.01,M,1962-12-06,Primary,100878,,0.0,70,,,,NORM,0,879
10,Suez,2024-04-28,100000,A,NORM,Normal,0,2026-02-16,Classic Credit Card,56951.44,42703.82,M,1962-01-05,Primary,100879,,0.0,22,,,,NORM,0,880
7,Luxor,2020-03-09,50000,A,NORM,Normal,0,2026-02-15,Travel Rewards Card,-2455.28,47378.94,M,1982-06-09,Primary,100880,,0.0,72,,,,NORM,0,881
9,Ismailia,2019-09-08,5000,A,NORM,Normal,0,2026-02-16,Travel Rewards Card,4191.82,766.68,M,1996-03-21,Primary,100881,,0.0,78,,,,NORM,0,882
2,Giza,2020-08-06,20000,A,NORM,Normal,0,2026-02-28,Platinum Credit Card,11941.53,8023.91,F,1992-03-24,Primary,100882,,0.0,67,,,,NORM,0,883
6,Assiut,2022-10-31,5000,A,NORM,Normal,0,2026-02-24,Travel Rewards Card,-392.4,4467.42,M,1987-12-19,Primary,100883,,0.0,40,,,,NORM,0,884
8,Zagazig,2019-07-30,10000,A,NORM,Normal,0,2026-02-26,Business Credit Card,-664.95,9295.04,F,1989-03-03,Primary,100886,,0.0,80,,,,NORM,0,887
8,Zagazig,2023-10-01,200000,A,NORM,Normal,0,2026-02-19,Cashback Card,177882.34,21918.5,F,1976-06-13,Primary,100887,,0.0,29,,,,NORM,0,888
1,Cairo Main,2020-09-29,150000,A,NORM,Normal,0,2026-02-14,Classic Credit Card,135678.36,13857.56,F,1993-03-29,Primary,100888,,0.0,65,,,,NORM,0,889
4,Mansoura,2023-03-09,10000,A,NORM,Normal,0,2026-02-23,Cashback Card,702.59,9215.14,F,1977-05-31,Primary,100889,,0.0,36,,,,NORM,0,890
7,Luxor,2022-07-03,50000,A,NORM,Normal,0,2026-02-22,Gold Credit Card,36728.48,12933.69,F,1968-12-12,Primary,100890,,0.0,44,,,,NORM,0,891
5,Tanta,2018-06-06,150000,A,NORM,Normal,0,2026-02-28,Platinum Credit Card,69706.71,79888.07,M,1980-05-22,Primary,100891,,0.0,94,,,,NORM,0,892
5,Tanta,2019-12-23,10000,A,NORM,Normal,0,2026-02-20,Platinum Credit Card,8988.42,711.46,F,1988-07-07,Primary,100893,,0.0,75,,,,NORM,0,894
9,Ismailia,2020-11-28,15000,A,NORM,Normal,0,2026-02-22,Classic Credit Card,13109.88,1801.7,F,1969-08-08,Primary,100894,,0.0,63,,,,NORM,0,895
7,Luxor,2024-02-15,15000,A,30DD,30 Days Delinquent,30,2026-02-28,Travel Rewards Card,1833.43,12857.07,M,1991-03-29,Secondary,100898,,4659.98,24,,,,30DD,0,899
6,Assiut,2022-01-30,5000,A,30DD,30 Days Delinquent,30,2026-02-24,World Elite Card,464.99,4244.13,M,1996-07-02,Primary,100899,,1353.98,49,,,,30DD,0,900
7,Luxor,2021-12-13,150000,A,NORM,Normal,0,2026-02-18,Travel Rewards Card,98075.81,51783.8,M,1975-10-11,Primary,100900,,0.0,51,,,,NORM,0,901
10,Suez,2024-02-02,75000,A,NEW,New,0,2026-02-25,Travel Rewards Card,-7306.48,67468.77,F,1967-04-18,Secondary,100901,,0.0,25,,,,NEW,0,902
2,Giza,2018-03-09,200000,A,NORM,Normal,0,2026-02-22,Travel Rewards Card,143723.57,55912.95,M,1964-01-08,Primary,100902,,0.0,97,,,,NORM,0,903
7,Luxor,2020-07-01,100000,A,NORM,Normal,0,2026-02-27,Travel Rewards Card,55890.08,43877.18,F,1969-07-03,Primary,100903,,0.0,68,,,,NORM,0,904
7,Luxor,2022-03-15,20000,A,NORM,Normal,0,2026-02-26,World Elite Card,7262.94,12593.09,F,1960-05-04,Primary,100904,,0.0,48,,,,NORM,0,905
3,Alexandria,2020-08-04,10000,A,NORM,Normal,0,2026-02-24,Platinum Credit Card,8411.47,1379.48,F,1979-08-15,Secondary,100907,,0.0,67,,,,NORM,0,908
10,Suez,2018-04-14,15000,A,NORM,Normal,0,2026-02-15,Business Credit Card,293.57,14467.2,M,1977-02-25,Primary,100909,,0.0,95,,,,NORM,0,910
7,Luxor,2020-12-02,5000,A,NEW,New,0,2026-02-25,World Elite Card,2008.57,2777.64,M,1994-07-23,Secondary,100910,,0.0,63,,,,NEW,0,911
10,Suez,2019-03-15,15000,A,NORM,Normal,0,2026-02-17,World Elite Card,6991.63,7715.48,M,1965-07-03,Primary,100911,,0.0,84,,,,NORM,0,912
7,Luxor,2023-07-05,5000,A,NORM,Normal,0,2026-02-14,Travel Rewards Card,993.54,3750.15,M,1964-07-07,Primary,100912,,0.0,32,,,,NORM,0,913
8,Zagazig,2019-10-22,15000,A,NORM,Normal,0,2026-02-22,World Elite Card,897.5,13946.72,M,1996-04-08,Secondary,100913,,0.0,77,,,,NORM,0,914
10,Suez,2024-02-17,5000,A,NORM,Normal,0,2026-02-25,Platinum Credit Card,4268.74,446.36,M,1986-11-30,Primary,100914,,0.0,24,,,,NORM,0,915
9,Ismailia,2019-09-17,20000,A,30DD,30 Days Delinquent,30,2026-02-17,Cashback Card,-463.86,19464.54,M,1994-02-18,Primary,100915,,5529.57,78,,,,30DD,0,916
5,Tanta,2023-05-27,20000,A,NORM,Normal,0,2026-02-26,Gold Credit Card,18388.87,1233.65,F,1972-04-10,Primary,100916,,0.0,33,,,,NORM,0,917
9,Ismailia,2020-03-01,30000,A,NORM,Normal,0,2026-02-19,Platinum Credit Card,22245.59,7505.94,F,1977-12-09,Primary,100917,,0.0,73,,,,NORM,0,918
7,Luxor,2024-05-12,50000,A,NORM,Normal,0,2026-02-22,Cashback Card,31767.29,18036.25,M,1968-12-16,Secondary,100919,,0.0,21,,,,NORM,0,920
7,Luxor,2024-10-09,150000,A,NORM,Normal,0,2026-02-18,Cashback Card,111863.44,37892.63,M,1973-03-01,Secondary,100920,,0.0,16,,,,NORM,0,921
1,Cairo Main,2022-09-22,10000,A,NEW,New,0,2026-02-19,Gold Credit Card,9192.29,598.31,F,1972-04-23,Primary,100924,,0.0,41,,,,NEW,0,925
5,Tanta,2024-06-16,5000,A,NORM,Normal,0,2026-02-15,Business Credit Card,3028.88,1537.94,F,1960-10-19,Secondary,100925,,0.0,20,,,,NORM,0,926
6,Assiut,2018-03-08,10000,A,60DA,60 Days Delinquent,60,2026-02-15,Business Credit Card,882.89,8644.78,F,1988-12-03,Primary,100926,,4568.32,97,,,,60DA,0,927
2,Giza,2021-07-06,100000,A,NORM,Normal,0,2026-02-26,Classic Credit Card,61905.56,37959.79,F,1984-12-16,Secondary,100927,,0.0,56,,,,NORM,0,928
3,Alexandria,2020-02-22,50000,A,NORM,Normal,0,2026-03-01,Classic Credit Card,46658.21,2997.0,M,1963-12-13,Primary,100929,,0.0,73,,,,NORM,0,930
5,Tanta,2024-11-14,75000,A,NORM,Normal,0,2026-02-18,World Elite Card,31303.8,43412.58,F,1974-10-09,Primary,100930,,0.0,15,,,,NORM,0,931
7,Luxor,2023-01-05,10000,A,NORM,Normal,0,2026-02-25,Titanium Credit Card,6330.2,3643.83,F,1988-07-27,Primary,100931,,0.0,38,,,,NORM,0,932
2,Giza,2021-04-28,10000,A,NORM,Normal,0,2026-02-22,Cashback Card,6146.66,3379.92,M,1971-11-01,Secondary,100932,,0.0,58,,,,NORM,0,933
1,Cairo Main,2020-06-04,100000,A,30DD,30 Days Delinquent,30,2026-02-19,Travel Rewards Card,82487.25,17166.04,M,1990-01-28,Primary,100933,,55624.66,69,,,,30DD,0,934
8,Zagazig,2024-12-16,150000,A,30DD,30 Days Delinquent,30,2026-02-26,Titanium Credit Card,118670.62,30937.47,M,1998-12-05,Primary,100935,,72817.07,14,,,,30DD,0,936
2,Giza,2023-03-04,10000,A,NORM,Normal,0,2026-02-28,Gold Credit Card,7334.64,2589.59,F,1966-08-10,Primary,100936,,0.0,36,,,,NORM,0,937
8,Zagazig,2020-12-23,10000,A,60DA,60 Days Delinquent,60,2026-02-23,Gold Credit Card,4438.92,5309.39,M,1975-10-15,Primary,100937,,1976.32,63,,,,60DA,0,938
6,Assiut,2022-12-13,30000,A,90DA,90 Days Delinquent,90,2026-02-24,Cashback Card,10320.08,19454.24,F,1962-05-20,Primary,100938,,10584.5,39,,,,90DA,0,939
3,Alexandria,2021-02-04,150000,A,30DD,30 Days Delinquent,30,2026-02-17,Business Credit Card,80327.19,69423.43,M,1986-08-24,Secondary,100939,,66735.92,61,,,,30DD,0,940
1,Cairo Main,2024-06-14,30000,A,NORM,Normal,0,2026-02-25,Titanium Credit Card,18331.12,11365.59,M,1961-08-07,Primary,100940,,0.0,20,,,,NORM,0,941
5,Tanta,2018-01-13,10000,A,NORM,Normal,0,2026-02-23,Platinum Credit Card,5527.13,4091.07,M,1992-12-01,Primary,100942,,0.0,98,,,,NORM,0,943
1,Cairo Main,2018-03-13,200000,A,NORM,Normal,0,2026-02-20,World Elite Card,87009.93,112670.61,M,1996-09-25,Primary,100945,,0.0,97,,,,NORM,0,946
6,Assiut,2023-07-03,50000,A,NORM,Normal,0,2026-02-17,World Elite Card,9796.89,40067.14,F,1980-04-20,Primary,100946,,0.0,32,,,,NORM,0,947
6,Assiut,2024-09-06,100000,A,NORM,Normal,0,2026-02-26,Gold Credit Card,62145.88,37437.3,M,1983-03-25,Secondary,100947,,0.0,18,,,,NORM,0,948
6,Assiut,2018-05-07,20000,A,30DD,30 Days Delinquent,30,2026-03-01,Travel Rewards Card,8023.55,11747.41,M,1982-05-01,Secondary,100948,,4551.03,95,,,,30DD,0,949
5,Tanta,2024-02-10,100000,A,NORM,Normal,0,2026-02-15,Platinum Credit Card,87796.67,12012.61,F,1999-05-07,Primary,100949,,0.0,25,,,,NORM,0,950
4,Mansoura,2024-07-01,150000,A,NORM,Normal,0,2026-02-26,Cashback Card,136525.49,13170.41,F,1961-11-04,Secondary,100950,,0.0,20,,,,NORM,0,951
2,Giza,2023-08-06,15000,A,NEW,New,0,2026-02-26,Business Credit Card,9429.16,5247.92,F,1960-05-16,Primary,100951,,0.0,31,,,,NEW,0,952
8,Zagazig,2018-09-22,30000,A,NORM,Normal,0,2026-02-16,Classic Credit Card,13252.64,16552.73,M,1972-12-05,Secondary,100952,,0.0,90,,,,NORM,0,953
8,Zagazig,2018-01-21,75000,A,NEW,New,0,2026-02-23,Cashback Card,29514.3,45069.9,F,1973-09-19,Primary,100953,,0.0,98,,,,NEW,0,954
9,Ismailia,2018-12-19,30000,A,NORM,Normal,0,2026-03-01,Platinum Credit Card,-931.3,28633.81,M,1966-12-15,Primary,100954,,0.0,87,,,,NORM,0,955
6,Assiut,2024-06-26,15000,A,NORM,Normal,0,2026-02-22,Titanium Credit Card,5425.77,9499.25,F,1996-01-30,Primary,100956,,0.0,20,,,,NORM,0,957
5,Tanta,2023-03-04,150000,A,NEW,New,0,2026-02-17,Platinum Credit Card,78439.55,71179.91,M,1985-06-02,Primary,100957,,0.0,36,,,,NEW,0,958
6,Assiut,2021-12-21,75000,A,NORM,Normal,0,2026-02-28,Business Credit Card,29364.81,45246.8,F,1981-01-03,Secondary,100958,,0.0,51,,,,NORM,0,959
2,Giza,2019-07-30,200000,A,NORM,Normal,0,2026-02-23,World Elite Card,151020.63,48514.85,F,1993-11-26,Primary,100959,,0.0,80,,,,NORM,0,960
6,Assiut,2019-02-03,30000,A,NORM,Normal,0,2026-02-22,Business Credit Card,20749.42,9035.58,M,1986-08-29,Primary,100961,,0.0,86,,,,NORM,0,962
9,Ismailia,2024-04-21,100000,A,NORM,Normal,0,2026-02-25,Platinum Credit Card,28952.41,70678.26,F,1966-06-19,Primary,100962,,0.0,22,,,,NORM,0,963
10,Suez,2020-04-02,10000,A,NORM,Normal,0,2026-02-15,Gold Credit Card,2148.15,7798.6,M,1990-11-07,Primary,100963,,0.0,71,,,,NORM,0,964
9,Ismailia,2024-11-14,100000,A,90DA,90 Days Delinquent,90,2026-02-14,Gold Credit Card,13494.83,86072.66,M,1971-09-04,Primary,100965,,50754.36,15,,,,90DA,0,966
5,Tanta,2022-04-30,10000,A,30DD,30 Days Delinquent,30,2026-02-28,Business Credit Card,4047.68,5700.34,M,1977-07-19,Primary,100967,,2644.65,46,,,,30DD,0,968
1,Cairo Main,2022-01-05,150000,A,30DD,30 Days Delinquent,30,2026-02-14,Titanium Credit Card,61995.42,87560.36,F,1967-02-06,Primary,100969,,86805.92,50,,,,30DD,0,970
10,Suez,2023-02-26,15000,A,30DD,30 Days Delinquent,30,2026-02-16,World Elite Card,5540.81,9224.36,M,1975-03-21,Primary,100970,,6937.83,36,,,,30DD,0,971
3,Alexandria,2023-09-08,150000,A,30DD,30 Days Delinquent,30,2026-02-18,World Elite Card,76753.86,73008.77,F,1985-11-02,Primary,100971,,34169.74,30,,,,30DD,0,972
1,Cairo Main,2019-10-14,20000,A,NORM,Normal,0,2026-02-17,Gold Credit Card,7560.44,12291.56,F,1961-04-28,Primary,100972,,0.0,77,,,,NORM,0,973
3,Alexandria,2022-04-23,75000,A,NORM,Normal,0,2026-02-18,Gold Credit Card,15146.3,59720.69,F,1992-08-30,Primary,100973,,0.0,46,,,,NORM,0,974
4,Mansoura,2020-10-31,100000,A,NEW,New,0,2026-02-27,Business Credit Card,90504.74,9404.11,M,1968-10-11,Primary,100975,,0.0,64,,,,NEW,0,976
2,Giza,2018-04-10,10000,A,NORM,Normal,0,2026-02-20,Titanium Credit Card,5549.55,4443.81,M,1986-02-10,Primary,100976,,0.0,96,,,,NORM,0,977
2,Giza,2020-01-30,150000,A,NORM,Normal,0,2026-02-26,Business Credit Card,-7114.16,142828.83,F,1975-04-14,Primary,100977,,0.0,74,,,,NORM,0,978
2,Giza,2020-08-02,5000,A,NORM,Normal,0,2026-02-23,Cashback Card,-328.34,4471.0,F,1982-05-15,Primary,100979,,0.0,67,,,,NORM,0,980
8,Zagazig,2018-05-03,5000,A,NORM,Normal,0,2026-02-24,Cashback Card,3247.08,1573.84,M,1971-10-19,Secondary,100981,,0.0,95,,,,NORM,0,982
4,Mansoura,2021-09-12,5000,A,NEW,New,0,2026-02-16,Titanium Credit Card,1977.97,2976.39,M,1984-07-16,Secondary,100982,,0.0,54,,,,NEW,0,983
10,Suez,2024-03-08,100000,A,NORM,Normal,0,2026-02-23,Platinum Credit Card,19781.27,79802.85,M,1963-08-13,Primary,100983,,0.0,24,,,,NORM,0,984
9,Ismailia,2018-08-02,75000,A,NORM,Normal,0,2026-02-24,Travel Rewards Card,16942.26,57788.38,F,1981-08-17,Primary,100985,,0.0,92,,,,NORM,0,986
10,Suez,2021-12-11,20000,A,NORM,Normal,0,2026-02-25,Cashback Card,699.25,19299.44,M,1976-06-29,Primary,100986,,0.0,51,,,,NORM,0,987
7,Luxor,2024-01-06,200000,A,NORM,Normal,0,2026-03-01,Classic Credit Card,-9577.81,190270.09,M,1993-07-12,Primary,100987,,0.0,26,,,,NORM,0,988
5,Tanta,2021-07-10,50000,A,NEW,New,0,2026-02-14,Titanium Credit Card,24372.61,25458.43,F,1961-12-17,Primary,100988,,0.0,56,,,,NEW,0,989
5,Tanta,2020-04-23,100000,A,NORM,Normal,0,2026-02-23,Cashback Card,58428.75,41206.43,F,1984-05-21,Primary,100989,,0.0,71,,,,NORM,0,990
9,Ismailia,2021-07-30,150000,A,NORM,Normal,0,2026-02-23,Gold Credit Card,51277.35,98394.92,F,1972-01-01,Primary,100990,,0.0,55,,,,NORM,0,991
3,Alexandria,2023-11-04,20000,A,NORM,Normal,0,2026-02-22,World Elite Card,-777.54,18861.27,F,1997-09-28,Primary,100991,,0.0,28,,,,NORM,0,992
8,Zagazig,2018-03-29,100000,A,NORM,Normal,0,2026-02-28,Classic Credit Card,1965.6,98032.62,F,1965-02-14,Secondary,100992,,0.0,96,,,,NORM,0,993
5,Tanta,2024-11-02,75000,A,30DD,30 Days Delinquent,30,2026-02-24,Business Credit Card,67182.99,7649.05,F,1998-05-02,Primary,100993,,42856.85,16,,,,30DD,0,994
3,Alexandria,2022-11-01,150000,A,NORM,Normal,0,2026-02-15,Classic Credit Card,101486.23,48489.09,F,1989-08-08,Secondary,100994,,0.0,40,,,,NORM,0,995
10,Suez,2018-04-23,50000,A,NORM,Normal,0,2026-03-01,Travel Rewards Card,35441.51,14361.54,M,1969-09-17,Primary,100995,,0.0,95,,,,NORM,0,996
5,Tanta,2020-10-20,150000,A,30DD,30 Days Delinquent,30,2026-02-22,World Elite Card,25388.45,124382.55,F,1963-11-02,Primary,100997,,835.26,65,,,,30DD,0,998
1,Cairo Main,2018-02-06,100000,A,NORM,Normal,0,2026-02-25,Classic Credit Card,87636.2,12061.47,M,1979-09-25,Primary,100999,,0.0,98,,,,NORM,0,1000
