BRANCH_ID,BRANCH_NAME,CREATION_DATE,CREDIT_LIMIT,ACTIVATED,STATUS,STATUS_NAME,DELINQUENCY,LAST_STATEMENT_DATE,NAME,JOINING_FEE,ANNUAL_FEE,LEDGER_BALANCE,AVAILABLE_LIMIT,LAST_PAYMENT_AMOUNT,LAST_PAYMENT_DATE,TOTAL_HOLD,GENDER,DOB,ORGANIZATION,CUSTOMER_TYPE,RIM_NO,CLOSURE_DATE,OVERDUEAMOUNT,NO_OF_CYCLES,FIRST_REPLACED_CARD,SECOND_REPLACED_CARD,THIRD_REPLACED_CARD,Card account status 
2,Giza,2021-01-31,20000,A,NORM,Normal,0,2026-02-18,Classic Credit Card,0,1000,10297.65,9617.96,954.14,2026-02-23,17.25,F,1961-02-13,Elsewedy Capital,Primary,100000,,0.0,61,,,,NORM
4,Mansoura,2024-10-01,5000,A,NORM,Normal,0,2026-02-17,Cashback Card,500,150,462.59,4172.74,995.53,2026-02-08,336.01,F,1982-09-01,Ministry of Health,Primary,100001,,0.0,17,,,,NORM
7,Luxor,2021-02-12,15000,A,NEW,New,0,2026-02-21,Gold Credit Card,0,300,3223.04,11690.91,1850.35,2026-02-10,1761.62,F,1975-04-06,El Sewedy Electric,Primary,100002,,0.0,61,,,,NEW
7,Luxor,2021-02-12,15000,A,NORM,Normal,0,2026-02-21,Cashback Card,0,300,-72.43,14454.69,3568.14,2026-02-21,174.38,F,1975-04-06,El Sewedy Electric,Primary,100002,,0.0,61,,,,NORM
7,Luxor,2021-02-12,15000,A,NORM,Normal,0,2026-02-16,World Elite Card,0,300,1256.3,13737.98,60.5,2026-02-06,788.84,F,1975-04-06,El Sewedy Electric,Primary,100002,,0.0,61,,,,NORM
9,Ismailia,2022-03-31,10000,A,NORM,Normal,0,2026-02-19,Cashback Card,200,1000,3655.53,6277.28,1195.51,2026-02-20,1656.06,M,1965-08-07,Ministry of Health,Primary,100003,,0.0,47,,,,NORM
5,Tanta,2020-08-11,10000,A,NORM,Normal,0,2026-02-20,Cashback Card,200,150,5097.48,4687.37,555.33,2026-02-13,1294.03,F,1963-07-31,Microsoft Egypt,Primary,100004,,0.0,67,,,,NORM
10,Suez,2019-12-02,150000,A,NORM,Normal,0,2026-02-22,Platinum Credit Card,200,1000,21476.89,128485.67,33179.57,2026-02-26,491.22,M,1988-06-25,Elsewedy Capital,Primary,100005,,0.0,76,,,,NORM
1,Cairo Main,2021-07-16,75000,A,NORM,Normal,0,2026-02-15,Titanium Credit Card,100,500,34926.04,39985.14,3607.25,2026-02-02,187.29,F,1996-02-10,Talaat Moustafa Group,Secondary,100006,,0.0,56,VISA-OLD,,,NORM
5,Tanta,2020-10-07,150000,A,30DD,30 Days Delinquent,30,2026-02-25,Platinum Credit Card,500,300,19995.36,129578.55,18894.24,2026-02-28,922.81,M,1966-04-06,Ministry of Health,Secondary,100007,,62687.09,65,,VISA-OLD2,,30DD
8,Zagazig,2018-07-12,10000,A,NORM,Normal,0,2026-02-16,Cashback Card,500,1000,2363.89,7495.62,332.69,2026-02-07,1661.91,M,1964-01-29,Banque Misr,Primary,100008,,0.0,92,MC-OLD,,,NORM
9,Ismailia,2024-03-16,5000,A,NORM,Normal,0,2026-02-18,Cashback Card,200,300,4621.99,0.0,586.38,2026-02-22,20.65,M,1971-04-12,CIB,Primary,100009,,0.0,23,,,,NORM
1,Cairo Main,2020-12-14,150000,A,NORM,Normal,0,2026-02-15,World Elite Card,200,1000,20952.39,128960.88,12211.96,2026-02-26,1652.32,M,1992-05-22,Orascom,Primary,100010,,0.0,63,,VISA-OLD2,,NORM
9,Ismailia,2024-09-19,50000,A,NORM,Normal,0,2026-02-23,Business Credit Card,200,300,40012.96,9650.39,3083.79,2026-02-01,1573.0,M,1960-01-10,Self Employed,Primary,100011,,0.0,17,MC-OLD,,,NORM
2,Giza,2023-06-14,10000,A,NORM,Normal,0,2026-02-27,Classic Credit Card,100,300,5750.6,3853.12,776.93,2026-02-06,1930.0,F,1992-10-30,Ministry of Health,Secondary,100012,,0.0,33,MC-OLD,,,NORM
2,Giza,2023-06-14,10000,A,NORM,Normal,0,2026-02-20,Cashback Card,100,300,8856.26,786.03,1167.27,2026-02-20,232.61,F,1992-10-30,Ministry of Health,Secondary,100012,,0.0,33,MC-OLD,,,NORM
5,Tanta,2022-03-10,100000,A,NORM,Normal,0,2026-02-18,World Elite Card,100,0,38275.5,61492.54,19754.77,2026-02-16,953.22,F,1977-11-24,Government,Primary,100013,,0.0,48,MC-OLD,,,NORM
10,Suez,2018-01-30,10000,A,NORM,Normal,0,2026-02-21,Classic Credit Card,200,0,8645.16,1339.02,2575.96,2026-02-22,1208.81,M,1969-11-17,Orange Egypt,Primary,100014,,0.0,98,VISA-OLD,,,NORM
9,Ismailia,2024-05-27,200000,A,NORM,Normal,0,2026-02-27,Business Credit Card,500,500,184682.39,14908.22,52799.97,2026-02-03,946.76,M,1965-12-07,Self Employed,Primary,100015,,0.0,21,VISA-OLD,,,NORM
7,Luxor,2023-03-28,5000,A,NORM,Normal,0,2026-02-14,Cashback Card,200,0,25.46,4699.3,29.66,2026-02-26,1239.45,M,1978-06-10,CIB,Primary,100016,,0.0,35,MC-OLD,,,NORM
3,Alexandria,2020-01-22,30000,A,NORM,Normal,0,2026-02-20,Classic Credit Card,500,1000,2431.72,27219.61,370.59,2026-02-23,1120.72,M,1978-12-04,Freelancer,Primary,100017,,0.0,74,MC-OLD,,,NORM
2,Giza,2020-08-26,15000,A,NORM,Normal,0,2026-02-22,Classic Credit Card,500,0,2699.09,12167.25,3458.62,2026-02-23,537.34,M,1993-10-20,Amazon Egypt,Primary,100018,,0.0,67,VISA-OLD,,,NORM
8,Zagazig,2022-09-29,150000,A,NORM,Normal,0,2026-02-21,Business Credit Card,200,150,37800.48,112101.33,37076.16,2026-02-10,897.27,M,1972-10-17,Self Employed,Primary,100019,,0.0,41,MC-OLD,,,NORM
6,Assiut,2018-07-25,200000,A,NORM,Normal,0,2026-02-18,Business Credit Card,100,0,-17736.14,182084.39,17605.31,2026-02-11,1490.71,M,1962-07-25,Self Employed,Secondary,100020,,0.0,92,,VISA-OLD2,,NORM
2,Giza,2020-08-21,75000,A,NORM,Normal,0,2026-02-15,Platinum Credit Card,0,500,52433.88,22357.11,12775.95,2026-02-20,345.91,F,1990-04-15,CIB,Secondary,100021,,0.0,67,,,,NORM
2,Giza,2020-08-21,75000,A,NORM,Normal,0,2026-02-19,Classic Credit Card,0,500,50297.95,24568.94,14688.83,2026-02-28,454.27,F,1990-04-15,CIB,Secondary,100021,,0.0,67,,,,NORM
2,Giza,2020-08-21,75000,A,NORM,Normal,0,2026-02-24,Travel Rewards Card,0,500,41783.44,33060.08,16693.17,2026-02-20,182.74,F,1990-04-15,CIB,Secondary,100021,,0.0,67,,,,NORM
4,Mansoura,2022-06-10,15000,A,NORM,Normal,0,2026-02-28,Classic Credit Card,0,500,2192.68,12417.21,2715.33,2026-02-02,1163.1,M,1971-11-30,Juhayna,Primary,100022,,0.0,45,,VISA-OLD2,,NORM
5,Tanta,2021-11-30,10000,A,NORM,Normal,0,2026-02-14,Classic Credit Card,500,1000,4603.12,5265.95,1282.02,2026-02-19,1692.86,F,1965-12-10,Elsewedy Capital,Primary,100023,,0.0,51,MC-OLD,,,NORM
9,Ismailia,2019-03-01,15000,A,NORM,Normal,0,2026-02-21,Classic Credit Card,100,300,10108.37,4744.83,2050.25,2026-01-30,551.61,F,1973-06-06,Talaat Moustafa Group,Primary,100024,,0.0,85,,,,NORM
5,Tanta,2023-06-25,30000,A,NORM,Normal,0,2026-02-18,Gold Credit Card,200,0,9479.65,20332.76,4880.09,2026-02-14,1756.94,M,1982-09-02,Orange Egypt,Primary,100025,,0.0,32,,,,NORM
3,Alexandria,2022-12-15,150000,A,NORM,Normal,0,2026-02-22,World Elite Card,0,150,50219.78,99546.54,30574.65,2026-02-16,808.26,M,1993-04-01,Amazon Egypt,Secondary,100026,,0.0,39,MC-OLD,VISA-OLD2,,NORM
3,Alexandria,2019-06-07,5000,A,NEW,New,0,2026-02-27,Classic Credit Card,200,150,4231.98,376.95,551.61,2026-02-19,1038.93,M,1979-04-12,Juhayna,Primary,100027,,0.0,81,,VISA-OLD2,,NEW
7,Luxor,2019-09-26,20000,A,NORM,Normal,0,2026-02-15,Classic Credit Card,200,500,13677.44,6036.93,5630.29,2026-02-24,950.76,M,1987-11-03,Orascom,Primary,100028,,0.0,78,,,,NORM
7,Luxor,2019-09-26,20000,A,NORM,Normal,0,2026-02-19,Gold Credit Card,200,500,10114.16,9830.84,4662.43,2026-02-19,82.02,M,1987-11-03,Orascom,Primary,100028,,0.0,78,,,,NORM
7,Luxor,2019-09-26,20000,A,NORM,Normal,0,2026-02-18,Titanium Credit Card,200,500,15666.41,4052.54,122.6,2026-02-21,823.79,M,1987-11-03,Orascom,Primary,100028,,0.0,78,,,,NORM
1,Cairo Main,2023-04-12,20000,A,NORM,Normal,0,2026-02-15,Gold Credit Card,100,150,-1301.41,18248.88,1367.36,2026-02-21,534.02,M,1998-07-07,El Sewedy Electric,Primary,100029,,0.0,35,VISA-OLD,,,NORM
1,Cairo Main,2023-04-12,20000,A,NORM,Normal,0,2026-02-15,Cashback Card,100,150,8693.12,11201.24,2378.15,2026-02-08,1331.74,M,1998-07-07,El Sewedy Electric,Primary,100029,,0.0,35,VISA-OLD,,,NORM
5,Tanta,2018-10-12,30000,A,NORM,Normal,0,2026-02-25,Gold Credit Card,200,0,9743.37,19906.21,7988.98,2026-02-25,366.07,M,1998-10-09,IBM Egypt,Secondary,100030,,0.0,89,,,,NORM
10,Suez,2018-06-06,10000,A,NORM,Normal,0,2026-02-21,Cashback Card,200,500,3308.28,6262.91,2733.67,2026-02-08,1552.2,M,1971-11-28,Military,Primary,100031,,0.0,94,MC-OLD,,,NORM
5,Tanta,2022-11-22,5000,A,NORM,Normal,0,2026-02-19,Cashback Card,100,300,3548.26,1225.68,970.56,2026-02-15,436.06,F,1961-12-28,Government,Primary,100032,,0.0,39,,VISA-OLD2,,NORM
5,Tanta,2022-11-22,5000,A,NORM,Normal,0,2026-02-23,Business Credit Card,100,300,3050.33,1545.5,70.04,2026-02-13,1145.28,F,1961-12-28,Government,Primary,100032,,0.0,39,,VISA-OLD2,,NORM
5,Tanta,2022-11-22,5000,A,NORM,Normal,0,2026-02-14,Travel Rewards Card,100,300,3068.62,1846.8,772.56,2026-02-09,1974.82,F,1961-12-28,Government,Primary,100032,,0.0,39,,VISA-OLD2,,NORM
6,Assiut,2019-05-26,30000,A,NORM,Normal,0,2026-03-01,Gold Credit Card,200,500,23580.79,6019.8,5739.12,2026-02-01,1687.69,F,1989-10-03,Government,Primary,100033,,0.0,82,,,,NORM
7,Luxor,2019-12-14,200000,A,NORM,Normal,0,2026-02-28,World Elite Card,200,300,99910.36,100020.14,7076.89,2026-02-14,524.72,M,1990-05-20,Cairo University,Primary,100034,,0.0,75,MC-OLD,VISA-OLD2,,NORM
6,Assiut,2022-12-15,100000,A,NORM,Normal,0,2026-02-17,World Elite Card,0,300,34371.68,65278.24,2332.49,2026-02-01,1365.59,F,1980-11-09,El Sewedy Electric,Primary,100035,,0.0,39,,,,NORM
4,Mansoura,2020-03-26,15000,A,NORM,Normal,0,2026-02-27,Gold Credit Card,0,500,4912.38,9984.65,3775.21,2026-02-04,804.44,F,1996-03-06,Vodafone Egypt,Secondary,100036,,0.0,72,MC-OLD,,,NORM
7,Luxor,2022-06-25,20000,A,NORM,Normal,0,2026-02-23,Classic Credit Card,0,500,17549.58,2112.34,5277.96,2026-02-13,1887.01,M,1982-03-05,Banque Misr,Primary,100037,,0.0,44,MC-OLD,,,NORM
1,Cairo Main,2020-10-17,10000,A,NORM,Normal,0,2026-02-24,Gold Credit Card,200,500,861.77,8719.74,2517.92,2026-02-26,981.08,F,1985-01-01,Freelancer,Secondary,100038,,0.0,65,MC-OLD,,,NORM
3,Alexandria,2023-04-29,100000,A,NORM,Normal,0,2026-02-22,Platinum Credit Card,500,150,33961.35,65877.22,26507.08,2026-02-22,927.3,F,1993-05-11,Talaat Moustafa Group,Primary,100039,,0.0,34,,,,NORM
3,Alexandria,2023-04-29,100000,A,NORM,Normal,0,2026-02-20,Travel Rewards Card,500,150,86014.11,13982.85,12686.66,2026-02-02,1221.49,F,1993-05-11,Talaat Moustafa Group,Primary,100039,,0.0,34,,,,NORM
5,Tanta,2021-08-02,150000,A,NORM,Normal,0,2026-02-22,World Elite Card,500,150,77501.68,72419.45,9281.11,2026-02-06,1944.95,M,1975-01-24,National Bank of Egypt,Primary,100040,,0.0,55,VISA-OLD,,,NORM
9,Ismailia,2022-08-31,5000,A,NORM,Normal,0,2026-03-01,Gold Credit Card,0,1000,3548.18,973.0,453.73,2026-02-08,225.91,F,1980-11-24,El Sewedy Electric,Primary,100041,,0.0,42,,,,NORM
9,Ismailia,2022-08-31,5000,A,NORM,Normal,0,2026-02-24,Cashback Card,0,1000,2469.3,2041.5,674.46,2026-02-16,127.02,F,1980-11-24,El Sewedy Electric,Primary,100041,,0.0,42,,,,NORM
7,Luxor,2022-09-13,150000,A,NORM,Normal,0,2026-02-24,World Elite Card,200,500,69830.8,80074.27,16553.9,2026-02-09,1917.18,F,1998-04-13,Ministry of Health,Primary,100042,,0.0,42,,,,NORM
7,Luxor,2022-09-13,150000,A,NORM,Normal,0,2026-02-22,Travel Rewards Card,200,500,73422.26,76321.43,34909.82,2026-02-07,1623.45,F,1998-04-13,Ministry of Health,Primary,100042,,0.0,42,,,,NORM
3,Alexandria,2023-03-30,15000,A,NORM,Normal,0,2026-02-15,Gold Credit Card,0,0,10829.26,3823.87,3699.12,2026-02-26,1449.36,F,1997-09-13,Military,Primary,100043,,0.0,35,VISA-OLD,,,NORM
1,Cairo Main,2022-04-02,50000,A,NORM,Normal,0,2026-02-17,Titanium Credit Card,500,300,19752.49,29817.49,83.71,2026-02-08,1907.7,F,1971-09-02,El Sewedy Electric,Primary,100044,,0.0,47,,,,NORM
1,Cairo Main,2024-01-19,5000,A,NORM,Normal,0,2026-02-28,Classic Credit Card,0,0,664.42,4278.63,1324.54,2026-02-12,205.91,M,1993-08-07,IBM Egypt,Primary,100045,,0.0,25,,VISA-OLD2,,NORM
3,Alexandria,2019-06-02,100000,A,NORM,Normal,0,2026-02-25,World Elite Card,500,300,16522.76,83091.04,27630.24,2026-02-07,1802.51,F,1970-09-13,CIB,Primary,100046,,0.0,82,MC-OLD,,,NORM
3,Alexandria,2019-03-19,200000,A,NORM,Normal,0,2026-02-28,Platinum Credit Card,100,0,-437.74,199561.52,56368.94,2026-02-04,228.88,M,1973-12-14,Vodafone Egypt,Primary,100047,,0.0,84,,VISA-OLD2,,NORM
3,Alexandria,2019-03-19,200000,A,NORM,Normal,0,2026-02-15,Business Credit Card,100,0,105806.18,94115.78,37848.65,2026-02-27,1759.67,M,1973-12-14,Vodafone Egypt,Primary,100047,,0.0,84,,VISA-OLD2,,NORM
3,Alexandria,2019-03-19,200000,A,NORM,Normal,0,2026-02-27,Travel Rewards Card,100,0,87767.27,111963.02,31054.88,2026-01-31,908.52,M,1973-12-14,Vodafone Egypt,Primary,100047,,0.0,84,,VISA-OLD2,,NORM
2,Giza,2024-05-07,5000,A,NORM,Normal,0,2026-02-20,Cashback Card,200,0,2275.63,2424.05,621.93,2026-02-23,1665.85,F,1995-09-19,IBM Egypt,Primary,100048,,0.0,22,VISA-OLD,,,NORM
2,Giza,2022-01-23,100000,A,NORM,Normal,0,2026-02-15,Platinum Credit Card,500,500,24256.14,75270.6,19815.4,2026-02-28,294.61,F,1979-06-12,Banque Misr,Secondary,100049,,0.0,49,MC-OLD,,,NORM
6,Assiut,2020-10-02,10000,A,NORM,Normal,0,2026-02-15,Classic Credit Card,500,300,5084.26,4746.3,1694.84,2026-02-08,1262.69,M,1998-03-16,Talaat Moustafa Group,Primary,100050,,0.0,65,,,,NORM
6,Assiut,2020-10-02,10000,A,NORM,Normal,0,2026-02-26,Cashback Card,500,300,3398.96,6599.95,2811.18,2026-02-07,1438.46,M,1998-03-16,Talaat Moustafa Group,Primary,100050,,0.0,65,,,,NORM
8,Zagazig,2021-12-24,30000,A,NEW,New,0,2026-02-17,Cashback Card,200,1000,9123.67,20821.24,7198.28,2026-02-16,264.86,M,1969-07-07,Edita Food Industries,Primary,100051,,0.0,50,,,,NEW
4,Mansoura,2022-07-23,100000,A,NORM,Normal,0,2026-02-15,Platinum Credit Card,500,500,45690.3,53889.36,7203.23,2026-02-25,113.64,M,1992-04-19,Ministry of Health,Primary,100052,,0.0,43,,,,NORM
4,Mansoura,2022-07-23,100000,A,NORM,Normal,0,2026-02-21,Travel Rewards Card,500,500,8399.18,91139.4,5838.55,2026-01-31,561.22,M,1992-04-19,Ministry of Health,Primary,100052,,0.0,43,,,,NORM
4,Mansoura,2024-07-10,50000,A,NORM,Normal,0,2026-02-21,Business Credit Card,200,500,37161.1,12648.16,9764.41,2026-02-08,668.02,F,1973-09-25,Self Employed,Primary,100053,,0.0,19,VISA-OLD,,,NORM
5,Tanta,2020-08-02,10000,A,NORM,Normal,0,2026-03-01,Cashback Card,100,150,7623.86,2133.86,17.61,2026-02-23,1471.57,M,1971-04-11,El Sewedy Electric,Primary,100054,,0.0,67,,VISA-OLD2,,NORM
9,Ismailia,2021-03-05,10000,A,NORM,Normal,0,2026-02-18,Gold Credit Card,100,300,5950.2,3720.93,894.77,2026-02-07,429.9,M,1986-10-08,El Sewedy Electric,Primary,100055,,0.0,60,,,,NORM
1,Cairo Main,2024-03-16,30000,A,NORM,Normal,0,2026-02-15,Gold Credit Card,0,0,15445.36,14085.25,1405.89,2026-02-21,728.46,F,1962-06-12,Banque Misr,Primary,100056,,0.0,23,VISA-OLD,,,NORM
3,Alexandria,2020-10-31,100000,A,NORM,Normal,0,2026-02-28,Platinum Credit Card,0,150,47888.57,51978.3,13540.48,2026-02-02,499.85,M,1962-04-21,CIB,Secondary,100057,,0.0,64,,,,NORM
3,Alexandria,2020-10-31,100000,A,NORM,Normal,0,2026-02-22,Travel Rewards Card,0,150,69909.73,30089.89,27548.72,2026-02-19,750.87,M,1962-04-21,CIB,Secondary,100057,,0.0,64,,,,NORM
4,Mansoura,2024-04-04,75000,A,NORM,Normal,0,2026-02-22,Platinum Credit Card,500,500,52732.34,21922.81,945.64,2026-02-17,1396.8,F,1965-04-24,Military,Primary,100058,,0.0,23,MC-OLD,,,NORM
5,Tanta,2024-12-18,5000,A,NORM,Normal,0,2026-02-18,Classic Credit Card,100,300,2131.47,2828.95,799.18,2026-02-14,1557.77,M,1985-07-04,Military,Primary,100059,,0.0,14,,VISA-OLD2,,NORM
5,Tanta,2024-12-18,5000,A,NORM,Normal,0,2026-02-21,Business Credit Card,100,300,-414.59,4463.87,600.16,2026-02-06,1680.8,M,1985-07-04,Military,Primary,100059,,0.0,14,,VISA-OLD2,,NORM
5,Tanta,2024-12-18,5000,A,NEW,New,0,2026-02-15,Platinum Credit Card,100,300,2370.62,2569.95,1311.42,2026-02-10,1996.16,M,1985-07-04,Military,Primary,100059,,0.0,14,,VISA-OLD2,,NEW
2,Giza,2018-01-11,75000,A,NORM,Normal,0,2026-02-23,Titanium Credit Card,200,0,21593.3,52937.16,9001.48,2026-02-24,1921.46,M,1967-01-08,Freelancer,Primary,100060,,0.0,99,,,,NORM
2,Giza,2020-08-14,30000,A,NORM,Normal,0,2026-02-16,Classic Credit Card,500,0,-1789.13,28009.25,4172.33,2026-02-04,567.41,M,1990-11-01,Cairo University,Primary,100061,,0.0,67,,,,NORM
2,Giza,2019-11-11,30000,A,NORM,Normal,0,2026-02-24,Platinum Credit Card,500,0,8744.25,21100.54,7349.37,2026-01-30,269.78,F,1962-09-04,Military,Primary,100062,,0.0,76,VISA-OLD,,,NORM
2,Giza,2019-11-11,30000,A,NORM,Normal,0,2026-02-16,Cashback Card,500,0,5082.03,24615.55,3482.56,2026-02-23,1127.35,F,1962-09-04,Military,Primary,100062,,0.0,76,VISA-OLD,,,NORM
9,Ismailia,2023-07-16,100000,A,NORM,Normal,0,2026-02-16,Platinum Credit Card,200,1000,30302.32,69498.6,28994.95,2026-01-30,353.84,F,1984-03-22,National Bank of Egypt,Primary,100063,,0.0,31,,VISA-OLD2,,NORM
10,Suez,2021-01-08,200000,A,NEW,New,0,2026-02-25,World Elite Card,500,300,59160.62,140346.75,54520.87,2026-02-09,1175.98,M,1960-12-05,Orange Egypt,Secondary,100064,,0.0,62,VISA-OLD,,,NEW
10,Suez,2021-01-08,200000,A,NORM,Normal,0,2026-02-14,Travel Rewards Card,500,300,146136.36,53496.63,14876.9,2026-02-18,1730.32,M,1960-12-05,Orange Egypt,Secondary,100064,,0.0,62,VISA-OLD,,,NORM
2,Giza,2021-11-26,75000,A,NORM,Normal,0,2026-02-18,Platinum Credit Card,100,300,33037.97,41606.97,10146.15,2026-02-23,1832.73,F,1981-01-30,Edita Food Industries,Primary,100065,,0.0,51,,,,NORM
9,Ismailia,2023-02-06,10000,A,NORM,Normal,0,2026-02-21,Classic Credit Card,500,1000,2161.63,7714.84,1575.58,2026-02-27,1790.43,M,1961-08-24,Edita Food Industries,Primary,100066,,0.0,37,MC-OLD,,,NORM
7,Luxor,2020-02-08,150000,A,NORM,Normal,0,2026-02-27,Platinum Credit Card,500,0,64.19,149835.74,23754.61,2026-02-22,309.52,M,1962-06-07,IBM Egypt,Primary,100067,,0.0,73,,,,NORM
8,Zagazig,2023-06-09,10000,A,NORM,Normal,0,2026-02-28,Gold Credit Card,100,300,-896.64,9101.15,199.5,2026-02-19,1304.74,M,1999-07-06,Vodafone Egypt,Primary,100068,,0.0,33,,,,NORM
8,Zagazig,2023-06-09,10000,A,NORM,Normal,0,2026-02-27,Cashback Card,100,300,3897.31,5903.24,2520.23,2026-02-05,1913.17,M,1999-07-06,Vodafone Egypt,Primary,100068,,0.0,33,,,,NORM
8,Zagazig,2023-06-09,10000,A,NORM,Normal,0,2026-02-27,Business Credit Card,100,300,5846.66,4039.93,101.27,2026-02-19,435.45,M,1999-07-06,Vodafone Egypt,Primary,100068,,0.0,33,,,,NORM
2,Giza,2019-04-27,15000,A,NORM,Normal,0,2026-02-14,Platinum Credit Card,200,500,1714.97,12879.27,2230.68,2026-02-24,264.79,F,1980-09-12,Self Employed,Secondary,100069,,0.0,83,,,,NORM
2,Giza,2019-04-27,15000,A,NORM,Normal,0,2026-02-20,Cashback Card,200,500,7007.3,7670.49,3747.7,2026-02-16,319.54,F,1980-09-12,Self Employed,Secondary,100069,,0.0,83,,,,NORM
2,Giza,2019-04-27,15000,A,NORM,Normal,0,2026-02-25,Business Credit Card,200,500,13302.19,1630.09,4088.66,2026-02-18,111.22,F,1980-09-12,Self Employed,Secondary,100069,,0.0,83,,,,NORM
9,Ismailia,2022-04-21,20000,A,NORM,Normal,0,2026-02-16,Classic Credit Card,0,300,5073.51,14810.43,3421.37,2026-02-13,856.21,F,1966-06-27,Military,Primary,100070,,0.0,47,MC-OLD,,,NORM
1,Cairo Main,2021-05-07,200000,A,30DD,30 Days Delinquent,30,2026-02-28,Platinum Credit Card,500,300,1484.03,198044.33,37226.47,2026-02-24,1298.07,F,1972-09-08,Cairo University,Primary,100071,,67264.57,58,MC-OLD,,,30DD
1,Cairo Main,2021-05-07,200000,A,NORM,Normal,0,2026-02-18,World Elite Card,500,300,64482.63,135451.52,258.83,2026-02-13,492.01,F,1972-09-08,Cairo University,Primary,100071,,0.0,58,MC-OLD,,,NORM
1,Cairo Main,2021-05-07,200000,A,30DD,30 Days Delinquent,30,2026-02-19,Travel Rewards Card,500,300,74199.68,125596.07,31571.54,2026-02-10,1956.34,F,1972-09-08,Cairo University,Primary,100071,,12510.23,58,MC-OLD,,,30DD
8,Zagazig,2020-02-12,20000,A,NORM,Normal,0,2026-02-20,Gold Credit Card,0,300,14054.11,5488.21,3851.73,2026-02-04,1699.15,F,1974-06-08,Cairo University,Primary,100072,,0.0,73,VISA-OLD,,,NORM
3,Alexandria,2018-06-01,15000,A,NORM,Normal,0,2026-02-24,Gold Credit Card,0,1000,2404.56,12125.75,2208.39,2026-02-25,635.98,F,1982-03-21,Government,Primary,100073,,0.0,94,,,,NORM
3,Alexandria,2018-06-01,15000,A,30DD,30 Days Delinquent,30,2026-03-01,Business Credit Card,0,1000,8842.21,5916.71,3826.89,2026-02-25,103.66,F,1982-03-21,Government,Primary,100073,,5758.72,94,,,,30DD
3,Alexandria,2018-06-01,15000,A,NORM,Normal,0,2026-02-28,World Elite Card,0,1000,1594.08,13321.14,2233.48,2026-02-17,451.51,F,1982-03-21,Government,Primary,100073,,0.0,94,,,,NORM
3,Alexandria,2023-04-08,30000,A,NORM,Normal,0,2026-02-19,Gold Credit Card,0,300,15131.36,14537.02,8693.98,2026-02-24,1666.65,F,1963-05-10,Edita Food Industries,Secondary,100074,,0.0,35,VISA-OLD,VISA-OLD2,,NORM
1,Cairo Main,2018-10-08,20000,A,NORM,Normal,0,2026-02-14,Classic Credit Card,0,0,10260.4,9378.48,3544.72,2026-02-12,386.75,F,1987-09-12,Juhayna,Primary,100075,,0.0,90,,,,NORM
1,Cairo Main,2018-10-08,20000,A,NORM,Normal,0,2026-02-20,Cashback Card,0,0,1987.42,17646.7,4862.19,2026-02-01,550.12,F,1987-09-12,Juhayna,Primary,100075,,0.0,90,,,,NORM
1,Cairo Main,2018-10-08,20000,A,NORM,Normal,0,2026-03-01,World Elite Card,0,0,9548.95,10451.01,1625.6,2026-02-15,887.86,F,1987-09-12,Juhayna,Primary,100075,,0.0,90,,,,NORM
1,Cairo Main,2018-08-18,30000,A,30DD,30 Days Delinquent,30,2026-03-01,Classic Credit Card,100,1000,10103.46,19832.2,8878.01,2026-01-30,1383.66,F,1974-07-20,IBM Egypt,Primary,100076,,4446.12,91,,,,30DD
3,Alexandria,2024-11-01,75000,A,NORM,Normal,0,2026-02-14,Titanium Credit Card,100,150,17806.53,56804.77,13686.77,2026-02-03,1259.75,F,1963-07-17,Military,Primary,100077,,0.0,16,VISA-OLD,,,NORM
1,Cairo Main,2023-03-21,30000,A,60DA,60 Days Delinquent,60,2026-02-22,Gold Credit Card,200,1000,18673.93,10899.4,808.46,2026-02-06,1922.03,F,1996-02-04,Ministry of Health,Primary,100078,,17562.29,35,VISA-OLD,,,60DA
8,Zagazig,2021-05-22,20000,A,NORM,Normal,0,2026-02-23,Classic Credit Card,200,1000,9302.47,10523.97,1607.91,2026-02-16,1943.2,F,1997-12-01,Microsoft Egypt,Secondary,100079,,0.0,58,,,,NORM
8,Zagazig,2021-05-22,20000,A,NORM,Normal,0,2026-02-18,Cashback Card,200,1000,15092.8,4628.03,2124.11,2026-02-28,692.63,F,1997-12-01,Microsoft Egypt,Secondary,100079,,0.0,58,,,,NORM
7,Luxor,2018-02-03,200000,A,NORM,Normal,0,2026-02-15,Platinum Credit Card,200,150,133073.15,66522.97,19257.66,2026-02-02,521.14,M,1972-04-24,Orange Egypt,Primary,100080,,0.0,98,,,,NORM
7,Luxor,2018-02-03,200000,A,NORM,Normal,0,2026-02-26,Gold Credit Card,200,150,110022.46,89643.0,14932.58,2026-02-07,1843.65,M,1972-04-24,Orange Egypt,Primary,100080,,0.0,98,,,,NORM
7,Luxor,2018-02-03,200000,A,NORM,Normal,0,2026-02-22,Titanium Credit Card,200,150,83298.36,116465.24,3034.71,2026-02-28,1784.52,M,1972-04-24,Orange Egypt,Primary,100080,,0.0,98,,,,NORM
1,Cairo Main,2022-12-11,5000,A,NORM,Normal,0,2026-02-21,Classic Credit Card,0,300,3263.33,1577.2,467.64,2026-02-11,1969.42,F,1973-11-09,Cairo University,Primary,100081,,0.0,39,,,,NORM
3,Alexandria,2024-01-19,50000,A,90DA,90 Days Delinquent,90,2026-03-01,Titanium Credit Card,100,300,8053.84,41484.6,2244.17,2026-02-26,1361.95,F,1995-04-13,Government,Secondary,100082,,21499.38,25,,,,90DA
2,Giza,2018-11-05,15000,A,NORM,Normal,0,2026-02-28,Cashback Card,500,1000,4700.09,10219.75,4228.97,2026-02-05,477.09,F,1981-01-03,Elsewedy Capital,Primary,100083,,0.0,89,VISA-OLD,,,NORM
2,Giza,2018-11-05,15000,A,NORM,Normal,0,2026-03-01,Travel Rewards Card,500,1000,11427.09,3295.57,3080.22,2026-02-20,1320.14,F,1981-01-03,Elsewedy Capital,Primary,100083,,0.0,89,VISA-OLD,,,NORM
5,Tanta,2019-05-22,100000,A,NORM,Normal,0,2026-02-19,Platinum Credit Card,500,300,-8693.0,91111.13,4723.44,2026-02-06,181.09,M,1984-01-26,IBM Egypt,Primary,100084,,0.0,82,VISA-OLD,,,NORM
10,Suez,2024-04-18,50000,A,NEW,New,0,2026-02-23,Platinum Credit Card,500,300,9830.44,39950.9,9004.7,2026-02-01,1444.75,F,1999-08-31,Military,Primary,100085,,0.0,22,,,,NEW
5,Tanta,2019-04-21,10000,A,NORM,Normal,0,2026-02-15,Classic Credit Card,200,1000,3384.0,6515.96,2797.62,2026-02-09,599.96,F,1982-02-05,Elsewedy Capital,Primary,100086,,0.0,83,,,,NORM
5,Tanta,2019-04-21,10000,A,NORM,Normal,0,2026-02-16,Cashback Card,200,1000,4282.94,5463.45,160.27,2026-02-04,974.76,F,1982-02-05,Elsewedy Capital,Primary,100086,,0.0,83,,,,NORM
2,Giza,2023-06-28,200000,A,NORM,Normal,0,2026-02-24,Platinum Credit Card,100,500,182640.45,17080.36,59544.01,2026-02-27,82.05,F,1997-05-25,Amazon Egypt,Secondary,100087,,0.0,32,,,,NORM
2,Giza,2023-06-28,200000,A,NORM,Normal,0,2026-02-20,Titanium Credit Card,100,500,4671.74,194978.61,5559.39,2026-02-02,1731.31,F,1997-05-25,Amazon Egypt,Secondary,100087,,0.0,32,,,,NORM
2,Giza,2023-06-28,200000,A,NORM,Normal,0,2026-02-17,Travel Rewards Card,100,500,21935.35,177636.57,8715.57,2026-02-16,200.52,F,1997-05-25,Amazon Egypt,Secondary,100087,,0.0,32,,,,NORM
6,Assiut,2022-01-09,5000,A,NORM,Normal,0,2026-02-17,Classic Credit Card,500,0,947.3,3883.45,70.57,2026-02-23,481.94,M,1984-06-03,Microsoft Egypt,Primary,100088,,0.0,50,MC-OLD,,,NORM
1,Cairo Main,2021-09-28,20000,A,NORM,Normal,0,2026-02-24,Classic Credit Card,100,1000,340.21,19331.69,194.09,2026-02-14,293.48,M,1995-04-17,Banque Misr,Secondary,100089,,0.0,53,,,,NORM
1,Cairo Main,2021-09-28,20000,A,NORM,Normal,0,2026-02-21,Cashback Card,100,1000,10613.01,9151.8,42.06,2026-02-13,726.72,M,1995-04-17,Banque Misr,Secondary,100089,,0.0,53,,,,NORM
3,Alexandria,2024-09-07,5000,A,NORM,Normal,0,2026-02-25,Classic Credit Card,200,150,2021.3,2629.59,1184.94,2026-02-01,1837.07,M,1995-05-18,Talaat Moustafa Group,Primary,100090,,0.0,18,,,,NORM
3,Alexandria,2024-09-07,5000,A,NEW,New,0,2026-02-27,Cashback Card,200,150,-80.38,4544.26,433.91,2026-02-05,1645.75,M,1995-05-18,Talaat Moustafa Group,Primary,100090,,0.0,18,,,,NEW
1,Cairo Main,2020-09-01,200000,A,NORM,Normal,0,2026-02-14,Platinum Credit Card,0,150,133130.88,66580.83,25273.47,2026-02-03,1607.81,F,1976-01-26,Edita Food Industries,Primary,100091,,0.0,66,,,,NORM
8,Zagazig,2022-01-22,150000,A,90DA,90 Days Delinquent,90,2026-02-17,World Elite Card,0,1000,5832.61,143963.67,31640.54,2026-02-10,1845.7,F,1994-11-25,Cairo University,Primary,100092,,22713.65,49,,,,90DA
8,Zagazig,2022-07-04,75000,A,NORM,Normal,0,2026-02-20,Titanium Credit Card,0,0,69377.56,5553.51,8648.26,2026-02-05,32.89,F,1998-01-03,CIB,Primary,100093,,0.0,44,,,,NORM
5,Tanta,2024-07-25,150000,A,NORM,Normal,0,2026-02-17,Platinum Credit Card,500,1000,113040.34,36506.05,267.19,2026-01-30,1033.87,F,1988-01-02,Edita Food Industries,Primary,100094,,0.0,19,,VISA-OLD2,,NORM
4,Mansoura,2023-01-24,20000,A,NORM,Normal,0,2026-02-17,Gold Credit Card,500,500,17490.65,2483.43,1419.02,2026-02-16,477.41,M,1979-04-17,Amazon Egypt,Primary,100095,,0.0,37,,,,NORM
6,Assiut,2023-04-27,10000,A,NORM,Normal,0,2026-02-27,Classic Credit Card,200,150,2895.13,7040.24,1592.71,2026-02-08,1293.96,M,1966-11-05,National Bank of Egypt,Primary,100096,,0.0,34,MC-OLD,VISA-OLD2,,NORM
6,Assiut,2023-04-27,10000,A,NORM,Normal,0,2026-02-23,Cashback Card,200,150,7792.91,1895.17,1763.31,2026-02-28,1173.28,M,1966-11-05,National Bank of Egypt,Primary,100096,,0.0,34,MC-OLD,VISA-OLD2,,NORM
6,Assiut,2019-05-16,75000,A,NORM,Normal,0,2026-03-01,Titanium Credit Card,0,300,70339.38,4631.27,16667.55,2026-02-08,286.32,F,1990-01-20,IBM Egypt,Primary,100097,,0.0,82,MC-OLD,VISA-OLD2,,NORM
6,Assiut,2019-05-16,75000,A,NORM,Normal,0,2026-02-15,Business Credit Card,0,300,40404.42,34426.1,15492.59,2026-02-04,1513.95,F,1990-01-20,IBM Egypt,Primary,100097,,0.0,82,MC-OLD,VISA-OLD2,,NORM
4,Mansoura,2023-05-30,20000,A,NORM,Normal,0,2026-02-24,Cashback Card,200,0,12618.39,7198.28,5144.81,2026-02-10,1938.35,F,1966-12-10,CIB,Primary,100098,,0.0,33,VISA-OLD,VISA-OLD2,,NORM
10,Suez,2024-03-30,5000,A,NORM,Normal,0,2026-02-15,Platinum Credit Card,100,300,2772.23,1961.05,64.5,2026-02-01,697.63,F,1987-07-10,Military,Secondary,100099,,0.0,23,,,,NORM
10,Suez,2024-03-30,5000,A,NORM,Normal,0,2026-02-21,Cashback Card,100,300,2088.23,2764.13,482.52,2026-02-03,1962.96,F,1987-07-10,Military,Secondary,100099,,0.0,23,,,,NORM
10,Suez,2024-03-30,5000,A,NORM,Normal,0,2026-02-20,Classic Credit Card,100,300,219.58,4620.91,1120.75,2026-02-09,1386.97,F,1987-07-10,Military,Secondary,100099,,0.0,23,,,,NORM
3,Alexandria,2019-08-10,200000,A,NEW,New,0,2026-02-26,World Elite Card,0,1000,27277.1,172677.62,33446.28,2026-02-08,1436.73,M,1999-01-07,Microsoft Egypt,Primary,100100,,0.0,79,VISA-OLD,,,NEW
3,Alexandria,2021-06-30,50000,A,NORM,Normal,0,2026-02-20,Platinum Credit Card,100,150,13262.69,36562.11,3170.42,2026-01-31,1524.18,M,1976-08-06,Cairo University,Primary,100101,,0.0,56,,,,NORM
7,Luxor,2024-10-22,100000,A,NORM,Normal,0,2026-02-18,World Elite Card,200,500,32645.17,66921.35,17913.54,2026-02-07,298.82,M,1981-10-14,Amazon Egypt,Primary,100102,,0.0,16,MC-OLD,,,NORM
9,Ismailia,2021-06-17,5000,A,NORM,Normal,0,2026-02-22,Cashback Card,0,0,2098.97,2743.58,611.1,2026-02-28,1939.01,M,1989-12-04,Elsewedy Capital,Primary,100103,,0.0,57,,,,NORM
5,Tanta,2021-09-05,10000,A,NORM,Normal,0,2026-03-01,Gold Credit Card,100,150,7514.03,2065.79,928.79,2026-02-15,895.29,F,1972-12-25,Vodafone Egypt,Primary,100104,,0.0,54,,VISA-OLD2,,NORM
9,Ismailia,2021-12-21,10000,A,NORM,Normal,0,2026-02-17,Classic Credit Card,500,0,8068.77,1854.1,1264.8,2026-01-30,32.07,F,1997-05-19,Microsoft Egypt,Primary,100105,,0.0,51,MC-OLD,,,NORM
9,Ismailia,2021-12-21,10000,A,NORM,Normal,0,2026-02-27,Cashback Card,500,0,7397.66,2570.9,1511.9,2026-02-28,748.92,F,1997-05-19,Microsoft Egypt,Primary,100105,,0.0,51,MC-OLD,,,NORM
7,Luxor,2019-04-17,75000,A,NORM,Normal,0,2026-02-27,Platinum Credit Card,200,0,-7156.02,67623.37,15286.29,2026-02-08,846.32,F,1972-12-26,Vodafone Egypt,Secondary,100106,,0.0,83,,,,NORM
7,Luxor,2019-04-17,75000,A,NORM,Normal,0,2026-02-28,Cashback Card,200,0,17387.63,57585.39,11847.58,2026-02-10,746.84,F,1972-12-26,Vodafone Egypt,Secondary,100106,,0.0,83,,,,NORM
7,Luxor,2019-04-17,75000,A,NORM,Normal,0,2026-02-15,World Elite Card,200,0,16299.99,58595.42,13291.44,2026-02-19,1134.34,F,1972-12-26,Vodafone Egypt,Secondary,100106,,0.0,83,,,,NORM
10,Suez,2023-11-17,10000,A,NORM,Normal,0,2026-02-26,Platinum Credit Card,100,300,2941.45,6926.44,2236.01,2026-02-22,1360.02,M,1977-12-17,Microsoft Egypt,Primary,100107,,0.0,27,,VISA-OLD2,,NORM
10,Suez,2023-11-17,10000,A,NORM,Normal,0,2026-02-15,Cashback Card,100,300,8859.18,681.87,1750.57,2026-02-18,246.22,M,1977-12-17,Microsoft Egypt,Primary,100107,,0.0,27,,VISA-OLD2,,NORM
9,Ismailia,2021-12-02,50000,A,30DD,30 Days Delinquent,30,2026-02-16,Platinum Credit Card,200,150,-802.52,48875.99,8633.68,2026-02-16,1928.85,M,1968-09-11,Banque Misr,Primary,100108,,15979.03,51,,,,30DD
8,Zagazig,2024-04-28,200000,A,30DD,30 Days Delinquent,30,2026-02-26,Platinum Credit Card,200,150,157998.6,41799.09,19805.86,2026-01-31,1107.46,F,1980-10-23,Freelancer,Primary,100109,,26169.57,22,VISA-OLD,,,30DD
5,Tanta,2018-08-19,50000,A,NORM,Normal,0,2026-02-15,Titanium Credit Card,500,0,11919.13,37777.23,3957.65,2026-02-07,791.98,M,1986-07-12,Government,Primary,100110,,0.0,91,,,,NORM
2,Giza,2024-08-30,150000,A,30DD,30 Days Delinquent,30,2026-02-14,World Elite Card,500,1000,43945.21,105820.44,43675.61,2026-02-05,1695.13,M,1987-08-03,Microsoft Egypt,Primary,100111,,69593.71,18,VISA-OLD,VISA-OLD2,,30DD
3,Alexandria,2023-01-20,10000,A,NORM,Normal,0,2026-02-26,Classic Credit Card,0,150,-68.63,9798.69,2566.62,2026-02-03,1127.32,F,1962-10-10,Edita Food Industries,Secondary,100112,,0.0,37,MC-OLD,VISA-OLD2,,NORM
3,Alexandria,2023-01-20,10000,A,NORM,Normal,0,2026-02-25,Cashback Card,0,150,5336.43,4447.33,725.69,2026-02-22,1380.41,F,1962-10-10,Edita Food Industries,Secondary,100112,,0.0,37,MC-OLD,VISA-OLD2,,NORM
3,Alexandria,2023-01-20,10000,A,NORM,Normal,0,2026-02-17,Platinum Credit Card,0,150,4030.11,5576.82,399.78,2026-02-10,578.19,F,1962-10-10,Edita Food Industries,Secondary,100112,,0.0,37,MC-OLD,VISA-OLD2,,NORM
10,Suez,2022-01-30,50000,A,NORM,Normal,0,2026-02-24,Titanium Credit Card,0,300,40600.3,8938.92,4832.4,2026-02-04,1630.95,M,1967-02-13,Juhayna,Primary,100113,,0.0,49,MC-OLD,,,NORM
5,Tanta,2024-10-04,15000,A,30DD,30 Days Delinquent,30,2026-02-21,Cashback Card,100,300,12608.37,2161.54,2671.83,2026-02-23,330.68,F,1971-04-21,Edita Food Industries,Secondary,100114,,5747.15,17,VISA-OLD,,,30DD
10,Suez,2018-12-14,30000,A,NORM,Normal,0,2026-02-19,Gold Credit Card,100,1000,4457.85,25075.62,1435.08,2026-02-05,1303.41,M,1991-10-18,Ministry of Health,Primary,100115,,0.0,87,VISA-OLD,VISA-OLD2,,NORM
6,Assiut,2022-01-25,30000,A,NORM,Normal,0,2026-03-01,Gold Credit Card,100,150,4506.4,25402.42,5177.08,2026-02-20,130.52,M,1960-10-25,Orascom,Primary,100116,,0.0,49,,VISA-OLD2,,NORM
6,Assiut,2022-01-25,30000,A,NORM,Normal,0,2026-02-25,World Elite Card,100,150,4180.53,25420.28,4646.39,2026-02-19,424.84,M,1960-10-25,Orascom,Primary,100116,,0.0,49,,VISA-OLD2,,NORM
6,Assiut,2022-01-25,30000,A,NORM,Normal,0,2026-03-01,Platinum Credit Card,100,150,17785.05,11912.63,4727.44,2026-01-31,1599.39,M,1960-10-25,Orascom,Primary,100116,,0.0,49,,VISA-OLD2,,NORM
9,Ismailia,2023-11-27,5000,A,NORM,Normal,0,2026-02-19,Gold Credit Card,500,150,3804.36,764.63,492.38,2026-02-20,253.68,M,1997-06-17,Edita Food Industries,Primary,100117,,0.0,27,MC-OLD,,,NORM
9,Ismailia,2023-11-27,5000,A,NORM,Normal,0,2026-02-27,Cashback Card,500,150,4302.9,475.82,654.63,2026-02-06,403.48,M,1997-06-17,Edita Food Industries,Primary,100117,,0.0,27,MC-OLD,,,NORM
8,Zagazig,2022-08-10,50000,A,30DD,30 Days Delinquent,30,2026-02-23,Titanium Credit Card,500,150,1526.65,48471.46,11829.04,2026-02-21,1346.87,M,1961-12-16,Elsewedy Capital,Primary,100118,,25053.98,43,VISA-OLD,,,30DD
8,Zagazig,2022-08-10,50000,A,NORM,Normal,0,2026-02-25,Business Credit Card,500,150,34814.32,14689.23,10870.6,2026-02-24,985.53,M,1961-12-16,Elsewedy Capital,Primary,100118,,0.0,43,VISA-OLD,,,NORM
8,Zagazig,2022-08-10,50000,A,NORM,Normal,0,2026-02-28,Travel Rewards Card,500,150,6463.06,43067.32,6212.51,2026-02-05,1909.88,M,1961-12-16,Elsewedy Capital,Primary,100118,,0.0,43,VISA-OLD,,,NORM
6,Assiut,2024-05-25,100000,A,NORM,Normal,0,2026-03-01,Platinum Credit Card,500,150,21367.46,78393.47,27765.39,2026-02-14,414.67,M,1990-06-05,Freelancer,Secondary,100119,,0.0,21,,,,NORM
6,Assiut,2024-05-25,100000,A,NORM,Normal,0,2026-02-24,Travel Rewards Card,500,150,14994.22,84606.99,10051.74,2026-02-18,1247.81,M,1990-06-05,Freelancer,Secondary,100119,,0.0,21,,,,NORM
1,Cairo Main,2023-05-23,50000,A,NORM,Normal,0,2026-02-14,Platinum Credit Card,200,500,2101.78,47754.39,10918.89,2026-02-27,1582.17,M,1988-10-05,Ministry of Health,Secondary,100120,,0.0,33,,,,NORM
1,Cairo Main,2023-05-23,50000,A,NORM,Normal,0,2026-02-16,Gold Credit Card,200,500,-2183.6,47367.5,4053.73,2026-02-07,946.49,M,1988-10-05,Ministry of Health,Secondary,100120,,0.0,33,,,,NORM
1,Cairo Main,2023-05-23,50000,A,NORM,Normal,0,2026-03-01,Travel Rewards Card,200,500,21582.83,28203.16,6303.72,2026-02-17,1683.71,M,1988-10-05,Ministry of Health,Secondary,100120,,0.0,33,,,,NORM
8,Zagazig,2021-12-02,5000,A,NORM,Normal,0,2026-02-23,Cashback Card,200,150,339.48,4239.14,367.67,2026-02-16,1609.7,F,1999-09-06,Amazon Egypt,Secondary,100121,,0.0,51,,,,NORM
1,Cairo Main,2019-02-10,50000,A,NORM,Normal,0,2026-02-21,Titanium Credit Card,500,150,13733.58,35842.95,12143.59,2026-02-16,1891.73,F,1974-04-18,Banque Misr,Primary,100122,,0.0,85,,,,NORM
1,Cairo Main,2020-06-02,15000,A,NORM,Normal,0,2026-02-23,Cashback Card,0,300,2952.91,11823.18,1417.78,2026-02-13,208.97,M,1971-06-25,Ministry of Health,Primary,100123,,0.0,69,,,,NORM
1,Cairo Main,2020-06-02,15000,A,NEW,New,0,2026-02-21,World Elite Card,0,300,13949.81,700.7,2568.3,2026-02-13,1684.23,M,1971-06-25,Ministry of Health,Primary,100123,,0.0,69,,,,NEW
1,Cairo Main,2020-06-02,15000,A,NORM,Normal,0,2026-02-28,Titanium Credit Card,0,300,-281.16,14419.47,3177.3,2026-02-15,1178.55,M,1971-06-25,Ministry of Health,Primary,100123,,0.0,69,,,,NORM
7,Luxor,2024-12-26,100000,A,NORM,Normal,0,2026-02-23,Platinum Credit Card,0,1000,23074.38,76768.83,26003.26,2026-02-09,285.84,M,1988-08-29,National Bank of Egypt,Primary,100124,,0.0,14,,,,NORM
1,Cairo Main,2021-12-16,20000,A,NORM,Normal,0,2026-02-22,Cashback Card,0,1000,16320.26,3531.44,765.35,2026-02-05,1950.72,F,1987-07-31,Cairo University,Primary,100125,,0.0,51,MC-OLD,VISA-OLD2,,NORM
9,Ismailia,2023-09-11,150000,A,NORM,Normal,0,2026-02-27,Platinum Credit Card,0,500,45008.45,104926.17,7062.68,2026-02-11,1321.07,F,1995-04-11,Vodafone Egypt,Primary,100126,,0.0,30,,,,NORM
2,Giza,2020-09-14,10000,A,NEW,New,0,2026-02-21,Gold Credit Card,200,1000,2460.22,7395.62,2798.36,2026-02-21,32.57,F,1975-06-20,Cairo University,Secondary,100127,,0.0,66,,,,NEW
2,Giza,2020-09-14,10000,A,NORM,Normal,0,2026-02-24,Cashback Card,200,1000,915.75,8859.03,2223.94,2026-01-30,274.94,F,1975-06-20,Cairo University,Secondary,100127,,0.0,66,,,,NORM
8,Zagazig,2020-01-17,15000,A,NORM,Normal,0,2026-02-20,Gold Credit Card,100,0,7817.36,6917.11,4119.39,2026-02-13,345.25,M,1988-05-03,National Bank of Egypt,Secondary,100128,,0.0,74,,,,NORM
8,Zagazig,2020-01-17,15000,A,NEW,New,0,2026-02-14,Cashback Card,100,0,8532.36,6297.14,3218.1,2026-02-05,128.43,M,1988-05-03,National Bank of Egypt,Secondary,100128,,0.0,74,,,,NEW
9,Ismailia,2024-02-03,100000,A,NORM,Normal,0,2026-02-15,World Elite Card,200,300,42624.63,57304.7,28955.73,2026-02-22,1051.72,M,1977-11-11,Talaat Moustafa Group,Secondary,100129,,0.0,25,,,,NORM
2,Giza,2022-02-16,75000,A,NORM,Normal,0,2026-02-20,Platinum Credit Card,100,500,30542.46,44292.63,12299.75,2026-02-01,134.79,F,1995-11-09,Microsoft Egypt,Primary,100130,,0.0,49,MC-OLD,,,NORM
2,Giza,2022-02-16,75000,A,NORM,Normal,0,2026-02-21,Titanium Credit Card,100,500,22773.05,52188.43,16453.96,2026-02-06,1151.07,F,1995-11-09,Microsoft Egypt,Primary,100130,,0.0,49,MC-OLD,,,NORM
2,Giza,2022-10-05,10000,A,NORM,Normal,0,2026-02-21,Classic Credit Card,200,300,2212.45,7413.75,1724.86,2026-02-11,782.83,M,1992-08-12,Amazon Egypt,Primary,100131,,0.0,41,,,,NORM
8,Zagazig,2022-10-12,15000,A,NORM,Normal,0,2026-02-17,Classic Credit Card,200,1000,3611.93,11173.88,1997.2,2026-02-20,385.6,F,1987-01-12,Freelancer,Primary,100132,,0.0,41,,,,NORM
7,Luxor,2023-10-03,15000,A,NORM,Normal,0,2026-02-15,Cashback Card,500,0,2302.71,12695.44,2794.03,2026-01-30,308.33,M,1976-04-18,Vodafone Egypt,Primary,100133,,0.0,29,,,,NORM
7,Luxor,2018-05-13,200000,A,NORM,Normal,0,2026-02-25,Platinum Credit Card,200,500,5059.34,194520.95,3561.24,2026-01-31,834.36,M,1985-06-11,Banque Misr,Primary,100134,,0.0,94,MC-OLD,,,NORM
7,Luxor,2021-02-15,20000,A,NORM,Normal,0,2026-02-19,Classic Credit Card,500,1000,780.58,19169.94,1935.91,2026-01-31,1464.91,F,1974-02-06,CIB,Secondary,100135,,0.0,61,,,,NORM
5,Tanta,2023-01-02,20000,A,NORM,Normal,0,2026-02-17,Gold Credit Card,100,0,6533.39,13327.72,2995.57,2026-01-30,644.95,M,1991-07-31,Military,Secondary,100136,,0.0,38,VISA-OLD,,,NORM
8,Zagazig,2021-08-02,50000,A,NORM,Normal,0,2026-02-21,Titanium Credit Card,200,150,13819.88,35933.35,1498.14,2026-02-23,940.52,M,1963-12-09,National Bank of Egypt,Primary,100137,,0.0,55,MC-OLD,,,NORM
2,Giza,2019-07-23,20000,A,NORM,Normal,0,2026-02-16,Business Credit Card,200,500,-1856.18,17950.61,2678.46,2026-02-12,1616.71,M,1969-01-05,Self Employed,Primary,100138,,0.0,80,,,,NORM
5,Tanta,2023-05-15,150000,A,NORM,Normal,0,2026-02-18,World Elite Card,200,0,30859.3,119111.96,3208.1,2026-02-16,510.71,F,1977-11-10,Amazon Egypt,Primary,100139,,0.0,34,MC-OLD,,,NORM
5,Tanta,2023-05-15,150000,A,NORM,Normal,0,2026-02-14,Travel Rewards Card,200,0,12582.2,137289.46,13614.15,2026-02-26,1865.91,F,1977-11-10,Amazon Egypt,Primary,100139,,0.0,34,MC-OLD,,,NORM
3,Alexandria,2024-03-08,200000,A,NORM,Normal,0,2026-02-16,World Elite Card,0,0,148351.85,51231.56,12095.46,2026-02-15,33.98,M,1999-05-20,Orascom,Primary,100140,,0.0,24,,,,NORM
3,Alexandria,2024-03-08,200000,A,NORM,Normal,0,2026-02-27,Travel Rewards Card,0,0,155664.45,43925.26,52035.78,2026-02-05,905.27,M,1999-05-20,Orascom,Primary,100140,,0.0,24,,,,NORM
4,Mansoura,2023-10-27,30000,A,30DD,30 Days Delinquent,30,2026-02-25,Cashback Card,200,150,9858.59,20118.62,7289.01,2026-02-20,1832.61,F,1975-07-10,National Bank of Egypt,Primary,100141,,11388.69,28,,VISA-OLD2,,30DD
3,Alexandria,2024-07-06,15000,A,NORM,Normal,0,2026-02-28,Cashback Card,200,1000,4976.59,9936.73,3587.91,2026-02-18,1081.11,M,1986-07-19,Orascom,Secondary,100142,,0.0,20,,,,NORM
1,Cairo Main,2024-06-20,30000,A,NORM,Normal,0,2026-02-27,Gold Credit Card,0,500,4035.17,25473.27,6991.73,2026-02-20,425.18,F,1988-10-09,El Sewedy Electric,Primary,100143,,0.0,20,,,,NORM
1,Cairo Main,2024-06-20,30000,A,NORM,Normal,0,2026-02-14,Cashback Card,0,500,-2618.35,26996.57,5741.73,2026-02-02,1192.75,F,1988-10-09,El Sewedy Electric,Primary,100143,,0.0,20,,,,NORM
4,Mansoura,2022-07-22,30000,A,NORM,Normal,0,2026-02-21,Classic Credit Card,100,500,25957.83,3594.51,7898.76,2026-02-24,673.27,F,1996-02-05,Freelancer,Primary,100144,,0.0,43,,,,NORM
10,Suez,2021-07-04,50000,A,NORM,Normal,0,2026-03-01,Platinum Credit Card,0,300,9108.12,40787.01,5838.61,2026-02-20,597.65,M,1966-06-11,IBM Egypt,Primary,100145,,0.0,56,,,,NORM
10,Suez,2021-07-04,50000,A,NEW,New,0,2026-02-14,Cashback Card,0,300,19362.03,30461.0,11551.11,2026-02-04,598.31,M,1966-06-11,IBM Egypt,Primary,100145,,0.0,56,,,,NEW
10,Suez,2021-07-04,50000,A,NORM,Normal,0,2026-02-22,Travel Rewards Card,0,300,46642.66,3070.82,7473.98,2026-02-08,1146.07,M,1966-06-11,IBM Egypt,Primary,100145,,0.0,56,,,,NORM
4,Mansoura,2019-02-01,5000,A,NORM,Normal,0,2026-02-28,Gold Credit Card,100,300,4163.42,544.34,941.91,2026-02-11,280.71,F,1966-04-27,Juhayna,Primary,100146,,0.0,86,,,,NORM
4,Mansoura,2019-02-01,5000,A,60DA,60 Days Delinquent,60,2026-02-28,Cashback Card,100,300,-494.28,4147.11,220.71,2026-02-01,1602.86,F,1966-04-27,Juhayna,Primary,100146,,1127.44,86,,,,60DA
4,Mansoura,2019-02-01,5000,A,30DD,30 Days Delinquent,30,2026-02-21,Titanium Credit Card,100,300,1357.31,3377.47,209.87,2026-02-12,1221.05,F,1966-04-27,Juhayna,Primary,100146,,2937.39,86,,,,30DD
9,Ismailia,2023-08-05,30000,A,NORM,Normal,0,2026-02-26,Business Credit Card,500,1000,11762.28,17815.53,1382.08,2026-02-21,1127.04,F,1980-12-09,Self Employed,Secondary,100147,,0.0,31,,VISA-OLD2,,NORM
6,Assiut,2018-07-27,30000,A,NORM,Normal,0,2026-02-18,Business Credit Card,500,300,11484.84,18372.31,3931.08,2026-02-17,1911.34,M,1962-03-08,Self Employed,Secondary,100148,,0.0,92,VISA-OLD,,,NORM
5,Tanta,2022-02-07,75000,A,NORM,Normal,0,2026-02-24,Platinum Credit Card,100,300,16815.05,57928.21,9570.62,2026-02-20,402.93,F,1992-08-19,IBM Egypt,Primary,100149,,0.0,49,MC-OLD,,,NORM
9,Ismailia,2024-12-27,200000,A,NORM,Normal,0,2026-02-17,World Elite Card,500,300,138469.07,61466.36,36382.43,2026-02-03,1392.66,F,1972-07-18,CIB,Primary,100150,,0.0,14,,,,NORM
4,Mansoura,2023-09-17,75000,A,NORM,Normal,0,2026-02-22,Platinum Credit Card,100,300,14270.73,60443.99,3581.4,2026-02-08,336.63,F,1987-01-09,Government,Primary,100151,,0.0,29,,VISA-OLD2,,NORM
9,Ismailia,2021-09-05,200000,A,NEW,New,0,2026-02-21,Platinum Credit Card,200,1000,-13463.13,186215.46,43354.29,2026-02-16,331.49,F,1966-04-09,Edita Food Industries,Primary,100152,,0.0,54,,,,NEW
1,Cairo Main,2021-09-18,10000,A,NORM,Normal,0,2026-02-15,Cashback Card,0,1000,4045.94,5490.01,629.36,2026-02-01,384.94,F,1976-07-10,Amazon Egypt,Primary,100153,,0.0,54,MC-OLD,VISA-OLD2,,NORM
4,Mansoura,2018-07-30,200000,A,NORM,Normal,0,2026-02-27,Business Credit Card,500,150,64599.58,134978.71,12818.19,2026-02-08,743.06,M,1992-05-11,Self Employed,Primary,100154,,0.0,92,,,,NORM
1,Cairo Main,2021-07-08,75000,A,60DA,60 Days Delinquent,60,2026-02-25,Platinum Credit Card,500,1000,34208.45,40344.79,10546.63,2026-02-12,589.8,F,1979-10-13,Banque Misr,Secondary,100155,,34513.85,56,,,,60DA
9,Ismailia,2024-04-16,50000,A,NORM,Normal,0,2026-02-16,Business Credit Card,200,150,15027.95,34791.14,5098.29,2026-02-19,1245.72,F,1969-04-20,Self Employed,Secondary,100156,,0.0,22,,VISA-OLD2,,NORM
6,Assiut,2020-12-18,200000,A,NORM,Normal,0,2026-02-15,Business Credit Card,100,300,-15085.25,184704.55,9165.75,2026-02-24,1449.87,F,1990-04-26,Self Employed,Primary,100157,,0.0,63,,,,NORM
4,Mansoura,2023-06-26,50000,A,NORM,Normal,0,2026-03-01,Business Credit Card,200,300,19872.25,29902.6,7538.8,2026-02-10,1961.39,M,1990-12-17,Self Employed,Primary,100158,,0.0,32,MC-OLD,,,NORM
7,Luxor,2021-11-14,15000,A,NEW,New,0,2026-02-16,Cashback Card,0,300,2090.98,12569.37,2579.44,2026-02-27,632.72,F,1996-09-16,Juhayna,Primary,100159,,0.0,52,VISA-OLD,,,NEW
4,Mansoura,2024-01-16,30000,A,NORM,Normal,0,2026-02-21,Classic Credit Card,0,1000,22182.78,7546.14,5739.86,2026-02-27,1619.84,M,1997-02-20,Ministry of Health,Primary,100160,,0.0,25,MC-OLD,,,NORM
4,Mansoura,2019-02-15,75000,A,60DA,60 Days Delinquent,60,2026-02-14,Platinum Credit Card,100,0,38247.84,36400.53,17798.89,2026-02-15,627.92,M,1962-05-10,Edita Food Industries,Primary,100161,,3641.76,85,VISA-OLD,,,60DA
4,Mansoura,2019-02-15,75000,A,NORM,Normal,0,2026-02-28,Travel Rewards Card,100,0,33830.47,40675.11,19766.87,2026-02-11,1685.99,M,1962-05-10,Edita Food Industries,Primary,100161,,0.0,85,VISA-OLD,,,NORM
4,Mansoura,2021-03-22,50000,A,NORM,Normal,0,2026-02-14,Platinum Credit Card,100,1000,19295.37,30671.48,8747.78,2026-02-18,1205.06,M,1993-11-27,Juhayna,Secondary,100162,,0.0,60,,,,NORM
3,Alexandria,2022-06-15,100000,A,NORM,Normal,0,2026-02-17,Platinum Credit Card,0,300,21762.49,77982.55,18255.73,2026-02-06,335.3,F,1961-08-18,Orascom,Primary,100163,,0.0,45,MC-OLD,VISA-OLD2,,NORM
3,Alexandria,2022-06-15,100000,A,NORM,Normal,0,2026-02-23,World Elite Card,0,300,12060.28,87807.93,15351.79,2026-02-15,1050.25,F,1961-08-18,Orascom,Primary,100163,,0.0,45,MC-OLD,VISA-OLD2,,NORM
3,Alexandria,2022-06-15,100000,A,NORM,Normal,0,2026-02-22,Classic Credit Card,0,300,90745.91,8911.47,11957.81,2026-02-24,1187.36,F,1961-08-18,Orascom,Primary,100163,,0.0,45,MC-OLD,VISA-OLD2,,NORM
8,Zagazig,2019-07-04,150000,A,NORM,Normal,0,2026-03-01,World Elite Card,200,150,13414.06,136118.11,35385.81,2026-02-09,1264.07,F,1999-11-21,Freelancer,Primary,100164,,0.0,81,,,,NORM
6,Assiut,2021-04-23,200000,A,NORM,Normal,0,2026-02-17,Platinum Credit Card,500,1000,-1474.69,198086.06,32809.37,2026-02-24,1694.67,F,1995-06-21,El Sewedy Electric,Primary,100165,,0.0,59,,,,NORM
3,Alexandria,2021-08-18,20000,A,NORM,Normal,0,2026-02-14,Classic Credit Card,500,300,64.12,19552.37,4892.88,2026-02-28,14.09,F,1981-06-01,Vodafone Egypt,Primary,100166,,0.0,55,MC-OLD,,,NORM
5,Tanta,2022-01-12,20000,A,NORM,Normal,0,2026-02-26,Gold Credit Card,200,150,13020.64,6554.46,3575.94,2026-02-01,94.15,F,1989-04-27,Orange Egypt,Primary,100167,,0.0,50,,,,NORM
5,Tanta,2024-11-22,20000,A,NORM,Normal,0,2026-02-17,Gold Credit Card,200,500,2608.37,17001.96,3536.88,2026-02-24,1106.56,F,1976-06-26,Elsewedy Capital,Primary,100168,,0.0,15,,,,NORM
5,Tanta,2024-11-22,20000,A,NEW,New,0,2026-02-16,Cashback Card,200,500,2701.98,16845.38,3068.29,2026-01-30,1322.71,F,1976-06-26,Elsewedy Capital,Primary,100168,,0.0,15,,,,NEW
5,Tanta,2024-11-22,20000,A,NORM,Normal,0,2026-02-16,Business Credit Card,200,500,7536.55,12440.34,4283.09,2026-02-27,981.66,F,1976-06-26,Elsewedy Capital,Primary,100168,,0.0,15,,,,NORM
10,Suez,2018-12-02,150000,A,NORM,Normal,0,2026-02-22,Platinum Credit Card,0,1000,81733.89,67834.98,35232.33,2026-02-01,1993.09,M,1999-03-02,Freelancer,Primary,100169,,0.0,88,MC-OLD,VISA-OLD2,,NORM
4,Mansoura,2024-01-08,15000,A,NORM,Normal,0,2026-02-22,Cashback Card,500,0,4080.43,10696.52,3601.65,2026-02-14,1479.47,M,1985-09-09,Orascom,Primary,100170,,0.0,26,VISA-OLD,,,NORM
9,Ismailia,2018-08-16,100000,A,NORM,Normal,0,2026-02-19,Platinum Credit Card,0,1000,78185.76,21485.14,26395.57,2026-02-25,658.54,F,1979-12-25,Banque Misr,Primary,100171,,0.0,91,,,,NORM
7,Luxor,2018-01-13,20000,A,NORM,Normal,0,2026-02-28,Gold Credit Card,200,0,12308.26,7307.92,2639.87,2026-01-31,714.95,M,1971-06-01,Cairo University,Secondary,100172,,0.0,98,,,,NORM
1,Cairo Main,2022-08-02,15000,A,NORM,Normal,0,2026-02-22,Cashback Card,500,300,6765.56,7925.51,3039.76,2026-02-05,1033.16,F,1972-11-16,Banque Misr,Primary,100173,,0.0,43,VISA-OLD,,,NORM
1,Cairo Main,2022-08-02,15000,A,NORM,Normal,0,2026-02-23,Travel Rewards Card,500,300,2912.47,12065.17,1654.4,2026-02-12,209.34,F,1972-11-16,Banque Misr,Primary,100173,,0.0,43,VISA-OLD,,,NORM
2,Giza,2024-01-18,15000,A,NORM,Normal,0,2026-02-26,Cashback Card,500,1000,-493.71,14062.41,4279.38,2026-02-08,1505.09,M,1990-08-16,IBM Egypt,Primary,100174,,0.0,25,,,,NORM
1,Cairo Main,2023-03-12,150000,A,30DD,30 Days Delinquent,30,2026-02-15,World Elite Card,100,500,138999.86,10603.5,8930.34,2026-02-11,227.66,F,1973-05-20,Amazon Egypt,Primary,100175,,76649.44,36,,,,30DD
1,Cairo Main,2022-09-14,200000,A,NORM,Normal,0,2026-02-28,World Elite Card,0,1000,62644.23,136888.57,32028.9,2026-02-26,1165.56,M,1996-04-23,Vodafone Egypt,Primary,100176,,0.0,42,,,,NORM
1,Cairo Main,2022-12-03,20000,A,NORM,Normal,0,2026-02-25,Classic Credit Card,100,1000,16326.94,3364.1,3226.36,2026-02-01,464.24,F,1978-01-16,Ministry of Health,Primary,100177,,0.0,39,MC-OLD,,,NORM
10,Suez,2021-08-06,20000,A,60DA,60 Days Delinquent,60,2026-02-16,Cashback Card,100,500,14890.23,4795.99,3074.27,2026-02-20,1952.65,F,1986-10-27,Juhayna,Primary,100178,,4607.35,55,MC-OLD,VISA-OLD2,,60DA
10,Suez,2021-08-06,20000,A,NORM,Normal,0,2026-02-16,World Elite Card,100,500,4162.33,15380.18,5938.05,2026-02-02,1451.26,F,1986-10-27,Juhayna,Primary,100178,,0.0,55,MC-OLD,VISA-OLD2,,NORM
3,Alexandria,2022-10-16,150000,A,NORM,Normal,0,2026-02-19,Business Credit Card,200,500,31960.69,118028.49,19440.29,2026-02-24,959.53,F,1988-01-30,Self Employed,Primary,100179,,0.0,41,VISA-OLD,,,NORM
5,Tanta,2020-01-24,150000,A,NORM,Normal,0,2026-02-14,Business Credit Card,100,300,64700.03,85195.81,5356.13,2026-02-10,732.1,M,1976-11-19,Self Employed,Secondary,100180,,0.0,74,,VISA-OLD2,,NORM
7,Luxor,2024-04-01,150000,A,NORM,Normal,0,2026-02-15,Platinum Credit Card,100,300,10226.3,139318.69,30121.2,2026-02-07,467.04,M,1978-09-07,Banque Misr,Secondary,100181,,0.0,23,,,,NORM
9,Ismailia,2020-02-20,5000,A,NORM,Normal,0,2026-02-25,Cashback Card,0,0,4549.09,63.9,312.57,2026-02-27,1129.87,M,1992-07-02,Talaat Moustafa Group,Secondary,100182,,0.0,73,MC-OLD,VISA-OLD2,,NORM
4,Mansoura,2020-05-05,50000,A,NORM,Normal,0,2026-02-24,Platinum Credit Card,0,500,24358.56,25180.56,9928.33,2026-02-08,1991.86,M,1981-07-03,Juhayna,Primary,100183,,0.0,70,,,,NORM
4,Mansoura,2020-05-05,50000,A,NORM,Normal,0,2026-02-18,Gold Credit Card,0,500,4190.14,45764.62,12818.05,2026-02-05,137.95,M,1981-07-03,Juhayna,Primary,100183,,0.0,70,,,,NORM
4,Mansoura,2020-05-05,50000,A,NORM,Normal,0,2026-02-17,Travel Rewards Card,0,500,33790.47,15940.76,8746.17,2026-02-03,47.93,M,1981-07-03,Juhayna,Primary,100183,,0.0,70,,,,NORM
4,Mansoura,2021-08-10,30000,A,NORM,Normal,0,2026-02-21,Cashback Card,200,300,3530.07,26324.11,3458.71,2026-02-13,777.55,F,1984-10-06,Microsoft Egypt,Primary,100184,,0.0,55,VISA-OLD,,,NORM
2,Giza,2023-04-08,50000,A,NORM,Normal,0,2026-02-27,Titanium Credit Card,0,1000,13132.29,36551.62,5351.05,2026-02-19,1843.16,M,1996-01-05,El Sewedy Electric,Primary,100185,,0.0,35,,,,NORM
9,Ismailia,2024-06-30,75000,A,NORM,Normal,0,2026-02-27,Titanium Credit Card,100,500,50831.99,23706.34,13719.59,2026-02-15,883.91,M,1986-03-13,Juhayna,Primary,100186,,0.0,20,,,,NORM
8,Zagazig,2023-07-03,100000,A,NORM,Normal,0,2026-02-26,Platinum Credit Card,500,150,89571.98,9979.24,2307.68,2026-02-07,808.98,M,1992-06-15,Orascom,Primary,100187,,0.0,32,,,,NORM
8,Zagazig,2023-07-03,100000,A,NORM,Normal,0,2026-02-22,Travel Rewards Card,500,150,57780.7,41747.9,26737.21,2026-02-25,1575.47,M,1992-06-15,Orascom,Primary,100187,,0.0,32,,,,NORM
1,Cairo Main,2019-07-18,20000,A,NORM,Normal,0,2026-02-21,Classic Credit Card,500,300,3742.61,16017.63,4194.3,2026-02-27,1634.6,M,1978-07-01,National Bank of Egypt,Primary,100188,,0.0,80,MC-OLD,,,NORM
1,Cairo Main,2019-07-18,20000,A,NORM,Normal,0,2026-02-25,Cashback Card,500,300,8223.92,11551.21,154.98,2026-02-24,1072.03,M,1978-07-01,National Bank of Egypt,Primary,100188,,0.0,80,MC-OLD,,,NORM
8,Zagazig,2018-01-28,150000,A,NORM,Normal,0,2026-03-01,World Elite Card,200,1000,85315.2,64564.12,9057.71,2026-01-30,1623.82,F,1960-09-14,Ministry of Health,Primary,100189,,0.0,98,VISA-OLD,,,NORM
2,Giza,2023-11-18,15000,A,NORM,Normal,0,2026-02-17,Cashback Card,200,300,11930.67,2895.39,4197.71,2026-02-28,1414.16,F,1964-04-27,Elsewedy Capital,Primary,100190,,0.0,27,,,,NORM
7,Luxor,2024-05-03,20000,A,NORM,Normal,0,2026-02-26,Classic Credit Card,0,0,9714.44,10191.26,2262.67,2026-02-14,1199.57,F,1980-08-03,Elsewedy Capital,Primary,100191,,0.0,22,MC-OLD,,,NORM
1,Cairo Main,2018-02-08,15000,A,NORM,Normal,0,2026-02-19,Gold Credit Card,200,1000,5043.93,9738.32,350.82,2026-02-24,1493.21,M,1988-07-24,National Bank of Egypt,Secondary,100192,,0.0,98,,,,NORM
4,Mansoura,2024-05-10,100000,A,NEW,New,0,2026-02-25,World Elite Card,200,1000,19177.91,80416.44,27651.58,2026-02-24,267.28,M,1998-12-10,Talaat Moustafa Group,Primary,100193,,0.0,22,,,,NEW
4,Mansoura,2019-08-14,75000,A,NORM,Normal,0,2026-02-23,Platinum Credit Card,500,1000,9839.19,64853.95,12244.9,2026-02-26,1450.4,F,1986-05-01,National Bank of Egypt,Primary,100194,,0.0,79,,,,NORM
9,Ismailia,2021-11-17,5000,A,60DA,60 Days Delinquent,60,2026-02-26,Classic Credit Card,200,1000,2407.07,2147.38,925.8,2026-02-28,948.71,F,1993-06-09,CIB,Secondary,100195,,1720.56,52,,,,60DA
5,Tanta,2023-01-20,100000,A,NORM,Normal,0,2026-02-17,Platinum Credit Card,500,150,-2422.48,97502.66,9132.87,2026-02-02,240.6,F,1995-02-23,Elsewedy Capital,Primary,100196,,0.0,37,MC-OLD,,,NORM
4,Mansoura,2018-10-29,10000,A,NORM,Normal,0,2026-02-27,Cashback Card,100,500,5476.2,4418.16,2330.59,2026-02-17,915.84,F,1991-12-27,Talaat Moustafa Group,Primary,100197,,0.0,89,,,,NORM
5,Tanta,2022-01-14,30000,A,NORM,Normal,0,2026-02-17,Classic Credit Card,500,500,25600.92,4181.94,2764.53,2026-02-01,1627.11,F,1979-12-13,CIB,Primary,100198,,0.0,50,,,,NORM
9,Ismailia,2024-09-11,200000,A,NORM,Normal,0,2026-02-27,World Elite Card,500,0,60583.32,139171.87,7694.44,2026-02-22,1135.22,M,1964-03-04,Edita Food Industries,Primary,100199,,0.0,17,,,,NORM
9,Ismailia,2024-09-11,200000,A,NORM,Normal,0,2026-02-19,Travel Rewards Card,500,0,54907.88,144639.82,22883.53,2026-02-09,712.03,M,1964-03-04,Edita Food Industries,Primary,100199,,0.0,17,,,,NORM
3,Alexandria,2021-01-06,30000,A,NORM,Normal,0,2026-02-21,Classic Credit Card,100,500,17139.8,12617.22,3948.04,2026-02-01,1623.79,F,1966-03-24,Talaat Moustafa Group,Primary,100200,,0.0,62,VISA-OLD,,,NORM
6,Assiut,2020-10-07,100000,A,NORM,Normal,0,2026-02-19,Platinum Credit Card,0,150,-5276.97,94614.86,25749.45,2026-02-03,4.96,F,1971-04-16,Military,Primary,100201,,0.0,65,VISA-OLD,,,NORM
10,Suez,2021-09-11,100000,A,NORM,Normal,0,2026-02-21,World Elite Card,200,300,74166.07,25662.29,21858.22,2026-02-22,1558.98,M,1977-01-15,Edita Food Industries,Primary,100202,,0.0,54,,,,NORM
6,Assiut,2023-07-05,200000,A,NEW,New,0,2026-02-22,Platinum Credit Card,500,300,33721.78,166003.56,28866.67,2026-02-23,1145.33,M,1973-01-27,Elsewedy Capital,Secondary,100203,,0.0,32,,VISA-OLD2,,NEW
9,Ismailia,2024-03-03,5000,A,NORM,Normal,0,2026-02-18,Classic Credit Card,0,500,3463.9,1057.75,99.16,2026-01-30,551.99,F,1968-01-26,Freelancer,Primary,100204,,0.0,24,,,,NORM
9,Ismailia,2024-03-03,5000,A,NORM,Normal,0,2026-02-23,Cashback Card,0,500,3152.72,1660.38,723.3,2026-02-10,297.63,F,1968-01-26,Freelancer,Primary,100204,,0.0,24,,,,NORM
9,Ismailia,2024-03-03,5000,A,NORM,Normal,0,2026-02-15,Titanium Credit Card,0,500,868.75,3740.42,686.98,2026-02-12,1179.29,F,1968-01-26,Freelancer,Primary,100204,,0.0,24,,,,NORM
5,Tanta,2019-09-24,75000,A,NORM,Normal,0,2026-02-19,Titanium Credit Card,500,1000,-2497.2,72065.38,181.74,2026-02-28,570.83,F,1989-07-18,Microsoft Egypt,Primary,100205,,0.0,78,,VISA-OLD2,,NORM
10,Suez,2018-12-15,10000,A,NORM,Normal,0,2026-02-18,Gold Credit Card,100,1000,5831.63,3955.91,1541.5,2026-02-27,1004.1,M,1988-08-16,Elsewedy Capital,Primary,100206,,0.0,87,VISA-OLD,,,NORM
7,Luxor,2018-02-13,10000,A,NORM,Normal,0,2026-02-20,Cashback Card,100,500,6592.41,3139.63,2895.09,2026-02-26,412.26,F,1964-10-01,Talaat Moustafa Group,Primary,100207,,0.0,97,MC-OLD,VISA-OLD2,,NORM
3,Alexandria,2018-04-11,100000,A,NORM,Normal,0,2026-02-16,World Elite Card,0,150,-329.58,99637.96,6865.2,2026-02-13,341.66,F,1975-06-22,CIB,Primary,100208,,0.0,96,VISA-OLD,,,NORM
9,Ismailia,2021-11-27,100000,A,NORM,Normal,0,2026-02-15,Platinum Credit Card,200,0,74019.71,25737.35,16455.1,2026-02-11,194.64,F,1981-08-30,CIB,Primary,100209,,0.0,51,,,,NORM
6,Assiut,2019-03-24,15000,A,NORM,Normal,0,2026-02-19,Cashback Card,100,300,4884.88,9852.87,1904.6,2026-02-24,1521.97,F,1989-01-24,Elsewedy Capital,Secondary,100210,,0.0,84,,,,NORM
3,Alexandria,2022-11-06,75000,A,NORM,Normal,0,2026-02-16,Platinum Credit Card,500,500,24515.51,50210.53,18851.68,2026-02-24,1643.94,M,1968-05-11,Vodafone Egypt,Primary,100211,,0.0,40,,,,NORM
3,Alexandria,2022-11-06,75000,A,NORM,Normal,0,2026-02-24,Travel Rewards Card,500,500,11745.8,62849.88,1622.29,2026-02-20,1413.46,M,1968-05-11,Vodafone Egypt,Primary,100211,,0.0,40,,,,NORM
2,Giza,2019-02-21,150000,A,NORM,Normal,0,2026-02-16,World Elite Card,500,0,48668.49,101305.11,8785.7,2026-02-23,1748.56,F,1985-11-24,Orascom,Primary,100212,,0.0,85,VISA-OLD,VISA-OLD2,,NORM
6,Assiut,2022-05-11,200000,A,60DA,60 Days Delinquent,60,2026-02-25,Platinum Credit Card,200,500,125190.32,74642.11,40516.81,2026-01-30,336.4,M,1986-10-11,Microsoft Egypt,Secondary,100213,,83597.26,46,,VISA-OLD2,,60DA
10,Suez,2019-07-03,50000,A,NORM,Normal,0,2026-02-14,Platinum Credit Card,100,300,31.48,49574.39,409.63,2026-02-15,73.34,M,1963-10-20,CIB,Primary,100214,,0.0,81,VISA-OLD,VISA-OLD2,,NORM
3,Alexandria,2022-04-21,75000,A,NORM,Normal,0,2026-02-26,Platinum Credit Card,100,500,12667.45,61963.28,12743.77,2026-02-28,1966.21,F,1985-10-13,Orascom,Primary,100215,,0.0,47,,,,NORM
10,Suez,2022-01-10,5000,A,NORM,Normal,0,2026-02-25,Business Credit Card,500,1000,4187.39,709.71,1110.28,2026-02-24,271.37,F,1962-05-28,Self Employed,Primary,100216,,0.0,50,VISA-OLD,,,NORM
8,Zagazig,2019-11-17,10000,A,NORM,Normal,0,2026-02-25,Classic Credit Card,200,0,-607.74,8896.65,696.32,2026-02-10,368.38,F,1981-12-02,Cairo University,Primary,100217,,0.0,76,,,,NORM
8,Zagazig,2023-07-22,150000,A,NORM,Normal,0,2026-02-28,World Elite Card,200,1000,43659.02,106271.06,1238.91,2026-02-07,1700.67,F,1985-05-16,Government,Primary,100218,,0.0,31,,,,NORM
9,Ismailia,2022-10-08,10000,A,NORM,Normal,0,2026-02-26,Classic Credit Card,500,300,1181.21,8551.7,627.23,2026-02-10,384.89,F,1969-10-20,Elsewedy Capital,Secondary,100219,,0.0,41,,,,NORM
2,Giza,2020-08-28,20000,A,NORM,Normal,0,2026-02-23,Cashback Card,500,150,5635.96,14105.53,5732.14,2026-02-25,316.65,M,1994-10-16,Cairo University,Primary,100220,,0.0,67,,,,NORM
10,Suez,2023-12-21,30000,A,NORM,Normal,0,2026-02-19,Gold Credit Card,200,300,5006.13,24577.67,3705.48,2026-02-19,252.48,F,1975-09-26,Military,Secondary,100221,,0.0,26,MC-OLD,,,NORM
3,Alexandria,2022-08-13,5000,A,NORM,Normal,0,2026-02-15,Classic Credit Card,100,150,2128.14,2722.66,1206.24,2026-02-09,856.39,F,1993-08-24,Talaat Moustafa Group,Secondary,100222,,0.0,43,VISA-OLD,,,NORM
3,Alexandria,2022-08-13,5000,A,NORM,Normal,0,2026-02-24,Platinum Credit Card,100,150,884.47,3859.53,644.1,2026-02-20,1490.85,F,1993-08-24,Talaat Moustafa Group,Secondary,100222,,0.0,43,VISA-OLD,,,NORM
3,Alexandria,2021-01-05,75000,A,NORM,Normal,0,2026-02-14,Platinum Credit Card,500,1000,38438.28,36383.42,9838.47,2026-02-14,1250.2,F,1985-11-25,Microsoft Egypt,Primary,100223,,0.0,62,,,,NORM
8,Zagazig,2024-07-11,5000,A,NORM,Normal,0,2026-02-18,Gold Credit Card,200,0,773.14,3895.92,825.22,2026-02-08,354.69,F,1974-09-06,National Bank of Egypt,Primary,100224,,0.0,19,VISA-OLD,,,NORM
8,Zagazig,2024-07-11,5000,A,NORM,Normal,0,2026-02-24,Cashback Card,200,0,718.28,4079.34,1161.6,2026-02-18,1994.56,F,1974-09-06,National Bank of Egypt,Primary,100224,,0.0,19,VISA-OLD,,,NORM
8,Zagazig,2021-08-15,30000,A,60DA,60 Days Delinquent,60,2026-02-17,Classic Credit Card,500,300,9734.95,19858.01,597.02,2026-02-13,1920.88,M,1972-01-17,Edita Food Industries,Primary,100225,,10347.61,55,VISA-OLD,,,60DA
2,Giza,2019-10-10,100000,A,NORM,Normal,0,2026-02-16,Platinum Credit Card,100,150,15860.27,83819.94,1817.36,2026-01-30,832.98,F,1998-06-21,Freelancer,Primary,100226,,0.0,77,,,,NORM
6,Assiut,2018-12-04,50000,A,NORM,Normal,0,2026-02-18,Titanium Credit Card,100,500,19818.46,29685.23,3287.63,2026-02-16,318.51,M,1971-03-26,Orascom,Primary,100227,,0.0,88,,,,NORM
8,Zagazig,2019-06-28,200000,A,NORM,Normal,0,2026-02-16,Platinum Credit Card,0,0,143265.49,56260.02,55428.24,2026-02-16,1439.36,F,1963-06-30,Elsewedy Capital,Secondary,100228,,0.0,81,VISA-OLD,,,NORM
8,Zagazig,2020-07-26,75000,A,NORM,Normal,0,2026-02-16,Platinum Credit Card,200,300,19122.53,55596.87,15721.7,2026-02-06,254.56,M,1963-03-06,National Bank of Egypt,Primary,100229,,0.0,68,,,,NORM
8,Zagazig,2020-07-26,75000,A,NORM,Normal,0,2026-02-25,Travel Rewards Card,200,300,52812.45,21911.83,7629.39,2026-02-21,579.27,M,1963-03-06,National Bank of Egypt,Primary,100229,,0.0,68,,,,NORM
2,Giza,2024-04-26,5000,A,NORM,Normal,0,2026-02-25,Gold Credit Card,200,150,3212.14,1292.92,740.78,2026-02-10,595.62,M,1983-10-18,Military,Secondary,100230,,0.0,22,MC-OLD,,,NORM
4,Mansoura,2019-02-16,15000,A,NORM,Normal,0,2026-02-16,Gold Credit Card,200,500,-211.71,14467.81,3885.35,2026-02-06,1901.8,F,1963-11-21,CIB,Primary,100231,,0.0,85,,,,NORM
2,Giza,2024-03-16,200000,A,NORM,Normal,0,2026-02-20,Platinum Credit Card,0,300,94880.98,105006.72,16287.21,2026-02-07,821.65,M,1971-02-17,Military,Primary,100232,,0.0,23,MC-OLD,,,NORM
2,Giza,2024-03-16,200000,A,NORM,Normal,0,2026-02-26,Travel Rewards Card,0,300,137307.41,62569.41,34665.07,2026-02-15,786.59,M,1971-02-17,Military,Primary,100232,,0.0,23,MC-OLD,,,NORM
7,Luxor,2018-08-12,20000,A,NORM,Normal,0,2026-02-27,Business Credit Card,100,500,4216.74,15548.07,3833.49,2026-02-09,830.56,M,1973-04-04,Self Employed,Primary,100233,,0.0,91,,,,NORM
6,Assiut,2022-05-04,200000,A,NORM,Normal,0,2026-02-23,World Elite Card,500,0,27166.71,172360.12,4998.14,2026-02-16,1389.28,M,1965-12-02,Amazon Egypt,Primary,100234,,0.0,46,,,,NORM
4,Mansoura,2018-09-05,75000,A,NORM,Normal,0,2026-02-17,Titanium Credit Card,500,500,11781.4,62970.05,4684.93,2026-02-24,117.86,M,1961-10-14,Government,Primary,100235,,0.0,91,MC-OLD,VISA-OLD2,,NORM
3,Alexandria,2018-12-09,30000,A,NORM,Normal,0,2026-02-16,Classic Credit Card,100,1000,21412.99,8200.38,8486.86,2026-02-20,1629.04,F,1972-06-12,National Bank of Egypt,Primary,100236,,0.0,87,,,,NORM
7,Luxor,2020-09-04,5000,A,30DD,30 Days Delinquent,30,2026-02-23,Gold Credit Card,0,500,4245.14,745.31,579.9,2026-02-20,235.65,M,1992-09-28,Elsewedy Capital,Primary,100237,,2740.59,66,,,,30DD
1,Cairo Main,2019-07-17,5000,A,60DA,60 Days Delinquent,60,2026-02-15,Gold Credit Card,200,150,4639.99,160.89,1152.32,2026-02-03,793.72,F,1991-10-03,Orascom,Primary,100238,,991.15,80,,,,60DA
1,Cairo Main,2022-10-25,30000,A,NORM,Normal,0,2026-02-24,Cashback Card,0,500,5756.09,24171.84,5203.37,2026-02-02,777.2,F,1975-01-10,Government,Primary,100239,,0.0,40,,,,NORM
10,Suez,2022-02-15,15000,A,NORM,Normal,0,2026-02-26,Cashback Card,0,150,3925.44,10871.83,4127.22,2026-02-22,920.02,M,1967-06-27,Talaat Moustafa Group,Primary,100240,,0.0,49,,,,NORM
10,Suez,2022-02-15,15000,A,NORM,Normal,0,2026-03-01,Travel Rewards Card,0,150,7715.0,6881.74,2837.74,2026-02-19,430.46,M,1967-06-27,Talaat Moustafa Group,Primary,100240,,0.0,49,,,,NORM
1,Cairo Main,2022-01-30,75000,A,NORM,Normal,0,2026-02-26,Platinum Credit Card,500,150,13153.33,61423.43,1798.29,2026-02-07,363.04,F,1981-02-28,Banque Misr,Primary,100241,,0.0,49,,,,NORM
2,Giza,2022-03-08,10000,A,NORM,Normal,0,2026-02-16,Classic Credit Card,100,150,8565.95,1074.75,1701.47,2026-02-26,903.0,M,1985-08-21,Government,Secondary,100242,,0.0,48,,,,NORM
5,Tanta,2021-06-26,50000,A,NORM,Normal,0,2026-02-22,Platinum Credit Card,200,150,16613.93,32941.57,3362.95,2026-02-18,1200.16,F,1994-09-12,National Bank of Egypt,Primary,100243,,0.0,56,,VISA-OLD2,,NORM
4,Mansoura,2022-02-17,200000,A,NORM,Normal,0,2026-03-01,Gold Credit Card,100,150,180745.84,19200.44,20994.26,2026-02-04,227.18,M,1980-10-22,Self Employed,Secondary,100244,,0.0,49,,,,NORM
4,Mansoura,2022-02-17,200000,A,NORM,Normal,0,2026-02-27,Business Credit Card,100,150,31848.69,167850.49,43882.9,2026-02-27,389.37,M,1980-10-22,Self Employed,Secondary,100244,,0.0,49,,,,NORM
4,Mansoura,2022-02-17,200000,A,NORM,Normal,0,2026-02-14,Travel Rewards Card,100,150,184133.19,15759.09,55058.51,2026-02-15,1313.58,M,1980-10-22,Self Employed,Secondary,100244,,0.0,49,,,,NORM
9,Ismailia,2018-02-09,50000,A,NORM,Normal,0,2026-02-21,Titanium Credit Card,200,0,30996.68,18736.58,1505.86,2026-02-27,177.22,M,1975-07-16,Vodafone Egypt,Primary,100245,,0.0,98,,,,NORM
9,Ismailia,2018-02-09,50000,A,NORM,Normal,0,2026-02-27,Business Credit Card,200,0,-1264.16,48518.76,9007.43,2026-02-27,1987.95,M,1975-07-16,Vodafone Egypt,Primary,100245,,0.0,98,,,,NORM
8,Zagazig,2019-08-07,30000,A,NEW,New,0,2026-02-27,Classic Credit Card,500,300,-129.06,29670.71,8777.88,2026-02-10,1543.32,F,1962-09-08,National Bank of Egypt,Secondary,100246,,0.0,79,,VISA-OLD2,,NEW
2,Giza,2019-07-01,75000,A,NORM,Normal,0,2026-02-28,Platinum Credit Card,500,150,17034.6,57515.92,3634.87,2026-01-30,301.04,M,1982-09-02,National Bank of Egypt,Primary,100247,,0.0,81,,,,NORM
6,Assiut,2023-01-29,30000,A,NORM,Normal,0,2026-02-28,Classic Credit Card,100,1000,24773.56,4799.83,8332.47,2026-02-16,1495.98,M,1974-04-08,Elsewedy Capital,Primary,100248,,0.0,37,,,,NORM
8,Zagazig,2022-07-24,10000,A,NORM,Normal,0,2026-02-23,Classic Credit Card,500,300,5518.87,4461.35,875.93,2026-02-25,515.63,F,1974-02-01,Ministry of Health,Primary,100249,,0.0,43,,,,NORM
3,Alexandria,2021-05-31,200000,A,NEW,New,0,2026-02-28,Platinum Credit Card,100,0,176252.34,23596.48,15667.99,2026-02-24,419.06,M,1996-03-23,Orange Egypt,Secondary,100250,,0.0,57,VISA-OLD,VISA-OLD2,,NEW
1,Cairo Main,2021-05-09,30000,A,NORM,Normal,0,2026-02-26,Gold Credit Card,500,1000,10402.21,19250.11,5089.27,2026-02-07,971.33,M,1990-05-17,Orascom,Primary,100251,,0.0,58,,,,NORM
2,Giza,2018-09-10,20000,A,30DD,30 Days Delinquent,30,2026-02-14,Gold Credit Card,200,0,10425.24,9472.06,352.56,2026-02-18,197.76,F,1960-07-14,Banque Misr,Secondary,100252,,6750.77,90,,,,30DD
2,Giza,2022-12-22,15000,A,NORM,Normal,0,2026-02-26,Gold Credit Card,0,150,-139.04,14613.2,914.75,2026-02-24,1165.93,F,1968-11-13,National Bank of Egypt,Secondary,100253,,0.0,38,VISA-OLD,,,NORM
2,Giza,2022-12-22,15000,A,NORM,Normal,0,2026-02-15,Cashback Card,0,150,11849.64,3142.25,609.11,2026-01-31,1338.01,F,1968-11-13,National Bank of Egypt,Secondary,100253,,0.0,38,VISA-OLD,,,NORM
2,Giza,2022-12-22,15000,A,NORM,Normal,0,2026-02-20,World Elite Card,0,150,13787.73,951.89,3613.52,2026-02-26,184.03,F,1968-11-13,National Bank of Egypt,Secondary,100253,,0.0,38,VISA-OLD,,,NORM
1,Cairo Main,2022-10-14,15000,A,NORM,Normal,0,2026-02-14,Classic Credit Card,200,300,6904.48,7669.98,1345.83,2026-02-24,1867.77,F,1977-03-02,IBM Egypt,Secondary,100254,,0.0,41,,VISA-OLD2,,NORM
10,Suez,2020-10-03,30000,A,NORM,Normal,0,2026-02-18,Business Credit Card,500,0,26277.24,3616.2,3925.26,2026-02-01,981.72,M,1987-09-04,Self Employed,Primary,100255,,0.0,65,,,,NORM
4,Mansoura,2023-11-24,20000,A,NORM,Normal,0,2026-02-27,Gold Credit Card,500,1000,7002.77,12694.63,1433.05,2026-02-03,75.02,F,1988-10-29,Ministry of Health,Primary,100256,,0.0,27,MC-OLD,VISA-OLD2,,NORM
4,Mansoura,2023-11-24,20000,A,NORM,Normal,0,2026-02-26,Titanium Credit Card,500,1000,4334.97,15179.72,3945.73,2026-02-16,1564.91,F,1988-10-29,Ministry of Health,Primary,100256,,0.0,27,MC-OLD,VISA-OLD2,,NORM
6,Assiut,2021-01-12,15000,A,90DA,90 Days Delinquent,90,2026-02-27,Classic Credit Card,0,300,1166.78,13512.51,1277.81,2026-02-27,1419.97,M,1977-06-03,Vodafone Egypt,Secondary,100257,,1511.25,62,VISA-OLD,VISA-OLD2,,90DA
6,Assiut,2024-07-20,20000,A,NORM,Normal,0,2026-02-16,Cashback Card,100,300,5045.82,14788.43,2465.79,2026-02-07,1931.62,M,1994-05-25,Orascom,Primary,100258,,0.0,19,,VISA-OLD2,,NORM
7,Luxor,2019-12-13,15000,A,NORM,Normal,0,2026-02-24,Cashback Card,200,1000,-453.74,14272.33,3663.67,2026-02-18,1996.68,M,1975-12-01,Elsewedy Capital,Primary,100259,,0.0,75,,VISA-OLD2,,NORM
10,Suez,2024-04-25,20000,A,NORM,Normal,0,2026-02-25,Business Credit Card,100,500,11775.75,7854.45,5360.53,2026-02-28,1265.99,M,1966-05-17,Self Employed,Primary,100260,,0.0,22,,VISA-OLD2,,NORM
4,Mansoura,2023-11-27,100000,A,NORM,Normal,0,2026-02-21,World Elite Card,100,300,65669.71,34297.79,21227.6,2026-02-10,1041.19,M,1960-11-22,Vodafone Egypt,Secondary,100261,,0.0,27,,,,NORM
1,Cairo Main,2024-07-30,15000,A,NEW,New,0,2026-02-22,Gold Credit Card,500,1000,4152.49,10652.3,1270.47,2026-02-10,1962.32,M,1966-08-17,CIB,Primary,100262,,0.0,19,,,,NEW
1,Cairo Main,2024-07-30,15000,A,NORM,Normal,0,2026-02-16,Titanium Credit Card,500,1000,168.98,14335.82,3153.4,2026-02-18,902.84,M,1966-08-17,CIB,Primary,100262,,0.0,19,,,,NORM
3,Alexandria,2022-11-25,100000,A,30DD,30 Days Delinquent,30,2026-02-25,Platinum Credit Card,100,1000,86286.53,13609.37,15145.97,2026-01-31,1703.48,M,1992-11-06,Edita Food Industries,Primary,100263,,22161.67,39,,,,30DD
3,Alexandria,2018-01-08,200000,A,NORM,Normal,0,2026-02-25,World Elite Card,200,1000,114011.82,85944.97,9363.74,2026-02-16,1520.84,M,1992-09-10,Microsoft Egypt,Primary,100264,,0.0,99,,,,NORM
3,Alexandria,2018-01-08,200000,A,NORM,Normal,0,2026-03-01,Travel Rewards Card,200,1000,57061.25,142809.25,52437.88,2026-02-13,1326.67,M,1992-09-10,Microsoft Egypt,Primary,100264,,0.0,99,,,,NORM
3,Alexandria,2018-11-15,20000,A,NORM,Normal,0,2026-02-22,Classic Credit Card,200,500,16039.45,3633.6,1646.73,2026-02-02,10.19,M,1974-11-08,IBM Egypt,Primary,100265,,0.0,88,,,,NORM
3,Alexandria,2018-11-15,20000,A,NORM,Normal,0,2026-02-21,Gold Credit Card,200,500,8694.12,10828.02,2525.88,2026-02-23,81.05,M,1974-11-08,IBM Egypt,Primary,100265,,0.0,88,,,,NORM
3,Alexandria,2018-11-15,20000,A,NORM,Normal,0,2026-02-16,Cashback Card,200,500,7346.67,12249.32,5261.69,2026-02-28,818.36,M,1974-11-08,IBM Egypt,Primary,100265,,0.0,88,,,,NORM
6,Assiut,2019-03-19,5000,A,NORM,Normal,0,2026-02-14,Cashback Card,500,150,3029.66,1476.2,1206.31,2026-02-25,271.15,F,1971-07-07,Orange Egypt,Primary,100266,,0.0,84,VISA-OLD,,,NORM
9,Ismailia,2019-02-20,100000,A,NORM,Normal,0,2026-02-26,World Elite Card,100,500,39529.8,60385.95,15045.07,2026-02-25,702.35,M,1976-11-01,Cairo University,Primary,100267,,0.0,85,,,,NORM
1,Cairo Main,2020-12-05,10000,A,NORM,Normal,0,2026-02-24,Gold Credit Card,100,0,694.05,9191.27,1656.64,2026-02-23,1112.13,M,1974-04-18,National Bank of Egypt,Primary,100268,,0.0,63,MC-OLD,,,NORM
1,Cairo Main,2019-11-07,200000,A,NORM,Normal,0,2026-02-23,World Elite Card,200,150,92570.51,107193.97,51979.69,2026-02-12,715.83,M,1979-05-07,Amazon Egypt,Primary,100269,,0.0,76,MC-OLD,VISA-OLD2,,NORM
5,Tanta,2021-02-27,30000,A,NORM,Normal,0,2026-02-21,Gold Credit Card,500,150,15758.11,14225.92,2456.28,2026-02-27,904.74,M,1989-08-19,Elsewedy Capital,Primary,100270,,0.0,60,VISA-OLD,,,NORM
5,Tanta,2024-09-24,100000,A,NORM,Normal,0,2026-02-22,World Elite Card,100,300,13958.17,85596.88,3053.4,2026-02-25,694.06,M,1996-12-15,El Sewedy Electric,Primary,100271,,0.0,17,,,,NORM
7,Luxor,2023-06-27,30000,A,NORM,Normal,0,2026-02-15,Gold Credit Card,100,300,23869.31,5743.54,1748.16,2026-02-04,1855.29,F,1981-02-14,National Bank of Egypt,Primary,100272,,0.0,32,VISA-OLD,,,NORM
5,Tanta,2023-03-20,30000,A,NORM,Normal,0,2026-02-16,Classic Credit Card,100,0,17258.55,12445.43,8311.82,2026-02-28,578.54,M,1979-09-22,Elsewedy Capital,Primary,100273,,0.0,35,MC-OLD,,,NORM
5,Tanta,2023-03-20,30000,A,NORM,Normal,0,2026-02-15,Cashback Card,100,0,26484.26,3336.05,4404.38,2026-02-27,1048.38,M,1979-09-22,Elsewedy Capital,Primary,100273,,0.0,35,MC-OLD,,,NORM
10,Suez,2024-03-17,5000,A,NORM,Normal,0,2026-02-20,Gold Credit Card,500,1000,4364.83,626.57,109.18,2026-01-31,204.65,M,1970-03-16,Microsoft Egypt,Primary,100274,,0.0,23,,,,NORM
10,Suez,2024-03-17,5000,A,NORM,Normal,0,2026-02-19,Travel Rewards Card,500,1000,4050.29,478.1,363.88,2026-02-26,1743.17,M,1970-03-16,Microsoft Egypt,Primary,100274,,0.0,23,,,,NORM
1,Cairo Main,2024-05-28,150000,A,NORM,Normal,0,2026-02-21,World Elite Card,0,500,105032.71,44586.81,4302.31,2026-02-08,575.82,M,1982-07-10,Cairo University,Secondary,100275,,0.0,21,,,,NORM
4,Mansoura,2018-06-24,75000,A,NORM,Normal,0,2026-02-28,Gold Credit Card,100,1000,55489.56,19366.52,19885.18,2026-02-24,350.57,F,1965-08-29,National Bank of Egypt,Primary,100276,,0.0,93,,,,NORM
4,Mansoura,2018-06-24,75000,A,NORM,Normal,0,2026-02-22,Titanium Credit Card,100,1000,45588.11,28948.72,5023.63,2026-02-16,1512.02,F,1965-08-29,National Bank of Egypt,Primary,100276,,0.0,93,,,,NORM
4,Mansoura,2018-06-24,75000,A,NORM,Normal,0,2026-02-22,Business Credit Card,100,1000,64377.23,10301.53,21781.52,2026-02-07,929.32,F,1965-08-29,National Bank of Egypt,Primary,100276,,0.0,93,,,,NORM
7,Luxor,2022-06-16,150000,A,NORM,Normal,0,2026-02-15,Platinum Credit Card,500,0,3176.87,146750.18,9986.34,2026-02-07,501.16,F,1984-12-15,Edita Food Industries,Primary,100277,,0.0,45,MC-OLD,VISA-OLD2,,NORM
7,Luxor,2022-06-16,150000,A,NEW,New,0,2026-02-19,Classic Credit Card,500,0,22729.25,126910.5,26831.76,2026-02-28,1628.64,F,1984-12-15,Edita Food Industries,Primary,100277,,0.0,45,MC-OLD,VISA-OLD2,,NEW
10,Suez,2019-02-15,10000,A,NORM,Normal,0,2026-02-20,Gold Credit Card,500,300,9057.13,485.39,2352.74,2026-02-10,1395.75,F,1994-01-07,Cairo University,Primary,100278,,0.0,85,MC-OLD,VISA-OLD2,,NORM
10,Suez,2019-02-15,10000,A,NORM,Normal,0,2026-02-16,Titanium Credit Card,500,300,6975.39,2931.32,2684.38,2026-02-28,1205.49,F,1994-01-07,Cairo University,Primary,100278,,0.0,85,MC-OLD,VISA-OLD2,,NORM
8,Zagazig,2019-12-07,30000,A,NORM,Normal,0,2026-02-16,Cashback Card,500,0,17085.43,12569.83,3233.57,2026-02-24,29.55,F,1961-09-05,Microsoft Egypt,Secondary,100279,,0.0,75,,,,NORM
1,Cairo Main,2023-05-01,30000,A,NORM,Normal,0,2026-02-15,Gold Credit Card,200,300,-1473.17,28361.05,4137.28,2026-02-21,1512.29,F,1993-06-14,IBM Egypt,Secondary,100280,,0.0,34,,,,NORM
3,Alexandria,2022-12-20,50000,A,NORM,Normal,0,2026-02-16,Platinum Credit Card,100,500,41918.19,8040.31,4775.21,2026-02-14,186.47,F,1973-06-24,Talaat Moustafa Group,Primary,100281,,0.0,38,,,,NORM
3,Alexandria,2022-12-20,50000,A,NORM,Normal,0,2026-02-28,Travel Rewards Card,100,500,29853.81,20111.63,8816.19,2026-02-11,280.03,F,1973-06-24,Talaat Moustafa Group,Primary,100281,,0.0,38,,,,NORM
9,Ismailia,2019-10-14,10000,A,NORM,Normal,0,2026-02-24,Gold Credit Card,0,150,-784.8,9075.02,1436.73,2026-02-16,1280.3,M,1995-07-03,Juhayna,Secondary,100282,,0.0,77,,,,NORM
9,Ismailia,2019-10-14,10000,A,NORM,Normal,0,2026-02-24,Cashback Card,0,150,2105.49,7743.86,2321.62,2026-02-13,646.22,M,1995-07-03,Juhayna,Secondary,100282,,0.0,77,,,,NORM
4,Mansoura,2023-02-13,5000,A,NORM,Normal,0,2026-02-25,Gold Credit Card,500,1000,-451.96,4407.05,276.28,2026-02-05,1801.91,F,1961-06-25,IBM Egypt,Primary,100283,,0.0,37,,,,NORM
4,Mansoura,2023-02-13,5000,A,NORM,Normal,0,2026-02-15,Cashback Card,500,1000,1082.78,3914.84,47.86,2026-02-26,1418.88,F,1961-06-25,IBM Egypt,Primary,100283,,0.0,37,,,,NORM
4,Mansoura,2023-06-26,200000,A,NORM,Normal,0,2026-02-26,Platinum Credit Card,200,300,131230.72,68598.28,56537.81,2026-02-16,655.26,M,1976-09-15,Freelancer,Secondary,100284,,0.0,32,,,,NORM
5,Tanta,2022-05-03,5000,A,NORM,Normal,0,2026-02-17,Classic Credit Card,100,150,1907.31,2669.77,877.44,2026-02-28,348.23,F,1961-03-25,Orascom,Primary,100285,,0.0,46,MC-OLD,,,NORM
5,Tanta,2022-05-03,5000,A,NORM,Normal,0,2026-02-15,Travel Rewards Card,100,150,3747.21,1245.32,416.33,2026-02-17,122.87,F,1961-03-25,Orascom,Primary,100285,,0.0,46,MC-OLD,,,NORM
1,Cairo Main,2019-06-26,15000,A,90DA,90 Days Delinquent,90,2026-02-20,Classic Credit Card,200,300,1853.09,12818.33,1520.72,2026-02-09,717.67,F,1981-04-07,Military,Secondary,100286,,5774.95,81,,,,90DA
1,Cairo Main,2019-06-26,15000,A,NEW,New,0,2026-02-25,Cashback Card,200,300,11861.09,2977.83,2420.19,2026-02-03,1050.72,F,1981-04-07,Military,Secondary,100286,,0.0,81,,,,NEW
5,Tanta,2023-03-27,30000,A,NORM,Normal,0,2026-02-17,Gold Credit Card,0,1000,5805.33,23738.85,1258.39,2026-02-15,367.64,F,1969-10-15,Government,Primary,100287,,0.0,35,MC-OLD,VISA-OLD2,,NORM
5,Tanta,2023-03-27,30000,A,NORM,Normal,0,2026-02-20,Cashback Card,0,1000,16442.95,13511.73,1421.38,2026-02-13,1902.56,F,1969-10-15,Government,Primary,100287,,0.0,35,MC-OLD,VISA-OLD2,,NORM
5,Tanta,2019-03-19,100000,A,NORM,Normal,0,2026-02-24,Platinum Credit Card,200,300,77068.13,22918.65,2610.39,2026-02-14,1810.35,F,1973-05-22,National Bank of Egypt,Primary,100288,,0.0,84,,,,NORM
3,Alexandria,2020-09-11,5000,A,NORM,Normal,0,2026-02-23,Gold Credit Card,100,0,763.87,4148.08,609.18,2026-02-09,949.68,F,1983-03-16,Military,Secondary,100289,,0.0,66,,,,NORM
7,Luxor,2018-05-25,200000,A,90DA,90 Days Delinquent,90,2026-02-23,Platinum Credit Card,100,1000,-18959.61,180929.74,21297.08,2026-02-27,242.22,F,1977-06-01,Cairo University,Secondary,100290,,15581.13,94,,VISA-OLD2,,90DA
7,Luxor,2018-05-25,200000,A,NORM,Normal,0,2026-02-18,Travel Rewards Card,100,1000,12947.2,187030.22,31898.33,2026-02-02,15.18,F,1977-06-01,Cairo University,Secondary,100290,,0.0,94,,VISA-OLD2,,NORM
5,Tanta,2019-11-28,150000,A,NORM,Normal,0,2026-02-22,Platinum Credit Card,100,300,50832.93,98831.36,2193.7,2026-02-10,1285.97,M,1997-12-03,Orascom,Secondary,100291,,0.0,76,,,,NORM
4,Mansoura,2020-07-03,30000,A,NORM,Normal,0,2026-02-28,Gold Credit Card,200,500,16498.35,13256.95,4384.92,2026-02-09,4.12,M,1975-12-08,Amazon Egypt,Primary,100292,,0.0,68,MC-OLD,VISA-OLD2,,NORM
4,Mansoura,2020-07-03,30000,A,NORM,Normal,0,2026-02-17,Cashback Card,200,500,2789.92,26919.2,3074.32,2026-02-25,292.45,M,1975-12-08,Amazon Egypt,Primary,100292,,0.0,68,MC-OLD,VISA-OLD2,,NORM
10,Suez,2023-04-19,20000,A,NORM,Normal,0,2026-02-27,Cashback Card,500,1000,5908.03,13733.0,1684.64,2026-02-13,1028.25,F,1963-03-12,Government,Primary,100293,,0.0,34,,,,NORM
4,Mansoura,2022-08-04,200000,A,NORM,Normal,0,2026-02-25,World Elite Card,0,500,183663.77,16181.68,43625.65,2026-02-10,453.81,F,1975-05-16,Freelancer,Primary,100294,,0.0,43,,,,NORM
1,Cairo Main,2023-01-26,30000,A,NORM,Normal,0,2026-02-22,Classic Credit Card,100,500,21558.54,8077.98,8796.74,2026-02-24,165.69,M,1960-03-18,El Sewedy Electric,Primary,100295,,0.0,37,VISA-OLD,,,NORM
1,Cairo Main,2023-01-26,30000,A,NORM,Normal,0,2026-02-27,Cashback Card,100,500,16767.03,13000.23,7036.56,2026-02-04,569.73,M,1960-03-18,El Sewedy Electric,Primary,100295,,0.0,37,VISA-OLD,,,NORM
7,Luxor,2023-05-10,75000,A,NORM,Normal,0,2026-02-26,Platinum Credit Card,200,0,27236.01,47620.02,5513.91,2026-02-28,1229.88,F,1979-03-31,Vodafone Egypt,Primary,100296,,0.0,34,MC-OLD,,,NORM
1,Cairo Main,2018-01-17,20000,A,30DD,30 Days Delinquent,30,2026-02-15,Gold Credit Card,200,150,5407.62,14253.54,626.46,2026-02-26,1948.07,M,1990-05-10,Elsewedy Capital,Primary,100297,,8541.95,98,MC-OLD,,,30DD
3,Alexandria,2018-07-07,30000,A,NORM,Normal,0,2026-02-14,Cashback Card,200,500,10252.69,19533.3,525.72,2026-02-23,1296.21,M,1962-12-05,Juhayna,Primary,100298,,0.0,93,VISA-OLD,,,NORM
4,Mansoura,2022-07-11,5000,A,NORM,Normal,0,2026-02-27,Classic Credit Card,100,0,-148.79,4837.96,863.25,2026-02-11,1642.73,M,1967-05-25,Elsewedy Capital,Primary,100299,,0.0,44,,,,NORM
5,Tanta,2023-12-31,200000,A,NORM,Normal,0,2026-02-28,World Elite Card,0,0,80125.92,119846.61,39730.85,2026-02-03,311.76,M,1994-08-06,Orange Egypt,Primary,100300,,0.0,26,VISA-OLD,,,NORM
7,Luxor,2024-02-20,30000,A,NORM,Normal,0,2026-02-15,Gold Credit Card,0,300,18267.93,11536.67,5634.57,2026-02-07,48.08,F,1965-07-17,Self Employed,Primary,100301,,0.0,24,MC-OLD,,,NORM
7,Luxor,2024-02-20,30000,A,NORM,Normal,0,2026-02-25,Business Credit Card,0,300,12051.44,17734.77,3017.7,2026-02-24,396.85,F,1965-07-17,Self Employed,Primary,100301,,0.0,24,MC-OLD,,,NORM
10,Suez,2019-07-16,75000,A,NORM,Normal,0,2026-02-17,Platinum Credit Card,200,0,34958.15,39748.96,1611.28,2026-02-24,1637.47,M,1987-03-02,CIB,Primary,100302,,0.0,80,MC-OLD,,,NORM
5,Tanta,2023-11-13,20000,A,NORM,Normal,0,2026-02-14,Gold Credit Card,500,150,3974.16,15769.53,2484.51,2026-01-30,167.58,F,1997-04-19,IBM Egypt,Primary,100303,,0.0,27,,,,NORM
5,Tanta,2023-11-13,20000,A,NORM,Normal,0,2026-02-22,Cashback Card,500,150,1196.66,18647.56,129.44,2026-02-28,907.11,F,1997-04-19,IBM Egypt,Primary,100303,,0.0,27,,,,NORM
2,Giza,2024-06-09,100000,A,NORM,Normal,0,2026-02-25,Classic Credit Card,200,150,85374.71,14340.39,16136.22,2026-01-30,1747.4,F,1964-12-14,Banque Misr,Secondary,100304,,0.0,21,,,,NORM
2,Giza,2024-06-09,100000,A,NORM,Normal,0,2026-02-17,World Elite Card,200,150,-2319.29,97609.11,13120.61,2026-02-09,759.98,F,1964-12-14,Banque Misr,Secondary,100304,,0.0,21,,,,NORM
2,Giza,2024-06-09,100000,A,NORM,Normal,0,2026-02-26,Travel Rewards Card,200,150,91944.37,7678.15,16061.18,2026-02-20,981.78,F,1964-12-14,Banque Misr,Secondary,100304,,0.0,21,,,,NORM
8,Zagazig,2019-02-13,15000,A,NORM,Normal,0,2026-02-19,Gold Credit Card,500,0,11122.8,3628.73,1541.24,2026-02-26,1791.03,M,1962-03-31,Orange Egypt,Secondary,100305,,0.0,85,,,,NORM
8,Zagazig,2019-02-13,15000,A,NEW,New,0,2026-03-01,Titanium Credit Card,500,0,696.51,14256.37,3505.24,2026-02-07,1629.05,M,1962-03-31,Orange Egypt,Secondary,100305,,0.0,85,,,,NEW
3,Alexandria,2019-11-30,50000,A,NORM,Normal,0,2026-02-15,Titanium Credit Card,0,300,3592.54,46193.47,4392.56,2026-02-15,1731.6,F,1989-10-03,IBM Egypt,Primary,100306,,0.0,76,VISA-OLD,,,NORM
3,Alexandria,2019-11-30,50000,A,NORM,Normal,0,2026-02-24,Travel Rewards Card,0,300,40753.99,9061.61,12082.23,2026-02-13,1986.85,F,1989-10-03,IBM Egypt,Primary,100306,,0.0,76,VISA-OLD,,,NORM
8,Zagazig,2022-04-29,100000,A,NORM,Normal,0,2026-02-18,World Elite Card,0,150,26269.75,73249.13,27287.62,2026-02-13,1345.28,M,1972-03-11,Amazon Egypt,Secondary,100307,,0.0,46,,,,NORM
7,Luxor,2023-06-01,200000,A,NORM,Normal,0,2026-02-15,Platinum Credit Card,200,1000,137787.9,61905.3,58645.67,2026-02-20,1022.62,M,1986-07-01,Freelancer,Secondary,100308,,0.0,33,,,,NORM
8,Zagazig,2022-08-12,100000,A,NORM,Normal,0,2026-02-18,Platinum Credit Card,0,1000,6772.99,93087.67,24065.09,2026-02-19,1660.92,M,1965-01-24,Orange Egypt,Secondary,100309,,0.0,43,,VISA-OLD2,,NORM
9,Ismailia,2024-12-07,10000,A,NORM,Normal,0,2026-02-25,Classic Credit Card,500,300,3271.36,6659.6,17.44,2026-02-15,1941.39,F,1990-11-15,Amazon Egypt,Primary,100310,,0.0,14,MC-OLD,VISA-OLD2,,NORM
1,Cairo Main,2019-10-05,150000,A,NORM,Normal,0,2026-02-28,Business Credit Card,100,0,45334.71,104200.89,38643.67,2026-02-24,1732.74,F,1960-07-09,Self Employed,Primary,100311,,0.0,77,,,,NORM
1,Cairo Main,2019-10-05,150000,A,NORM,Normal,0,2026-02-22,Travel Rewards Card,100,0,103234.28,46327.81,31993.29,2026-02-23,1479.39,F,1960-07-09,Self Employed,Primary,100311,,0.0,77,,,,NORM
1,Cairo Main,2020-07-01,150000,A,NORM,Normal,0,2026-02-21,World Elite Card,0,500,81687.51,68020.34,9697.99,2026-02-07,1732.95,F,1982-09-27,Microsoft Egypt,Secondary,100312,,0.0,68,VISA-OLD,,,NORM
8,Zagazig,2021-07-18,10000,A,NORM,Normal,0,2026-02-18,Classic Credit Card,0,500,5043.04,4806.38,2606.03,2026-02-07,1802.07,F,1980-01-20,Self Employed,Primary,100313,,0.0,56,MC-OLD,,,NORM
8,Zagazig,2021-07-18,10000,A,NORM,Normal,0,2026-03-01,Business Credit Card,0,500,7267.93,2585.72,1480.28,2026-02-11,573.75,F,1980-01-20,Self Employed,Primary,100313,,0.0,56,MC-OLD,,,NORM
2,Giza,2024-10-10,200000,A,NORM,Normal,0,2026-02-18,World Elite Card,500,300,83476.79,116239.59,51478.17,2026-02-24,232.43,F,1995-07-08,Juhayna,Secondary,100314,,0.0,16,,,,NORM
2,Giza,2024-10-10,200000,A,NORM,Normal,0,2026-02-25,Travel Rewards Card,500,300,126604.04,73369.99,1453.64,2026-02-21,187.21,F,1995-07-08,Juhayna,Secondary,100314,,0.0,16,,,,NORM
6,Assiut,2024-12-13,200000,A,NORM,Normal,0,2026-02-22,Platinum Credit Card,500,0,122933.2,76593.38,59102.65,2026-02-24,386.14,M,1985-02-15,Self Employed,Primary,100315,,0.0,14,,,,NORM
6,Assiut,2024-12-13,200000,A,NORM,Normal,0,2026-02-21,Business Credit Card,500,0,164974.5,34678.79,55587.89,2026-02-06,633.31,M,1985-02-15,Self Employed,Primary,100315,,0.0,14,,,,NORM
6,Assiut,2021-04-10,150000,A,NORM,Normal,0,2026-02-17,World Elite Card,0,150,47166.43,102633.47,32842.97,2026-02-28,394.26,F,1975-12-06,Government,Primary,100316,,0.0,59,VISA-OLD,,,NORM
5,Tanta,2020-03-13,20000,A,NORM,Normal,0,2026-02-16,Gold Credit Card,200,0,12088.95,7486.7,4702.94,2026-02-03,400.92,F,1987-05-27,CIB,Primary,100317,,0.0,72,MC-OLD,,,NORM
5,Tanta,2020-03-13,20000,A,NORM,Normal,0,2026-02-28,Cashback Card,200,0,18757.23,801.13,4952.65,2026-02-28,1782.68,F,1987-05-27,CIB,Primary,100317,,0.0,72,MC-OLD,,,NORM
5,Tanta,2020-03-13,20000,A,NORM,Normal,0,2026-02-21,Platinum Credit Card,200,0,8877.84,10870.47,1610.53,2026-02-16,1546.47,F,1987-05-27,CIB,Primary,100317,,0.0,72,MC-OLD,,,NORM
8,Zagazig,2024-08-10,150000,A,NORM,Normal,0,2026-02-15,Classic Credit Card,500,1000,17057.59,132445.98,9563.23,2026-02-01,1351.39,F,1980-07-07,Banque Misr,Secondary,100318,,0.0,18,,VISA-OLD2,,NORM
8,Zagazig,2024-08-10,150000,A,NORM,Normal,0,2026-02-17,World Elite Card,500,1000,134151.97,15593.28,42232.72,2026-02-06,997.53,F,1980-07-07,Banque Misr,Secondary,100318,,0.0,18,,VISA-OLD2,,NORM
8,Zagazig,2024-08-10,150000,A,NORM,Normal,0,2026-02-21,Travel Rewards Card,500,1000,-1487.45,148409.13,392.72,2026-02-18,1213.18,F,1980-07-07,Banque Misr,Secondary,100318,,0.0,18,,VISA-OLD2,,NORM
3,Alexandria,2019-06-10,10000,A,NORM,Normal,0,2026-02-18,Cashback Card,200,1000,3566.09,5975.92,399.24,2026-02-11,1834.45,F,1992-10-07,Microsoft Egypt,Primary,100319,,0.0,81,MC-OLD,,,NORM
5,Tanta,2021-11-05,30000,A,NORM,Normal,0,2026-02-21,Classic Credit Card,200,1000,19528.56,10445.44,7803.78,2026-02-24,1243.26,F,1977-11-05,Freelancer,Primary,100320,,0.0,52,MC-OLD,,,NORM
5,Tanta,2021-11-05,30000,A,NORM,Normal,0,2026-03-01,Cashback Card,200,1000,-52.18,29665.86,1936.34,2026-02-27,154.89,F,1977-11-05,Freelancer,Primary,100320,,0.0,52,MC-OLD,,,NORM
4,Mansoura,2021-04-05,50000,A,NEW,New,0,2026-02-28,Platinum Credit Card,200,0,10318.11,39627.03,5174.71,2026-01-31,1081.79,F,1969-05-28,Banque Misr,Primary,100321,,0.0,59,MC-OLD,VISA-OLD2,,NEW
4,Mansoura,2021-04-05,50000,A,NORM,Normal,0,2026-02-28,Business Credit Card,200,0,44962.08,4671.05,8656.16,2026-02-04,571.68,F,1969-05-28,Banque Misr,Primary,100321,,0.0,59,MC-OLD,VISA-OLD2,,NORM
4,Mansoura,2021-04-05,50000,A,NORM,Normal,0,2026-02-17,Travel Rewards Card,200,0,-1784.32,48184.96,3629.85,2026-02-17,769.92,F,1969-05-28,Banque Misr,Primary,100321,,0.0,59,MC-OLD,VISA-OLD2,,NORM
7,Luxor,2023-12-27,30000,A,NORM,Normal,0,2026-02-26,Classic Credit Card,0,500,-610.79,29282.42,2971.55,2026-02-12,548.88,M,1990-03-30,Amazon Egypt,Primary,100322,,0.0,26,,,,NORM
7,Luxor,2023-12-27,30000,A,NORM,Normal,0,2026-02-23,Cashback Card,0,500,12035.32,17735.64,3170.37,2026-02-27,84.13,M,1990-03-30,Amazon Egypt,Primary,100322,,0.0,26,,,,NORM
5,Tanta,2019-10-22,30000,A,NORM,Normal,0,2026-02-20,Classic Credit Card,200,150,247.94,29550.4,8382.57,2026-02-16,894.76,M,1993-08-26,Talaat Moustafa Group,Primary,100323,,0.0,77,VISA-OLD,,,NORM
10,Suez,2024-04-20,20000,A,NORM,Normal,0,2026-02-28,Cashback Card,200,0,15128.48,4597.06,216.55,2026-01-30,309.54,F,1998-12-08,Ministry of Health,Primary,100324,,0.0,22,,VISA-OLD2,,NORM
1,Cairo Main,2020-10-26,20000,A,NORM,Normal,0,2026-02-23,Gold Credit Card,200,1000,17149.84,2798.81,5384.75,2026-02-12,967.47,M,1960-07-31,Military,Primary,100325,,0.0,65,,,,NORM
1,Cairo Main,2020-10-26,20000,A,NORM,Normal,0,2026-02-16,Travel Rewards Card,200,1000,-38.41,19778.68,5567.06,2026-02-15,225.65,M,1960-07-31,Military,Primary,100325,,0.0,65,,,,NORM
8,Zagazig,2018-11-02,15000,A,NORM,Normal,0,2026-02-23,Classic Credit Card,500,300,5902.86,8681.34,1973.43,2026-02-10,1327.99,F,1967-12-16,Orascom,Primary,100326,,0.0,89,MC-OLD,,,NORM
8,Zagazig,2018-11-02,15000,A,NORM,Normal,0,2026-03-01,Cashback Card,500,300,-465.65,14099.46,3237.38,2026-02-01,665.68,F,1967-12-16,Orascom,Primary,100326,,0.0,89,MC-OLD,,,NORM
1,Cairo Main,2023-03-26,15000,A,60DA,60 Days Delinquent,60,2026-02-18,Gold Credit Card,0,1000,1766.23,13138.97,2426.03,2026-02-10,843.96,F,1974-10-29,Orange Egypt,Primary,100327,,3530.57,35,MC-OLD,VISA-OLD2,,60DA
6,Assiut,2021-07-25,150000,A,NORM,Normal,0,2026-02-22,Gold Credit Card,500,1000,8617.31,141197.88,16413.57,2026-02-21,1157.0,F,1963-04-09,Elsewedy Capital,Primary,100328,,0.0,56,,,,NORM
6,Assiut,2021-07-25,150000,A,NORM,Normal,0,2026-02-25,World Elite Card,500,1000,104870.82,45047.63,7165.01,2026-02-16,188.53,F,1963-04-09,Elsewedy Capital,Primary,100328,,0.0,56,,,,NORM
6,Assiut,2021-07-25,150000,A,NEW,New,0,2026-02-19,Travel Rewards Card,500,1000,95312.86,54519.56,1949.15,2026-02-07,1078.85,F,1963-04-09,Elsewedy Capital,Primary,100328,,0.0,56,,,,NEW
6,Assiut,2022-01-17,30000,A,NORM,Normal,0,2026-03-01,Cashback Card,0,0,10397.66,19328.31,5442.77,2026-02-22,1629.57,F,1974-11-07,El Sewedy Electric,Primary,100329,,0.0,50,MC-OLD,VISA-OLD2,,NORM
6,Assiut,2022-01-17,30000,A,NORM,Normal,0,2026-02-15,World Elite Card,0,0,-2796.51,26809.14,3068.75,2026-02-23,357.54,F,1974-11-07,El Sewedy Electric,Primary,100329,,0.0,50,MC-OLD,VISA-OLD2,,NORM
6,Assiut,2022-01-17,30000,A,NORM,Normal,0,2026-02-19,Titanium Credit Card,0,0,10544.92,19174.99,5826.14,2026-02-20,139.26,F,1974-11-07,El Sewedy Electric,Primary,100329,,0.0,50,MC-OLD,VISA-OLD2,,NORM
4,Mansoura,2021-08-07,75000,A,NORM,Normal,0,2026-02-18,Titanium Credit Card,0,1000,50668.87,24300.51,7198.54,2026-02-01,1886.78,F,1961-10-15,CIB,Primary,100330,,0.0,55,MC-OLD,,,NORM
8,Zagazig,2021-04-29,20000,A,NORM,Normal,0,2026-02-23,Classic Credit Card,100,1000,18333.9,1663.89,3266.21,2026-02-02,1882.75,M,1961-12-19,Edita Food Industries,Primary,100331,,0.0,58,,,,NORM
7,Luxor,2019-03-02,20000,A,NORM,Normal,0,2026-03-01,Cashback Card,500,0,17238.05,2300.02,750.37,2026-02-05,1277.82,M,1997-06-26,Ministry of Health,Primary,100332,,0.0,85,,,,NORM
7,Luxor,2019-03-02,20000,A,NORM,Normal,0,2026-02-14,Business Credit Card,500,0,2698.97,16868.52,5067.67,2026-02-13,938.29,M,1997-06-26,Ministry of Health,Primary,100332,,0.0,85,,,,NORM
2,Giza,2018-08-11,15000,A,NEW,New,0,2026-02-20,Cashback Card,100,300,13464.49,1477.53,3954.69,2026-02-12,280.42,F,1963-04-15,Talaat Moustafa Group,Primary,100333,,0.0,91,VISA-OLD,,,NEW
6,Assiut,2022-05-15,10000,A,NORM,Normal,0,2026-03-01,Cashback Card,0,1000,6691.12,2982.64,2764.63,2026-02-22,1560.47,M,1960-10-03,Ministry of Health,Primary,100334,,0.0,46,,,,NORM
9,Ismailia,2021-04-02,30000,A,NORM,Normal,0,2026-02-25,Gold Credit Card,500,500,10941.44,19017.09,658.65,2026-02-02,1432.66,M,1964-10-04,Military,Primary,100335,,0.0,59,MC-OLD,,,NORM
3,Alexandria,2022-05-21,150000,A,NORM,Normal,0,2026-02-28,Business Credit Card,200,0,15470.28,134192.15,21998.69,2026-01-31,697.6,M,1993-06-30,Juhayna,Primary,100336,,0.0,46,,VISA-OLD2,,NORM
3,Alexandria,2022-05-21,150000,A,NORM,Normal,0,2026-02-26,World Elite Card,200,0,118680.69,30973.44,20116.59,2026-02-13,1514.78,M,1993-06-30,Juhayna,Primary,100336,,0.0,46,,VISA-OLD2,,NORM
3,Alexandria,2022-05-21,150000,A,NORM,Normal,0,2026-02-14,Travel Rewards Card,200,0,108433.26,41115.09,42060.4,2026-02-07,216.67,M,1993-06-30,Juhayna,Primary,100336,,0.0,46,,VISA-OLD2,,NORM
10,Suez,2024-01-10,150000,A,NORM,Normal,0,2026-02-15,Platinum Credit Card,100,500,81061.44,68763.63,17944.24,2026-02-04,813.44,M,1977-09-04,National Bank of Egypt,Primary,100337,,0.0,26,,VISA-OLD2,,NORM
5,Tanta,2019-04-15,15000,A,NORM,Normal,0,2026-02-23,Cashback Card,0,300,8098.05,6561.32,2358.07,2026-02-21,575.14,M,1968-09-18,Cairo University,Primary,100338,,0.0,83,,VISA-OLD2,,NORM
5,Tanta,2019-04-15,15000,A,NORM,Normal,0,2026-02-20,Titanium Credit Card,0,300,-1224.92,13418.38,685.53,2026-01-30,1889.95,M,1968-09-18,Cairo University,Primary,100338,,0.0,83,,VISA-OLD2,,NORM
8,Zagazig,2022-01-02,15000,A,60DA,60 Days Delinquent,60,2026-02-24,Cashback Card,0,150,4482.82,10160.86,2065.02,2026-02-22,254.37,F,1974-11-03,Elsewedy Capital,Primary,100339,,2168.35,50,,VISA-OLD2,,60DA
5,Tanta,2024-07-20,15000,A,NORM,Normal,0,2026-03-01,Gold Credit Card,500,150,-303.96,14566.85,4428.33,2026-02-06,917.31,M,1991-02-08,Cairo University,Primary,100340,,0.0,19,,,,NORM
5,Tanta,2022-01-12,15000,A,NORM,Normal,0,2026-02-26,Gold Credit Card,200,500,2981.09,11683.03,1896.0,2026-02-04,669.15,M,1997-09-07,Edita Food Industries,Primary,100341,,0.0,50,MC-OLD,,,NORM
5,Tanta,2022-01-12,15000,A,NORM,Normal,0,2026-02-26,Cashback Card,200,500,7741.22,7217.47,4251.08,2026-02-27,87.71,M,1997-09-07,Edita Food Industries,Primary,100341,,0.0,50,MC-OLD,,,NORM
5,Tanta,2019-07-28,150000,A,NORM,Normal,0,2026-02-28,World Elite Card,0,0,115536.64,34387.66,401.1,2026-02-12,269.1,M,1998-07-09,El Sewedy Electric,Secondary,100342,,0.0,80,MC-OLD,,,NORM
10,Suez,2018-05-31,150000,A,NORM,Normal,0,2026-02-19,Platinum Credit Card,100,300,75061.74,74833.79,11774.44,2026-02-14,1195.75,F,1969-07-17,Talaat Moustafa Group,Primary,100343,,0.0,94,MC-OLD,,,NORM
3,Alexandria,2023-08-15,150000,A,NORM,Normal,0,2026-02-23,World Elite Card,100,1000,129665.93,20232.42,14339.0,2026-02-12,716.31,M,1980-11-04,National Bank of Egypt,Primary,100344,,0.0,30,,,,NORM
3,Alexandria,2024-05-08,200000,A,NEW,New,0,2026-02-27,Platinum Credit Card,100,500,106025.83,93920.27,34227.3,2026-02-13,1636.4,M,1968-01-14,Banque Misr,Primary,100345,,0.0,22,,,,NEW
3,Alexandria,2024-05-08,200000,A,NORM,Normal,0,2026-02-17,Classic Credit Card,100,500,183762.83,15881.73,55447.63,2026-02-08,1706.13,M,1968-01-14,Banque Misr,Primary,100345,,0.0,22,,,,NORM
1,Cairo Main,2020-04-26,150000,A,NORM,Normal,0,2026-02-14,Platinum Credit Card,0,0,22810.26,127111.86,39446.84,2026-02-26,1385.35,F,1989-12-28,IBM Egypt,Primary,100346,,0.0,71,MC-OLD,,,NORM
5,Tanta,2024-02-08,200000,A,NORM,Normal,0,2026-02-20,Platinum Credit Card,200,1000,65610.31,134207.26,46720.81,2026-02-24,785.69,M,1985-12-15,Orascom,Primary,100347,,0.0,25,VISA-OLD,,,NORM
9,Ismailia,2021-12-16,50000,A,NORM,Normal,0,2026-02-14,Business Credit Card,0,1000,40061.35,9642.53,2496.69,2026-02-05,1339.62,M,1978-03-16,Self Employed,Primary,100348,,0.0,51,,,,NORM
9,Ismailia,2021-12-16,50000,A,NORM,Normal,0,2026-02-25,World Elite Card,0,1000,-2931.62,47051.19,13208.7,2026-02-07,41.58,M,1978-03-16,Self Employed,Primary,100348,,0.0,51,,,,NORM
9,Ismailia,2021-02-24,20000,A,NORM,Normal,0,2026-03-01,Gold Credit Card,0,150,-957.78,18890.12,4477.7,2026-02-03,639.26,F,1988-11-11,Banque Misr,Secondary,100349,,0.0,61,,,,NORM
8,Zagazig,2020-05-13,200000,A,NORM,Normal,0,2026-02-14,Platinum Credit Card,0,150,97490.45,102340.59,12508.29,2026-02-24,1754.82,M,1981-06-27,Orascom,Primary,100350,,0.0,70,MC-OLD,,,NORM
3,Alexandria,2023-10-01,5000,A,NORM,Normal,0,2026-02-23,Classic Credit Card,200,150,2921.44,1713.74,1318.66,2026-02-06,1976.7,F,1988-03-28,Cairo University,Primary,100351,,0.0,29,MC-OLD,,,NORM
5,Tanta,2020-06-06,100000,A,NORM,Normal,0,2026-02-23,Platinum Credit Card,100,1000,34184.9,65487.37,6512.11,2026-02-09,1623.65,M,1963-11-05,Military,Primary,100352,,0.0,69,MC-OLD,,,NORM
5,Tanta,2020-06-06,100000,A,NORM,Normal,0,2026-02-22,World Elite Card,100,1000,-3887.7,95751.11,17679.99,2026-02-12,131.93,M,1963-11-05,Military,Primary,100352,,0.0,69,MC-OLD,,,NORM
5,Tanta,2020-06-06,100000,A,NORM,Normal,0,2026-02-28,Travel Rewards Card,100,1000,1965.6,98032.62,28215.37,2026-02-01,346.98,M,1963-11-05,Military,Primary,100352,,0.0,69,MC-OLD,,,NORM
3,Alexandria,2021-11-04,100000,A,NORM,Normal,0,2026-02-19,World Elite Card,500,500,89577.32,10254.72,28555.18,2026-02-26,1087.51,M,1992-06-26,Military,Primary,100353,,0.0,52,,VISA-OLD2,,NORM
9,Ismailia,2022-09-16,15000,A,30DD,30 Days Delinquent,30,2026-02-21,Gold Credit Card,0,1000,10406.97,4280.53,3328.18,2026-02-27,1412.55,M,1990-09-12,Military,Primary,100354,,929.87,42,,VISA-OLD2,,30DD
9,Ismailia,2018-01-05,75000,A,NORM,Normal,0,2026-02-24,Platinum Credit Card,500,150,25351.28,49604.46,17332.07,2026-02-16,1067.58,F,1997-02-13,Government,Primary,100355,,0.0,99,VISA-OLD,,,NORM
10,Suez,2024-06-17,10000,A,NORM,Normal,0,2026-02-16,Gold Credit Card,100,0,4374.37,5220.24,420.99,2026-02-24,1039.83,F,1996-02-03,Amazon Egypt,Primary,100356,,0.0,20,MC-OLD,,,NORM
5,Tanta,2018-01-23,5000,A,NORM,Normal,0,2026-02-21,Cashback Card,0,500,4666.75,0.0,454.65,2026-02-14,1538.21,M,1968-06-23,Cairo University,Primary,100357,,0.0,98,,,,NORM
6,Assiut,2019-09-26,75000,A,NORM,Normal,0,2026-02-27,Titanium Credit Card,200,1000,61155.43,13388.89,4956.48,2026-02-02,72.67,F,1964-10-12,Cairo University,Secondary,100358,,0.0,78,VISA-OLD,,,NORM
7,Luxor,2024-04-02,100000,A,NORM,Normal,0,2026-03-01,Platinum Credit Card,200,300,47590.42,52303.53,23392.65,2026-02-21,1724.04,F,1984-10-06,Orascom,Primary,100359,,0.0,23,VISA-OLD,,,NORM
2,Giza,2020-07-30,100000,A,NORM,Normal,0,2026-02-25,Platinum Credit Card,200,1000,87636.2,12061.47,18562.02,2026-02-19,189.33,M,1993-07-18,Orascom,Primary,100360,,0.0,68,,,,NORM
3,Alexandria,2024-09-24,75000,A,NORM,Normal,0,2026-02-22,Platinum Credit Card,200,0,2327.37,72518.42,15013.48,2026-02-09,948.74,M,1981-02-26,National Bank of Egypt,Primary,100361,,0.0,17,VISA-OLD,VISA-OLD2,,NORM
9,Ismailia,2024-09-13,5000,A,NORM,Normal,0,2026-02-17,Gold Credit Card,0,150,4033.45,642.73,1136.2,2026-02-25,1624.59,F,1972-11-06,Orascom,Primary,100362,,0.0,17,MC-OLD,VISA-OLD2,,NORM
9,Ismailia,2020-08-06,200000,A,NORM,Normal,0,2026-02-25,Platinum Credit Card,100,0,124916.61,75034.24,29714.38,2026-02-16,1316.4,M,1991-05-01,Orascom,Primary,100363,,0.0,67,,,,NORM
6,Assiut,2022-06-07,75000,A,NORM,Normal,0,2026-02-18,Platinum Credit Card,0,0,67957.51,6837.91,5314.22,2026-02-11,49.15,F,1990-01-14,Cairo University,Primary,100364,,0.0,45,MC-OLD,VISA-OLD2,,NORM
6,Assiut,2021-02-06,20000,A,NORM,Normal,0,2026-02-17,Gold Credit Card,200,150,6326.76,13285.27,3839.28,2026-02-14,343.8,F,1975-08-03,Military,Primary,100365,,0.0,61,MC-OLD,,,NORM
6,Assiut,2021-02-06,20000,A,NORM,Normal,0,2026-03-01,Cashback Card,200,150,6927.4,12855.11,3088.34,2026-02-06,1139.75,F,1975-08-03,Military,Primary,100365,,0.0,61,MC-OLD,,,NORM
6,Assiut,2021-02-06,20000,A,NORM,Normal,0,2026-02-19,Classic Credit Card,200,150,7398.47,12402.99,5697.61,2026-02-02,338.02,F,1975-08-03,Military,Primary,100365,,0.0,61,MC-OLD,,,NORM
9,Ismailia,2021-10-24,10000,A,NORM,Normal,0,2026-03-01,Cashback Card,200,500,5728.65,3933.36,2142.38,2026-02-09,927.6,F,1973-03-14,Government,Primary,100366,,0.0,52,,,,NORM
9,Ismailia,2021-10-24,10000,A,NORM,Normal,0,2026-02-19,World Elite Card,200,500,1539.29,8301.71,1606.38,2026-02-24,682.8,F,1973-03-14,Government,Primary,100366,,0.0,52,,,,NORM
9,Ismailia,2021-10-24,10000,A,NORM,Normal,0,2026-02-14,Business Credit Card,200,500,3880.96,5902.12,2923.59,2026-02-02,760.36,F,1973-03-14,Government,Primary,100366,,0.0,52,,,,NORM
8,Zagazig,2023-03-03,200000,A,NORM,Normal,0,2026-03-01,Platinum Credit Card,0,500,156106.97,43436.96,22161.45,2026-02-05,634.18,M,1990-07-29,Vodafone Egypt,Primary,100367,,0.0,36,,,,NORM
7,Luxor,2023-10-17,150000,A,NEW,New,0,2026-02-15,Platinum Credit Card,0,500,129656.82,19872.58,13090.9,2026-02-04,218.72,F,1975-11-03,Vodafone Egypt,Primary,100368,,0.0,28,,,,NEW
7,Luxor,2023-10-17,150000,A,30DD,30 Days Delinquent,30,2026-02-25,Travel Rewards Card,0,500,46036.22,103722.36,25724.57,2026-02-02,1180.46,F,1975-11-03,Vodafone Egypt,Primary,100368,,52652.75,28,,,,30DD
6,Assiut,2020-06-14,200000,A,30DD,30 Days Delinquent,30,2026-02-27,World Elite Card,500,150,54020.72,145781.04,32062.99,2026-02-14,1296.57,M,1975-11-10,Talaat Moustafa Group,Primary,100369,,96271.17,69,,,,30DD
4,Mansoura,2020-10-19,200000,A,NORM,Normal,0,2026-02-18,World Elite Card,0,0,44757.67,155028.06,3364.95,2026-02-08,1547.74,F,1969-02-04,IBM Egypt,Primary,100370,,0.0,65,MC-OLD,,,NORM
8,Zagazig,2024-12-17,50000,A,NORM,Normal,0,2026-02-24,Business Credit Card,200,500,26682.13,23186.92,8915.49,2026-02-08,1045.71,M,1976-08-25,Self Employed,Secondary,100371,,0.0,14,MC-OLD,,,NORM
8,Zagazig,2024-12-17,50000,A,NORM,Normal,0,2026-02-22,World Elite Card,200,500,38851.71,10902.65,9591.78,2026-02-27,1285.12,M,1976-08-25,Self Employed,Secondary,100371,,0.0,14,MC-OLD,,,NORM
7,Luxor,2024-06-20,15000,A,NORM,Normal,0,2026-02-25,Gold Credit Card,500,1000,7787.0,7203.99,457.54,2026-01-31,679.79,M,1969-12-17,Orange Egypt,Primary,100372,,0.0,20,VISA-OLD,,,NORM
8,Zagazig,2023-10-24,100000,A,NORM,Normal,0,2026-02-21,World Elite Card,100,500,57593.33,42210.96,18766.92,2026-02-13,341.83,M,1965-05-26,Edita Food Industries,Primary,100373,,0.0,28,MC-OLD,,,NORM
3,Alexandria,2020-12-12,20000,A,NORM,Normal,0,2026-02-24,Cashback Card,200,300,-1517.89,18151.33,3604.36,2026-02-24,324.1,M,1984-08-09,Talaat Moustafa Group,Primary,100374,,0.0,63,,,,NORM
6,Assiut,2022-06-29,30000,A,NORM,Normal,0,2026-03-01,Classic Credit Card,100,0,9854.34,20040.25,1071.6,2026-02-11,768.88,F,1976-05-17,Freelancer,Secondary,100375,,0.0,44,MC-OLD,,,NORM
7,Luxor,2019-08-21,15000,A,NEW,New,0,2026-02-25,Gold Credit Card,500,500,-1285.17,13238.72,2875.22,2026-02-28,1624.77,M,1968-10-17,Self Employed,Secondary,100376,,0.0,79,MC-OLD,VISA-OLD2,,NEW
7,Luxor,2019-08-21,15000,A,NORM,Normal,0,2026-02-15,Business Credit Card,500,500,12749.0,1925.4,1905.64,2026-02-20,726.96,M,1968-10-17,Self Employed,Secondary,100376,,0.0,79,MC-OLD,VISA-OLD2,,NORM
6,Assiut,2023-06-17,30000,A,NORM,Normal,0,2026-02-19,Cashback Card,0,500,21967.06,7715.41,8947.28,2026-02-06,989.64,M,1995-03-24,Talaat Moustafa Group,Primary,100377,,0.0,32,,,,NORM
5,Tanta,2019-01-30,100000,A,NORM,Normal,0,2026-02-18,Platinum Credit Card,200,300,-337.72,99341.28,8312.68,2026-02-16,1802.58,M,1981-05-17,Edita Food Industries,Primary,100378,,0.0,86,,VISA-OLD2,,NORM
4,Mansoura,2024-06-16,150000,A,NORM,Normal,0,2026-02-14,Platinum Credit Card,500,500,128059.96,21812.18,32416.25,2026-02-11,1577.97,M,1985-11-16,Orascom,Primary,100379,,0.0,20,,,,NORM
4,Mansoura,2024-06-16,150000,A,NORM,Normal,0,2026-02-27,Business Credit Card,500,500,32868.8,116661.33,9849.14,2026-02-18,561.37,M,1985-11-16,Orascom,Primary,100379,,0.0,20,,,,NORM
4,Mansoura,2024-06-16,150000,A,NORM,Normal,0,2026-02-18,Travel Rewards Card,500,500,126170.94,23341.47,29819.7,2026-02-15,1854.96,M,1985-11-16,Orascom,Primary,100379,,0.0,20,,,,NORM
3,Alexandria,2019-11-18,50000,A,NORM,Normal,0,2026-02-20,Titanium Credit Card,0,0,29978.5,19585.21,7600.15,2026-02-03,1123.13,M,1998-12-12,Amazon Egypt,Primary,100380,,0.0,76,,,,NORM
5,Tanta,2020-12-31,200000,A,NORM,Normal,0,2026-02-24,Platinum Credit Card,200,1000,118883.6,80652.99,39294.85,2026-02-15,1709.35,F,1991-11-13,Microsoft Egypt,Primary,100381,,0.0,62,,,,NORM
3,Alexandria,2020-08-19,30000,A,NORM,Normal,0,2026-02-19,Gold Credit Card,0,0,3798.78,25711.9,7468.83,2026-02-12,480.68,M,1992-08-23,National Bank of Egypt,Secondary,100382,,0.0,67,VISA-OLD,VISA-OLD2,,NORM
1,Cairo Main,2022-06-15,150000,A,NORM,Normal,0,2026-03-01,World Elite Card,0,500,89421.78,60347.86,16421.34,2026-02-13,1848.62,F,1961-03-07,National Bank of Egypt,Primary,100383,,0.0,45,,,,NORM
3,Alexandria,2023-11-28,15000,A,NEW,New,0,2026-02-23,Gold Credit Card,200,500,3078.96,11841.51,3977.2,2026-02-15,1313.77,F,1965-11-20,Vodafone Egypt,Secondary,100384,,0.0,27,MC-OLD,,,NEW
9,Ismailia,2019-07-08,150000,A,NORM,Normal,0,2026-02-19,Platinum Credit Card,500,1000,32370.65,117193.72,32796.01,2026-02-09,1733.04,F,1979-12-15,Orascom,Secondary,100385,,0.0,80,VISA-OLD,VISA-OLD2,,NORM
4,Mansoura,2019-01-02,100000,A,NORM,Normal,0,2026-02-28,Platinum Credit Card,100,300,-7503.18,92134.79,9168.05,2026-02-03,722.36,M,1996-02-05,Juhayna,Primary,100386,,0.0,87,,,,NORM
5,Tanta,2024-01-01,5000,A,NORM,Normal,0,2026-03-01,Platinum Credit Card,0,500,2628.37,2105.62,601.34,2026-02-23,102.27,F,1981-01-17,Self Employed,Primary,100387,,0.0,26,,VISA-OLD2,,NORM
5,Tanta,2024-01-01,5000,A,NORM,Normal,0,2026-02-28,Business Credit Card,0,500,404.13,4102.96,905.26,2026-02-22,1393.89,F,1981-01-17,Self Employed,Primary,100387,,0.0,26,,VISA-OLD2,,NORM
5,Tanta,2024-01-01,5000,A,NORM,Normal,0,2026-02-19,Titanium Credit Card,0,500,4302.06,452.93,212.82,2026-02-10,539.28,F,1981-01-17,Self Employed,Primary,100387,,0.0,26,,VISA-OLD2,,NORM
6,Assiut,2022-08-14,150000,A,NORM,Normal,0,2026-03-01,World Elite Card,500,500,39394.14,110291.42,30853.13,2026-02-21,126.87,M,1968-06-16,Amazon Egypt,Primary,100388,,0.0,43,VISA-OLD,,,NORM
9,Ismailia,2024-11-16,30000,A,NORM,Normal,0,2026-02-25,Cashback Card,200,500,14611.48,15212.94,3189.13,2026-02-07,1378.26,M,1994-04-18,Juhayna,Secondary,100389,,0.0,15,,,,NORM
5,Tanta,2023-02-09,200000,A,NORM,Normal,0,2026-02-26,Platinum Credit Card,100,300,42978.45,156849.8,39476.02,2026-02-11,623.3,M,1964-12-13,Freelancer,Primary,100390,,0.0,37,MC-OLD,,,NORM
3,Alexandria,2021-03-01,30000,A,NORM,Normal,0,2026-02-22,Classic Credit Card,100,0,24868.63,5061.74,4175.96,2026-02-20,1648.73,M,1964-08-02,Banque Misr,Primary,100391,,0.0,60,,,,NORM
3,Alexandria,2021-03-01,30000,A,NORM,Normal,0,2026-02-26,Cashback Card,100,0,16543.88,13039.9,2975.51,2026-02-26,223.35,M,1964-08-02,Banque Misr,Primary,100391,,0.0,60,,,,NORM
7,Luxor,2023-08-04,50000,A,NORM,Normal,0,2026-02-17,Platinum Credit Card,200,0,13511.12,36474.28,14906.38,2026-02-23,715.94,M,1973-12-22,Freelancer,Primary,100392,,0.0,31,VISA-OLD,,,NORM
9,Ismailia,2020-01-14,20000,A,NEW,New,0,2026-02-17,Classic Credit Card,100,500,15159.42,4766.09,2604.79,2026-02-07,1812.22,F,1981-02-01,Talaat Moustafa Group,Primary,100393,,0.0,74,,,,NEW
9,Ismailia,2020-01-14,20000,A,NORM,Normal,0,2026-02-22,Cashback Card,100,500,5222.87,14431.18,3141.44,2026-02-13,1057.06,F,1981-02-01,Talaat Moustafa Group,Primary,100393,,0.0,74,,,,NORM
8,Zagazig,2019-01-20,150000,A,NORM,Normal,0,2026-02-21,Platinum Credit Card,200,150,91611.29,58214.43,15399.97,2026-02-26,1263.84,M,1992-12-25,El Sewedy Electric,Primary,100394,,0.0,86,MC-OLD,VISA-OLD2,,NORM
2,Giza,2023-05-26,30000,A,NORM,Normal,0,2026-02-22,Classic Credit Card,100,0,-1709.2,27988.99,8179.71,2026-02-26,648.36,M,1971-05-13,El Sewedy Electric,Primary,100395,,0.0,33,,,,NORM
3,Alexandria,2021-02-04,200000,A,NORM,Normal,0,2026-02-19,World Elite Card,0,0,119768.06,79770.36,20641.2,2026-02-17,1511.6,F,1995-08-20,CIB,Primary,100396,,0.0,61,,,,NORM
2,Giza,2019-10-08,100000,A,NORM,Normal,0,2026-02-14,Platinum Credit Card,0,0,37644.32,62340.05,22946.06,2026-02-24,372.95,F,1971-02-27,National Bank of Egypt,Primary,100397,,0.0,77,MC-OLD,,,NORM
3,Alexandria,2020-08-11,50000,A,NORM,Normal,0,2026-02-26,Titanium Credit Card,500,150,16825.99,33074.11,6633.93,2026-02-16,1995.37,M,1981-11-18,Ministry of Health,Primary,100398,,0.0,67,,,,NORM
3,Alexandria,2020-08-11,50000,A,NORM,Normal,0,2026-02-24,Business Credit Card,500,150,-439.38,49401.89,7134.42,2026-02-15,1522.1,M,1981-11-18,Ministry of Health,Primary,100398,,0.0,67,,,,NORM
5,Tanta,2023-06-11,100000,A,NORM,Normal,0,2026-02-26,Platinum Credit Card,100,1000,657.88,98965.49,862.42,2026-02-20,1022.33,M,1961-10-08,Ministry of Health,Primary,100399,,0.0,33,,,,NORM
5,Tanta,2024-09-18,150000,A,NORM,Normal,0,2026-02-28,World Elite Card,500,300,54626.88,95293.23,26512.0,2026-01-30,847.79,F,1998-12-02,Orascom,Primary,100400,,0.0,17,VISA-OLD,,,NORM
9,Ismailia,2020-01-30,5000,A,NORM,Normal,0,2026-02-22,Gold Credit Card,200,0,2668.41,2115.85,30.27,2026-02-01,1845.89,F,1977-01-01,Military,Primary,100401,,0.0,74,VISA-OLD,VISA-OLD2,,NORM
9,Ismailia,2020-01-30,5000,A,NORM,Normal,0,2026-02-20,Cashback Card,200,0,4486.56,295.53,741.11,2026-02-27,671.17,F,1977-01-01,Military,Primary,100401,,0.0,74,VISA-OLD,VISA-OLD2,,NORM
3,Alexandria,2021-03-05,50000,A,NORM,Normal,0,2026-02-25,Platinum Credit Card,0,1000,32857.94,16731.31,8097.79,2026-01-30,1828.76,M,1987-07-02,Amazon Egypt,Primary,100402,,0.0,60,,,,NORM
1,Cairo Main,2019-03-15,100000,A,NORM,Normal,0,2026-02-23,Platinum Credit Card,500,1000,33971.17,65915.05,24114.87,2026-02-23,560.79,F,1969-01-23,El Sewedy Electric,Primary,100403,,0.0,84,,VISA-OLD2,,NORM
2,Giza,2020-05-04,100000,A,NORM,Normal,0,2026-02-20,World Elite Card,200,1000,71416.91,28123.21,15917.78,2026-02-27,1004.16,F,1960-08-02,National Bank of Egypt,Secondary,100404,,0.0,70,,VISA-OLD2,,NORM
5,Tanta,2018-06-16,10000,A,NORM,Normal,0,2026-02-18,Classic Credit Card,0,0,-50.26,9803.86,456.76,2026-02-24,1215.61,M,1983-09-24,Juhayna,Primary,100405,,0.0,93,,,,NORM
9,Ismailia,2020-10-15,200000,A,NORM,Normal,0,2026-02-24,Platinum Credit Card,0,1000,42533.79,157443.11,40771.31,2026-02-11,1570.87,F,1989-06-19,Orascom,Primary,100406,,0.0,65,VISA-OLD,,,NORM
3,Alexandria,2020-01-09,150000,A,NORM,Normal,0,2026-02-15,World Elite Card,500,300,23794.85,126138.89,16281.54,2026-02-17,757.19,F,1995-07-19,Microsoft Egypt,Primary,100407,,0.0,74,,,,NORM
7,Luxor,2022-10-30,50000,A,NORM,Normal,0,2026-03-01,Platinum Credit Card,500,1000,27005.78,22939.12,4968.53,2026-02-10,1496.97,F,1994-04-12,Military,Primary,100408,,0.0,40,VISA-OLD,,,NORM
7,Luxor,2018-05-22,30000,A,NORM,Normal,0,2026-02-20,Classic Credit Card,200,0,3113.6,26843.86,7657.56,2026-02-22,497.46,F,1960-01-04,Military,Secondary,100409,,0.0,94,,,,NORM
1,Cairo Main,2021-02-04,150000,A,NEW,New,0,2026-02-24,World Elite Card,0,0,43670.66,105871.66,3805.04,2026-02-27,1328.94,F,1994-08-10,Government,Primary,100410,,0.0,61,,,,NEW
6,Assiut,2024-07-12,20000,A,NORM,Normal,0,2026-02-16,Gold Credit Card,0,1000,8156.53,11504.37,643.22,2026-02-28,294.15,F,1999-11-27,Elsewedy Capital,Primary,100411,,0.0,19,,,,NORM
6,Assiut,2023-05-31,15000,A,NORM,Normal,0,2026-02-19,Cashback Card,0,1000,13442.4,1089.54,2722.3,2026-02-16,1617.8,F,1995-07-26,Self Employed,Primary,100412,,0.0,33,MC-OLD,,,NORM
6,Assiut,2023-05-31,15000,A,NEW,New,0,2026-02-25,Business Credit Card,0,1000,1864.66,13054.48,501.94,2026-02-15,1370.62,F,1995-07-26,Self Employed,Primary,100412,,0.0,33,MC-OLD,,,NEW
2,Giza,2018-08-18,50000,A,NORM,Normal,0,2026-02-25,Titanium Credit Card,0,150,-2187.3,47560.99,3428.82,2026-02-09,313.46,M,1994-12-29,IBM Egypt,Primary,100413,,0.0,91,VISA-OLD,,,NORM
2,Giza,2018-08-18,50000,A,NORM,Normal,0,2026-02-15,World Elite Card,0,150,7924.74,41791.66,1132.74,2026-02-18,435.66,M,1994-12-29,IBM Egypt,Primary,100413,,0.0,91,VISA-OLD,,,NORM
5,Tanta,2018-06-18,50000,A,NORM,Normal,0,2026-02-15,Titanium Credit Card,100,150,35845.74,14097.31,403.58,2026-02-24,974.65,M,1983-07-10,Ministry of Health,Primary,100414,,0.0,93,VISA-OLD,,,NORM
10,Suez,2023-08-30,10000,A,NORM,Normal,0,2026-02-27,Gold Credit Card,100,150,2066.18,7508.6,2221.46,2026-02-02,746.32,F,1985-10-20,Elsewedy Capital,Primary,100415,,0.0,30,MC-OLD,,,NORM
9,Ismailia,2020-12-11,10000,A,NORM,Normal,0,2026-03-01,Cashback Card,100,150,1670.1,8171.0,31.06,2026-02-23,261.86,F,1977-11-27,Microsoft Egypt,Primary,100416,,0.0,63,VISA-OLD,,,NORM
10,Suez,2024-04-17,200000,A,NORM,Normal,0,2026-02-28,World Elite Card,200,500,135904.26,63835.37,33627.68,2026-02-11,1774.11,F,1968-10-17,Government,Primary,100417,,0.0,22,MC-OLD,,,NORM
2,Giza,2022-08-22,75000,A,NORM,Normal,0,2026-02-19,Titanium Credit Card,200,1000,16887.19,57939.7,1244.03,2026-02-09,1006.0,M,1990-02-17,IBM Egypt,Primary,100418,,0.0,42,,,,NORM
10,Suez,2022-12-17,200000,A,NORM,Normal,0,2026-03-01,World Elite Card,100,300,63286.17,136594.96,46746.68,2026-02-20,1209.17,M,1996-11-07,Banque Misr,Primary,100419,,0.0,39,,,,NORM
1,Cairo Main,2024-12-18,15000,A,NORM,Normal,0,2026-02-18,Cashback Card,0,300,1740.02,13055.94,3103.98,2026-02-07,595.19,F,1970-11-26,Juhayna,Primary,100420,,0.0,14,,,,NORM
9,Ismailia,2020-04-14,150000,A,NORM,Normal,0,2026-02-26,Platinum Credit Card,100,0,96979.88,52947.02,35496.35,2026-02-11,89.31,F,1969-07-03,Government,Primary,100421,,0.0,71,MC-OLD,,,NORM
9,Ismailia,2020-04-14,150000,A,NEW,New,0,2026-02-28,Travel Rewards Card,100,0,115741.46,33926.02,20088.32,2026-02-26,1742.7,F,1969-07-03,Government,Primary,100421,,0.0,71,MC-OLD,,,NEW
5,Tanta,2018-09-04,30000,A,NORM,Normal,0,2026-02-20,Platinum Credit Card,0,500,4676.06,25183.53,540.96,2026-02-11,319.37,M,1967-08-22,El Sewedy Electric,Primary,100422,,0.0,91,,,,NORM
5,Tanta,2018-09-04,30000,A,NORM,Normal,0,2026-02-22,Cashback Card,0,500,4403.17,25268.06,1521.53,2026-02-03,347.63,M,1967-08-22,El Sewedy Electric,Primary,100422,,0.0,91,,,,NORM
2,Giza,2021-04-13,75000,A,NORM,Normal,0,2026-02-17,Platinum Credit Card,0,150,50793.28,23864.15,1727.94,2026-02-04,1045.94,M,1960-11-08,Elsewedy Capital,Primary,100423,,0.0,59,VISA-OLD,VISA-OLD2,,NORM
2,Giza,2021-04-13,75000,A,NORM,Normal,0,2026-02-27,World Elite Card,0,150,42677.52,32211.35,18924.66,2026-02-21,1297.03,M,1960-11-08,Elsewedy Capital,Primary,100423,,0.0,59,VISA-OLD,VISA-OLD2,,NORM
2,Giza,2021-04-13,75000,A,NORM,Normal,0,2026-02-20,Travel Rewards Card,0,150,70490.63,4140.23,13505.23,2026-02-14,1296.03,M,1960-11-08,Elsewedy Capital,Primary,100423,,0.0,59,VISA-OLD,VISA-OLD2,,NORM
1,Cairo Main,2020-10-10,150000,A,NORM,Normal,0,2026-02-21,Platinum Credit Card,100,0,14009.49,135969.14,15911.47,2026-02-26,1397.5,F,1961-10-13,Juhayna,Primary,100424,,0.0,65,,,,NORM
4,Mansoura,2021-02-03,5000,A,NORM,Normal,0,2026-02-16,Classic Credit Card,100,150,-235.64,4527.42,13.25,2026-02-25,482.89,F,1982-06-26,Talaat Moustafa Group,Secondary,100425,,0.0,61,,,,NORM
4,Mansoura,2021-02-03,5000,A,NORM,Normal,0,2026-02-19,Titanium Credit Card,100,150,4074.65,911.56,981.32,2026-02-11,208.4,F,1982-06-26,Talaat Moustafa Group,Secondary,100425,,0.0,61,,,,NORM
7,Luxor,2024-11-13,20000,A,NORM,Normal,0,2026-02-27,Classic Credit Card,500,300,-1865.19,17949.15,4588.49,2026-01-31,1244.43,F,1983-05-11,Amazon Egypt,Primary,100426,,0.0,15,,,,NORM
3,Alexandria,2024-01-27,20000,A,NORM,Normal,0,2026-02-14,Cashback Card,100,500,4382.58,15487.65,2180.21,2026-02-09,283.54,M,1986-01-23,Banque Misr,Primary,100427,,0.0,25,MC-OLD,,,NORM
6,Assiut,2024-04-01,150000,A,NORM,Normal,0,2026-02-16,World Elite Card,0,300,38302.97,111285.68,27001.79,2026-02-14,997.03,F,1963-01-16,CIB,Secondary,100428,,0.0,23,,,,NORM
5,Tanta,2020-02-09,10000,A,NORM,Normal,0,2026-02-16,Cashback Card,200,1000,3684.55,5973.27,348.99,2026-02-04,1500.17,M,1966-10-25,Banque Misr,Primary,100429,,0.0,73,,,,NORM
6,Assiut,2023-05-07,15000,A,NORM,Normal,0,2026-02-17,Gold Credit Card,100,500,2288.15,12534.66,479.48,2026-02-05,1529.82,F,1963-07-26,Government,Primary,100430,,0.0,34,,,,NORM
6,Assiut,2023-05-07,15000,A,NORM,Normal,0,2026-02-18,Titanium Credit Card,100,500,10727.69,4000.36,4229.8,2026-02-17,988.84,F,1963-07-26,Government,Primary,100430,,0.0,34,,,,NORM
4,Mansoura,2022-08-01,5000,A,NORM,Normal,0,2026-02-20,Classic Credit Card,0,150,526.89,4050.08,787.13,2026-02-05,1646.33,F,1961-06-12,Talaat Moustafa Group,Secondary,100431,,0.0,43,VISA-OLD,,,NORM
4,Mansoura,2022-08-01,5000,A,NORM,Normal,0,2026-02-20,Titanium Credit Card,0,150,3329.55,1561.74,982.92,2026-02-06,1334.43,F,1961-06-12,Talaat Moustafa Group,Secondary,100431,,0.0,43,VISA-OLD,,,NORM
4,Mansoura,2022-08-01,5000,A,30DD,30 Days Delinquent,30,2026-02-23,Platinum Credit Card,0,150,1085.11,3521.16,263.86,2026-02-15,1455.04,F,1961-06-12,Talaat Moustafa Group,Secondary,100431,,2714.37,43,VISA-OLD,,,30DD
8,Zagazig,2020-10-07,75000,A,NORM,Normal,0,2026-02-26,Titanium Credit Card,200,500,67424.96,7519.82,18124.56,2026-02-15,1368.4,M,1999-10-25,Microsoft Egypt,Primary,100432,,0.0,65,VISA-OLD,,,NORM
8,Zagazig,2020-10-07,75000,A,NORM,Normal,0,2026-02-26,Travel Rewards Card,200,500,45336.71,29475.99,6649.24,2026-02-21,1201.93,M,1999-10-25,Microsoft Egypt,Primary,100432,,0.0,65,VISA-OLD,,,NORM
1,Cairo Main,2020-10-03,150000,A,90DA,90 Days Delinquent,90,2026-02-21,World Elite Card,500,1000,101096.71,48799.69,11786.93,2026-02-28,776.6,M,1999-05-17,Ministry of Health,Primary,100433,,83115.82,65,VISA-OLD,,,90DA
5,Tanta,2021-03-17,100000,A,NORM,Normal,0,2026-03-01,World Elite Card,100,500,92580.53,7225.72,15315.41,2026-02-13,432.9,F,1994-09-14,Orascom,Primary,100434,,0.0,60,MC-OLD,,,NORM
3,Alexandria,2024-07-25,150000,A,NORM,Normal,0,2026-02-22,Platinum Credit Card,500,0,107757.03,42127.31,1273.81,2026-02-11,972.84,M,1994-12-06,Banque Misr,Primary,100435,,0.0,19,,,,NORM
2,Giza,2021-08-20,15000,A,NORM,Normal,0,2026-02-27,Cashback Card,500,300,8590.97,6208.25,1021.56,2026-02-02,1531.02,M,1971-03-21,CIB,Primary,100436,,0.0,55,VISA-OLD,VISA-OLD2,,NORM
10,Suez,2022-04-01,150000,A,NORM,Normal,0,2026-02-26,World Elite Card,200,1000,13527.18,135996.78,35075.9,2026-02-06,1322.64,M,1967-03-04,Microsoft Egypt,Primary,100437,,0.0,47,,,,NORM
1,Cairo Main,2021-06-15,30000,A,NORM,Normal,0,2026-02-27,Classic Credit Card,0,150,26453.83,3354.52,5384.79,2026-02-20,87.36,M,1978-10-27,Freelancer,Primary,100438,,0.0,57,,,,NORM
8,Zagazig,2023-08-05,150000,A,NORM,Normal,0,2026-02-27,Platinum Credit Card,100,150,44396.46,105135.22,6531.93,2026-02-25,1086.43,F,1982-04-28,Vodafone Egypt,Primary,100439,,0.0,31,VISA-OLD,,,NORM
10,Suez,2018-01-27,20000,A,NORM,Normal,0,2026-03-01,Cashback Card,100,0,8784.82,11074.8,744.46,2026-02-22,175.01,M,1986-12-02,Ministry of Health,Primary,100440,,0.0,98,,,,NORM
3,Alexandria,2018-05-13,200000,A,NORM,Normal,0,2026-02-28,World Elite Card,0,0,126269.89,73343.77,56760.02,2026-02-08,1695.96,F,1998-04-20,Military,Secondary,100441,,0.0,94,,,,NORM
10,Suez,2024-09-02,200000,A,NORM,Normal,0,2026-02-21,Platinum Credit Card,200,0,122200.49,77536.6,43745.9,2026-02-02,1665.26,M,1989-08-24,Ministry of Health,Primary,100442,,0.0,18,,,,NORM
7,Luxor,2018-10-05,75000,A,NORM,Normal,0,2026-02-19,Titanium Credit Card,100,0,14932.68,59760.17,14046.35,2026-02-27,322.46,F,1996-10-17,Ministry of Health,Primary,100443,,0.0,90,VISA-OLD,VISA-OLD2,,NORM
4,Mansoura,2020-05-06,200000,A,NORM,Normal,0,2026-02-16,World Elite Card,500,1000,2355.67,197582.21,16749.56,2026-02-01,1581.05,F,1991-03-19,Orange Egypt,Primary,100444,,0.0,70,,,,NORM
9,Ismailia,2024-12-27,50000,A,60DA,60 Days Delinquent,60,2026-03-01,Titanium Credit Card,500,500,13687.17,35943.95,8018.06,2026-02-25,865.34,M,1985-10-19,Banque Misr,Secondary,100445,,16810.31,14,,,,60DA
4,Mansoura,2019-04-30,5000,A,NORM,Normal,0,2026-02-19,Classic Credit Card,100,1000,2817.17,1840.47,1436.35,2026-02-06,812.76,F,1960-01-26,Freelancer,Primary,100446,,0.0,83,,,,NORM
9,Ismailia,2020-05-19,5000,A,NORM,Normal,0,2026-02-15,Gold Credit Card,0,300,4714.06,185.88,141.18,2026-02-09,1962.14,F,1996-02-27,El Sewedy Electric,Primary,100447,,0.0,70,,,,NORM
2,Giza,2021-09-27,50000,A,NORM,Normal,0,2026-02-16,Platinum Credit Card,200,300,13500.95,36090.06,11172.7,2026-02-04,206.71,F,1990-10-06,Microsoft Egypt,Secondary,100448,,0.0,53,,,,NORM
2,Giza,2021-09-27,50000,A,NORM,Normal,0,2026-02-27,Gold Credit Card,200,300,26962.13,22928.91,13707.84,2026-02-12,177.36,F,1990-10-06,Microsoft Egypt,Secondary,100448,,0.0,53,,,,NORM
8,Zagazig,2023-03-02,150000,A,NORM,Normal,0,2026-02-28,Platinum Credit Card,0,1000,18273.32,131300.21,31973.73,2026-02-08,783.93,F,1966-12-20,Edita Food Industries,Primary,100449,,0.0,36,,VISA-OLD2,,NORM
9,Ismailia,2020-05-03,200000,A,60DA,60 Days Delinquent,60,2026-02-14,Platinum Credit Card,100,300,15004.83,184971.49,38580.12,2026-02-28,153.72,M,1960-11-02,Edita Food Industries,Primary,100450,,91751.37,70,VISA-OLD,VISA-OLD2,,60DA
9,Ismailia,2020-05-03,200000,A,90DA,90 Days Delinquent,90,2026-02-23,Travel Rewards Card,100,300,53092.39,146509.94,6895.16,2026-02-21,843.18,M,1960-11-02,Edita Food Industries,Primary,100450,,83625.08,70,VISA-OLD,VISA-OLD2,,90DA
3,Alexandria,2024-10-16,75000,A,NORM,Normal,0,2026-02-19,Titanium Credit Card,200,0,58459.31,16502.25,13813.21,2026-02-12,535.52,F,1985-08-11,Orascom,Primary,100451,,0.0,16,VISA-OLD,,,NORM
6,Assiut,2021-05-24,20000,A,NORM,Normal,0,2026-02-22,Classic Credit Card,200,0,15805.58,4039.18,3612.31,2026-02-27,952.44,M,1980-04-09,Government,Secondary,100452,,0.0,58,VISA-OLD,VISA-OLD2,,NORM
1,Cairo Main,2023-05-31,150000,A,NORM,Normal,0,2026-02-22,Platinum Credit Card,200,300,41268.0,108584.07,23214.98,2026-02-18,683.49,M,1995-11-04,Banque Misr,Primary,100453,,0.0,33,,VISA-OLD2,,NORM
3,Alexandria,2018-05-30,100000,A,NORM,Normal,0,2026-02-26,World Elite Card,0,1000,91607.02,7959.19,20402.47,2026-01-30,306.3,M,1969-03-15,Microsoft Egypt,Primary,100454,,0.0,94,,,,NORM
3,Alexandria,2018-05-30,100000,A,NORM,Normal,0,2026-02-19,Travel Rewards Card,0,1000,94915.0,4976.09,18963.53,2026-02-24,1554.39,M,1969-03-15,Microsoft Egypt,Primary,100454,,0.0,94,,,,NORM
9,Ismailia,2021-07-03,5000,A,NEW,New,0,2026-02-24,Gold Credit Card,200,150,55.67,4539.97,104.61,2026-02-09,645.34,M,1994-05-15,Cairo University,Primary,100455,,0.0,56,MC-OLD,,,NEW
9,Ismailia,2021-07-03,5000,A,NORM,Normal,0,2026-02-21,Cashback Card,200,150,-149.46,4481.01,1472.18,2026-02-02,1664.14,M,1994-05-15,Cairo University,Primary,100455,,0.0,56,MC-OLD,,,NORM
8,Zagazig,2019-04-27,30000,A,NORM,Normal,0,2026-02-24,Classic Credit Card,0,1000,25287.95,4259.75,956.64,2026-02-06,1413.34,M,1990-02-07,Banque Misr,Primary,100456,,0.0,83,,VISA-OLD2,,NORM
6,Assiut,2019-08-03,30000,A,NORM,Normal,0,2026-02-21,Classic Credit Card,200,1000,-1824.34,27827.55,3556.48,2026-02-10,716.02,F,1972-02-27,Cairo University,Primary,100457,,0.0,80,,,,NORM
1,Cairo Main,2018-07-26,10000,A,NORM,Normal,0,2026-02-26,Gold Credit Card,500,150,1183.05,8430.67,755.07,2026-02-21,627.9,F,1981-02-11,Microsoft Egypt,Primary,100458,,0.0,92,,,,NORM
4,Mansoura,2023-12-26,10000,A,NORM,Normal,0,2026-02-14,Classic Credit Card,500,0,-446.43,9432.39,2684.27,2026-02-03,1195.63,F,1991-12-24,Freelancer,Primary,100459,,0.0,26,VISA-OLD,,,NORM
4,Mansoura,2019-08-12,200000,A,NORM,Normal,0,2026-02-16,Platinum Credit Card,200,300,134744.46,64867.95,37305.74,2026-02-08,1391.53,F,1970-01-14,Talaat Moustafa Group,Primary,100460,,0.0,79,,,,NORM
4,Mansoura,2019-08-12,200000,A,NORM,Normal,0,2026-02-21,Business Credit Card,200,300,165205.15,34505.2,27888.83,2026-02-08,1829.33,F,1970-01-14,Talaat Moustafa Group,Primary,100460,,0.0,79,,,,NORM
4,Mansoura,2019-08-12,200000,A,NORM,Normal,0,2026-02-26,Travel Rewards Card,200,300,186907.01,12787.35,51974.62,2026-02-06,921.8,F,1970-01-14,Talaat Moustafa Group,Primary,100460,,0.0,79,,,,NORM
2,Giza,2023-05-15,100000,A,NORM,Normal,0,2026-02-27,Platinum Credit Card,100,1000,83663.71,16171.98,28371.24,2026-01-30,837.07,M,1975-10-07,Orascom,Primary,100461,,0.0,34,,,,NORM
9,Ismailia,2018-10-18,30000,A,NORM,Normal,0,2026-02-23,Cashback Card,500,150,-903.91,28992.99,8666.92,2026-02-13,1868.61,M,1989-02-17,Ministry of Health,Primary,100462,,0.0,89,VISA-OLD,,,NORM
2,Giza,2020-05-02,200000,A,NORM,Normal,0,2026-02-20,Platinum Credit Card,200,1000,80426.0,119505.96,28729.31,2026-02-21,1949.24,M,1975-04-14,Amazon Egypt,Primary,100463,,0.0,70,,VISA-OLD2,,NORM
2,Giza,2020-05-02,200000,A,NORM,Normal,0,2026-02-21,Travel Rewards Card,200,1000,17854.54,182079.16,10299.05,2026-02-23,188.12,M,1975-04-14,Amazon Egypt,Primary,100463,,0.0,70,,VISA-OLD2,,NORM
8,Zagazig,2024-08-22,200000,A,NORM,Normal,0,2026-02-28,World Elite Card,500,150,164707.4,34872.86,13772.05,2026-02-03,823.59,F,1965-02-16,Freelancer,Secondary,100464,,0.0,18,,VISA-OLD2,,NORM
2,Giza,2024-09-08,75000,A,NEW,New,0,2026-03-01,Platinum Credit Card,0,150,7055.17,67827.49,7035.1,2026-01-31,188.29,M,1990-10-01,Edita Food Industries,Secondary,100465,,0.0,17,,,,NEW
3,Alexandria,2023-12-17,30000,A,NORM,Normal,0,2026-02-21,Gold Credit Card,100,150,17437.63,12407.37,2416.1,2026-02-19,310.6,F,1980-04-26,Microsoft Egypt,Primary,100466,,0.0,26,,,,NORM
6,Assiut,2024-07-14,5000,A,60DA,60 Days Delinquent,60,2026-03-01,Gold Credit Card,0,300,-338.21,4315.23,1255.18,2026-02-17,1395.41,M,1964-01-02,Military,Primary,100467,,1111.63,19,MC-OLD,,,60DA
6,Assiut,2024-07-14,5000,A,NORM,Normal,0,2026-02-16,Business Credit Card,0,300,1659.6,2989.62,1406.97,2026-02-25,1314.74,M,1964-01-02,Military,Primary,100467,,0.0,19,MC-OLD,,,NORM
6,Assiut,2024-07-14,5000,A,60DA,60 Days Delinquent,60,2026-02-20,Titanium Credit Card,0,300,1686.77,3176.25,863.94,2026-02-25,989.99,M,1964-01-02,Military,Primary,100467,,2031.72,19,MC-OLD,,,60DA
2,Giza,2021-03-01,5000,A,NORM,Normal,0,2026-02-28,Cashback Card,500,300,2330.55,2316.11,1345.88,2026-02-14,639.84,F,1998-08-19,Elsewedy Capital,Primary,100468,,0.0,60,VISA-OLD,VISA-OLD2,,NORM
4,Mansoura,2019-12-12,100000,A,NORM,Normal,0,2026-02-28,Platinum Credit Card,200,500,4094.69,95485.92,29703.55,2026-02-07,1017.14,M,1989-09-19,Banque Misr,Primary,100469,,0.0,75,,,,NORM
1,Cairo Main,2018-03-06,15000,A,NORM,Normal,0,2026-02-27,Business Credit Card,100,0,4572.31,10389.64,4058.18,2026-02-04,54.32,M,1963-03-21,Self Employed,Primary,100470,,0.0,97,VISA-OLD,,,NORM
10,Suez,2024-12-27,15000,A,NORM,Normal,0,2026-02-24,Cashback Card,500,500,4537.46,10154.29,815.57,2026-02-10,70.47,F,1979-02-04,Freelancer,Primary,100471,,0.0,14,VISA-OLD,VISA-OLD2,,NORM
1,Cairo Main,2023-08-03,20000,A,30DD,30 Days Delinquent,30,2026-02-16,Cashback Card,200,0,3079.1,16729.78,3498.52,2026-01-30,1199.9,M,1985-12-03,Government,Primary,100472,,4888.45,31,,,,30DD
10,Suez,2018-11-24,15000,A,NORM,Normal,0,2026-02-21,Gold Credit Card,0,150,7475.1,7408.04,2417.67,2026-02-26,185.73,F,1981-08-07,Government,Primary,100473,,0.0,88,,VISA-OLD2,,NORM
10,Suez,2018-11-24,15000,A,NORM,Normal,0,2026-03-01,Cashback Card,0,150,11457.84,3150.94,863.44,2026-02-07,1671.55,F,1981-08-07,Government,Primary,100473,,0.0,88,,VISA-OLD2,,NORM
10,Suez,2018-11-24,15000,A,NORM,Normal,0,2026-02-25,Classic Credit Card,0,150,10839.21,4008.02,1261.99,2026-02-08,588.11,F,1981-08-07,Government,Primary,100473,,0.0,88,,VISA-OLD2,,NORM
10,Suez,2024-11-16,5000,A,NORM,Normal,0,2026-02-23,Classic Credit Card,500,500,3035.07,1708.74,281.73,2026-02-15,403.14,F,1974-01-06,Edita Food Industries,Primary,100474,,0.0,15,,,,NORM
6,Assiut,2021-04-21,30000,A,NORM,Normal,0,2026-02-23,Cashback Card,200,1000,13297.86,16399.89,8570.45,2026-02-20,945.28,F,1995-10-22,Orascom,Primary,100475,,0.0,59,VISA-OLD,VISA-OLD2,,NORM
3,Alexandria,2018-07-31,30000,A,NORM,Normal,0,2026-02-21,Gold Credit Card,0,150,27147.59,2589.0,3925.62,2026-02-09,1463.31,M,1985-09-11,Military,Secondary,100476,,0.0,92,,,,NORM
3,Alexandria,2021-02-24,30000,A,NORM,Normal,0,2026-02-22,Classic Credit Card,100,1000,21445.45,8373.56,2591.73,2026-02-19,1454.92,M,1987-08-16,Talaat Moustafa Group,Primary,100477,,0.0,61,,,,NORM
5,Tanta,2020-08-25,100000,A,NORM,Normal,0,2026-03-01,World Elite Card,0,150,89096.55,10431.09,16634.55,2026-02-18,899.53,M,1995-02-06,Orascom,Secondary,100478,,0.0,67,VISA-OLD,,,NORM
5,Tanta,2020-08-25,100000,A,NORM,Normal,0,2026-02-18,Travel Rewards Card,0,150,76225.21,23763.94,25859.06,2026-02-23,1217.56,M,1995-02-06,Orascom,Secondary,100478,,0.0,67,VISA-OLD,,,NORM
4,Mansoura,2022-12-08,15000,A,NORM,Normal,0,2026-02-16,Gold Credit Card,0,300,13008.32,1569.92,3895.33,2026-02-21,1613.34,M,1989-08-20,El Sewedy Electric,Primary,100479,,0.0,39,VISA-OLD,,,NORM
8,Zagazig,2023-05-05,150000,A,NORM,Normal,0,2026-02-26,Platinum Credit Card,500,300,136226.12,13632.19,9428.82,2026-02-09,1679.01,M,1973-07-08,Elsewedy Capital,Primary,100480,,0.0,34,VISA-OLD,,,NORM
5,Tanta,2023-01-13,75000,A,NORM,Normal,0,2026-02-23,Platinum Credit Card,200,500,18340.81,56529.88,2803.52,2026-02-11,9.06,F,1995-10-07,Edita Food Industries,Primary,100481,,0.0,38,,,,NORM
5,Tanta,2023-01-13,75000,A,NORM,Normal,0,2026-02-15,Cashback Card,200,500,55355.86,19474.03,3068.42,2026-02-12,424.53,F,1995-10-07,Edita Food Industries,Primary,100481,,0.0,38,,,,NORM
5,Tanta,2023-01-13,75000,A,NORM,Normal,0,2026-02-17,Travel Rewards Card,200,500,14928.15,59706.99,14513.76,2026-02-07,1032.69,F,1995-10-07,Edita Food Industries,Primary,100481,,0.0,38,,,,NORM
5,Tanta,2024-07-20,75000,A,NORM,Normal,0,2026-03-01,Platinum Credit Card,100,1000,27935.44,46795.11,13036.29,2026-02-14,817.17,F,1989-05-08,Freelancer,Primary,100482,,0.0,19,,,,NORM
5,Tanta,2024-07-20,75000,A,NORM,Normal,0,2026-02-16,Travel Rewards Card,100,1000,47647.06,26925.37,500.6,2026-02-01,1168.48,F,1989-05-08,Freelancer,Primary,100482,,0.0,19,,,,NORM
9,Ismailia,2018-02-04,10000,A,NORM,Normal,0,2026-02-23,Cashback Card,0,500,1739.05,8040.79,246.11,2026-02-28,1596.84,F,1960-06-22,Vodafone Egypt,Primary,100483,,0.0,98,,,,NORM
4,Mansoura,2018-04-08,200000,A,NORM,Normal,0,2026-02-19,World Elite Card,0,0,179793.54,19848.55,56719.77,2026-02-25,784.38,M,1961-07-11,National Bank of Egypt,Secondary,100484,,0.0,96,,,,NORM
10,Suez,2020-01-27,10000,A,NORM,Normal,0,2026-02-27,Gold Credit Card,0,500,3397.73,6238.32,0.15,2026-02-18,1085.64,F,1996-01-11,Orascom,Primary,100485,,0.0,74,,,,NORM
3,Alexandria,2018-10-31,30000,A,NORM,Normal,0,2026-02-20,Gold Credit Card,0,300,26726.01,2930.88,3459.24,2026-02-07,521.52,F,1995-01-08,Orange Egypt,Primary,100486,,0.0,89,,,,NORM
4,Mansoura,2022-05-28,15000,A,NEW,New,0,2026-02-16,Business Credit Card,500,150,9258.68,5639.11,3124.32,2026-02-17,1150.97,M,1987-05-18,Self Employed,Secondary,100487,,0.0,45,,,,NEW
1,Cairo Main,2018-10-16,200000,A,NORM,Normal,0,2026-03-01,Gold Credit Card,0,0,165418.12,34085.78,16694.33,2026-02-04,1291.43,F,1963-04-09,Talaat Moustafa Group,Primary,100488,,0.0,89,,,,NORM
1,Cairo Main,2018-10-16,200000,A,NORM,Normal,0,2026-02-14,World Elite Card,0,0,65790.98,133855.32,47459.27,2026-02-21,686.31,F,1963-04-09,Talaat Moustafa Group,Primary,100488,,0.0,89,,,,NORM
10,Suez,2023-10-13,100000,A,NORM,Normal,0,2026-02-16,Business Credit Card,0,1000,76606.52,23018.79,7928.81,2026-02-23,144.2,M,1960-03-01,Self Employed,Primary,100489,,0.0,29,VISA-OLD,,,NORM
10,Suez,2022-01-10,50000,A,NORM,Normal,0,2026-02-26,Platinum Credit Card,200,1000,23195.62,26720.47,4967.0,2026-02-14,601.33,F,1984-01-05,Juhayna,Primary,100490,,0.0,50,VISA-OLD,,,NORM
4,Mansoura,2024-03-21,5000,A,NORM,Normal,0,2026-02-22,Gold Credit Card,500,0,182.78,4789.37,1293.31,2026-02-01,1077.83,F,1967-12-03,Microsoft Egypt,Primary,100491,,0.0,23,VISA-OLD,,,NORM
3,Alexandria,2020-03-01,5000,A,NORM,Normal,0,2026-02-20,Gold Credit Card,0,1000,4744.71,41.37,258.64,2026-02-16,1028.32,F,1961-08-07,Cairo University,Primary,100492,,0.0,73,VISA-OLD,,,NORM
1,Cairo Main,2018-08-18,50000,A,NORM,Normal,0,2026-02-20,Platinum Credit Card,500,1000,28032.21,21587.49,3740.52,2026-02-08,1145.94,M,1975-03-21,Orange Egypt,Primary,100493,,0.0,91,,,,NORM
1,Cairo Main,2019-08-03,100000,A,NORM,Normal,0,2026-02-23,World Elite Card,100,150,32756.41,66963.95,1553.12,2026-02-16,646.15,M,1992-12-27,Vodafone Egypt,Primary,100494,,0.0,80,,,,NORM
2,Giza,2024-11-08,15000,A,NORM,Normal,0,2026-02-25,Classic Credit Card,0,500,-1201.61,13378.44,97.81,2026-02-26,878.55,M,1980-06-18,Cairo University,Primary,100495,,0.0,15,,,,NORM
6,Assiut,2022-07-05,50000,A,NORM,Normal,0,2026-02-23,Platinum Credit Card,0,1000,26556.81,23401.16,12097.69,2026-02-08,3.07,M,1996-05-26,CIB,Primary,100496,,0.0,44,,,,NORM
6,Assiut,2022-07-05,50000,A,NORM,Normal,0,2026-02-14,Gold Credit Card,0,1000,43334.69,6235.48,2211.45,2026-02-01,919.33,M,1996-05-26,CIB,Primary,100496,,0.0,44,,,,NORM
6,Assiut,2022-07-05,50000,A,NORM,Normal,0,2026-02-16,Travel Rewards Card,0,1000,34846.8,15128.81,3243.52,2026-02-18,293.36,M,1996-05-26,CIB,Primary,100496,,0.0,44,,,,NORM
3,Alexandria,2022-08-28,15000,A,30DD,30 Days Delinquent,30,2026-02-21,Gold Credit Card,100,1000,10270.89,4621.29,1265.67,2026-02-08,805.93,M,1993-12-24,IBM Egypt,Primary,100497,,3084.38,42,MC-OLD,,,30DD
3,Alexandria,2023-06-18,10000,A,NORM,Normal,0,2026-02-27,Classic Credit Card,200,500,2963.96,6666.67,733.82,2026-02-25,1348.53,F,1960-09-13,Vodafone Egypt,Primary,100498,,0.0,32,,,,NORM
5,Tanta,2023-01-19,75000,A,NORM,Normal,0,2026-02-28,Platinum Credit Card,500,1000,10010.09,64770.04,9487.78,2026-02-13,896.99,M,1983-06-19,Elsewedy Capital,Primary,100499,,0.0,37,,,,NORM
5,Tanta,2023-01-19,75000,A,NORM,Normal,0,2026-02-15,Business Credit Card,500,1000,2267.51,72509.24,6298.66,2026-02-17,923.1,M,1983-06-19,Elsewedy Capital,Primary,100499,,0.0,37,,,,NORM
5,Tanta,2023-01-19,75000,A,NORM,Normal,0,2026-02-15,Travel Rewards Card,500,1000,45672.16,28882.74,8732.79,2026-02-16,1076.37,M,1983-06-19,Elsewedy Capital,Primary,100499,,0.0,37,,,,NORM
7,Luxor,2024-04-03,20000,A,NORM,Normal,0,2026-02-14,Cashback Card,0,1000,8698.25,10850.89,3325.61,2026-01-31,1627.43,F,1960-03-15,El Sewedy Electric,Secondary,100500,,0.0,23,MC-OLD,VISA-OLD2,,NORM
4,Mansoura,2020-05-02,30000,A,NORM,Normal,0,2026-02-20,Classic Credit Card,500,500,12617.55,16995.76,3369.0,2026-02-20,1300.13,M,1980-10-27,Orange Egypt,Primary,100501,,0.0,70,,,,NORM
6,Assiut,2020-05-08,75000,A,30DD,30 Days Delinquent,30,2026-02-15,Titanium Credit Card,0,0,58595.73,16047.84,7968.19,2026-02-22,1499.81,M,1972-10-14,Talaat Moustafa Group,Secondary,100502,,6656.01,70,,,,30DD
1,Cairo Main,2023-10-11,10000,A,NORM,Normal,0,2026-02-22,Cashback Card,200,500,8220.86,1344.53,2886.91,2026-02-03,952.4,M,1981-10-04,National Bank of Egypt,Primary,100503,,0.0,29,,,,NORM
1,Cairo Main,2023-10-11,10000,A,NORM,Normal,0,2026-03-01,Titanium Credit Card,200,500,4854.51,5004.79,795.42,2026-02-24,1916.6,M,1981-10-04,National Bank of Egypt,Primary,100503,,0.0,29,,,,NORM
2,Giza,2020-07-21,10000,A,NORM,Normal,0,2026-02-23,Classic Credit Card,100,0,3906.08,6053.66,1790.32,2026-02-17,596.1,F,1974-08-18,Elsewedy Capital,Primary,100504,,0.0,68,,,,NORM
2,Giza,2020-07-21,10000,A,NORM,Normal,0,2026-02-28,Cashback Card,100,0,6921.0,2695.73,1955.22,2026-02-22,1243.98,F,1974-08-18,Elsewedy Capital,Primary,100504,,0.0,68,,,,NORM
3,Alexandria,2024-11-01,100000,A,NORM,Normal,0,2026-02-28,World Elite Card,500,150,-6606.59,93034.6,17129.26,2026-02-20,1592.62,F,1969-09-11,Orascom,Secondary,100505,,0.0,16,,,,NORM
3,Alexandria,2024-05-18,5000,A,NORM,Normal,0,2026-02-21,Gold Credit Card,500,500,1374.61,3372.27,363.25,2026-02-19,686.81,M,1961-06-09,Talaat Moustafa Group,Primary,100506,,0.0,21,,,,NORM
10,Suez,2024-11-09,15000,A,NORM,Normal,0,2026-02-22,Classic Credit Card,500,150,13597.79,1235.44,2957.51,2026-02-17,683.91,F,1967-01-12,Cairo University,Secondary,100507,,0.0,15,,,,NORM
10,Suez,2024-11-09,15000,A,NORM,Normal,0,2026-02-28,Cashback Card,500,150,1654.49,13007.09,4236.69,2026-02-15,1262.6,F,1967-01-12,Cairo University,Secondary,100507,,0.0,15,,,,NORM
10,Suez,2024-11-09,15000,A,NEW,New,0,2026-02-15,Travel Rewards Card,500,150,9069.93,5923.33,4310.9,2026-02-20,57.81,F,1967-01-12,Cairo University,Secondary,100507,,0.0,15,,,,NEW
7,Luxor,2020-10-07,20000,A,90DA,90 Days Delinquent,90,2026-02-18,Classic Credit Card,100,1000,13474.11,6490.82,4889.6,2026-02-10,1648.94,M,1993-01-08,Edita Food Industries,Primary,100508,,8959.54,65,,,,90DA
8,Zagazig,2023-08-28,5000,A,NORM,Normal,0,2026-02-17,Gold Credit Card,0,500,2650.04,1967.27,752.8,2026-02-10,1667.1,F,1992-11-25,Amazon Egypt,Primary,100509,,0.0,30,MC-OLD,,,NORM
7,Luxor,2019-06-28,50000,A,90DA,90 Days Delinquent,90,2026-02-15,Platinum Credit Card,0,500,-444.91,49504.19,7535.74,2026-02-05,1575.11,F,1969-10-11,Juhayna,Primary,100510,,26658.58,81,VISA-OLD,VISA-OLD2,,90DA
10,Suez,2023-02-07,100000,A,NORM,Normal,0,2026-02-16,Platinum Credit Card,200,500,34770.45,65073.57,9192.38,2026-02-14,1846.63,M,1961-02-03,Banque Misr,Secondary,100511,,0.0,37,,,,NORM
10,Suez,2023-02-07,100000,A,NORM,Normal,0,2026-02-21,Travel Rewards Card,200,500,70232.05,29563.77,14605.82,2026-02-28,1441.09,M,1961-02-03,Banque Misr,Secondary,100511,,0.0,37,,,,NORM
6,Assiut,2018-05-14,30000,A,NORM,Normal,0,2026-02-17,Cashback Card,100,0,9965.68,19698.71,7726.49,2026-02-02,1095.12,F,1983-10-25,Amazon Egypt,Primary,100512,,0.0,94,,VISA-OLD2,,NORM
6,Assiut,2018-05-14,30000,A,NORM,Normal,0,2026-02-17,World Elite Card,100,0,16344.47,13285.34,6408.13,2026-02-17,686.19,F,1983-10-25,Amazon Egypt,Primary,100512,,0.0,94,,VISA-OLD2,,NORM
6,Assiut,2018-07-31,10000,A,NORM,Normal,0,2026-02-24,Cashback Card,0,300,2936.74,6799.88,1856.47,2026-02-20,1402.77,F,1999-10-31,Microsoft Egypt,Primary,100513,,0.0,92,MC-OLD,,,NORM
9,Ismailia,2020-04-18,15000,A,NORM,Normal,0,2026-02-16,Classic Credit Card,500,1000,-1443.16,13466.6,3169.67,2026-02-13,1816.54,M,1991-10-26,Edita Food Industries,Primary,100514,,0.0,71,,,,NORM
6,Assiut,2023-08-25,75000,A,NORM,Normal,0,2026-02-16,Titanium Credit Card,200,500,17349.23,57231.68,15309.2,2026-02-09,349.47,F,1971-12-29,Talaat Moustafa Group,Primary,100515,,0.0,30,,,,NORM
9,Ismailia,2023-12-23,30000,A,NORM,Normal,0,2026-02-17,Cashback Card,0,150,4981.37,24841.35,1946.53,2026-02-26,752.19,F,1990-06-05,Freelancer,Primary,100516,,0.0,26,VISA-OLD,,,NORM
5,Tanta,2019-03-24,15000,A,NORM,Normal,0,2026-02-27,Classic Credit Card,500,150,3343.57,11222.62,959.46,2026-02-10,506.66,M,1963-06-14,Talaat Moustafa Group,Primary,100517,,0.0,84,,,,NORM
7,Luxor,2024-01-27,15000,A,NORM,Normal,0,2026-02-20,Business Credit Card,500,0,6380.4,8535.77,2048.43,2026-02-01,1655.23,F,1990-08-11,Self Employed,Primary,100518,,0.0,25,,,,NORM
9,Ismailia,2021-10-07,75000,A,NORM,Normal,0,2026-02-24,Titanium Credit Card,500,1000,18276.01,56592.76,2320.01,2026-01-30,1832.65,F,1988-12-01,Cairo University,Primary,100519,,0.0,53,MC-OLD,,,NORM
5,Tanta,2020-11-30,20000,A,NORM,Normal,0,2026-02-16,Business Credit Card,200,0,8595.51,11081.92,5029.82,2026-02-26,827.24,M,1967-09-14,Self Employed,Primary,100520,,0.0,63,VISA-OLD,,,NORM
10,Suez,2024-01-02,30000,A,NEW,New,0,2026-02-23,Cashback Card,100,150,24232.62,5527.85,859.61,2026-02-26,1837.35,M,1967-03-19,Orascom,Primary,100521,,0.0,26,,VISA-OLD2,,NEW
10,Suez,2024-01-02,30000,A,NORM,Normal,0,2026-02-23,Business Credit Card,100,150,18240.95,11754.72,3198.07,2026-02-17,535.07,M,1967-03-19,Orascom,Primary,100521,,0.0,26,,VISA-OLD2,,NORM
10,Suez,2024-01-02,30000,A,30DD,30 Days Delinquent,30,2026-02-18,Travel Rewards Card,100,150,10179.86,19661.0,3143.36,2026-02-09,1275.39,M,1967-03-19,Orascom,Primary,100521,,14757.51,26,,VISA-OLD2,,30DD
3,Alexandria,2020-12-02,50000,A,NORM,Normal,0,2026-02-28,Platinum Credit Card,200,300,20670.37,29028.47,5155.91,2026-02-09,1617.69,M,1979-10-11,Orascom,Primary,100522,,0.0,63,MC-OLD,,,NORM
9,Ismailia,2019-05-13,5000,A,NORM,Normal,0,2026-02-24,Classic Credit Card,0,1000,3205.88,1455.41,1460.2,2026-01-30,1942.25,F,1973-07-11,Microsoft Egypt,Primary,100523,,0.0,82,,,,NORM
9,Ismailia,2019-05-13,5000,A,NORM,Normal,0,2026-02-26,Titanium Credit Card,0,1000,1469.32,3350.18,778.24,2026-01-31,753.58,F,1973-07-11,Microsoft Egypt,Primary,100523,,0.0,82,,,,NORM
9,Ismailia,2019-05-13,5000,A,NORM,Normal,0,2026-02-26,Platinum Credit Card,0,1000,2759.38,2133.05,308.3,2026-02-01,1175.19,F,1973-07-11,Microsoft Egypt,Primary,100523,,0.0,82,,,,NORM
5,Tanta,2024-06-07,15000,A,NORM,Normal,0,2026-02-28,Gold Credit Card,0,500,10504.72,4209.31,2464.79,2026-02-06,1464.68,M,1993-10-30,Cairo University,Primary,100524,,0.0,21,MC-OLD,,,NORM
5,Tanta,2024-06-07,15000,A,90DA,90 Days Delinquent,90,2026-02-25,Cashback Card,0,500,13628.15,1339.33,1733.31,2026-02-20,1407.15,M,1993-10-30,Cairo University,Primary,100524,,2694.71,21,MC-OLD,,,90DA
5,Tanta,2022-07-04,200000,A,60DA,60 Days Delinquent,60,2026-02-15,World Elite Card,200,0,16340.37,183202.27,36495.97,2026-02-17,1489.13,M,1961-02-10,Elsewedy Capital,Primary,100525,,12784.16,44,,,,60DA
4,Mansoura,2018-12-09,150000,A,NORM,Normal,0,2026-02-26,World Elite Card,500,150,105192.81,44781.18,26443.31,2026-01-30,346.78,F,1961-01-04,Freelancer,Primary,100526,,0.0,87,MC-OLD,VISA-OLD2,,NORM
1,Cairo Main,2022-01-18,75000,A,NORM,Normal,0,2026-02-20,Platinum Credit Card,500,300,4685.59,69862.11,6641.82,2026-02-26,1447.46,M,1989-11-28,Banque Misr,Primary,100527,,0.0,50,,,,NORM
1,Cairo Main,2022-01-18,75000,A,NORM,Normal,0,2026-02-23,Titanium Credit Card,500,300,12144.86,62688.97,14425.05,2026-02-17,1697.95,M,1989-11-28,Banque Misr,Primary,100527,,0.0,50,,,,NORM
8,Zagazig,2024-04-16,10000,A,30DD,30 Days Delinquent,30,2026-02-15,Gold Credit Card,500,300,2367.64,7612.86,921.94,2026-02-28,881.9,M,1999-03-21,El Sewedy Electric,Secondary,100528,,823.87,22,VISA-OLD,,,30DD
8,Zagazig,2024-04-16,10000,A,NORM,Normal,0,2026-02-16,World Elite Card,500,300,6478.21,3074.94,1849.92,2026-01-31,721.13,M,1999-03-21,El Sewedy Electric,Secondary,100528,,0.0,22,VISA-OLD,,,NORM
3,Alexandria,2024-08-02,200000,A,NORM,Normal,0,2026-02-16,Platinum Credit Card,500,1000,119365.2,80478.37,27397.11,2026-02-05,474.76,F,1997-06-24,National Bank of Egypt,Primary,100529,,0.0,19,MC-OLD,,,NORM
2,Giza,2022-08-05,30000,A,NORM,Normal,0,2026-02-24,Gold Credit Card,100,150,7254.39,22302.44,1077.11,2026-02-11,1195.27,M,1960-04-18,Amazon Egypt,Secondary,100530,,0.0,43,,VISA-OLD2,,NORM
8,Zagazig,2021-05-21,200000,A,NORM,Normal,0,2026-02-19,Platinum Credit Card,100,0,65388.03,134305.03,54290.37,2026-02-20,305.4,M,1961-11-22,Juhayna,Primary,100531,,0.0,58,,,,NORM
2,Giza,2021-03-24,75000,A,NORM,Normal,0,2026-02-26,Platinum Credit Card,0,0,46399.33,28133.2,20640.62,2026-02-03,45.82,F,1989-04-30,Orascom,Primary,100532,,0.0,60,,VISA-OLD2,,NORM
6,Assiut,2023-05-23,200000,A,60DA,60 Days Delinquent,60,2026-02-27,Platinum Credit Card,0,300,172720.79,26905.1,22832.12,2026-02-09,34.54,M,1986-01-24,Amazon Egypt,Secondary,100533,,117873.18,33,,VISA-OLD2,,60DA
6,Assiut,2023-05-23,200000,A,NEW,New,0,2026-02-25,Business Credit Card,0,300,166519.54,33055.55,43602.61,2026-02-08,320.07,M,1986-01-24,Amazon Egypt,Secondary,100533,,0.0,33,,VISA-OLD2,,NEW
1,Cairo Main,2021-08-02,100000,A,NORM,Normal,0,2026-02-25,World Elite Card,200,300,74006.49,25931.76,16066.42,2026-02-15,303.89,F,1966-07-22,Banque Misr,Primary,100534,,0.0,55,,,,NORM
5,Tanta,2023-12-10,10000,A,NORM,Normal,0,2026-02-17,Cashback Card,100,0,7510.8,2311.28,1914.11,2026-02-23,1671.32,M,1973-01-30,Government,Primary,100535,,0.0,27,,,,NORM
5,Tanta,2022-01-24,10000,A,NORM,Normal,0,2026-02-21,Classic Credit Card,0,150,3005.31,6921.68,1587.23,2026-02-08,993.14,F,1990-09-30,Ministry of Health,Primary,100536,,0.0,49,VISA-OLD,,,NORM
6,Assiut,2019-02-24,20000,A,NORM,Normal,0,2026-02-22,Classic Credit Card,0,500,12876.74,6750.38,66.73,2026-02-10,278.3,F,1967-04-25,Banque Misr,Secondary,100537,,0.0,85,,,,NORM
1,Cairo Main,2021-11-27,30000,A,NORM,Normal,0,2026-02-25,Gold Credit Card,200,150,16950.6,12580.91,5701.96,2026-02-13,1520.13,F,1981-07-05,IBM Egypt,Primary,100538,,0.0,51,,,,NORM
3,Alexandria,2019-08-07,20000,A,NORM,Normal,0,2026-02-28,Classic Credit Card,0,500,7573.17,12075.1,947.4,2026-02-28,1920.33,M,1998-06-08,Juhayna,Primary,100539,,0.0,79,VISA-OLD,,,NORM
1,Cairo Main,2019-03-18,5000,A,NORM,Normal,0,2026-02-25,Gold Credit Card,0,300,4292.56,573.77,509.4,2026-02-13,508.18,M,1968-10-22,Government,Primary,100540,,0.0,84,,,,NORM
2,Giza,2020-04-21,200000,A,NORM,Normal,0,2026-02-20,Platinum Credit Card,0,0,77246.93,122692.02,36603.61,2026-02-26,669.35,M,1986-12-29,El Sewedy Electric,Secondary,100541,,0.0,71,,VISA-OLD2,,NORM
6,Assiut,2019-10-20,150000,A,NEW,New,0,2026-03-01,World Elite Card,0,1000,112795.82,37038.59,44813.22,2026-01-31,1412.99,M,1975-10-19,Military,Primary,100542,,0.0,77,,,,NEW
3,Alexandria,2024-01-10,5000,A,NORM,Normal,0,2026-02-28,Cashback Card,500,300,2816.7,1925.3,23.9,2026-02-16,576.07,M,1993-10-27,CIB,Primary,100543,,0.0,26,,,,NORM
3,Alexandria,2024-01-10,5000,A,NORM,Normal,0,2026-02-18,Business Credit Card,500,300,3654.3,929.82,393.22,2026-02-15,1694.4,M,1993-10-27,CIB,Primary,100543,,0.0,26,,,,NORM
3,Alexandria,2024-01-10,5000,A,NEW,New,0,2026-02-19,Travel Rewards Card,500,300,883.32,3639.37,598.71,2026-02-09,83.32,M,1993-10-27,CIB,Primary,100543,,0.0,26,,,,NEW
6,Assiut,2022-10-04,20000,A,NORM,Normal,0,2026-02-19,Classic Credit Card,200,0,3400.69,16557.59,3016.06,2026-02-05,871.3,F,1977-01-10,Government,Primary,100544,,0.0,41,,,,NORM
6,Assiut,2021-03-26,150000,A,30DD,30 Days Delinquent,30,2026-02-18,Platinum Credit Card,0,500,25884.68,124097.68,14815.3,2026-02-02,862.83,F,1991-08-12,Orange Egypt,Primary,100545,,81101.91,60,,,,30DD
4,Mansoura,2022-07-27,30000,A,NORM,Normal,0,2026-02-15,Classic Credit Card,500,300,13216.93,16537.0,4577.93,2026-02-12,1456.01,M,1984-11-05,Amazon Egypt,Primary,100546,,0.0,43,VISA-OLD,,,NORM
7,Luxor,2023-11-11,10000,A,NORM,Normal,0,2026-02-22,Gold Credit Card,0,150,3468.46,6040.27,2929.94,2026-02-09,148.14,M,1979-08-26,CIB,Primary,100547,,0.0,28,,,,NORM
4,Mansoura,2022-07-14,10000,A,NORM,Normal,0,2026-02-25,Cashback Card,200,1000,9069.31,722.34,383.93,2026-01-30,1686.69,F,1986-09-08,Elsewedy Capital,Primary,100548,,0.0,44,VISA-OLD,,,NORM
4,Mansoura,2022-07-14,10000,A,NORM,Normal,0,2026-02-17,Titanium Credit Card,200,1000,-74.07,9877.09,2180.75,2026-02-22,18.24,F,1986-09-08,Elsewedy Capital,Primary,100548,,0.0,44,VISA-OLD,,,NORM
8,Zagazig,2024-10-06,75000,A,NORM,Normal,0,2026-02-27,Business Credit Card,100,500,57918.24,16943.21,16947.82,2026-01-31,1507.33,M,1989-11-26,Self Employed,Primary,100549,,0.0,17,VISA-OLD,,,NORM
4,Mansoura,2019-07-06,5000,A,NORM,Normal,0,2026-02-21,Classic Credit Card,0,150,625.18,4366.48,493.91,2026-02-04,1713.68,F,1988-03-09,CIB,Primary,100550,,0.0,81,,,,NORM
4,Mansoura,2019-07-06,5000,A,NORM,Normal,0,2026-02-24,Cashback Card,0,150,3687.6,929.75,1094.78,2026-02-11,1901.48,F,1988-03-09,CIB,Primary,100550,,0.0,81,,,,NORM
5,Tanta,2024-12-27,10000,A,NORM,Normal,0,2026-02-15,Cashback Card,500,500,2234.42,7471.02,2260.46,2026-02-20,1617.76,M,1987-11-25,National Bank of Egypt,Primary,100551,,0.0,14,VISA-OLD,,,NORM
9,Ismailia,2024-01-31,50000,A,NORM,Normal,0,2026-02-22,Platinum Credit Card,500,0,45244.24,4639.08,6607.5,2026-02-11,1177.05,F,1971-09-27,Ministry of Health,Primary,100552,,0.0,25,VISA-OLD,,,NORM
8,Zagazig,2018-05-15,15000,A,NEW,New,0,2026-02-19,Gold Credit Card,100,500,13577.68,1217.9,967.74,2026-02-27,1457.43,F,1961-08-12,Ministry of Health,Primary,100553,,0.0,94,VISA-OLD,,,NEW
2,Giza,2023-07-03,150000,A,NORM,Normal,0,2026-02-17,Platinum Credit Card,100,1000,99999.21,49754.08,36352.28,2026-02-20,1629.38,M,1985-07-08,Ministry of Health,Primary,100554,,0.0,32,VISA-OLD,VISA-OLD2,,NORM
7,Luxor,2021-12-15,30000,A,NORM,Normal,0,2026-02-25,Cashback Card,0,150,21262.02,8320.62,2985.56,2026-02-06,1186.0,F,1987-09-03,Edita Food Industries,Primary,100555,,0.0,51,MC-OLD,,,NORM
6,Assiut,2019-02-03,75000,A,NORM,Normal,0,2026-02-24,Platinum Credit Card,100,150,53476.0,21054.37,12032.91,2026-02-23,1051.07,M,1977-01-26,IBM Egypt,Primary,100556,,0.0,86,MC-OLD,,,NORM
6,Assiut,2019-02-03,75000,A,NORM,Normal,0,2026-02-23,Titanium Credit Card,100,150,34751.06,40248.13,17188.69,2026-02-12,308.52,M,1977-01-26,IBM Egypt,Primary,100556,,0.0,86,MC-OLD,,,NORM
6,Assiut,2019-02-03,75000,A,NORM,Normal,0,2026-02-20,Classic Credit Card,100,150,-4213.41,70337.45,11570.38,2026-02-15,1363.02,M,1977-01-26,IBM Egypt,Primary,100556,,0.0,86,MC-OLD,,,NORM
2,Giza,2021-06-02,10000,A,NORM,Normal,0,2026-02-17,Cashback Card,200,0,4092.06,5703.19,1485.63,2026-02-28,557.08,F,1998-12-23,Edita Food Industries,Primary,100557,,0.0,57,VISA-OLD,VISA-OLD2,,NORM
9,Ismailia,2020-12-28,5000,A,NORM,Normal,0,2026-02-19,Business Credit Card,200,500,648.76,3864.46,1101.1,2026-02-10,1661.9,F,1978-11-22,Self Employed,Primary,100558,,0.0,62,,,,NORM
2,Giza,2020-04-23,50000,A,NORM,Normal,0,2026-02-14,Business Credit Card,200,150,2694.36,47190.11,9542.68,2026-02-26,644.75,F,1990-12-28,Self Employed,Primary,100559,,0.0,71,VISA-OLD,,,NORM
8,Zagazig,2018-11-05,150000,A,NORM,Normal,0,2026-02-14,World Elite Card,200,1000,108998.43,40836.69,28282.87,2026-01-30,549.08,F,1988-07-03,El Sewedy Electric,Secondary,100560,,0.0,89,MC-OLD,,,NORM
10,Suez,2024-08-21,50000,A,NORM,Normal,0,2026-02-20,Titanium Credit Card,500,150,45681.82,4274.69,10287.47,2026-02-06,1941.46,F,1964-04-01,Talaat Moustafa Group,Primary,100561,,0.0,18,,VISA-OLD2,,NORM
5,Tanta,2024-01-21,50000,A,NORM,Normal,0,2026-02-26,Titanium Credit Card,500,1000,41584.44,7951.29,6428.14,2026-02-18,1678.06,M,1979-06-02,El Sewedy Electric,Secondary,100562,,0.0,25,MC-OLD,,,NORM
10,Suez,2020-05-22,100000,A,NORM,Normal,0,2026-02-22,Platinum Credit Card,0,1000,72940.44,26750.15,12732.02,2026-02-18,536.44,M,1982-05-23,Talaat Moustafa Group,Primary,100563,,0.0,70,,,,NORM
10,Suez,2020-05-22,100000,A,NORM,Normal,0,2026-02-16,Business Credit Card,0,1000,72648.69,27315.34,10745.71,2026-02-08,621.36,M,1982-05-23,Talaat Moustafa Group,Primary,100563,,0.0,70,,,,NORM
10,Suez,2020-05-22,100000,A,NORM,Normal,0,2026-03-01,Travel Rewards Card,0,1000,32346.77,67388.54,12803.04,2026-01-30,1827.03,M,1982-05-23,Talaat Moustafa Group,Primary,100563,,0.0,70,,,,NORM
3,Alexandria,2021-05-14,75000,A,NORM,Normal,0,2026-02-28,Platinum Credit Card,100,500,67738.8,7085.72,11347.13,2026-02-23,1670.14,F,1993-06-25,Amazon Egypt,Secondary,100564,,0.0,58,,,,NORM
10,Suez,2022-07-21,20000,A,NORM,Normal,0,2026-02-14,Classic Credit Card,100,300,2025.1,17956.08,4551.61,2026-02-18,1304.42,F,1970-08-04,CIB,Primary,100565,,0.0,43,VISA-OLD,,,NORM
1,Cairo Main,2019-10-15,30000,A,NORM,Normal,0,2026-02-23,Gold Credit Card,100,0,26041.89,3885.82,4718.93,2026-02-04,610.62,F,1969-01-22,Banque Misr,Primary,100566,,0.0,77,,,,NORM
6,Assiut,2021-05-05,10000,A,NORM,Normal,0,2026-02-21,Cashback Card,0,500,757.63,9051.58,1659.89,2026-02-10,871.79,M,1986-12-26,Amazon Egypt,Primary,100567,,0.0,58,MC-OLD,VISA-OLD2,,NORM
6,Assiut,2021-05-05,10000,A,NORM,Normal,0,2026-02-21,Travel Rewards Card,0,500,9026.63,571.14,2622.73,2026-02-27,16.21,M,1986-12-26,Amazon Egypt,Primary,100567,,0.0,58,MC-OLD,VISA-OLD2,,NORM
2,Giza,2024-07-05,150000,A,NORM,Normal,0,2026-02-19,World Elite Card,100,1000,128323.32,21399.91,3239.53,2026-02-01,1740.93,M,1983-05-31,Talaat Moustafa Group,Primary,100568,,0.0,20,,,,NORM
10,Suez,2022-05-17,20000,A,NORM,Normal,0,2026-02-14,Classic Credit Card,100,150,3082.23,16520.49,3161.9,2026-02-16,208.65,F,1993-01-25,Amazon Egypt,Primary,100569,,0.0,46,,VISA-OLD2,,NORM
1,Cairo Main,2023-12-26,50000,A,NORM,Normal,0,2026-02-25,Titanium Credit Card,500,150,8713.77,41077.82,236.59,2026-02-21,1784.99,F,1981-12-30,CIB,Secondary,100570,,0.0,26,,,,NORM
8,Zagazig,2022-02-15,30000,A,NORM,Normal,0,2026-02-17,Cashback Card,0,0,25051.72,4706.0,2405.91,2026-02-05,1265.98,M,1992-02-07,Vodafone Egypt,Primary,100571,,0.0,49,VISA-OLD,,,NORM
6,Assiut,2019-05-15,150000,A,NORM,Normal,0,2026-02-20,Platinum Credit Card,500,300,6425.2,143260.24,33722.41,2026-02-16,1248.1,F,1996-06-07,Elsewedy Capital,Primary,100572,,0.0,82,,,,NORM
6,Assiut,2019-05-15,150000,A,NORM,Normal,0,2026-02-16,Travel Rewards Card,500,300,79389.88,70533.54,23882.2,2026-02-17,888.89,F,1996-06-07,Elsewedy Capital,Primary,100572,,0.0,82,,,,NORM
4,Mansoura,2019-10-19,100000,A,NORM,Normal,0,2026-02-24,Platinum Credit Card,200,0,61694.04,37904.45,10932.92,2026-02-27,1962.23,F,1998-07-20,Edita Food Industries,Primary,100573,,0.0,77,VISA-OLD,,,NORM
4,Mansoura,2019-10-19,100000,A,NORM,Normal,0,2026-02-23,Travel Rewards Card,200,0,89671.42,9843.66,21679.65,2026-02-01,1114.17,F,1998-07-20,Edita Food Industries,Primary,100573,,0.0,77,VISA-OLD,,,NORM
7,Luxor,2019-02-16,15000,A,NORM,Normal,0,2026-02-25,Gold Credit Card,500,1000,9108.85,5664.16,3936.38,2026-02-11,178.68,F,1999-04-30,Talaat Moustafa Group,Primary,100574,,0.0,85,,,,NORM
3,Alexandria,2022-12-22,15000,A,NORM,Normal,0,2026-02-17,Cashback Card,200,300,1372.69,13497.4,4240.77,2026-02-17,955.39,M,1988-04-07,Vodafone Egypt,Primary,100575,,0.0,38,,VISA-OLD2,,NORM
3,Alexandria,2024-08-30,75000,A,NORM,Normal,0,2026-03-01,Platinum Credit Card,200,150,15224.99,59577.3,10030.75,2026-02-09,1662.38,F,1997-12-28,Edita Food Industries,Primary,100576,,0.0,18,,,,NORM
7,Luxor,2020-01-16,75000,A,NORM,Normal,0,2026-02-26,Platinum Credit Card,100,0,-1027.85,73581.51,12657.97,2026-02-10,1214.3,F,1976-06-27,Microsoft Egypt,Primary,100577,,0.0,74,,,,NORM
7,Luxor,2020-01-16,75000,A,NORM,Normal,0,2026-02-21,Classic Credit Card,100,0,30557.87,44256.97,3446.48,2026-02-07,597.87,F,1976-06-27,Microsoft Egypt,Primary,100577,,0.0,74,,,,NORM
7,Luxor,2020-01-16,75000,A,NORM,Normal,0,2026-02-16,Travel Rewards Card,100,0,40066.21,34851.18,4635.19,2026-02-25,1835.31,F,1976-06-27,Microsoft Egypt,Primary,100577,,0.0,74,,,,NORM
7,Luxor,2022-10-23,200000,A,NORM,Normal,0,2026-02-19,Platinum Credit Card,100,1000,17347.03,182273.3,45597.24,2026-02-12,1325.93,M,1987-09-21,Talaat Moustafa Group,Primary,100578,,0.0,40,MC-OLD,,,NORM
8,Zagazig,2023-07-18,10000,A,NORM,Normal,0,2026-02-28,Classic Credit Card,200,300,3619.74,6163.07,1137.71,2026-02-18,962.82,F,1997-02-08,Elsewedy Capital,Primary,100579,,0.0,31,VISA-OLD,,,NORM
8,Zagazig,2023-07-18,10000,A,NORM,Normal,0,2026-02-23,Business Credit Card,200,300,2181.42,7512.2,1945.93,2026-02-06,1277.29,F,1997-02-08,Elsewedy Capital,Primary,100579,,0.0,31,VISA-OLD,,,NORM
10,Suez,2021-03-05,20000,A,NORM,Normal,0,2026-02-26,Classic Credit Card,0,300,18663.8,1120.25,2824.5,2026-02-13,672.57,F,1969-09-01,Amazon Egypt,Primary,100580,,0.0,60,VISA-OLD,,,NORM
6,Assiut,2023-02-20,10000,A,NORM,Normal,0,2026-02-21,Gold Credit Card,500,150,4918.61,4606.02,2177.77,2026-02-02,1535.36,F,1986-02-23,Vodafone Egypt,Primary,100581,,0.0,36,MC-OLD,,,NORM
2,Giza,2024-03-31,5000,A,NORM,Normal,0,2026-02-20,Classic Credit Card,500,300,-217.72,4579.82,1424.19,2026-02-21,1730.26,M,1964-04-10,Orange Egypt,Primary,100582,,0.0,23,MC-OLD,VISA-OLD2,,NORM
7,Luxor,2022-06-05,50000,A,NORM,Normal,0,2026-02-28,Platinum Credit Card,100,1000,13896.96,35871.13,1874.84,2026-02-27,219.58,F,1973-07-27,Banque Misr,Secondary,100583,,0.0,45,VISA-OLD,,,NORM
7,Luxor,2022-06-05,50000,A,30DD,30 Days Delinquent,30,2026-02-21,Titanium Credit Card,100,1000,28781.07,20987.76,11497.5,2026-02-09,480.78,F,1973-07-27,Banque Misr,Secondary,100583,,25834.84,45,VISA-OLD,,,30DD
7,Luxor,2022-06-05,50000,A,NORM,Normal,0,2026-02-24,Travel Rewards Card,100,1000,41957.63,7911.16,8048.39,2026-02-24,704.8,F,1973-07-27,Banque Misr,Secondary,100583,,0.0,45,VISA-OLD,,,NORM
2,Giza,2023-12-13,75000,A,NORM,Normal,0,2026-02-19,Titanium Credit Card,0,150,68251.54,6580.08,5727.65,2026-02-21,540.73,F,1974-03-26,Banque Misr,Secondary,100584,,0.0,26,,,,NORM
7,Luxor,2020-12-14,200000,A,30DD,30 Days Delinquent,30,2026-02-18,Platinum Credit Card,100,300,113114.8,86730.69,19727.94,2026-02-08,935.19,F,1972-09-09,Talaat Moustafa Group,Primary,100585,,47524.2,63,,VISA-OLD2,,30DD
8,Zagazig,2020-02-13,15000,A,NORM,Normal,0,2026-02-18,Classic Credit Card,500,300,3446.66,11434.45,650.55,2026-02-17,699.04,M,1962-05-21,Orange Egypt,Primary,100586,,0.0,73,VISA-OLD,,,NORM
8,Zagazig,2022-12-14,50000,A,NORM,Normal,0,2026-02-18,Titanium Credit Card,0,150,35700.47,13924.59,11786.35,2026-02-02,971.97,M,1961-10-30,Ministry of Health,Primary,100587,,0.0,39,,,,NORM
3,Alexandria,2019-11-21,150000,A,NORM,Normal,0,2026-02-16,World Elite Card,0,1000,116176.14,33642.8,22571.33,2026-02-08,804.9,M,1997-06-14,Talaat Moustafa Group,Primary,100588,,0.0,76,,,,NORM
8,Zagazig,2019-01-22,50000,A,NORM,Normal,0,2026-02-26,Platinum Credit Card,500,300,42141.13,7593.42,13636.25,2026-02-08,1553.39,M,1990-05-13,Vodafone Egypt,Secondary,100589,,0.0,86,,,,NORM
2,Giza,2023-05-20,100000,A,NORM,Normal,0,2026-02-20,World Elite Card,200,0,15025.3,84603.87,19656.03,2026-02-08,888.08,F,1980-08-23,Talaat Moustafa Group,Primary,100590,,0.0,33,MC-OLD,,,NORM
4,Mansoura,2018-07-19,30000,A,NORM,Normal,0,2026-02-26,Classic Credit Card,500,0,11647.94,18226.25,7261.77,2026-02-14,508.97,F,1998-09-21,Edita Food Industries,Primary,100591,,0.0,92,,,,NORM
4,Mansoura,2018-07-19,30000,A,60DA,60 Days Delinquent,60,2026-02-20,Cashback Card,500,0,18087.39,11668.04,7384.64,2026-02-21,248.97,F,1998-09-21,Edita Food Industries,Primary,100591,,14663.76,92,,,,60DA
2,Giza,2020-05-02,15000,A,NORM,Normal,0,2026-02-23,Gold Credit Card,100,0,3529.63,11300.35,187.83,2026-02-06,998.63,F,1960-12-02,Microsoft Egypt,Primary,100592,,0.0,70,VISA-OLD,,,NORM
2,Giza,2020-05-02,15000,A,NORM,Normal,0,2026-02-23,Cashback Card,100,0,9743.68,5055.11,551.98,2026-02-28,1216.97,F,1960-12-02,Microsoft Egypt,Primary,100592,,0.0,70,VISA-OLD,,,NORM
10,Suez,2022-01-10,10000,A,NORM,Normal,0,2026-02-28,Gold Credit Card,500,500,-797.4,8972.54,1847.32,2026-02-28,1515.96,F,1965-11-21,IBM Egypt,Primary,100593,,0.0,50,MC-OLD,,,NORM
2,Giza,2022-09-27,50000,A,NORM,Normal,0,2026-02-21,Titanium Credit Card,0,0,-3148.54,46659.85,8591.68,2026-02-08,1149.25,F,1993-12-07,Military,Secondary,100594,,0.0,41,,,,NORM
8,Zagazig,2023-11-20,10000,A,NORM,Normal,0,2026-02-19,Classic Credit Card,500,300,3541.0,6160.31,2832.48,2026-02-18,1359.81,M,1983-08-26,Juhayna,Secondary,100595,,0.0,27,,,,NORM
9,Ismailia,2021-04-25,200000,A,NORM,Normal,0,2026-02-22,World Elite Card,0,1000,127763.48,72181.6,47887.59,2026-02-10,1329.16,F,1979-03-09,Orange Egypt,Primary,100596,,0.0,59,VISA-OLD,VISA-OLD2,,NORM
5,Tanta,2020-11-09,200000,A,NORM,Normal,0,2026-02-18,World Elite Card,500,150,173902.77,25885.12,24108.25,2026-02-21,1996.43,M,1975-12-11,National Bank of Egypt,Secondary,100597,,0.0,64,,,,NORM
5,Tanta,2020-11-09,200000,A,NORM,Normal,0,2026-02-18,Travel Rewards Card,500,150,82229.48,117650.44,52751.49,2026-02-03,1406.46,M,1975-12-11,National Bank of Egypt,Secondary,100597,,0.0,64,,,,NORM
7,Luxor,2021-05-04,50000,A,NORM,Normal,0,2026-02-23,Cashback Card,200,300,-2612.54,47358.56,1921.31,2026-02-11,540.18,M,1999-04-30,Cairo University,Primary,100598,,0.0,58,,VISA-OLD2,,NORM
7,Luxor,2021-05-04,50000,A,NORM,Normal,0,2026-02-23,Titanium Credit Card,200,300,6215.64,43383.94,12304.09,2026-02-04,1224.18,M,1999-04-30,Cairo University,Primary,100598,,0.0,58,,VISA-OLD2,,NORM
5,Tanta,2019-03-12,75000,A,NORM,Normal,0,2026-02-24,Titanium Credit Card,0,0,7427.97,67270.23,20492.45,2026-02-19,985.0,M,1999-02-05,Ministry of Health,Primary,100599,,0.0,84,VISA-OLD,,,NORM
10,Suez,2023-06-17,30000,A,NORM,Normal,0,2026-02-22,Platinum Credit Card,500,300,16356.32,13427.57,7659.59,2026-01-30,627.3,M,1992-07-24,Military,Primary,100600,,0.0,32,,,,NORM
10,Suez,2023-06-17,30000,A,NORM,Normal,0,2026-02-27,Cashback Card,500,300,19906.17,9886.81,6917.63,2026-01-31,1901.39,M,1992-07-24,Military,Primary,100600,,0.0,32,,,,NORM
2,Giza,2018-03-07,20000,A,NORM,Normal,0,2026-03-01,Cashback Card,100,150,18228.58,1673.41,4605.86,2026-01-31,1328.39,F,1996-08-07,Vodafone Egypt,Secondary,100601,,0.0,97,MC-OLD,,,NORM
2,Giza,2023-03-14,15000,A,NEW,New,0,2026-02-16,Business Credit Card,0,150,9108.32,5777.52,1638.92,2026-02-08,1686.96,M,1973-07-01,Self Employed,Primary,100602,,0.0,36,VISA-OLD,,,NEW
8,Zagazig,2023-01-16,200000,A,NORM,Normal,0,2026-02-19,Platinum Credit Card,0,300,12207.2,187380.62,30819.97,2026-02-01,362.95,M,1960-11-17,Elsewedy Capital,Primary,100603,,0.0,38,VISA-OLD,,,NORM
8,Zagazig,2024-06-28,200000,A,90DA,90 Days Delinquent,90,2026-02-27,Titanium Credit Card,500,150,67166.92,132384.62,35477.85,2026-02-20,282.98,M,1993-01-23,Ministry of Health,Primary,100604,,56769.63,20,VISA-OLD,VISA-OLD2,,90DA
8,Zagazig,2024-06-28,200000,A,NORM,Normal,0,2026-02-27,World Elite Card,500,150,140353.34,59451.49,56338.46,2026-02-25,1620.5,M,1993-01-23,Ministry of Health,Primary,100604,,0.0,20,VISA-OLD,VISA-OLD2,,NORM
8,Zagazig,2024-06-28,200000,A,NORM,Normal,0,2026-02-24,Travel Rewards Card,500,150,180951.95,18649.67,9974.82,2026-02-20,644.54,M,1993-01-23,Ministry of Health,Primary,100604,,0.0,20,VISA-OLD,VISA-OLD2,,NORM
6,Assiut,2018-09-18,30000,A,NORM,Normal,0,2026-02-25,Classic Credit Card,200,500,8894.74,20643.62,5270.23,2026-02-03,1685.8,F,1984-10-25,Amazon Egypt,Primary,100605,,0.0,90,,,,NORM
6,Assiut,2018-09-18,30000,A,NORM,Normal,0,2026-02-15,Cashback Card,200,500,24252.13,5550.71,6824.01,2026-02-18,1927.52,F,1984-10-25,Amazon Egypt,Primary,100605,,0.0,90,,,,NORM
8,Zagazig,2022-11-30,20000,A,NORM,Normal,0,2026-02-18,Cashback Card,200,1000,3729.82,15812.82,4200.4,2026-02-23,1372.88,F,1975-06-04,Government,Primary,100606,,0.0,39,,,,NORM
7,Luxor,2022-01-15,100000,A,NORM,Normal,0,2026-02-19,Platinum Credit Card,0,500,20073.07,79888.72,15623.16,2026-02-03,170.66,M,1997-05-15,Orascom,Primary,100607,,0.0,50,,VISA-OLD2,,NORM
8,Zagazig,2022-08-31,100000,A,NORM,Normal,0,2026-02-25,World Elite Card,0,300,37265.27,62479.13,548.71,2026-02-18,115.88,F,1964-07-11,Juhayna,Primary,100608,,0.0,42,,,,NORM
9,Ismailia,2018-09-18,50000,A,NORM,Normal,0,2026-02-15,Platinum Credit Card,0,1000,29023.57,20706.49,10350.25,2026-02-22,1675.0,M,1961-06-07,Amazon Egypt,Primary,100609,,0.0,90,,,,NORM
1,Cairo Main,2024-03-31,30000,A,NORM,Normal,0,2026-02-21,Cashback Card,0,0,13159.22,16450.62,4833.52,2026-01-31,1723.91,F,1994-07-18,Banque Misr,Primary,100610,,0.0,23,,,,NORM
1,Cairo Main,2024-03-31,30000,A,30DD,30 Days Delinquent,30,2026-02-22,World Elite Card,0,0,5195.38,24469.24,8515.07,2026-02-20,396.65,F,1994-07-18,Banque Misr,Primary,100610,,3401.72,23,,,,30DD
10,Suez,2019-02-22,150000,A,NORM,Normal,0,2026-02-24,World Elite Card,0,150,138527.47,11022.83,5008.14,2026-02-14,1083.41,F,1987-05-07,Orange Egypt,Primary,100611,,0.0,85,,,,NORM
9,Ismailia,2019-02-11,15000,A,NEW,New,0,2026-02-17,Classic Credit Card,0,150,-1320.17,13679.02,2167.57,2026-02-04,1840.27,F,1982-05-10,IBM Egypt,Secondary,100612,,0.0,85,,,,NEW
8,Zagazig,2021-03-20,150000,A,NORM,Normal,0,2026-02-14,Platinum Credit Card,500,300,61057.47,88576.37,475.52,2026-02-15,870.98,M,1975-04-24,Orascom,Primary,100613,,0.0,60,MC-OLD,,,NORM
4,Mansoura,2022-10-23,75000,A,60DA,60 Days Delinquent,60,2026-02-14,Classic Credit Card,500,150,11182.52,63584.96,13583.25,2026-02-28,842.14,M,1966-03-10,Amazon Egypt,Primary,100614,,6924.96,40,MC-OLD,,,60DA
4,Mansoura,2022-10-23,75000,A,NORM,Normal,0,2026-02-14,Titanium Credit Card,500,150,58519.09,16162.66,4174.69,2026-02-25,294.56,M,1966-03-10,Amazon Egypt,Primary,100614,,0.0,40,MC-OLD,,,NORM
2,Giza,2021-07-13,75000,A,NORM,Normal,0,2026-02-20,Titanium Credit Card,0,150,33729.77,41012.16,12620.57,2026-02-07,205.96,M,1975-03-05,Orascom,Secondary,100615,,0.0,56,MC-OLD,,,NORM
7,Luxor,2024-03-17,30000,A,NORM,Normal,0,2026-02-24,Classic Credit Card,100,500,15090.54,14887.1,7974.43,2026-02-07,774.25,F,1978-01-12,Edita Food Industries,Primary,100616,,0.0,23,MC-OLD,VISA-OLD2,,NORM
7,Luxor,2024-03-17,30000,A,NORM,Normal,0,2026-02-20,Cashback Card,100,500,7347.95,22451.75,5532.82,2026-02-14,218.38,F,1978-01-12,Edita Food Industries,Primary,100616,,0.0,23,MC-OLD,VISA-OLD2,,NORM
7,Luxor,2024-03-17,30000,A,NORM,Normal,0,2026-02-22,Travel Rewards Card,100,500,9640.26,20198.29,8155.87,2026-02-04,1218.45,F,1978-01-12,Edita Food Industries,Primary,100616,,0.0,23,MC-OLD,VISA-OLD2,,NORM
10,Suez,2022-12-17,50000,A,NORM,Normal,0,2026-02-14,Classic Credit Card,0,1000,36192.94,13681.97,11964.06,2026-02-27,1290.35,F,1989-03-31,Microsoft Egypt,Primary,100617,,0.0,39,,VISA-OLD2,,NORM
10,Suez,2022-12-17,50000,A,NORM,Normal,0,2026-02-15,Titanium Credit Card,0,1000,1861.14,47731.68,14970.74,2026-02-06,1365.35,F,1989-03-31,Microsoft Egypt,Primary,100617,,0.0,39,,VISA-OLD2,,NORM
9,Ismailia,2020-05-25,10000,A,NORM,Normal,0,2026-02-23,Cashback Card,200,150,-273.91,9294.4,1675.96,2026-02-25,794.21,M,1972-09-25,Government,Primary,100618,,0.0,70,MC-OLD,VISA-OLD2,,NORM
5,Tanta,2021-05-29,75000,A,NORM,Normal,0,2026-02-24,Platinum Credit Card,200,300,38141.7,36626.03,242.43,2026-02-20,235.73,F,1970-10-29,Government,Primary,100619,,0.0,57,,,,NORM
5,Tanta,2018-01-22,100000,A,NORM,Normal,0,2026-02-25,Platinum Credit Card,100,500,15893.3,83807.52,19128.49,2026-02-16,1561.92,M,1985-09-04,Edita Food Industries,Primary,100620,,0.0,98,MC-OLD,VISA-OLD2,,NORM
5,Tanta,2018-01-22,100000,A,NORM,Normal,0,2026-02-16,World Elite Card,100,500,8046.59,91555.46,4217.87,2026-02-25,1142.77,M,1985-09-04,Edita Food Industries,Primary,100620,,0.0,98,MC-OLD,VISA-OLD2,,NORM
5,Tanta,2018-01-22,100000,A,NEW,New,0,2026-02-21,Travel Rewards Card,100,500,-7366.19,92279.89,13664.87,2026-02-03,1028.8,M,1985-09-04,Edita Food Industries,Primary,100620,,0.0,98,MC-OLD,VISA-OLD2,,NEW
4,Mansoura,2022-01-19,100000,A,NORM,Normal,0,2026-02-22,Platinum Credit Card,500,0,78519.45,21178.81,5969.6,2026-02-17,1512.01,M,1996-11-28,CIB,Primary,100621,,0.0,50,,,,NORM
4,Mansoura,2018-11-16,50000,A,NORM,Normal,0,2026-02-16,Titanium Credit Card,200,1000,5086.52,44493.88,9581.68,2026-02-28,724.18,F,1980-01-05,Government,Primary,100622,,0.0,88,VISA-OLD,,,NORM
7,Luxor,2019-10-30,15000,A,NORM,Normal,0,2026-02-21,Cashback Card,500,150,11154.14,3420.22,2160.08,2026-02-18,754.76,M,1996-12-14,Government,Primary,100623,,0.0,77,VISA-OLD,,,NORM
1,Cairo Main,2019-10-05,150000,A,NORM,Normal,0,2026-02-27,Titanium Credit Card,0,0,93717.16,56110.26,1169.92,2026-02-23,608.52,F,1993-06-26,IBM Egypt,Primary,100624,,0.0,77,,VISA-OLD2,,NORM
1,Cairo Main,2019-10-05,150000,A,NEW,New,0,2026-02-27,World Elite Card,0,0,105512.27,44412.46,24438.59,2026-02-22,1142.71,F,1993-06-26,IBM Egypt,Primary,100624,,0.0,77,,VISA-OLD2,,NEW
1,Cairo Main,2019-10-05,150000,A,NORM,Normal,0,2026-03-01,Travel Rewards Card,0,0,134863.21,14845.34,21698.6,2026-02-10,1863.46,F,1993-06-26,IBM Egypt,Primary,100624,,0.0,77,,VISA-OLD2,,NORM
3,Alexandria,2022-03-02,30000,A,NORM,Normal,0,2026-02-14,Gold Credit Card,0,150,20888.56,8809.99,899.7,2026-01-30,162.89,M,1965-04-13,IBM Egypt,Primary,100625,,0.0,48,VISA-OLD,,,NORM
5,Tanta,2021-03-07,20000,A,NORM,Normal,0,2026-02-28,Gold Credit Card,200,0,-1436.66,18547.01,2464.83,2026-02-14,1786.5,M,1999-11-18,Orascom,Primary,100626,,0.0,60,MC-OLD,,,NORM
5,Tanta,2021-03-07,20000,A,NORM,Normal,0,2026-02-19,Cashback Card,200,0,720.96,18824.0,4191.88,2026-02-28,186.45,M,1999-11-18,Orascom,Primary,100626,,0.0,60,MC-OLD,,,NORM
10,Suez,2021-10-15,75000,A,NORM,Normal,0,2026-02-19,Business Credit Card,100,150,35093.56,39790.51,14278.33,2026-02-11,417.67,F,1980-04-16,Self Employed,Primary,100627,,0.0,53,VISA-OLD,,,NORM
10,Suez,2021-10-15,75000,A,NORM,Normal,0,2026-02-17,Travel Rewards Card,100,150,36490.98,38451.37,12540.43,2026-02-04,915.01,F,1980-04-16,Self Employed,Primary,100627,,0.0,53,VISA-OLD,,,NORM
6,Assiut,2024-12-29,75000,A,NORM,Normal,0,2026-02-20,Titanium Credit Card,200,1000,26802.18,48167.5,8724.91,2026-02-21,649.19,M,1964-01-03,Microsoft Egypt,Secondary,100628,,0.0,14,VISA-OLD,,,NORM
2,Giza,2019-11-10,5000,A,30DD,30 Days Delinquent,30,2026-02-22,Cashback Card,200,1000,3924.66,609.73,682.57,2026-02-08,1685.52,M,1998-11-04,Cairo University,Primary,100629,,2497.6,76,,,,30DD
10,Suez,2024-06-20,5000,A,NORM,Normal,0,2026-02-21,Gold Credit Card,0,0,1980.2,2901.63,341.47,2026-02-23,1160.29,M,1984-04-21,Cairo University,Secondary,100630,,0.0,20,,,,NORM
4,Mansoura,2024-07-01,100000,A,NORM,Normal,0,2026-02-14,Platinum Credit Card,0,500,77015.31,22622.04,9999.93,2026-02-04,1792.27,M,1997-03-20,National Bank of Egypt,Primary,100631,,0.0,20,,,,NORM
4,Mansoura,2024-07-01,100000,A,NORM,Normal,0,2026-02-21,Travel Rewards Card,0,500,81169.52,18772.32,9.67,2026-02-11,1793.81,M,1997-03-20,National Bank of Egypt,Primary,100631,,0.0,20,,,,NORM
1,Cairo Main,2023-12-03,50000,A,NORM,Normal,0,2026-02-23,Platinum Credit Card,0,1000,25799.06,23850.49,14748.28,2026-02-05,1687.39,M,1998-07-24,Microsoft Egypt,Primary,100632,,0.0,27,,,,NORM
2,Giza,2021-06-10,75000,A,NORM,Normal,0,2026-02-20,Titanium Credit Card,100,0,70527.64,4278.85,19270.03,2026-02-01,324.4,M,1966-12-01,Orascom,Primary,100633,,0.0,57,,,,NORM
3,Alexandria,2021-08-20,30000,A,NORM,Normal,0,2026-02-20,Classic Credit Card,100,500,15722.07,13853.57,8019.0,2026-02-17,1605.49,F,1978-07-08,Microsoft Egypt,Secondary,100634,,0.0,55,,,,NORM
3,Alexandria,2021-08-20,30000,A,NORM,Normal,0,2026-02-14,Cashback Card,100,500,697.06,29249.19,4357.05,2026-02-10,784.41,F,1978-07-08,Microsoft Egypt,Secondary,100634,,0.0,55,,,,NORM
3,Alexandria,2021-08-20,30000,A,NORM,Normal,0,2026-02-15,Platinum Credit Card,100,500,8404.81,21258.38,3159.84,2026-02-18,299.72,F,1978-07-08,Microsoft Egypt,Secondary,100634,,0.0,55,,,,NORM
6,Assiut,2024-03-15,75000,A,NORM,Normal,0,2026-02-20,Titanium Credit Card,100,0,28403.45,46513.34,15370.28,2026-02-22,1013.82,F,1980-11-06,National Bank of Egypt,Primary,100635,,0.0,23,MC-OLD,,,NORM
4,Mansoura,2024-03-22,15000,A,NORM,Normal,0,2026-02-21,Gold Credit Card,0,1000,14076.44,911.2,914.48,2026-02-28,1913.28,M,1994-03-23,Juhayna,Primary,100636,,0.0,23,,,,NORM
9,Ismailia,2020-10-01,150000,A,NORM,Normal,0,2026-02-17,Platinum Credit Card,200,150,120177.76,29451.42,513.35,2026-02-15,1447.13,M,1967-07-18,Amazon Egypt,Primary,100637,,0.0,65,VISA-OLD,,,NORM
9,Ismailia,2020-10-01,150000,A,NORM,Normal,0,2026-02-16,World Elite Card,200,150,13664.42,135902.83,29247.95,2026-02-01,135.36,M,1967-07-18,Amazon Egypt,Primary,100637,,0.0,65,VISA-OLD,,,NORM
9,Ismailia,2020-10-01,150000,A,NORM,Normal,0,2026-02-15,Travel Rewards Card,200,150,131709.36,17899.75,21436.1,2026-02-09,1766.3,M,1967-07-18,Amazon Egypt,Primary,100637,,0.0,65,VISA-OLD,,,NORM
10,Suez,2022-04-07,50000,A,NEW,New,0,2026-02-23,Titanium Credit Card,0,150,18049.23,31763.48,613.2,2026-02-08,1139.01,M,1971-04-03,El Sewedy Electric,Primary,100638,,0.0,47,VISA-OLD,,,NEW
3,Alexandria,2024-03-29,30000,A,NEW,New,0,2026-02-24,Cashback Card,200,300,9797.44,20014.44,4473.02,2026-02-10,1758.68,F,1992-07-10,Amazon Egypt,Secondary,100639,,0.0,23,VISA-OLD,,,NEW
4,Mansoura,2021-08-10,50000,A,NORM,Normal,0,2026-02-15,Titanium Credit Card,0,150,43446.9,6518.22,11779.87,2026-02-27,1518.58,M,1989-09-15,El Sewedy Electric,Primary,100640,,0.0,55,,,,NORM
3,Alexandria,2024-03-26,100000,A,60DA,60 Days Delinquent,60,2026-02-28,World Elite Card,0,500,2936.28,96786.77,5622.94,2026-02-03,813.73,M,1978-07-14,Microsoft Egypt,Primary,100641,,25456.86,23,VISA-OLD,VISA-OLD2,,60DA
6,Assiut,2019-12-27,5000,A,30DD,30 Days Delinquent,30,2026-02-22,Classic Credit Card,500,0,2929.08,1986.96,347.74,2026-02-07,103.77,M,1977-05-07,CIB,Primary,100642,,1004.29,75,,,,30DD
4,Mansoura,2024-11-17,30000,A,NORM,Normal,0,2026-03-01,Gold Credit Card,200,0,16428.65,13106.81,2270.08,2026-02-16,1575.0,F,1964-01-14,Elsewedy Capital,Primary,100643,,0.0,15,MC-OLD,,,NORM
1,Cairo Main,2022-06-11,10000,A,NORM,Normal,0,2026-02-21,Gold Credit Card,100,1000,8340.77,1241.97,2855.8,2026-02-16,1415.44,M,1968-10-17,Talaat Moustafa Group,Primary,100644,,0.0,45,MC-OLD,VISA-OLD2,,NORM
10,Suez,2018-09-25,200000,A,NORM,Normal,0,2026-02-19,World Elite Card,100,1000,-19515.72,180178.29,39261.95,2026-02-22,875.29,F,1967-11-15,Banque Misr,Primary,100645,,0.0,90,,VISA-OLD2,,NORM
10,Suez,2018-09-25,200000,A,NORM,Normal,0,2026-02-19,Travel Rewards Card,100,1000,47854.93,152074.78,18331.23,2026-02-24,484.88,F,1967-11-15,Banque Misr,Primary,100645,,0.0,90,,VISA-OLD2,,NORM
10,Suez,2024-04-13,100000,A,NORM,Normal,0,2026-02-21,Platinum Credit Card,500,300,-4901.18,94706.09,25844.58,2026-02-20,1062.13,M,1971-05-06,Vodafone Egypt,Primary,100646,,0.0,22,VISA-OLD,,,NORM
10,Suez,2024-04-13,100000,A,NORM,Normal,0,2026-02-22,Cashback Card,500,300,25314.83,74419.32,23396.17,2026-02-18,213.27,M,1971-05-06,Vodafone Egypt,Primary,100646,,0.0,22,VISA-OLD,,,NORM
10,Suez,2024-04-13,100000,A,30DD,30 Days Delinquent,30,2026-02-18,World Elite Card,500,300,56333.87,43283.8,294.17,2026-02-23,700.13,M,1971-05-06,Vodafone Egypt,Primary,100646,,31456.79,22,VISA-OLD,,,30DD
6,Assiut,2018-06-28,20000,A,NORM,Normal,0,2026-02-16,Gold Credit Card,500,300,1006.62,18592.3,1943.9,2026-02-14,1520.27,M,1983-03-15,Orange Egypt,Primary,100647,,0.0,93,,,,NORM
10,Suez,2018-04-14,20000,A,NORM,Normal,0,2026-02-16,Classic Credit Card,200,0,772.26,19061.23,179.18,2026-02-11,1101.3,M,1996-03-24,Amazon Egypt,Primary,100648,,0.0,95,VISA-OLD,,,NORM
10,Suez,2018-04-14,20000,A,NORM,Normal,0,2026-02-22,Cashback Card,200,0,7379.23,12422.33,4072.41,2026-02-27,1444.21,M,1996-03-24,Amazon Egypt,Primary,100648,,0.0,95,VISA-OLD,,,NORM
10,Suez,2018-04-14,20000,A,30DD,30 Days Delinquent,30,2026-02-27,Titanium Credit Card,200,0,1544.46,18330.99,2883.21,2026-01-31,1242.86,M,1996-03-24,Amazon Egypt,Primary,100648,,1364.35,95,VISA-OLD,,,30DD
10,Suez,2021-10-01,30000,A,NORM,Normal,0,2026-02-25,Classic Credit Card,200,0,7269.9,22529.46,3732.35,2026-02-22,1079.89,F,1995-10-05,Elsewedy Capital,Primary,100649,,0.0,53,,,,NORM
10,Suez,2022-12-02,10000,A,NORM,Normal,0,2026-02-14,Classic Credit Card,0,0,4507.08,5250.9,2759.06,2026-02-12,405.97,F,1987-10-16,Freelancer,Primary,100650,,0.0,39,,,,NORM
1,Cairo Main,2022-12-16,5000,A,NORM,Normal,0,2026-02-18,Gold Credit Card,0,0,-99.48,4499.8,1208.35,2026-02-10,1594.41,M,1995-12-29,Juhayna,Primary,100651,,0.0,39,,,,NORM
7,Luxor,2024-12-03,75000,A,NORM,Normal,0,2026-02-20,Platinum Credit Card,500,500,56872.94,17890.12,14996.99,2026-02-16,600.83,M,1964-04-19,Elsewedy Capital,Primary,100652,,0.0,15,,,,NORM
7,Luxor,2024-12-03,75000,A,NORM,Normal,0,2026-03-01,Travel Rewards Card,500,500,10963.31,63656.57,12192.79,2026-02-12,942.01,M,1964-04-19,Elsewedy Capital,Primary,100652,,0.0,15,,,,NORM
9,Ismailia,2024-08-04,20000,A,NORM,Normal,0,2026-02-19,Cashback Card,0,1000,-349.8,19629.54,3162.43,2026-02-19,1369.55,M,1974-09-21,CIB,Secondary,100653,,0.0,19,,VISA-OLD2,,NORM
5,Tanta,2022-09-21,100000,A,NORM,Normal,0,2026-03-01,World Elite Card,100,0,-7773.77,91885.68,21918.68,2026-02-08,164.54,M,1975-12-10,Military,Primary,100654,,0.0,41,MC-OLD,,,NORM
9,Ismailia,2022-01-05,30000,A,NEW,New,0,2026-02-21,Classic Credit Card,200,1000,8366.85,21449.86,2444.32,2026-02-16,1059.65,F,1989-03-26,Cairo University,Primary,100655,,0.0,50,,VISA-OLD2,,NEW
9,Ismailia,2022-01-05,30000,A,NORM,Normal,0,2026-02-21,Cashback Card,200,1000,17744.28,11907.63,499.98,2026-01-31,811.58,F,1989-03-26,Cairo University,Primary,100655,,0.0,50,,VISA-OLD2,,NORM
10,Suez,2019-08-16,5000,A,NORM,Normal,0,2026-02-18,Cashback Card,0,500,1948.95,2725.93,26.86,2026-02-25,342.23,F,1989-07-02,Elsewedy Capital,Primary,100656,,0.0,79,,,,NORM
2,Giza,2020-02-15,100000,A,NORM,Normal,0,2026-02-22,Platinum Credit Card,200,1000,49970.99,49902.58,5124.31,2026-02-27,1735.44,F,1975-04-27,Freelancer,Primary,100657,,0.0,73,,,,NORM
8,Zagazig,2018-06-22,100000,A,NORM,Normal,0,2026-02-23,Titanium Credit Card,100,150,40534.55,59011.18,10249.63,2026-02-05,403.33,F,1999-04-20,Elsewedy Capital,Primary,100658,,0.0,93,,,,NORM
8,Zagazig,2018-06-22,100000,A,NORM,Normal,0,2026-02-23,World Elite Card,100,150,29108.63,70415.2,4252.76,2026-02-21,795.79,F,1999-04-20,Elsewedy Capital,Primary,100658,,0.0,93,,,,NORM
8,Zagazig,2018-06-22,100000,A,NORM,Normal,0,2026-02-19,Travel Rewards Card,100,150,-8901.1,91074.41,2637.74,2026-02-20,890.87,F,1999-04-20,Elsewedy Capital,Primary,100658,,0.0,93,,,,NORM
4,Mansoura,2020-01-25,5000,A,NORM,Normal,0,2026-02-19,Gold Credit Card,0,1000,702.88,4096.45,113.22,2026-02-05,1000.34,M,1977-12-15,IBM Egypt,Primary,100659,,0.0,74,VISA-OLD,,,NORM
10,Suez,2022-01-14,5000,A,NORM,Normal,0,2026-02-26,Gold Credit Card,100,150,2829.91,2166.61,547.47,2026-02-05,1130.99,F,1994-05-04,Vodafone Egypt,Primary,100660,,0.0,50,,VISA-OLD2,,NORM
4,Mansoura,2020-03-13,5000,A,NORM,Normal,0,2026-02-25,Classic Credit Card,100,500,4651.39,0.0,1003.96,2026-02-28,700.8,M,1968-01-04,Orascom,Primary,100661,,0.0,72,,,,NORM
4,Mansoura,2020-03-13,5000,A,NORM,Normal,0,2026-02-18,Cashback Card,100,500,-257.34,4318.47,232.11,2026-02-05,252.66,M,1968-01-04,Orascom,Primary,100661,,0.0,72,,,,NORM
8,Zagazig,2022-02-23,50000,A,NORM,Normal,0,2026-02-21,Classic Credit Card,0,150,2843.22,46874.23,12626.66,2026-02-02,1150.7,M,1970-10-09,Orascom,Primary,100662,,0.0,48,,VISA-OLD2,,NORM
8,Zagazig,2022-02-23,50000,A,NORM,Normal,0,2026-02-26,Titanium Credit Card,0,150,34582.42,15124.83,7582.81,2026-02-10,687.34,M,1970-10-09,Orascom,Primary,100662,,0.0,48,,VISA-OLD2,,NORM
8,Zagazig,2022-02-23,50000,A,30DD,30 Days Delinquent,30,2026-02-23,Travel Rewards Card,0,150,28160.72,21653.3,1873.39,2026-02-15,1604.14,M,1970-10-09,Orascom,Primary,100662,,10020.06,48,,VISA-OLD2,,30DD
7,Luxor,2022-03-13,50000,A,NORM,Normal,0,2026-02-15,Platinum Credit Card,0,1000,-627.7,49071.53,14603.93,2026-01-31,668.49,M,1991-02-23,Military,Secondary,100663,,0.0,48,,,,NORM
6,Assiut,2018-08-07,30000,A,30DD,30 Days Delinquent,30,2026-02-24,Cashback Card,100,0,6535.17,23035.22,8668.55,2026-01-30,598.05,F,1971-02-01,Banque Misr,Primary,100664,,17911.08,92,MC-OLD,,,30DD
6,Assiut,2018-08-07,30000,A,NORM,Normal,0,2026-02-18,Titanium Credit Card,100,0,23041.86,6666.73,1426.06,2026-02-24,1202.58,F,1971-02-01,Banque Misr,Primary,100664,,0.0,92,MC-OLD,,,NORM
3,Alexandria,2022-05-09,150000,A,NORM,Normal,0,2026-02-14,Platinum Credit Card,100,300,70902.64,78750.81,8001.78,2026-02-08,1455.23,F,1982-10-25,IBM Egypt,Primary,100665,,0.0,46,VISA-OLD,,,NORM
8,Zagazig,2024-07-08,75000,A,NORM,Normal,0,2026-02-24,Platinum Credit Card,100,150,65265.34,9517.54,17761.58,2026-02-13,1763.74,F,1972-01-14,Cairo University,Secondary,100666,,0.0,20,VISA-OLD,,,NORM
5,Tanta,2022-03-25,200000,A,NORM,Normal,0,2026-02-20,Platinum Credit Card,100,0,20166.56,179680.58,37779.87,2026-02-18,1245.27,F,1979-01-24,Orascom,Primary,100667,,0.0,47,,,,NORM
5,Tanta,2022-03-25,200000,A,NORM,Normal,0,2026-02-14,Classic Credit Card,100,0,84035.55,115662.65,52020.58,2026-02-17,220.64,F,1979-01-24,Orascom,Primary,100667,,0.0,47,,,,NORM
5,Tanta,2022-03-25,200000,A,NEW,New,0,2026-02-28,Travel Rewards Card,100,0,138063.5,61510.8,13368.03,2026-02-12,1669.84,F,1979-01-24,Orascom,Primary,100667,,0.0,47,,,,NEW
10,Suez,2023-03-21,150000,A,NORM,Normal,0,2026-03-01,Platinum Credit Card,500,500,74988.31,74630.24,10187.75,2026-01-30,1281.41,F,1961-11-05,Military,Primary,100668,,0.0,35,VISA-OLD,,,NORM
5,Tanta,2018-04-12,15000,A,NORM,Normal,0,2026-03-01,Cashback Card,0,300,5916.68,8651.25,4324.54,2026-02-08,1441.99,M,1977-02-24,Freelancer,Primary,100669,,0.0,96,MC-OLD,VISA-OLD2,,NORM
9,Ismailia,2018-11-17,30000,A,NORM,Normal,0,2026-02-22,Classic Credit Card,200,0,-2701.26,27265.83,6291.02,2026-02-13,955.76,M,1988-11-14,Elsewedy Capital,Primary,100670,,0.0,88,,,,NORM
5,Tanta,2021-01-29,20000,A,NORM,Normal,0,2026-02-25,Cashback Card,200,0,16458.6,3338.64,4167.14,2026-02-06,251.78,F,1993-06-05,Military,Primary,100671,,0.0,61,,,,NORM
5,Tanta,2021-01-29,20000,A,NORM,Normal,0,2026-02-22,World Elite Card,200,0,1229.58,18753.89,2475.55,2026-02-09,106.1,F,1993-06-05,Military,Primary,100671,,0.0,61,,,,NORM
5,Tanta,2021-01-29,20000,A,NORM,Normal,0,2026-02-26,Travel Rewards Card,200,0,13074.48,6791.3,4981.11,2026-02-27,1357.54,F,1993-06-05,Military,Primary,100671,,0.0,61,,,,NORM
7,Luxor,2024-07-03,5000,A,NORM,Normal,0,2026-02-24,Business Credit Card,100,500,769.07,3758.82,170.47,2026-02-14,1639.18,M,1996-11-12,Self Employed,Primary,100672,,0.0,20,,,,NORM
4,Mansoura,2024-08-01,150000,A,NORM,Normal,0,2026-02-16,Platinum Credit Card,0,300,128552.22,21318.47,43200.07,2026-02-18,1143.16,M,1983-02-20,Freelancer,Primary,100673,,0.0,19,VISA-OLD,,,NORM
4,Mansoura,2024-08-01,150000,A,NORM,Normal,0,2026-02-22,Travel Rewards Card,0,300,123411.32,26271.61,23476.65,2026-02-24,434.86,M,1983-02-20,Freelancer,Primary,100673,,0.0,19,VISA-OLD,,,NORM
8,Zagazig,2024-04-06,5000,A,NORM,Normal,0,2026-02-24,Classic Credit Card,200,0,2269.31,2362.21,672.56,2026-02-19,315.83,F,1980-03-08,IBM Egypt,Secondary,100674,,0.0,23,,,,NORM
4,Mansoura,2022-10-10,75000,A,NORM,Normal,0,2026-02-19,Platinum Credit Card,0,150,11585.62,63017.41,17137.32,2026-02-04,1232.91,M,1978-10-20,Ministry of Health,Secondary,100675,,0.0,41,,VISA-OLD2,,NORM
10,Suez,2024-06-08,75000,A,NORM,Normal,0,2026-02-27,Titanium Credit Card,0,1000,64288.01,10471.34,10724.99,2026-01-30,1965.88,F,1987-04-07,Microsoft Egypt,Primary,100676,,0.0,21,,,,NORM
10,Suez,2021-06-01,10000,A,NORM,Normal,0,2026-02-24,Cashback Card,100,0,5248.85,4356.33,498.49,2026-02-04,1483.51,F,1980-04-02,Orascom,Primary,100677,,0.0,57,,,,NORM
7,Luxor,2020-04-23,20000,A,NORM,Normal,0,2026-02-23,Classic Credit Card,500,0,14366.82,5431.84,63.59,2026-02-05,286.5,F,1972-09-24,Juhayna,Primary,100678,,0.0,71,,,,NORM
7,Luxor,2019-10-06,10000,A,NORM,Normal,0,2026-02-20,Gold Credit Card,0,500,5033.82,4614.59,1908.46,2026-02-15,1684.85,M,1977-07-17,Banque Misr,Primary,100679,,0.0,77,,,,NORM
7,Luxor,2023-04-29,15000,A,NORM,Normal,0,2026-02-14,Gold Credit Card,100,1000,12118.48,2559.06,1354.98,2026-02-14,498.84,F,1996-09-08,Military,Primary,100680,,0.0,34,,,,NORM
8,Zagazig,2022-06-24,200000,A,NORM,Normal,0,2026-02-20,Platinum Credit Card,500,500,48226.07,151644.03,56300.42,2026-02-06,352.07,M,1962-11-14,Elsewedy Capital,Primary,100681,,0.0,44,,,,NORM
6,Assiut,2021-05-03,75000,A,NORM,Normal,0,2026-02-28,Platinum Credit Card,100,1000,24043.5,50710.15,3231.19,2026-02-06,1469.41,F,1991-05-31,Military,Primary,100682,,0.0,58,,VISA-OLD2,,NORM
6,Assiut,2021-05-03,75000,A,NORM,Normal,0,2026-02-23,Travel Rewards Card,100,1000,21140.17,53428.29,21287.01,2026-02-21,611.55,F,1991-05-31,Military,Primary,100682,,0.0,58,,VISA-OLD2,,NORM
2,Giza,2018-06-28,20000,A,NORM,Normal,0,2026-02-23,Cashback Card,200,0,10065.94,9640.32,1663.06,2026-02-01,1478.68,M,1977-08-26,Orascom,Secondary,100683,,0.0,93,VISA-OLD,VISA-OLD2,,NORM
2,Giza,2018-11-10,10000,A,NORM,Normal,0,2026-02-14,Gold Credit Card,100,300,8083.83,1520.58,2066.67,2026-02-23,1115.87,M,1976-07-16,Government,Primary,100684,,0.0,88,VISA-OLD,,,NORM
2,Giza,2018-11-10,10000,A,NORM,Normal,0,2026-02-26,Cashback Card,100,300,3795.07,6080.87,2394.43,2026-02-12,1783.87,M,1976-07-16,Government,Primary,100684,,0.0,88,VISA-OLD,,,NORM
2,Giza,2023-03-07,75000,A,NORM,Normal,0,2026-02-23,Platinum Credit Card,0,300,66072.48,8811.3,7658.71,2026-02-08,100.95,M,1988-08-28,Edita Food Industries,Primary,100685,,0.0,36,,,,NORM
2,Giza,2023-03-07,75000,A,60DA,60 Days Delinquent,60,2026-02-21,Travel Rewards Card,0,300,25819.17,49130.09,6595.21,2026-02-13,43.28,M,1988-08-28,Edita Food Industries,Primary,100685,,8452.75,36,,,,60DA
8,Zagazig,2023-03-05,10000,A,NORM,Normal,0,2026-02-22,Classic Credit Card,500,150,2930.24,6712.47,1375.91,2026-02-27,460.3,F,1981-09-29,National Bank of Egypt,Secondary,100686,,0.0,36,,,,NORM
1,Cairo Main,2019-02-16,15000,A,NORM,Normal,0,2026-02-25,Cashback Card,500,150,12924.71,1875.41,564.81,2026-02-02,653.31,M,1987-03-24,Juhayna,Primary,100687,,0.0,85,,,,NORM
3,Alexandria,2022-01-06,15000,A,NORM,Normal,0,2026-02-14,Cashback Card,100,500,6177.71,8777.4,4262.44,2026-02-18,108.28,M,1979-10-07,El Sewedy Electric,Secondary,100688,,0.0,50,MC-OLD,,,NORM
3,Alexandria,2022-01-06,15000,A,NORM,Normal,0,2026-02-25,World Elite Card,100,500,13720.14,962.84,3142.19,2026-02-20,304.63,M,1979-10-07,El Sewedy Electric,Secondary,100688,,0.0,50,MC-OLD,,,NORM
7,Luxor,2021-06-16,100000,A,NORM,Normal,0,2026-02-27,World Elite Card,500,150,62143.09,37707.33,10226.67,2026-02-19,157.39,M,1990-12-19,Orange Egypt,Primary,100689,,0.0,57,,,,NORM
2,Giza,2022-09-24,5000,A,NORM,Normal,0,2026-02-22,Classic Credit Card,0,150,1449.51,3364.36,131.4,2026-02-18,1021.38,M,1960-09-19,Vodafone Egypt,Primary,100690,,0.0,41,,,,NORM
1,Cairo Main,2023-10-01,10000,A,NORM,Normal,0,2026-02-22,Cashback Card,100,1000,8884.49,730.16,226.1,2026-02-26,1644.59,M,1978-08-24,Edita Food Industries,Secondary,100691,,0.0,29,VISA-OLD,,,NORM
2,Giza,2020-05-25,10000,A,NORM,Normal,0,2026-02-22,Classic Credit Card,500,300,8302.22,1246.07,1047.89,2026-02-05,1458.45,M,1970-06-04,IBM Egypt,Primary,100692,,0.0,70,VISA-OLD,,,NORM
2,Giza,2021-02-14,200000,A,NORM,Normal,0,2026-02-14,World Elite Card,500,300,181809.58,17724.62,58446.39,2026-02-09,220.15,F,1989-07-07,IBM Egypt,Secondary,100693,,0.0,61,,VISA-OLD2,,NORM
10,Suez,2020-10-28,10000,A,NORM,Normal,0,2026-02-17,Cashback Card,500,150,8012.38,1830.59,1488.53,2026-02-25,864.49,F,1967-09-10,Military,Primary,100694,,0.0,65,,,,NORM
2,Giza,2018-03-14,200000,A,NORM,Normal,0,2026-02-16,World Elite Card,0,150,181346.41,18337.69,7887.66,2026-02-20,492.06,M,1975-01-12,Cairo University,Primary,100695,,0.0,96,,,,NORM
4,Mansoura,2022-10-22,20000,A,NORM,Normal,0,2026-02-27,Classic Credit Card,200,500,7042.25,12585.26,804.77,2026-02-01,1342.7,F,1993-02-05,Military,Primary,100696,,0.0,40,VISA-OLD,,,NORM
1,Cairo Main,2024-09-15,100000,A,NORM,Normal,0,2026-02-19,Platinum Credit Card,0,1000,58998.98,40555.13,21483.57,2026-02-21,262.85,F,1970-09-05,Edita Food Industries,Primary,100697,,0.0,17,,,,NORM
4,Mansoura,2021-09-18,50000,A,NORM,Normal,0,2026-02-20,Platinum Credit Card,100,150,-4959.27,44822.82,1097.36,2026-02-27,307.69,F,1997-12-28,Elsewedy Capital,Primary,100698,,0.0,54,,,,NORM
1,Cairo Main,2023-07-07,10000,A,NORM,Normal,0,2026-02-16,Classic Credit Card,100,150,4904.96,4902.33,2426.03,2026-02-07,1191.29,M,1962-11-24,El Sewedy Electric,Primary,100699,,0.0,32,MC-OLD,,,NORM
4,Mansoura,2018-11-17,75000,A,NORM,Normal,0,2026-03-01,Platinum Credit Card,100,500,-1408.97,73496.11,4854.87,2026-02-15,1825.81,M,1982-10-05,Freelancer,Primary,100700,,0.0,88,,,,NORM
10,Suez,2020-04-04,30000,A,NORM,Normal,0,2026-02-20,Business Credit Card,200,500,20472.63,9230.94,983.74,2026-02-26,1530.58,F,1980-02-09,Self Employed,Primary,100701,,0.0,71,VISA-OLD,,,NORM
9,Ismailia,2022-11-11,15000,A,NORM,Normal,0,2026-02-14,Business Credit Card,500,500,12.74,14962.23,974.47,2026-02-24,1662.12,M,1987-05-03,Self Employed,Primary,100702,,0.0,40,,VISA-OLD2,,NORM
9,Ismailia,2024-03-14,15000,A,NORM,Normal,0,2026-02-17,Gold Credit Card,500,300,7276.97,7454.06,932.06,2026-02-20,1312.89,F,1966-11-08,Talaat Moustafa Group,Primary,100703,,0.0,23,VISA-OLD,,,NORM
6,Assiut,2023-04-07,20000,A,NORM,Normal,0,2026-02-14,Classic Credit Card,200,500,3104.53,16633.97,2445.79,2026-02-12,1415.44,F,1966-02-16,Banque Misr,Secondary,100704,,0.0,35,VISA-OLD,,,NORM
6,Assiut,2023-04-07,20000,A,NORM,Normal,0,2026-02-28,Cashback Card,200,500,-139.51,19451.84,2119.33,2026-02-15,1986.02,F,1966-02-16,Banque Misr,Secondary,100704,,0.0,35,VISA-OLD,,,NORM
6,Assiut,2023-04-07,20000,A,NORM,Normal,0,2026-02-24,Travel Rewards Card,200,500,11877.61,7931.49,5959.57,2026-02-04,760.39,F,1966-02-16,Banque Misr,Secondary,100704,,0.0,35,VISA-OLD,,,NORM
7,Luxor,2021-06-14,200000,A,NORM,Normal,0,2026-02-24,World Elite Card,0,500,-12802.28,186958.14,9364.94,2026-02-13,1648.24,M,1981-12-16,National Bank of Egypt,Primary,100705,,0.0,57,VISA-OLD,,,NORM
6,Assiut,2023-06-25,50000,A,NORM,Normal,0,2026-02-20,Titanium Credit Card,100,150,46634.58,3309.29,10031.47,2026-02-01,894.86,F,1982-11-10,Orange Egypt,Primary,100706,,0.0,32,,,,NORM
3,Alexandria,2024-10-15,100000,A,NORM,Normal,0,2026-02-22,World Elite Card,0,0,38100.65,61723.5,8481.54,2026-02-14,1454.3,M,1971-09-21,Banque Misr,Primary,100707,,0.0,16,VISA-OLD,,,NORM
10,Suez,2023-10-25,20000,A,NORM,Normal,0,2026-02-15,Gold Credit Card,200,300,-1395.66,18337.61,298.3,2026-02-16,1904.6,F,1963-08-09,Amazon Egypt,Primary,100708,,0.0,28,VISA-OLD,,,NORM
2,Giza,2024-06-03,50000,A,NORM,Normal,0,2026-02-21,Platinum Credit Card,500,300,26416.79,23268.8,8545.39,2026-02-25,693.36,M,1988-07-15,Banque Misr,Secondary,100709,,0.0,21,VISA-OLD,,,NORM
2,Giza,2022-09-08,150000,A,NORM,Normal,0,2026-02-17,Platinum Credit Card,100,150,71408.39,78385.78,40126.44,2026-02-20,961.61,F,1963-02-18,Amazon Egypt,Primary,100710,,0.0,42,,,,NORM
8,Zagazig,2023-08-21,10000,A,NORM,Normal,0,2026-02-15,Classic Credit Card,100,150,8910.1,900.44,1545.31,2026-02-15,745.15,M,1968-02-29,Freelancer,Primary,100711,,0.0,30,,,,NORM
7,Luxor,2019-03-24,15000,A,NORM,Normal,0,2026-02-20,Gold Credit Card,0,300,3817.61,10936.68,454.39,2026-02-15,708.65,M,1979-10-08,National Bank of Egypt,Primary,100712,,0.0,84,MC-OLD,,,NORM
8,Zagazig,2019-02-17,5000,A,NORM,Normal,0,2026-02-20,Classic Credit Card,0,0,3011.39,1590.81,1231.54,2026-02-22,497.89,M,1981-10-06,Orange Egypt,Primary,100713,,0.0,85,,,,NORM
10,Suez,2020-12-24,100000,A,NORM,Normal,0,2026-02-25,Business Credit Card,500,300,42896.98,56644.97,19674.63,2026-02-22,32.52,F,1983-04-30,Self Employed,Primary,100714,,0.0,63,,,,NORM
10,Suez,2020-12-24,100000,A,NORM,Normal,0,2026-02-23,World Elite Card,500,300,26696.45,72886.1,10383.03,2026-02-18,480.45,F,1983-04-30,Self Employed,Primary,100714,,0.0,63,,,,NORM
4,Mansoura,2022-06-21,75000,A,NORM,Normal,0,2026-02-26,Titanium Credit Card,200,0,30049.39,44553.31,414.64,2026-02-22,757.06,M,1976-03-15,Military,Primary,100715,,0.0,44,VISA-OLD,,,NORM
1,Cairo Main,2019-05-19,150000,A,NORM,Normal,0,2026-02-26,Cashback Card,500,1000,60762.44,88941.61,7239.97,2026-02-15,742.35,F,1986-12-31,Talaat Moustafa Group,Primary,100716,,0.0,82,,,,NORM
1,Cairo Main,2019-05-19,150000,A,NORM,Normal,0,2026-02-28,World Elite Card,500,1000,91044.39,58949.3,4657.34,2026-02-20,276.99,F,1986-12-31,Talaat Moustafa Group,Primary,100716,,0.0,82,,,,NORM
1,Cairo Main,2019-05-19,150000,A,NORM,Normal,0,2026-02-19,Travel Rewards Card,500,1000,113845.16,35986.33,1069.88,2026-02-27,591.57,F,1986-12-31,Talaat Moustafa Group,Primary,100716,,0.0,82,,,,NORM
1,Cairo Main,2022-01-15,5000,A,90DA,90 Days Delinquent,90,2026-02-23,Classic Credit Card,500,500,2163.22,2464.59,845.38,2026-01-30,1136.06,M,1988-06-05,Edita Food Industries,Primary,100717,,591.2,50,VISA-OLD,,,90DA
7,Luxor,2024-10-22,20000,A,NORM,Normal,0,2026-02-20,Cashback Card,0,150,11253.05,8628.5,3060.01,2026-02-24,755.01,F,1973-03-07,Banque Misr,Primary,100718,,0.0,16,,VISA-OLD2,,NORM
7,Luxor,2024-10-22,20000,A,NORM,Normal,0,2026-02-22,Business Credit Card,0,150,-1723.02,17877.81,4631.63,2026-02-21,1544.89,F,1973-03-07,Banque Misr,Primary,100718,,0.0,16,,VISA-OLD2,,NORM
8,Zagazig,2023-01-02,10000,A,NORM,Normal,0,2026-02-20,Business Credit Card,100,150,-685.96,9274.31,670.2,2026-02-23,1236.92,M,1967-07-16,Self Employed,Primary,100719,,0.0,38,,,,NORM
7,Luxor,2018-04-30,15000,A,NORM,Normal,0,2026-02-15,Gold Credit Card,500,0,-1220.28,13433.9,3212.41,2026-02-25,1983.18,M,1992-02-09,Edita Food Industries,Secondary,100720,,0.0,95,VISA-OLD,,,NORM
7,Luxor,2018-04-30,15000,A,NORM,Normal,0,2026-02-17,Cashback Card,500,0,8640.13,6202.82,1221.61,2026-02-04,305.21,M,1992-02-09,Edita Food Industries,Secondary,100720,,0.0,95,VISA-OLD,,,NORM
7,Luxor,2018-04-30,15000,A,NORM,Normal,0,2026-02-17,Titanium Credit Card,500,0,9417.7,5402.69,2348.41,2026-02-03,313.52,M,1992-02-09,Edita Food Industries,Secondary,100720,,0.0,95,VISA-OLD,,,NORM
6,Assiut,2020-07-05,200000,A,NORM,Normal,0,2026-02-24,Platinum Credit Card,500,500,74991.74,124844.61,24253.23,2026-02-28,254.79,F,1999-02-10,Military,Secondary,100721,,0.0,68,,,,NORM
2,Giza,2018-12-26,10000,A,NORM,Normal,0,2026-02-15,Cashback Card,100,0,1356.77,8166.27,116.86,2026-02-16,903.22,F,1973-01-19,National Bank of Egypt,Primary,100722,,0.0,87,,,,NORM
10,Suez,2018-01-07,30000,A,NORM,Normal,0,2026-02-28,Classic Credit Card,500,500,27033.8,2873.97,709.31,2026-02-17,1652.13,F,1993-01-20,Orange Egypt,Primary,100723,,0.0,99,,VISA-OLD2,,NORM
10,Suez,2020-06-28,10000,A,NORM,Normal,0,2026-03-01,Gold Credit Card,200,150,4424.12,5261.36,2316.61,2026-02-12,673.63,F,1986-07-02,Microsoft Egypt,Secondary,100724,,0.0,69,VISA-OLD,,,NORM
3,Alexandria,2021-03-06,15000,A,NORM,Normal,0,2026-02-24,Gold Credit Card,0,300,5293.86,9351.32,3604.67,2026-02-01,435.02,F,1986-12-24,Orange Egypt,Primary,100725,,0.0,60,,,,NORM
5,Tanta,2022-03-23,5000,A,NORM,Normal,0,2026-02-28,Cashback Card,100,150,2267.82,2585.22,413.12,2026-02-08,1167.41,M,1991-08-02,Edita Food Industries,Secondary,100726,,0.0,47,,,,NORM
7,Luxor,2019-10-15,5000,A,NORM,Normal,0,2026-02-19,Gold Credit Card,500,300,516.93,4441.62,210.8,2026-02-16,1658.26,F,1973-06-01,Ministry of Health,Primary,100727,,0.0,77,MC-OLD,,,NORM
5,Tanta,2020-03-10,150000,A,NORM,Normal,0,2026-02-25,Platinum Credit Card,0,300,119742.7,30116.38,13631.89,2026-02-28,320.14,F,1991-03-28,Microsoft Egypt,Primary,100728,,0.0,72,MC-OLD,,,NORM
8,Zagazig,2023-05-31,30000,A,60DA,60 Days Delinquent,60,2026-02-27,Cashback Card,100,0,18863.51,11061.9,7527.53,2026-02-22,488.63,F,1991-03-21,Banque Misr,Primary,100729,,9892.09,33,MC-OLD,,,60DA
3,Alexandria,2022-10-16,15000,A,NORM,Normal,0,2026-02-26,Gold Credit Card,100,0,5776.87,9073.03,186.99,2026-02-26,1826.8,M,1976-11-21,Orange Egypt,Secondary,100730,,0.0,41,,VISA-OLD2,,NORM
7,Luxor,2022-07-13,20000,A,NORM,Normal,0,2026-02-26,Gold Credit Card,500,300,1202.49,18457.99,3787.79,2026-02-03,1840.17,M,1966-08-31,Orange Egypt,Primary,100731,,0.0,44,VISA-OLD,,,NORM
8,Zagazig,2022-04-15,30000,A,NORM,Normal,0,2026-02-17,Classic Credit Card,0,0,16034.91,13840.82,5163.78,2026-02-28,170.54,M,1998-10-18,Freelancer,Primary,100732,,0.0,47,MC-OLD,,,NORM
1,Cairo Main,2024-06-04,200000,A,NORM,Normal,0,2026-02-26,Business Credit Card,0,1000,175442.67,24163.35,52401.45,2026-02-10,1661.64,M,1986-04-28,Self Employed,Primary,100733,,0.0,21,VISA-OLD,,,NORM
10,Suez,2019-02-12,50000,A,NORM,Normal,0,2026-02-17,Platinum Credit Card,0,500,37222.47,12469.71,11004.57,2026-02-01,1912.83,F,1965-08-13,National Bank of Egypt,Primary,100734,,0.0,85,MC-OLD,VISA-OLD2,,NORM
10,Suez,2019-02-12,50000,A,NORM,Normal,0,2026-02-23,Travel Rewards Card,0,500,2508.27,47339.84,7293.03,2026-02-11,578.93,F,1965-08-13,National Bank of Egypt,Primary,100734,,0.0,85,MC-OLD,VISA-OLD2,,NORM
2,Giza,2020-04-29,10000,A,30DD,30 Days Delinquent,30,2026-02-26,Gold Credit Card,0,1000,1314.67,8646.08,2266.86,2026-02-12,221.73,F,1993-10-19,Orascom,Secondary,100735,,1012.8,71,,,,30DD
2,Giza,2020-04-29,10000,A,NORM,Normal,0,2026-02-27,Cashback Card,0,1000,7976.4,1706.86,936.15,2026-02-18,1394.82,F,1993-10-19,Orascom,Secondary,100735,,0.0,71,,,,NORM
3,Alexandria,2020-04-24,15000,A,NORM,Normal,0,2026-03-01,Classic Credit Card,0,0,3459.09,11482.99,3932.43,2026-02-07,619.44,F,1985-10-18,National Bank of Egypt,Primary,100736,,0.0,71,MC-OLD,,,NORM
7,Luxor,2018-01-01,20000,A,NORM,Normal,0,2026-02-28,Cashback Card,200,1000,8548.89,11244.07,3435.15,2026-02-20,1613.34,F,1989-07-10,Juhayna,Primary,100737,,0.0,99,VISA-OLD,,,NORM
9,Ismailia,2024-10-18,150000,A,NEW,New,0,2026-02-23,World Elite Card,0,150,56384.57,93467.47,36788.77,2026-02-14,138.42,M,1975-10-18,Government,Primary,100738,,0.0,16,,,,NEW
3,Alexandria,2024-03-11,20000,A,NORM,Normal,0,2026-02-21,Classic Credit Card,500,0,3516.2,16080.18,4577.56,2026-02-16,629.4,F,1987-01-04,Cairo University,Primary,100739,,0.0,24,,,,NORM
8,Zagazig,2020-11-07,75000,A,NORM,Normal,0,2026-02-21,Platinum Credit Card,200,150,52709.93,22061.21,14881.33,2026-02-13,1581.12,F,1963-09-26,Banque Misr,Primary,100740,,0.0,64,MC-OLD,VISA-OLD2,,NORM
3,Alexandria,2019-09-21,50000,A,NORM,Normal,0,2026-02-15,Platinum Credit Card,0,300,9055.78,40832.98,12867.77,2026-01-30,531.05,M,1978-10-29,Amazon Egypt,Primary,100741,,0.0,78,MC-OLD,,,NORM
2,Giza,2018-12-31,50000,A,NORM,Normal,0,2026-02-22,Platinum Credit Card,200,0,25482.78,24056.67,7878.94,2026-02-28,493.86,M,1974-10-10,Edita Food Industries,Primary,100742,,0.0,87,,,,NORM
2,Giza,2018-12-31,50000,A,NORM,Normal,0,2026-02-27,Gold Credit Card,200,0,7009.87,42616.23,14983.18,2026-02-19,371.64,M,1974-10-10,Edita Food Industries,Primary,100742,,0.0,87,,,,NORM
2,Giza,2019-05-21,15000,A,NORM,Normal,0,2026-02-22,Gold Credit Card,500,0,13674.68,1289.92,3750.55,2026-02-28,335.66,F,1995-02-10,Government,Primary,100743,,0.0,82,,VISA-OLD2,,NORM
2,Giza,2019-05-21,15000,A,NORM,Normal,0,2026-02-28,Cashback Card,500,0,5601.99,9281.14,294.15,2026-02-08,695.37,F,1995-02-10,Government,Primary,100743,,0.0,82,,VISA-OLD2,,NORM
5,Tanta,2019-02-10,5000,A,NEW,New,0,2026-03-01,Gold Credit Card,100,300,1582.03,3374.18,1254.77,2026-02-26,1992.9,F,1987-04-01,Orascom,Primary,100744,,0.0,85,,,,NEW
1,Cairo Main,2023-10-05,15000,A,NORM,Normal,0,2026-02-19,Cashback Card,200,0,8643.11,6209.23,3540.62,2026-02-23,451.72,F,1990-10-20,Banque Misr,Primary,100745,,0.0,29,,VISA-OLD2,,NORM
7,Luxor,2023-02-19,15000,A,NORM,Normal,0,2026-02-17,Gold Credit Card,500,1000,13163.58,1825.76,1264.04,2026-02-19,927.76,M,1991-09-14,Freelancer,Primary,100746,,0.0,36,,,,NORM
7,Luxor,2023-02-19,15000,A,NORM,Normal,0,2026-02-21,Cashback Card,500,1000,7342.53,7270.02,2862.67,2026-02-02,1017.53,M,1991-09-14,Freelancer,Primary,100746,,0.0,36,,,,NORM
7,Luxor,2023-02-19,15000,A,NORM,Normal,0,2026-02-26,Titanium Credit Card,500,1000,5859.93,8690.98,1109.05,2026-02-03,50.71,M,1991-09-14,Freelancer,Primary,100746,,0.0,36,,,,NORM
7,Luxor,2021-07-04,10000,A,NORM,Normal,0,2026-02-15,Classic Credit Card,0,150,8366.35,1234.68,11.79,2026-02-26,972.57,M,1994-07-26,National Bank of Egypt,Primary,100747,,0.0,56,,VISA-OLD2,,NORM
8,Zagazig,2018-02-13,75000,A,30DD,30 Days Delinquent,30,2026-02-23,Platinum Credit Card,0,500,60352.78,14320.3,20417.7,2026-02-09,1617.89,M,1996-04-04,Government,Primary,100748,,14437.34,97,,,,30DD
8,Zagazig,2018-02-13,75000,A,NORM,Normal,0,2026-02-27,Cashback Card,0,500,66070.77,8707.15,2323.43,2026-01-30,884.7,M,1996-04-04,Government,Primary,100748,,0.0,97,,,,NORM
8,Zagazig,2018-02-13,75000,A,NORM,Normal,0,2026-03-01,Travel Rewards Card,0,500,52262.56,22321.37,22335.76,2026-02-20,340.44,M,1996-04-04,Government,Primary,100748,,0.0,97,,,,NORM
9,Ismailia,2021-11-14,20000,A,NORM,Normal,0,2026-02-19,Classic Credit Card,500,150,4018.89,15938.04,5830.43,2026-02-17,1698.42,M,1993-08-17,Government,Primary,100749,,0.0,52,,,,NORM
9,Ismailia,2018-07-28,75000,A,NORM,Normal,0,2026-02-20,Business Credit Card,200,0,14496.14,60387.68,14975.62,2026-02-12,1327.18,F,1975-11-06,Self Employed,Secondary,100750,,0.0,92,,VISA-OLD2,,NORM
2,Giza,2021-05-10,100000,A,NORM,Normal,0,2026-02-22,World Elite Card,500,150,93417.33,6119.86,11220.77,2026-02-23,1135.09,F,1973-01-04,Juhayna,Secondary,100751,,0.0,58,MC-OLD,,,NORM
8,Zagazig,2023-06-23,5000,A,NORM,Normal,0,2026-02-18,Gold Credit Card,200,300,3574.81,1411.93,316.67,2026-02-21,487.61,F,1987-09-17,IBM Egypt,Primary,100752,,0.0,32,,,,NORM
7,Luxor,2018-02-06,10000,A,NORM,Normal,0,2026-02-24,Classic Credit Card,100,500,8836.4,1135.9,1851.57,2026-02-03,769.45,M,1975-11-26,Amazon Egypt,Secondary,100753,,0.0,98,,,,NORM
5,Tanta,2023-04-12,75000,A,NORM,Normal,0,2026-02-14,Titanium Credit Card,100,1000,19903.71,54736.62,16146.74,2026-02-05,1295.19,F,1970-02-21,IBM Egypt,Primary,100754,,0.0,35,VISA-OLD,,,NORM
3,Alexandria,2021-12-19,75000,A,NORM,Normal,0,2026-02-20,Platinum Credit Card,0,150,671.55,74101.24,21634.4,2026-02-01,1526.7,F,1966-04-10,Vodafone Egypt,Primary,100755,,0.0,51,VISA-OLD,,,NORM
6,Assiut,2019-10-19,20000,A,NORM,Normal,0,2026-02-23,Platinum Credit Card,500,500,1250.18,18496.54,4305.94,2026-02-24,1585.56,F,1961-06-01,Self Employed,Primary,100756,,0.0,77,,,,NORM
6,Assiut,2019-10-19,20000,A,NORM,Normal,0,2026-02-22,Business Credit Card,500,500,15276.35,4300.75,2256.69,2026-02-18,1671.19,F,1961-06-01,Self Employed,Primary,100756,,0.0,77,,,,NORM
6,Assiut,2019-10-19,20000,A,NORM,Normal,0,2026-02-27,Classic Credit Card,500,500,8062.41,11531.55,3320.45,2026-02-07,521.55,F,1961-06-01,Self Employed,Primary,100756,,0.0,77,,,,NORM
7,Luxor,2022-05-12,15000,A,NORM,Normal,0,2026-02-26,Classic Credit Card,0,150,13074.87,1804.42,2594.28,2026-02-03,1789.09,M,1982-07-06,CIB,Primary,100757,,0.0,46,,,,NORM
7,Luxor,2022-05-12,15000,A,NORM,Normal,0,2026-02-18,Cashback Card,0,150,8091.09,6688.75,150.2,2026-02-28,727.68,M,1982-07-06,CIB,Primary,100757,,0.0,46,,,,NORM
7,Luxor,2022-05-12,15000,A,NORM,Normal,0,2026-02-25,Titanium Credit Card,0,150,6023.63,8861.87,1437.44,2026-02-09,236.88,M,1982-07-06,CIB,Primary,100757,,0.0,46,,,,NORM
10,Suez,2018-02-02,75000,A,NORM,Normal,0,2026-02-23,Business Credit Card,500,0,23100.77,51729.73,8847.03,2026-02-03,1868.93,F,1993-01-29,Self Employed,Primary,100758,,0.0,98,,VISA-OLD2,,NORM
3,Alexandria,2021-02-25,10000,A,NORM,Normal,0,2026-02-15,Classic Credit Card,100,500,1761.22,8087.65,625.88,2026-02-10,31.15,M,1971-03-11,Talaat Moustafa Group,Primary,100759,,0.0,61,MC-OLD,VISA-OLD2,,NORM
3,Alexandria,2021-02-25,10000,A,30DD,30 Days Delinquent,30,2026-02-22,Cashback Card,100,500,5957.53,3728.27,1457.99,2026-02-01,1198.6,M,1971-03-11,Talaat Moustafa Group,Primary,100759,,2302.12,61,MC-OLD,VISA-OLD2,,30DD
3,Alexandria,2021-02-25,10000,A,NORM,Normal,0,2026-02-17,World Elite Card,100,500,5944.83,3817.45,2519.78,2026-02-25,795.07,M,1971-03-11,Talaat Moustafa Group,Primary,100759,,0.0,61,MC-OLD,VISA-OLD2,,NORM
3,Alexandria,2024-08-18,15000,A,NORM,Normal,0,2026-02-28,Gold Credit Card,0,300,13696.84,1122.1,567.64,2026-02-02,658.53,M,1968-06-18,Elsewedy Capital,Secondary,100760,,0.0,18,VISA-OLD,,,NORM
10,Suez,2019-01-08,5000,A,NORM,Normal,0,2026-02-27,Gold Credit Card,100,150,411.58,4095.96,10.63,2026-02-07,1567.54,F,1968-12-14,Microsoft Egypt,Primary,100761,,0.0,86,,VISA-OLD2,,NORM
7,Luxor,2018-07-31,30000,A,NORM,Normal,0,2026-02-19,Gold Credit Card,200,500,499.21,29115.43,498.44,2026-02-02,848.26,M,1988-11-18,CIB,Primary,100762,,0.0,92,,,,NORM
1,Cairo Main,2018-08-02,50000,A,NORM,Normal,0,2026-02-21,Titanium Credit Card,0,500,39419.62,10350.54,8427.72,2026-02-03,1935.89,M,1960-01-09,El Sewedy Electric,Primary,100763,,0.0,92,VISA-OLD,,,NORM
6,Assiut,2019-04-02,10000,A,NORM,Normal,0,2026-02-22,Classic Credit Card,200,300,5581.39,4377.66,2842.68,2026-02-01,2.41,F,1973-08-26,Vodafone Egypt,Primary,100764,,0.0,84,MC-OLD,VISA-OLD2,,NORM
10,Suez,2020-09-02,30000,A,NORM,Normal,0,2026-02-20,Classic Credit Card,0,150,14515.3,15414.73,6874.03,2026-02-12,1332.02,M,1976-09-01,El Sewedy Electric,Primary,100765,,0.0,66,,,,NORM
8,Zagazig,2018-11-03,150000,A,NORM,Normal,0,2026-02-17,Platinum Credit Card,100,1000,75241.31,74733.07,30617.96,2026-01-31,956.14,M,1964-06-04,Military,Primary,100766,,0.0,89,,,,NORM
9,Ismailia,2020-10-31,150000,A,NORM,Normal,0,2026-02-26,Platinum Credit Card,0,500,131816.42,18146.79,11866.32,2026-02-20,987.58,M,1991-12-02,IBM Egypt,Primary,100767,,0.0,64,MC-OLD,VISA-OLD2,,NORM
9,Ismailia,2020-10-31,150000,A,NEW,New,0,2026-02-18,Travel Rewards Card,0,500,139196.03,10329.63,11025.54,2026-02-15,1938.85,M,1991-12-02,IBM Egypt,Primary,100767,,0.0,64,MC-OLD,VISA-OLD2,,NEW
1,Cairo Main,2024-09-20,30000,A,NORM,Normal,0,2026-02-25,Cashback Card,0,150,-788.47,29142.28,8890.43,2026-02-04,1757.57,F,1967-06-28,Banque Misr,Primary,100768,,0.0,17,MC-OLD,VISA-OLD2,,NORM
2,Giza,2022-11-29,150000,A,NORM,Normal,0,2026-02-20,Platinum Credit Card,500,1000,18598.35,131360.84,32725.58,2026-02-16,243.13,F,1967-06-04,Microsoft Egypt,Primary,100769,,0.0,39,,,,NORM
10,Suez,2024-08-22,5000,A,NORM,Normal,0,2026-03-01,Cashback Card,200,300,2849.89,1836.42,1076.68,2026-02-02,311.08,M,1969-10-08,Government,Primary,100770,,0.0,18,,VISA-OLD2,,NORM
2,Giza,2020-07-06,5000,A,NORM,Normal,0,2026-02-16,Classic Credit Card,100,300,3514.03,1140.83,654.54,2026-02-21,1013.49,M,1967-09-04,Ministry of Health,Primary,100771,,0.0,68,,,,NORM
4,Mansoura,2019-04-21,5000,A,NORM,Normal,0,2026-02-16,Gold Credit Card,200,0,2784.8,1919.67,620.74,2026-02-14,547.83,F,1983-12-24,IBM Egypt,Primary,100772,,0.0,83,VISA-OLD,VISA-OLD2,,NORM
5,Tanta,2018-08-23,5000,A,NORM,Normal,0,2026-02-22,Gold Credit Card,100,300,273.55,4335.67,999.64,2026-02-06,1317.18,M,1974-07-24,IBM Egypt,Primary,100773,,0.0,91,MC-OLD,,,NORM
7,Luxor,2020-11-20,200000,A,60DA,60 Days Delinquent,60,2026-02-17,Platinum Credit Card,100,300,9381.52,190168.63,53212.27,2026-02-03,1610.09,F,1989-04-30,Ministry of Health,Primary,100774,,18327.6,64,VISA-OLD,,,60DA
8,Zagazig,2022-11-13,50000,A,NEW,New,0,2026-02-21,Platinum Credit Card,100,150,4177.26,45378.71,3606.0,2026-02-10,1210.03,M,1970-05-24,Banque Misr,Primary,100775,,0.0,40,,,,NEW
8,Zagazig,2022-11-13,50000,A,NORM,Normal,0,2026-02-24,World Elite Card,100,150,11846.1,37723.86,14044.24,2026-02-18,1813.99,M,1970-05-24,Banque Misr,Primary,100775,,0.0,40,,,,NORM
8,Zagazig,2022-11-13,50000,A,NORM,Normal,0,2026-02-22,Travel Rewards Card,100,150,8506.31,41343.05,7803.54,2026-02-04,1602.87,M,1970-05-24,Banque Misr,Primary,100775,,0.0,40,,,,NORM
1,Cairo Main,2019-10-30,15000,A,NORM,Normal,0,2026-02-26,Classic Credit Card,0,150,5259.97,9388.29,2439.58,2026-02-12,1744.22,M,1973-11-29,Microsoft Egypt,Primary,100776,,0.0,77,VISA-OLD,,,NORM
2,Giza,2023-11-28,15000,A,NEW,New,0,2026-02-16,Gold Credit Card,500,0,-328.43,14279.99,1001.53,2026-02-27,515.01,M,1992-06-28,Vodafone Egypt,Secondary,100777,,0.0,27,,,,NEW
4,Mansoura,2018-12-09,30000,A,NORM,Normal,0,2026-02-19,Classic Credit Card,0,1000,13371.72,16468.04,4497.14,2026-02-26,634.53,F,1994-07-18,Banque Misr,Secondary,100778,,0.0,87,,,,NORM
4,Mansoura,2018-12-09,30000,A,NORM,Normal,0,2026-02-17,Gold Credit Card,0,1000,18256.65,11352.48,502.08,2026-02-08,1397.2,F,1994-07-18,Banque Misr,Secondary,100778,,0.0,87,,,,NORM
4,Mansoura,2018-12-09,30000,A,NORM,Normal,0,2026-02-18,Cashback Card,0,1000,12166.67,17593.88,5487.75,2026-02-23,1154.25,F,1994-07-18,Banque Misr,Secondary,100778,,0.0,87,,,,NORM
3,Alexandria,2024-04-24,100000,A,NORM,Normal,0,2026-02-15,Platinum Credit Card,100,150,-8339.8,91295.33,28635.89,2026-02-21,336.6,M,1981-07-20,Orascom,Primary,100779,,0.0,22,,VISA-OLD2,,NORM
2,Giza,2018-07-02,10000,A,NORM,Normal,0,2026-02-23,Cashback Card,500,150,8306.41,1210.28,1185.81,2026-02-28,291.51,M,1960-12-13,Ministry of Health,Secondary,100780,,0.0,93,,,,NORM
7,Luxor,2019-08-27,50000,A,NORM,Normal,0,2026-02-19,Titanium Credit Card,0,500,10590.23,39142.18,100.7,2026-02-09,689.4,M,1977-04-15,Juhayna,Secondary,100781,,0.0,79,,,,NORM
5,Tanta,2018-11-09,200000,A,NORM,Normal,0,2026-02-15,World Elite Card,0,1000,99232.52,100522.63,46173.71,2026-02-05,1940.34,M,1976-01-11,Edita Food Industries,Primary,100782,,0.0,88,MC-OLD,,,NORM
10,Suez,2022-10-08,15000,A,NORM,Normal,0,2026-02-19,Gold Credit Card,200,0,1580.15,13004.56,4395.36,2026-02-01,1527.28,F,1968-02-19,Juhayna,Secondary,100783,,0.0,41,,,,NORM
2,Giza,2018-01-09,15000,A,NORM,Normal,0,2026-02-21,Gold Credit Card,500,500,13646.31,945.63,1146.85,2026-02-14,1364.38,M,1995-05-21,Banque Misr,Primary,100784,,0.0,99,VISA-OLD,,,NORM
3,Alexandria,2021-08-16,15000,A,NORM,Normal,0,2026-02-15,Gold Credit Card,500,500,6051.88,8839.83,1761.81,2026-01-30,23.7,F,1964-01-21,Orascom,Primary,100785,,0.0,55,,,,NORM
3,Alexandria,2021-08-16,15000,A,NORM,Normal,0,2026-02-15,Cashback Card,500,500,5204.72,9314.63,1768.25,2026-02-08,1725.69,F,1964-01-21,Orascom,Primary,100785,,0.0,55,,,,NORM
4,Mansoura,2022-09-11,150000,A,NORM,Normal,0,2026-02-24,Business Credit Card,500,1000,10249.25,139276.71,13124.86,2026-02-01,410.57,M,1977-03-10,Self Employed,Primary,100786,,0.0,42,MC-OLD,,,NORM
9,Ismailia,2020-06-17,10000,A,NORM,Normal,0,2026-02-28,Classic Credit Card,0,300,-848.66,9129.86,1193.77,2026-02-21,1486.23,F,1985-12-02,Elsewedy Capital,Secondary,100787,,0.0,69,,,,NORM
6,Assiut,2019-07-25,30000,A,NORM,Normal,0,2026-02-25,Cashback Card,500,150,1603.82,27914.18,5654.51,2026-02-08,1022.55,M,1976-03-09,Freelancer,Secondary,100788,,0.0,80,,,,NORM
2,Giza,2019-08-10,75000,A,NORM,Normal,0,2026-02-14,Titanium Credit Card,200,0,64092.64,10475.11,17985.85,2026-02-27,1365.9,M,1991-03-18,Vodafone Egypt,Primary,100789,,0.0,79,,,,NORM
10,Suez,2019-10-10,5000,A,NORM,Normal,0,2026-02-16,Classic Credit Card,100,0,564.29,4349.83,662.07,2026-02-06,1963.18,M,1999-01-17,Banque Misr,Primary,100790,,0.0,77,VISA-OLD,,,NORM
3,Alexandria,2019-07-28,150000,A,NORM,Normal,0,2026-02-25,Platinum Credit Card,500,0,30770.76,119054.77,8275.14,2026-02-13,13.17,F,1981-01-26,Juhayna,Primary,100791,,0.0,80,,,,NORM
10,Suez,2019-12-12,150000,A,NORM,Normal,0,2026-02-21,Platinum Credit Card,500,1000,118080.22,31644.57,6197.7,2026-02-13,1659.21,F,1993-09-10,Orascom,Secondary,100792,,0.0,75,MC-OLD,,,NORM
4,Mansoura,2019-10-05,30000,A,NORM,Normal,0,2026-02-23,Classic Credit Card,100,500,18479.17,11440.75,5517.65,2026-02-15,1258.46,M,1979-01-02,National Bank of Egypt,Primary,100793,,0.0,77,,VISA-OLD2,,NORM
10,Suez,2018-11-13,100000,A,NORM,Normal,0,2026-02-27,Business Credit Card,500,500,6486.07,93148.25,9817.14,2026-02-18,1368.86,M,1997-10-03,Self Employed,Primary,100794,,0.0,88,,,,NORM
4,Mansoura,2019-03-21,10000,A,NORM,Normal,0,2026-02-20,Gold Credit Card,0,150,9048.45,509.05,97.08,2026-02-25,1377.27,F,1972-02-09,National Bank of Egypt,Primary,100795,,0.0,84,,,,NORM
4,Mansoura,2018-02-14,30000,A,NORM,Normal,0,2026-02-28,Cashback Card,0,150,19365.17,10570.42,7894.02,2026-02-22,25.73,F,1986-10-14,El Sewedy Electric,Primary,100796,,0.0,97,MC-OLD,VISA-OLD2,,NORM
1,Cairo Main,2023-06-05,5000,A,NORM,Normal,0,2026-02-25,Gold Credit Card,0,300,4729.17,203.51,360.94,2026-02-27,1491.64,F,1985-04-15,Orange Egypt,Secondary,100797,,0.0,33,MC-OLD,,,NORM
6,Assiut,2022-05-20,50000,A,NORM,Normal,0,2026-02-25,Platinum Credit Card,0,1000,-4851.92,44695.87,10044.98,2026-02-07,1754.31,M,1993-09-22,Banque Misr,Primary,100798,,0.0,46,VISA-OLD,,,NORM
6,Assiut,2022-05-20,50000,A,NORM,Normal,0,2026-02-26,Travel Rewards Card,0,1000,5368.3,44403.25,12103.18,2026-02-10,1961.22,M,1993-09-22,Banque Misr,Primary,100798,,0.0,46,VISA-OLD,,,NORM
10,Suez,2018-06-03,30000,A,NORM,Normal,0,2026-02-26,Gold Credit Card,0,0,1458.69,28062.96,271.22,2026-02-09,1742.4,M,1998-12-21,Orascom,Secondary,100799,,0.0,94,,,,NORM
9,Ismailia,2024-10-29,150000,A,NORM,Normal,0,2026-02-17,World Elite Card,200,300,19825.38,129963.61,40493.34,2026-02-15,1672.3,F,1983-02-28,Edita Food Industries,Primary,100800,,0.0,16,VISA-OLD,,,NORM
7,Luxor,2020-05-05,200000,A,NORM,Normal,0,2026-02-21,World Elite Card,500,0,121972.87,78022.51,12380.48,2026-02-28,747.63,M,1970-09-22,Military,Primary,100801,,0.0,70,,VISA-OLD2,,NORM
2,Giza,2019-01-21,100000,A,NEW,New,0,2026-02-21,Platinum Credit Card,100,0,-3250.85,96739.72,2987.71,2026-02-16,1160.57,F,1982-05-19,Edita Food Industries,Primary,100802,,0.0,86,,,,NEW
2,Giza,2023-03-03,30000,A,NORM,Normal,0,2026-03-01,Business Credit Card,100,0,18601.89,11254.41,7099.01,2026-02-18,199.7,F,1968-01-14,Self Employed,Primary,100803,,0.0,36,,,,NORM
2,Giza,2023-03-03,30000,A,NORM,Normal,0,2026-02-24,Titanium Credit Card,100,0,-8.01,29788.38,1284.31,2026-02-15,1031.45,F,1968-01-14,Self Employed,Primary,100803,,0.0,36,,,,NORM
2,Giza,2023-03-03,30000,A,NORM,Normal,0,2026-03-01,Travel Rewards Card,100,0,6315.12,23625.37,54.64,2026-02-02,1308.39,F,1968-01-14,Self Employed,Primary,100803,,0.0,36,,,,NORM
7,Luxor,2024-12-13,15000,A,30DD,30 Days Delinquent,30,2026-02-23,Cashback Card,200,300,4925.14,9788.29,444.22,2026-02-05,244.34,M,1998-06-11,Freelancer,Primary,100804,,6493.17,14,MC-OLD,,,30DD
5,Tanta,2018-06-24,200000,A,NORM,Normal,0,2026-02-24,World Elite Card,0,150,128753.14,71060.62,41887.85,2026-02-06,266.32,M,1999-05-11,Orange Egypt,Primary,100805,,0.0,93,,VISA-OLD2,,NORM
5,Tanta,2018-06-24,200000,A,NORM,Normal,0,2026-02-23,Travel Rewards Card,0,150,96061.64,103914.36,30192.86,2026-02-11,1968.21,M,1999-05-11,Orange Egypt,Primary,100805,,0.0,93,,VISA-OLD2,,NORM
7,Luxor,2018-10-26,20000,A,NORM,Normal,0,2026-02-28,Classic Credit Card,200,500,11355.18,8527.31,5527.4,2026-02-05,1909.29,F,1998-04-20,Microsoft Egypt,Primary,100806,,0.0,89,VISA-OLD,,,NORM
7,Luxor,2018-10-26,20000,A,NORM,Normal,0,2026-02-23,Cashback Card,200,500,4427.31,15075.16,1046.14,2026-02-18,1191.63,F,1998-04-20,Microsoft Egypt,Primary,100806,,0.0,89,VISA-OLD,,,NORM
2,Giza,2019-03-20,75000,A,NORM,Normal,0,2026-02-19,Titanium Credit Card,0,300,887.42,74054.67,7416.27,2026-02-23,638.68,F,1968-02-01,Amazon Egypt,Secondary,100807,,0.0,84,VISA-OLD,,,NORM
8,Zagazig,2021-02-14,100000,A,NORM,Normal,0,2026-02-24,Platinum Credit Card,100,150,77656.52,22111.98,21123.73,2026-02-11,803.73,F,1965-02-16,Orange Egypt,Primary,100808,,0.0,61,MC-OLD,,,NORM
1,Cairo Main,2022-01-20,75000,A,NORM,Normal,0,2026-03-01,Business Credit Card,100,0,69924.96,4936.86,13220.12,2026-02-21,509.45,F,1996-04-08,Self Employed,Primary,100809,,0.0,50,,,,NORM
3,Alexandria,2021-01-26,75000,A,30DD,30 Days Delinquent,30,2026-02-14,Titanium Credit Card,500,1000,55684.41,19048.77,157.34,2026-02-04,235.47,M,1963-02-08,National Bank of Egypt,Primary,100810,,35990.12,62,,,,30DD
1,Cairo Main,2022-10-22,50000,A,NORM,Normal,0,2026-02-25,Titanium Credit Card,500,500,-1461.13,48094.45,12650.92,2026-02-02,356.18,F,1964-02-23,Juhayna,Primary,100811,,0.0,40,,,,NORM
6,Assiut,2024-05-25,75000,A,90DA,90 Days Delinquent,90,2026-02-18,Platinum Credit Card,0,1000,9839.59,64681.77,15573.07,2026-02-19,1192.51,M,1991-01-30,Vodafone Egypt,Primary,100812,,15117.22,21,,,,90DA
3,Alexandria,2019-08-28,100000,A,NORM,Normal,0,2026-02-19,Platinum Credit Card,200,1000,24228.42,75374.85,16905.93,2026-02-14,889.83,M,1980-07-28,Edita Food Industries,Secondary,100813,,0.0,79,,,,NORM
10,Suez,2018-05-30,20000,A,NORM,Normal,0,2026-02-15,Cashback Card,100,1000,18633.64,1322.23,4083.72,2026-02-03,1978.88,F,1964-05-15,El Sewedy Electric,Primary,100814,,0.0,94,,,,NORM
10,Suez,2022-02-25,50000,A,NORM,Normal,0,2026-02-16,Titanium Credit Card,0,500,6733.73,42911.95,11378.94,2026-02-14,1943.13,F,1960-08-23,Vodafone Egypt,Primary,100815,,0.0,48,,,,NORM
9,Ismailia,2023-11-13,50000,A,NORM,Normal,0,2026-02-17,Platinum Credit Card,100,1000,8130.99,41485.48,10242.43,2026-02-26,1.12,M,1979-02-07,CIB,Primary,100816,,0.0,27,VISA-OLD,,,NORM
9,Ismailia,2023-11-13,50000,A,NORM,Normal,0,2026-02-28,Titanium Credit Card,100,1000,41840.62,7981.06,7959.1,2026-02-14,1595.98,M,1979-02-07,CIB,Primary,100816,,0.0,27,VISA-OLD,,,NORM
9,Ismailia,2023-11-13,50000,A,NORM,Normal,0,2026-02-23,World Elite Card,100,1000,13303.1,36232.72,2518.3,2026-02-25,402.84,M,1979-02-07,CIB,Primary,100816,,0.0,27,VISA-OLD,,,NORM
7,Luxor,2021-03-06,200000,A,NORM,Normal,0,2026-02-23,Classic Credit Card,500,0,104973.67,94838.35,465.74,2026-02-12,544.59,F,1988-06-11,CIB,Primary,100817,,0.0,60,MC-OLD,VISA-OLD2,,NORM
7,Luxor,2021-03-06,200000,A,NORM,Normal,0,2026-02-22,World Elite Card,500,0,137150.0,62785.05,30455.24,2026-02-10,14.06,F,1988-06-11,CIB,Primary,100817,,0.0,60,MC-OLD,VISA-OLD2,,NORM
7,Luxor,2021-03-06,200000,A,60DA,60 Days Delinquent,60,2026-02-14,Travel Rewards Card,500,0,84126.83,115677.96,7009.92,2026-02-21,1154.63,F,1988-06-11,CIB,Primary,100817,,13146.37,60,MC-OLD,VISA-OLD2,,60DA
2,Giza,2022-12-25,150000,A,NORM,Normal,0,2026-02-19,Platinum Credit Card,100,500,78617.06,71149.67,28503.05,2026-01-30,1391.86,F,1988-06-01,Cairo University,Primary,100818,,0.0,38,VISA-OLD,,,NORM
2,Giza,2022-12-25,150000,A,30DD,30 Days Delinquent,30,2026-02-18,Gold Credit Card,100,500,128697.54,20874.31,23439.18,2026-02-13,1765.03,F,1988-06-01,Cairo University,Primary,100818,,20219.24,38,VISA-OLD,,,30DD
6,Assiut,2023-03-16,75000,A,NORM,Normal,0,2026-02-17,Titanium Credit Card,100,1000,21282.74,53395.91,21226.16,2026-02-01,1025.06,F,1995-08-09,Microsoft Egypt,Primary,100819,,0.0,36,,,,NORM
7,Luxor,2020-09-16,5000,A,NORM,Normal,0,2026-02-15,Classic Credit Card,100,300,3558.08,1312.82,352.28,2026-02-10,791.85,F,1990-03-15,Amazon Egypt,Primary,100820,,0.0,66,MC-OLD,,,NORM
4,Mansoura,2022-05-23,20000,A,NORM,Normal,0,2026-02-14,Classic Credit Card,500,150,12947.05,6604.68,51.32,2026-02-28,474.42,F,1984-12-05,Military,Secondary,100821,,0.0,45,,,,NORM
6,Assiut,2019-10-11,75000,A,NORM,Normal,0,2026-02-20,Platinum Credit Card,0,1000,40968.78,33541.11,19117.2,2026-02-05,1563.67,F,1983-03-16,Elsewedy Capital,Secondary,100822,,0.0,77,,VISA-OLD2,,NORM
3,Alexandria,2020-04-14,10000,A,NORM,Normal,0,2026-02-20,Classic Credit Card,100,0,6181.91,3496.8,757.95,2026-02-03,554.21,M,1974-06-18,National Bank of Egypt,Primary,100823,,0.0,71,,,,NORM
8,Zagazig,2022-01-06,15000,A,NORM,Normal,0,2026-02-16,Classic Credit Card,200,150,-819.37,13979.13,4075.32,2026-02-23,270.88,M,1988-06-17,Elsewedy Capital,Primary,100824,,0.0,50,VISA-OLD,,,NORM
1,Cairo Main,2018-12-06,15000,A,NORM,Normal,0,2026-02-15,Cashback Card,0,0,13088.47,1769.13,1045.17,2026-02-04,1660.69,F,1972-05-02,Vodafone Egypt,Secondary,100825,,0.0,88,,,,NORM
3,Alexandria,2020-12-09,15000,A,90DA,90 Days Delinquent,90,2026-02-19,Gold Credit Card,100,500,218.72,14585.78,3301.32,2026-02-21,1159.48,M,1972-09-01,National Bank of Egypt,Primary,100826,,8461.8,63,,,,90DA
2,Giza,2018-11-09,20000,A,NEW,New,0,2026-02-28,Gold Credit Card,500,150,2395.26,17299.13,1976.34,2026-02-08,924.12,M,1981-10-28,Amazon Egypt,Primary,100827,,0.0,88,,VISA-OLD2,,NEW
10,Suez,2018-05-09,10000,A,NORM,Normal,0,2026-02-19,Gold Credit Card,0,150,7219.57,2297.37,1091.62,2026-02-01,900.88,F,1998-05-06,Edita Food Industries,Secondary,100828,,0.0,95,,VISA-OLD2,,NORM
10,Suez,2018-05-09,10000,A,NORM,Normal,0,2026-02-27,Cashback Card,0,150,8680.29,1071.27,1249.92,2026-02-03,756.83,F,1998-05-06,Edita Food Industries,Secondary,100828,,0.0,95,,VISA-OLD2,,NORM
10,Suez,2018-05-09,10000,A,NORM,Normal,0,2026-02-14,Travel Rewards Card,0,150,9457.97,432.99,919.75,2026-02-27,1682.02,F,1998-05-06,Edita Food Industries,Secondary,100828,,0.0,95,,VISA-OLD2,,NORM
1,Cairo Main,2018-04-05,150000,A,NORM,Normal,0,2026-02-15,Classic Credit Card,100,0,-6055.7,143722.87,30146.58,2026-02-03,931.38,F,1984-01-16,Government,Primary,100829,,0.0,96,,,,NORM
1,Cairo Main,2018-04-05,150000,A,NORM,Normal,0,2026-03-01,World Elite Card,100,0,123625.42,26031.54,38694.63,2026-02-18,1283.84,F,1984-01-16,Government,Primary,100829,,0.0,96,,,,NORM
5,Tanta,2023-05-27,20000,A,NORM,Normal,0,2026-02-23,Cashback Card,200,500,8665.08,11225.96,3503.21,2026-02-24,394.74,F,1972-04-10,National Bank of Egypt,Primary,100830,,0.0,33,VISA-OLD,,,NORM
5,Tanta,2020-03-21,30000,A,NORM,Normal,0,2026-02-19,Cashback Card,200,150,7128.73,22864.44,8137.71,2026-02-15,259.79,M,1967-10-04,Microsoft Egypt,Secondary,100831,,0.0,72,VISA-OLD,,,NORM
8,Zagazig,2024-09-08,30000,A,NORM,Normal,0,2026-02-25,Cashback Card,500,500,18486.71,11491.68,1685.58,2026-02-26,1859.39,M,1979-01-03,Edita Food Industries,Primary,100832,,0.0,17,,,,NORM
8,Zagazig,2018-05-19,150000,A,NORM,Normal,0,2026-02-19,Platinum Credit Card,200,500,46832.6,103069.62,20637.03,2026-02-18,1617.72,M,1967-07-03,Talaat Moustafa Group,Primary,100833,,0.0,94,,,,NORM
3,Alexandria,2020-10-01,10000,A,NORM,Normal,0,2026-02-25,Gold Credit Card,100,300,3730.15,6138.61,2069.92,2026-02-22,1937.16,M,1976-01-18,El Sewedy Electric,Primary,100834,,0.0,65,,,,NORM
4,Mansoura,2024-05-13,50000,A,NORM,Normal,0,2026-02-19,Titanium Credit Card,200,1000,20308.75,29653.83,6358.21,2026-02-09,1772.46,M,1980-11-15,Elsewedy Capital,Primary,100835,,0.0,21,,VISA-OLD2,,NORM
5,Tanta,2024-10-25,10000,A,NORM,Normal,0,2026-02-28,Gold Credit Card,500,300,6458.79,3384.23,1034.03,2026-02-14,1826.49,F,1992-02-17,Cairo University,Primary,100836,,0.0,16,,,,NORM
5,Tanta,2024-10-25,10000,A,NORM,Normal,0,2026-02-16,Cashback Card,500,300,-569.98,9373.25,754.43,2026-02-22,1948.75,F,1992-02-17,Cairo University,Primary,100836,,0.0,16,,,,NORM
8,Zagazig,2021-01-29,75000,A,NORM,Normal,0,2026-02-17,Platinum Credit Card,200,1000,66001.13,8818.64,6167.13,2026-02-13,222.31,F,1962-02-05,CIB,Primary,100837,,0.0,61,,,,NORM
1,Cairo Main,2024-06-16,5000,A,NORM,Normal,0,2026-02-25,Gold Credit Card,0,1000,2392.81,2482.55,994.01,2026-02-26,955.22,M,1988-11-14,Freelancer,Primary,100838,,0.0,20,,,,NORM
8,Zagazig,2022-08-28,30000,A,NORM,Normal,0,2026-02-17,Gold Credit Card,500,0,21749.41,7829.22,2924.35,2026-02-14,206.74,F,1964-04-07,Talaat Moustafa Group,Primary,100839,,0.0,42,,,,NORM
5,Tanta,2023-02-05,100000,A,NORM,Normal,0,2026-03-01,World Elite Card,0,0,81276.88,18269.94,16230.61,2026-02-21,729.36,M,1991-03-29,CIB,Primary,100840,,0.0,37,,,,NORM
5,Tanta,2023-02-05,100000,A,NORM,Normal,0,2026-02-21,Travel Rewards Card,0,0,34020.87,65631.64,7449.97,2026-02-28,741.96,M,1991-03-29,CIB,Primary,100840,,0.0,37,,,,NORM
4,Mansoura,2018-12-27,20000,A,NORM,Normal,0,2026-02-23,Classic Credit Card,0,300,17731.13,1978.55,306.33,2026-02-15,1411.39,M,1967-08-20,IBM Egypt,Primary,100841,,0.0,87,,,,NORM
4,Mansoura,2018-12-27,20000,A,NORM,Normal,0,2026-02-20,Cashback Card,0,300,8494.17,11262.19,3233.6,2026-02-03,1845.86,M,1967-08-20,IBM Egypt,Primary,100841,,0.0,87,,,,NORM
5,Tanta,2024-11-14,75000,A,NORM,Normal,0,2026-02-28,Platinum Credit Card,500,0,43385.57,31370.35,19301.08,2026-02-22,525.71,M,1974-10-09,Talaat Moustafa Group,Primary,100842,,0.0,15,,VISA-OLD2,,NORM
7,Luxor,2023-01-05,10000,A,NORM,Normal,0,2026-02-22,Cashback Card,500,500,-628.66,9111.57,2082.84,2026-02-02,800.61,F,1988-07-27,Government,Primary,100843,,0.0,38,VISA-OLD,,,NORM
2,Giza,2021-04-28,10000,A,NORM,Normal,0,2026-03-01,Classic Credit Card,100,0,5937.24,3652.95,426.35,2026-02-15,367.48,M,1971-11-01,IBM Egypt,Secondary,100844,,0.0,58,,,,NORM
1,Cairo Main,2020-06-04,100000,A,NORM,Normal,0,2026-03-01,World Elite Card,200,150,5715.0,94002.88,11235.74,2026-02-18,800.82,F,1990-01-28,Microsoft Egypt,Primary,100845,,0.0,69,,,,NORM
3,Alexandria,2023-08-29,10000,A,NORM,Normal,0,2026-03-01,Gold Credit Card,500,500,5357.67,4426.5,2815.65,2026-02-14,1835.37,M,1998-01-11,Banque Misr,Primary,100846,,0.0,30,,,,NORM
5,Tanta,2019-11-04,30000,A,NORM,Normal,0,2026-02-23,Classic Credit Card,500,0,7733.95,22212.14,348.06,2026-02-22,505.7,M,1978-12-23,Cairo University,Primary,100847,,0.0,76,VISA-OLD,,,NORM
5,Tanta,2023-05-05,150000,A,NORM,Normal,0,2026-02-26,World Elite Card,0,300,56992.59,92707.84,40232.11,2026-01-30,764.79,F,1961-04-13,Freelancer,Primary,100848,,0.0,34,VISA-OLD,VISA-OLD2,,NORM
7,Luxor,2021-09-28,5000,A,NORM,Normal,0,2026-02-22,Classic Credit Card,0,500,2393.97,2509.21,356.51,2026-02-07,1176.33,F,1982-10-13,Freelancer,Primary,100849,,0.0,53,,,,NORM
3,Alexandria,2021-02-04,150000,A,NORM,Normal,0,2026-02-17,Platinum Credit Card,0,0,117155.03,32474.65,7089.81,2026-01-30,1566.39,M,1986-08-24,Military,Secondary,100850,,0.0,61,,,,NORM
1,Cairo Main,2024-06-14,30000,A,NORM,Normal,0,2026-02-27,Classic Credit Card,200,150,542.96,29031.99,2018.98,2026-02-13,319.23,F,1961-08-07,Elsewedy Capital,Primary,100851,,0.0,20,,,,NORM
5,Tanta,2020-04-22,15000,A,NEW,New,0,2026-02-25,Gold Credit Card,200,0,-836.55,14135.62,2516.52,2026-01-31,1021.82,M,1982-03-18,El Sewedy Electric,Primary,100852,,0.0,71,MC-OLD,,,NEW
5,Tanta,2020-09-04,15000,A,NORM,Normal,0,2026-02-19,Classic Credit Card,100,300,5500.43,9359.71,2043.13,2026-02-27,572.14,F,1998-03-30,Edita Food Industries,Primary,100853,,0.0,66,,,,NORM
7,Luxor,2018-03-27,15000,A,NORM,Normal,0,2026-02-24,Classic Credit Card,0,1000,6233.18,8496.08,4001.12,2026-02-03,1781.33,F,1974-12-26,Talaat Moustafa Group,Secondary,100854,,0.0,96,MC-OLD,,,NORM
7,Luxor,2018-03-27,15000,A,30DD,30 Days Delinquent,30,2026-03-01,Cashback Card,0,1000,-521.3,14381.94,2971.05,2026-02-02,1919.97,F,1974-12-26,Talaat Moustafa Group,Secondary,100854,,1849.63,96,MC-OLD,,,30DD
8,Zagazig,2020-10-10,100000,A,60DA,60 Days Delinquent,60,2026-02-16,World Elite Card,200,150,7578.16,91933.82,27046.1,2026-02-20,1407.38,M,1999-03-03,CIB,Primary,100855,,33427.67,65,,,,60DA
5,Tanta,2021-10-06,100000,A,NORM,Normal,0,2026-02-16,Business Credit Card,200,500,50856.94,49074.38,26431.18,2026-02-13,26.28,F,1996-01-22,Self Employed,Primary,100856,,0.0,53,,,,NORM
5,Tanta,2021-10-06,100000,A,NORM,Normal,0,2026-02-21,World Elite Card,200,500,75939.72,23649.32,19401.97,2026-01-31,879.92,F,1996-01-22,Self Employed,Primary,100856,,0.0,53,,,,NORM
5,Tanta,2021-09-28,150000,A,NORM,Normal,0,2026-02-15,Platinum Credit Card,0,150,25488.47,124103.25,15418.86,2026-02-17,435.04,F,1991-11-09,Military,Secondary,100857,,0.0,53,,,,NORM
8,Zagazig,2020-09-27,200000,A,NORM,Normal,0,2026-02-21,World Elite Card,100,500,125924.14,73841.22,32847.3,2026-02-11,28.19,M,1961-05-21,Amazon Egypt,Secondary,100858,,0.0,66,MC-OLD,,,NORM
9,Ismailia,2020-12-22,50000,A,NORM,Normal,0,2026-02-15,Titanium Credit Card,200,300,31586.09,18110.91,6248.61,2026-02-13,916.3,M,1967-11-06,Edita Food Industries,Primary,100859,,0.0,63,MC-OLD,,,NORM
10,Suez,2022-11-11,100000,A,NORM,Normal,0,2026-02-15,Platinum Credit Card,500,150,94370.78,5586.01,27146.46,2026-02-12,1906.99,F,1965-07-07,Cairo University,Primary,100860,,0.0,40,MC-OLD,,,NORM
10,Suez,2022-11-11,100000,A,NORM,Normal,0,2026-02-25,Classic Credit Card,500,150,22163.07,77637.49,1838.9,2026-02-09,1025.3,F,1965-07-07,Cairo University,Primary,100860,,0.0,40,MC-OLD,,,NORM
10,Suez,2022-11-11,100000,A,60DA,60 Days Delinquent,60,2026-02-21,Travel Rewards Card,500,150,83825.99,15830.5,19317.04,2026-02-16,239.05,F,1965-07-07,Cairo University,Primary,100860,,4736.45,40,MC-OLD,,,60DA
10,Suez,2019-10-29,30000,A,NORM,Normal,0,2026-02-16,Business Credit Card,200,0,7760.4,21806.76,670.79,2026-02-12,66.55,F,1985-01-13,Self Employed,Primary,100861,,0.0,77,,VISA-OLD2,,NORM
2,Giza,2023-06-24,30000,A,NORM,Normal,0,2026-02-27,Cashback Card,0,0,19592.91,10135.72,95.17,2026-02-22,1379.95,F,1962-05-21,Vodafone Egypt,Primary,100862,,0.0,32,,VISA-OLD2,,NORM
9,Ismailia,2018-12-19,30000,A,30DD,30 Days Delinquent,30,2026-02-18,Classic Credit Card,200,150,9644.71,20202.48,7829.51,2026-02-02,1271.95,M,1966-12-15,Banque Misr,Primary,100863,,8759.13,87,,,,30DD
9,Ismailia,2018-12-19,30000,A,NORM,Normal,0,2026-02-21,Gold Credit Card,200,150,15352.95,14551.6,1108.9,2026-02-23,267.07,M,1966-12-15,Banque Misr,Primary,100863,,0.0,87,,,,NORM
9,Ismailia,2018-12-19,30000,A,NORM,Normal,0,2026-02-17,Cashback Card,200,150,4504.01,25309.45,6171.06,2026-02-26,1583.61,M,1966-12-15,Banque Misr,Primary,100863,,0.0,87,,,,NORM
7,Luxor,2022-06-23,10000,A,NORM,Normal,0,2026-03-01,Platinum Credit Card,500,300,5341.27,4170.18,1669.1,2026-02-20,1044.6,M,1978-12-15,Talaat Moustafa Group,Primary,100864,,0.0,44,,,,NORM
7,Luxor,2022-06-23,10000,A,NORM,Normal,0,2026-02-17,Gold Credit Card,500,300,6375.74,3388.62,2076.42,2026-02-04,971.8,M,1978-12-15,Talaat Moustafa Group,Primary,100864,,0.0,44,,,,NORM
7,Luxor,2022-06-23,10000,A,NEW,New,0,2026-02-28,Cashback Card,500,300,2853.7,7126.6,1402.02,2026-02-25,942.59,M,1978-12-15,Talaat Moustafa Group,Primary,100864,,0.0,44,,,,NEW
3,Alexandria,2024-03-20,20000,A,NORM,Normal,0,2026-02-18,Gold Credit Card,500,1000,3984.61,15902.92,5850.25,2026-02-10,1464.02,M,1978-09-03,Juhayna,Primary,100865,,0.0,23,VISA-OLD,,,NORM
3,Alexandria,2022-12-16,50000,A,NORM,Normal,0,2026-02-27,Platinum Credit Card,500,500,18783.11,31141.06,13680.18,2026-02-15,1339.38,F,1983-08-15,Government,Secondary,100866,,0.0,39,VISA-OLD,,,NORM
3,Alexandria,2022-12-16,50000,A,NORM,Normal,0,2026-03-01,Titanium Credit Card,500,500,-1462.88,48519.63,12430.16,2026-01-30,102.48,F,1983-08-15,Government,Secondary,100866,,0.0,39,VISA-OLD,,,NORM
3,Alexandria,2022-12-16,50000,A,NORM,Normal,0,2026-02-24,World Elite Card,500,500,37800.21,11951.61,11053.64,2026-02-28,23.64,F,1983-08-15,Government,Secondary,100866,,0.0,39,VISA-OLD,,,NORM
9,Ismailia,2022-09-21,10000,A,NORM,Normal,0,2026-02-22,Gold Credit Card,100,1000,2654.16,7201.31,1420.67,2026-02-07,1406.66,F,1961-03-08,Banque Misr,Primary,100867,,0.0,41,MC-OLD,VISA-OLD2,,NORM
5,Tanta,2022-05-28,15000,A,NORM,Normal,0,2026-02-14,Gold Credit Card,500,0,-983.84,14010.18,3035.62,2026-02-09,728.95,M,1962-05-27,Microsoft Egypt,Primary,100868,,0.0,45,,,,NORM
10,Suez,2021-04-05,200000,A,NORM,Normal,0,2026-02-19,Business Credit Card,0,0,106639.68,93225.8,27642.74,2026-02-06,1280.01,M,1964-05-14,Self Employed,Primary,100869,,0.0,59,MC-OLD,,,NORM
9,Ismailia,2023-07-22,15000,A,NORM,Normal,0,2026-02-20,Cashback Card,100,300,5150.61,9551.89,3368.12,2026-02-14,508.81,F,1993-03-19,Elsewedy Capital,Primary,100870,,0.0,31,,,,NORM
9,Ismailia,2023-07-22,15000,A,NORM,Normal,0,2026-02-21,Business Credit Card,100,300,3958.14,10850.07,3051.91,2026-02-09,1337.9,F,1993-03-19,Elsewedy Capital,Primary,100870,,0.0,31,,,,NORM
10,Suez,2020-04-02,10000,A,NORM,Normal,0,2026-02-23,Cashback Card,0,1000,1953.45,7844.32,339.02,2026-02-04,881.62,M,1990-11-07,National Bank of Egypt,Primary,100871,,0.0,71,,,,NORM
1,Cairo Main,2023-09-03,100000,A,NORM,Normal,0,2026-02-23,World Elite Card,200,500,73301.25,26358.78,10991.64,2026-01-31,476.71,F,1997-05-09,Microsoft Egypt,Secondary,100872,,0.0,30,,VISA-OLD2,,NORM
5,Tanta,2024-11-14,100000,A,30DD,30 Days Delinquent,30,2026-02-17,World Elite Card,0,150,93246.4,6369.92,23682.44,2026-02-03,1483.12,M,1996-11-09,Military,Secondary,100873,,52169.7,15,,,,30DD
9,Ismailia,2024-02-18,20000,A,NORM,Normal,0,2026-02-17,Business Credit Card,200,0,12421.27,7355.09,3201.44,2026-02-05,1534.24,F,1993-04-08,Self Employed,Primary,100874,,0.0,24,,,,NORM
7,Luxor,2019-03-16,100000,A,NORM,Normal,0,2026-02-15,World Elite Card,500,0,45670.42,54157.83,23004.65,2026-02-03,602.36,F,1991-04-18,Amazon Egypt,Primary,100875,,0.0,84,,,,NORM
7,Luxor,2019-03-16,100000,A,NORM,Normal,0,2026-02-27,Travel Rewards Card,500,0,73993.55,25745.97,18461.31,2026-02-16,550.06,F,1991-04-18,Amazon Egypt,Primary,100875,,0.0,84,,,,NORM
10,Suez,2018-06-24,50000,A,NORM,Normal,0,2026-02-19,Titanium Credit Card,200,0,-3169.84,46801.0,14340.04,2026-02-03,1006.63,M,1979-12-09,Banque Misr,Primary,100876,,0.0,93,MC-OLD,,,NORM
6,Assiut,2023-11-21,75000,A,NORM,Normal,0,2026-02-19,Platinum Credit Card,200,1000,50339.62,24323.46,9994.7,2026-02-20,53.62,F,1991-09-05,Government,Primary,100877,,0.0,27,,,,NORM
5,Tanta,2018-10-07,100000,A,NORM,Normal,0,2026-02-22,Cashback Card,200,150,48573.31,51322.14,7753.11,2026-02-04,634.68,F,1977-09-02,Microsoft Egypt,Primary,100878,,0.0,90,MC-OLD,,,NORM
5,Tanta,2018-10-07,100000,A,60DA,60 Days Delinquent,60,2026-02-18,World Elite Card,200,150,67346.94,32598.42,2715.88,2026-02-27,1601.36,F,1977-09-02,Microsoft Egypt,Primary,100878,,54131.05,90,MC-OLD,,,60DA
5,Tanta,2018-10-07,100000,A,NORM,Normal,0,2026-02-19,Travel Rewards Card,200,150,91026.79,8848.07,20322.84,2026-01-31,1192.91,F,1977-09-02,Microsoft Egypt,Primary,100878,,0.0,90,MC-OLD,,,NORM
10,Suez,2022-07-12,10000,A,NORM,Normal,0,2026-02-23,Cashback Card,100,150,-198.07,9623.45,1730.62,2026-02-25,104.63,M,1987-09-12,Orange Egypt,Primary,100879,,0.0,44,VISA-OLD,,,NORM
6,Assiut,2020-08-06,20000,A,NORM,Normal,0,2026-03-01,Classic Credit Card,500,0,13187.47,6713.25,1649.99,2026-01-30,1755.17,M,1994-02-01,CIB,Primary,100880,,0.0,67,,,,NORM
6,Assiut,2020-08-06,20000,A,NORM,Normal,0,2026-02-18,World Elite Card,500,0,1280.13,18391.55,2511.55,2026-02-24,1232.4,M,1994-02-01,CIB,Primary,100880,,0.0,67,,,,NORM
2,Giza,2022-03-14,200000,A,30DD,30 Days Delinquent,30,2026-02-24,Platinum Credit Card,500,150,119166.54,80766.33,19912.94,2026-02-11,1645.27,M,1979-10-22,Vodafone Egypt,Primary,100881,,40526.1,48,VISA-OLD,,,30DD
2,Giza,2022-03-14,200000,A,NORM,Normal,0,2026-02-26,World Elite Card,500,150,165717.86,34040.01,47501.09,2026-02-01,1436.52,M,1979-10-22,Vodafone Egypt,Primary,100881,,0.0,48,VISA-OLD,,,NORM
2,Giza,2022-03-14,200000,A,NORM,Normal,0,2026-02-21,Travel Rewards Card,500,150,-6510.08,193110.57,16914.95,2026-02-07,1217.7,M,1979-10-22,Vodafone Egypt,Primary,100881,,0.0,48,VISA-OLD,,,NORM
5,Tanta,2020-04-04,15000,A,NORM,Normal,0,2026-02-22,Classic Credit Card,0,0,5537.99,9268.71,1326.09,2026-02-10,1870.95,M,1970-02-11,Amazon Egypt,Primary,100882,,0.0,71,,,,NORM
5,Tanta,2020-04-04,15000,A,30DD,30 Days Delinquent,30,2026-02-24,Cashback Card,0,0,6088.02,8638.16,2134.98,2026-02-03,161.21,M,1970-02-11,Amazon Egypt,Primary,100882,,2642.59,71,,,,30DD
6,Assiut,2022-07-30,200000,A,NORM,Normal,0,2026-02-21,Platinum Credit Card,500,150,76182.35,123568.13,32120.12,2026-02-03,688.27,M,1994-09-26,Ministry of Health,Primary,100883,,0.0,43,VISA-OLD,VISA-OLD2,,NORM
6,Assiut,2022-07-30,200000,A,NORM,Normal,0,2026-02-16,Travel Rewards Card,500,150,154757.75,45151.79,26760.85,2026-02-02,1239.35,M,1994-09-26,Ministry of Health,Primary,100883,,0.0,43,VISA-OLD,VISA-OLD2,,NORM
6,Assiut,2024-12-08,150000,A,NORM,Normal,0,2026-02-15,Platinum Credit Card,500,0,87225.84,62546.66,44691.79,2026-02-12,1881.42,M,1975-12-28,Banque Misr,Primary,100884,,0.0,14,MC-OLD,,,NORM
6,Assiut,2024-12-08,150000,A,NORM,Normal,0,2026-02-20,Travel Rewards Card,500,0,28907.96,120835.68,39756.49,2026-02-04,1932.95,M,1975-12-28,Banque Misr,Primary,100884,,0.0,14,MC-OLD,,,NORM
2,Giza,2023-08-05,20000,A,NORM,Normal,0,2026-02-23,Gold Credit Card,0,150,-1910.3,17630.67,5557.23,2026-02-24,831.9,F,1965-04-16,Orange Egypt,Secondary,100885,,0.0,31,,,,NORM
6,Assiut,2019-10-09,30000,A,NEW,New,0,2026-02-15,Classic Credit Card,200,500,-2897.28,26938.57,5418.6,2026-02-23,665.74,M,1963-01-18,National Bank of Egypt,Primary,100886,,0.0,77,,VISA-OLD2,,NEW
8,Zagazig,2018-05-03,5000,A,90DA,90 Days Delinquent,90,2026-03-01,Classic Credit Card,200,0,4686.32,22.97,1343.72,2026-02-12,221.76,M,1971-10-19,Edita Food Industries,Primary,100887,,1127.92,95,,,,90DA
4,Mansoura,2018-10-26,200000,A,NORM,Normal,0,2026-02-22,World Elite Card,0,500,156712.71,43023.3,47257.56,2026-02-13,843.86,M,1982-02-20,Military,Secondary,100888,,0.0,89,VISA-OLD,,,NORM
4,Mansoura,2018-10-26,200000,A,NORM,Normal,0,2026-02-16,Travel Rewards Card,0,500,53389.26,146551.33,53225.21,2026-02-17,1108.77,M,1982-02-20,Military,Secondary,100888,,0.0,89,VISA-OLD,,,NORM
5,Tanta,2018-06-20,10000,A,NORM,Normal,0,2026-02-28,Classic Credit Card,200,500,6405.14,3244.24,719.98,2026-01-31,1932.18,F,1992-06-12,Orange Egypt,Primary,100889,,0.0,93,,,,NORM
1,Cairo Main,2020-03-14,150000,A,NORM,Normal,0,2026-03-01,World Elite Card,0,500,-10554.9,139235.66,27598.01,2026-02-12,1732.78,F,1961-03-07,Military,Primary,100890,,0.0,72,VISA-OLD,,,NORM
1,Cairo Main,2020-03-14,150000,A,30DD,30 Days Delinquent,30,2026-02-20,Travel Rewards Card,0,500,1086.75,148895.69,20227.98,2026-01-30,482.54,F,1961-03-07,Military,Primary,100890,,63736.49,72,VISA-OLD,,,30DD
9,Ismailia,2019-04-19,100000,A,NORM,Normal,0,2026-02-14,Platinum Credit Card,200,500,77884.65,21635.24,5287.83,2026-01-31,134.81,M,1966-03-07,CIB,Primary,100891,,0.0,83,,VISA-OLD2,,NORM
9,Ismailia,2019-04-19,100000,A,NORM,Normal,0,2026-02-18,Travel Rewards Card,200,500,58113.52,41744.35,13697.05,2026-02-01,836.74,M,1966-03-07,CIB,Primary,100891,,0.0,83,,VISA-OLD2,,NORM
1,Cairo Main,2022-08-19,150000,A,NORM,Normal,0,2026-03-01,World Elite Card,100,0,110968.62,38978.81,28149.45,2026-02-22,983.09,M,1970-03-10,Cairo University,Primary,100892,,0.0,43,VISA-OLD,,,NORM
5,Tanta,2021-07-10,50000,A,NORM,Normal,0,2026-02-17,Platinum Credit Card,200,150,24274.03,25481.83,11374.44,2026-02-27,832.39,F,1961-12-17,Military,Primary,100893,,0.0,56,,,,NORM
2,Giza,2024-02-05,20000,A,NORM,Normal,0,2026-02-17,Business Credit Card,200,150,16522.09,3304.55,5170.6,2026-02-18,753.42,F,1971-03-23,Self Employed,Primary,100894,,0.0,25,,VISA-OLD2,,NORM
2,Giza,2024-02-05,20000,A,NORM,Normal,0,2026-03-01,Travel Rewards Card,200,150,4848.17,14735.14,479.43,2026-01-30,330.49,F,1971-03-23,Self Employed,Primary,100894,,0.0,25,,VISA-OLD2,,NORM
5,Tanta,2020-09-27,150000,A,NORM,Normal,0,2026-02-17,World Elite Card,0,300,92204.26,57707.73,6277.94,2026-02-23,865.58,F,1998-12-24,Talaat Moustafa Group,Primary,100895,,0.0,66,MC-OLD,,,NORM
5,Tanta,2020-04-13,15000,A,NORM,Normal,0,2026-02-20,Cashback Card,100,0,13073.89,1509.02,2760.54,2026-02-16,351.21,F,1963-07-09,Government,Primary,100896,,0.0,71,,,,NORM
4,Mansoura,2022-12-09,100000,A,NORM,Normal,0,2026-02-15,World Elite Card,200,300,6413.51,93240.15,15978.47,2026-02-19,1766.86,F,1991-04-29,CIB,Primary,100897,,0.0,39,,,,NORM
5,Tanta,2024-11-02,75000,A,NORM,Normal,0,2026-02-24,Business Credit Card,500,500,-3999.09,70961.29,4954.93,2026-02-07,1628.98,F,1998-05-02,Self Employed,Primary,100898,,0.0,16,,,,NORM
3,Alexandria,2022-11-01,150000,A,NORM,Normal,0,2026-02-24,World Elite Card,200,0,121560.02,28209.84,35670.12,2026-02-04,419.22,F,1989-08-08,Orange Egypt,Secondary,100899,,0.0,40,,VISA-OLD2,,NORM
4,Mansoura,2018-04-23,50000,A,NORM,Normal,0,2026-02-16,Titanium Credit Card,0,0,-4119.54,45446.73,14169.68,2026-02-12,1960.33,F,1993-12-19,Military,Secondary,100900,,0.0,95,,VISA-OLD2,,NORM
8,Zagazig,2024-06-03,200000,A,NORM,Normal,0,2026-02-25,Platinum Credit Card,500,150,72927.93,126635.72,28831.81,2026-02-16,854.95,M,1979-01-05,Government,Secondary,100901,,0.0,21,,,,NORM
2,Giza,2024-02-02,30000,A,NORM,Normal,0,2026-02-15,Classic Credit Card,200,300,17897.17,11933.87,4240.78,2026-02-12,1477.56,F,1971-03-18,Edita Food Industries,Primary,100902,,0.0,25,MC-OLD,,,NORM
2,Giza,2024-05-17,50000,A,60DA,60 Days Delinquent,60,2026-02-22,Titanium Credit Card,0,500,32924.7,17000.53,13691.53,2026-02-14,1662.32,M,1973-10-07,Talaat Moustafa Group,Primary,100903,,15421.66,21,,,,60DA
2,Giza,2024-05-17,50000,A,NORM,Normal,0,2026-02-22,World Elite Card,0,500,-800.34,48827.97,6100.5,2026-02-07,1647.76,M,1973-10-07,Talaat Moustafa Group,Primary,100903,,0.0,21,,,,NORM
9,Ismailia,2022-08-01,5000,A,NORM,Normal,0,2026-02-18,Gold Credit Card,0,500,2824.8,1768.57,1131.59,2026-02-08,960.68,M,1969-10-09,Cairo University,Primary,100904,,0.0,43,,,,NORM
9,Ismailia,2022-08-01,5000,A,NORM,Normal,0,2026-02-15,Cashback Card,0,500,1732.73,3170.83,975.56,2026-02-01,999.41,M,1969-10-09,Cairo University,Primary,100904,,0.0,43,,,,NORM
9,Ismailia,2022-08-01,5000,A,NORM,Normal,0,2026-02-18,Titanium Credit Card,0,500,-308.11,4564.55,319.45,2026-02-12,1411.44,M,1969-10-09,Cairo University,Primary,100904,,0.0,43,,,,NORM
8,Zagazig,2020-07-20,15000,A,NORM,Normal,0,2026-02-25,Classic Credit Card,100,0,-540.89,14396.2,2080.27,2026-02-05,340.43,M,1965-09-15,Banque Misr,Primary,100905,,0.0,68,MC-OLD,,,NORM
8,Zagazig,2020-07-20,15000,A,NORM,Normal,0,2026-02-24,Cashback Card,100,0,13060.37,1715.55,4102.2,2026-02-19,1577.32,M,1965-09-15,Banque Misr,Primary,100905,,0.0,68,MC-OLD,,,NORM
10,Suez,2018-06-21,150000,A,NORM,Normal,0,2026-02-16,Platinum Credit Card,200,0,99474.29,50449.51,15398.23,2026-02-19,1042.42,F,1974-03-27,Elsewedy Capital,Primary,100906,,0.0,93,,VISA-OLD2,,NORM
4,Mansoura,2019-03-24,10000,A,NORM,Normal,0,2026-02-15,Cashback Card,0,150,6353.76,3534.77,1736.54,2026-02-14,1298.48,M,1975-09-08,Government,Primary,100907,,0.0,84,,,,NORM
2,Giza,2022-10-13,30000,A,NORM,Normal,0,2026-02-27,Cashback Card,200,300,275.97,29485.69,5021.26,2026-02-01,719.37,F,1988-10-16,Banque Misr,Secondary,100908,,0.0,41,,,,NORM
5,Tanta,2018-05-08,15000,A,NORM,Normal,0,2026-02-15,Classic Credit Card,0,0,8542.7,6025.19,1798.79,2026-02-08,465.69,M,1987-11-24,IBM Egypt,Secondary,100909,,0.0,95,MC-OLD,VISA-OLD2,,NORM
10,Suez,2021-11-10,20000,A,NORM,Normal,0,2026-02-20,Classic Credit Card,100,500,14522.19,5040.93,2280.68,2026-02-28,1927.82,M,1991-12-23,Microsoft Egypt,Secondary,100910,,0.0,52,,VISA-OLD2,,NORM
10,Suez,2021-11-10,20000,A,NORM,Normal,0,2026-02-14,Cashback Card,100,500,12095.27,7455.84,4476.77,2026-02-15,1492.22,M,1991-12-23,Microsoft Egypt,Secondary,100910,,0.0,52,,VISA-OLD2,,NORM
9,Ismailia,2024-02-24,75000,A,NORM,Normal,0,2026-02-24,Platinum Credit Card,500,300,48544.45,26143.75,1587.44,2026-02-06,566.85,F,1985-10-07,Ministry of Health,Primary,100911,,0.0,24,MC-OLD,,,NORM
9,Ismailia,2024-02-24,75000,A,NORM,Normal,0,2026-03-01,Travel Rewards Card,500,300,20239.63,54527.75,15513.12,2026-02-28,1318.47,F,1985-10-07,Ministry of Health,Primary,100911,,0.0,24,MC-OLD,,,NORM
4,Mansoura,2020-09-22,50000,A,NORM,Normal,0,2026-02-21,Platinum Credit Card,100,500,3488.25,46173.05,3926.56,2026-02-18,1917.77,F,1974-09-29,Elsewedy Capital,Primary,100912,,0.0,66,,VISA-OLD2,,NORM
9,Ismailia,2022-01-23,100000,A,NORM,Normal,0,2026-02-19,Platinum Credit Card,100,1000,-6663.76,93129.95,19085.4,2026-02-09,412.66,M,1963-06-06,Military,Secondary,100913,,0.0,49,,,,NORM
10,Suez,2019-07-20,200000,A,NORM,Normal,0,2026-03-01,Platinum Credit Card,0,500,178251.48,21724.92,51567.28,2026-02-21,1387.62,F,1989-11-14,Talaat Moustafa Group,Primary,100914,,0.0,80,,VISA-OLD2,,NORM
10,Suez,2019-07-20,200000,A,NORM,Normal,0,2026-02-25,Travel Rewards Card,0,500,178517.71,21232.89,52028.71,2026-02-16,1088.6,F,1989-11-14,Talaat Moustafa Group,Primary,100914,,0.0,80,,VISA-OLD2,,NORM
8,Zagazig,2020-03-22,15000,A,NORM,Normal,0,2026-02-27,Classic Credit Card,500,300,5182.7,9505.02,1442.11,2026-01-31,76.38,F,1988-05-18,Freelancer,Primary,100915,,0.0,72,,,,NORM
7,Luxor,2019-11-15,10000,A,NORM,Normal,0,2026-02-21,Cashback Card,500,500,8939.78,877.23,655.38,2026-02-14,1675.41,F,1961-01-27,Banque Misr,Primary,100916,,0.0,76,MC-OLD,,,NORM
5,Tanta,2021-10-11,50000,A,NORM,Normal,0,2026-02-14,Platinum Credit Card,0,0,16194.26,33795.15,9538.32,2026-02-14,331.4,F,1965-05-04,Cairo University,Secondary,100917,,0.0,53,VISA-OLD,,,NORM
7,Luxor,2023-05-09,15000,A,NORM,Normal,0,2026-02-16,Cashback Card,0,150,-383.68,14456.93,1714.37,2026-02-09,1320.1,M,1972-12-22,Orascom,Primary,100918,,0.0,34,,,,NORM
7,Luxor,2023-05-09,15000,A,NORM,Normal,0,2026-02-14,Business Credit Card,0,150,9475.19,5234.13,4040.88,2026-02-17,681.25,M,1972-12-22,Orascom,Primary,100918,,0.0,34,,,,NORM
7,Luxor,2022-12-02,15000,A,NORM,Normal,0,2026-02-19,Gold Credit Card,100,300,7478.17,7033.7,114.38,2026-02-18,1793.1,F,1974-05-17,Government,Primary,100919,,0.0,39,MC-OLD,VISA-OLD2,,NORM
7,Luxor,2022-12-02,15000,A,NORM,Normal,0,2026-02-15,Classic Credit Card,100,300,8409.8,6523.2,3195.33,2026-02-26,229.47,F,1974-05-17,Government,Primary,100919,,0.0,39,MC-OLD,VISA-OLD2,,NORM
9,Ismailia,2023-09-13,75000,A,NORM,Normal,0,2026-02-22,Titanium Credit Card,100,150,61432.37,13089.1,6440.06,2026-02-26,1248.53,M,1986-01-03,Juhayna,Secondary,100920,,0.0,30,,,,NORM
9,Ismailia,2024-06-13,200000,A,30DD,30 Days Delinquent,30,2026-02-28,Platinum Credit Card,100,0,124832.55,75101.96,53813.08,2026-02-24,1884.81,F,1972-06-24,Edita Food Industries,Primary,100921,,102462.22,20,VISA-OLD,,,30DD
3,Alexandria,2020-11-28,200000,A,NEW,New,0,2026-02-27,Platinum Credit Card,100,0,142464.43,57212.95,30037.42,2026-02-04,788.72,M,1972-12-09,CIB,Secondary,100922,,0.0,63,MC-OLD,VISA-OLD2,,NEW
3,Alexandria,2020-11-28,200000,A,NORM,Normal,0,2026-02-20,Gold Credit Card,100,0,163469.9,36224.97,42585.94,2026-02-26,1664.46,M,1972-12-09,CIB,Secondary,100922,,0.0,63,MC-OLD,VISA-OLD2,,NORM
3,Alexandria,2020-11-28,200000,A,NORM,Normal,0,2026-02-23,Travel Rewards Card,100,0,42033.2,157818.87,8936.27,2026-02-03,80.72,M,1972-12-09,CIB,Secondary,100922,,0.0,63,MC-OLD,VISA-OLD2,,NORM
4,Mansoura,2023-06-24,5000,A,NORM,Normal,0,2026-02-21,Cashback Card,500,500,211.41,4473.25,1147.55,2026-01-31,926.46,M,1960-04-19,IBM Egypt,Secondary,100923,,0.0,32,,,,NORM
2,Giza,2022-11-06,100000,A,NORM,Normal,0,2026-02-23,World Elite Card,200,0,66718.37,33008.17,9005.57,2026-02-27,1645.07,F,1979-12-08,Talaat Moustafa Group,Secondary,100924,,0.0,40,,,,NORM
6,Assiut,2023-09-08,50000,A,NORM,Normal,0,2026-02-24,Platinum Credit Card,200,0,40057.76,9856.09,14057.88,2026-02-03,1475.65,F,1967-01-11,Talaat Moustafa Group,Primary,100925,,0.0,30,MC-OLD,,,NORM
4,Mansoura,2024-04-05,5000,A,NORM,Normal,0,2026-02-23,Cashback Card,500,150,4704.27,290.93,1053.35,2026-02-10,1997.34,M,1997-09-29,Vodafone Egypt,Primary,100926,,0.0,23,,,,NORM
3,Alexandria,2023-07-28,30000,A,NORM,Normal,0,2026-02-21,Classic Credit Card,100,0,6121.19,23461.06,7073.88,2026-02-10,180.51,F,1992-11-26,Banque Misr,Primary,100927,,0.0,31,MC-OLD,VISA-OLD2,,NORM
4,Mansoura,2019-12-31,5000,A,NORM,Normal,0,2026-02-24,Cashback Card,500,1000,-35.13,4689.03,58.18,2026-02-06,707.16,M,1991-11-06,Amazon Egypt,Primary,100928,,0.0,75,VISA-OLD,VISA-OLD2,,NORM
3,Alexandria,2021-05-14,20000,A,NORM,Normal,0,2026-02-14,Gold Credit Card,500,1000,10242.89,9726.54,161.46,2026-01-30,1215.56,F,1999-05-19,Juhayna,Primary,100929,,0.0,58,,,,NORM
4,Mansoura,2021-03-22,75000,A,NORM,Normal,0,2026-02-19,Titanium Credit Card,0,150,3233.27,71311.28,5325.0,2026-02-24,604.97,F,1965-01-15,Freelancer,Secondary,100930,,0.0,60,,,,NORM
7,Luxor,2019-06-09,100000,A,NORM,Normal,0,2026-02-26,Business Credit Card,100,0,48137.26,51565.57,28644.36,2026-02-03,407.89,F,1991-08-13,Self Employed,Primary,100931,,0.0,81,,,,NORM
1,Cairo Main,2021-08-16,30000,A,NORM,Normal,0,2026-02-18,Gold Credit Card,500,500,27341.83,2169.47,2357.88,2026-02-12,945.98,F,1985-03-22,Edita Food Industries,Secondary,100932,,0.0,55,,,,NORM
4,Mansoura,2018-07-06,30000,A,NORM,Normal,0,2026-02-15,Cashback Card,100,1000,15926.04,13731.15,3891.65,2026-02-23,855.04,M,1975-03-30,Freelancer,Primary,100933,,0.0,93,,VISA-OLD2,,NORM
10,Suez,2019-06-14,200000,A,NORM,Normal,0,2026-02-26,World Elite Card,500,0,18984.29,180896.1,49163.19,2026-02-25,301.47,F,1974-10-15,Ministry of Health,Secondary,100934,,0.0,81,MC-OLD,,,NORM
1,Cairo Main,2020-05-12,50000,A,NORM,Normal,0,2026-02-27,Platinum Credit Card,500,150,27510.41,22048.16,10616.24,2026-02-12,1987.86,F,1983-04-07,Ministry of Health,Secondary,100935,,0.0,70,,,,NORM
7,Luxor,2024-03-14,20000,A,NORM,Normal,0,2026-02-28,Classic Credit Card,0,1000,4089.98,15480.37,3362.9,2026-02-23,1112.12,F,1969-09-02,Vodafone Egypt,Primary,100936,,0.0,23,,,,NORM
5,Tanta,2018-04-10,20000,A,NORM,Normal,0,2026-02-18,Cashback Card,0,500,12939.5,6771.3,4064.56,2026-02-19,315.57,F,1973-07-10,Elsewedy Capital,Primary,100937,,0.0,96,,,,NORM
2,Giza,2023-08-29,75000,A,NORM,Normal,0,2026-02-25,Platinum Credit Card,0,1000,37566.98,37094.97,19549.34,2026-02-27,140.21,F,1963-04-25,Vodafone Egypt,Primary,100938,,0.0,30,MC-OLD,,,NORM
6,Assiut,2023-09-30,5000,A,NORM,Normal,0,2026-02-23,Classic Credit Card,0,300,1184.9,3332.99,1090.59,2026-02-06,188.2,F,1979-01-26,Juhayna,Primary,100939,,0.0,29,VISA-OLD,,,NORM
4,Mansoura,2024-04-16,30000,A,30DD,30 Days Delinquent,30,2026-02-20,Business Credit Card,100,500,4355.39,25429.09,3588.23,2026-02-27,1947.6,M,1978-03-24,Self Employed,Secondary,100940,,15595.11,22,VISA-OLD,,,30DD
9,Ismailia,2019-03-20,100000,A,NORM,Normal,0,2026-02-23,World Elite Card,500,150,63056.12,36909.28,14527.59,2026-02-28,1381.56,F,1992-01-20,Elsewedy Capital,Primary,100941,,0.0,84,MC-OLD,,,NORM
5,Tanta,2019-08-12,10000,A,NEW,New,0,2026-02-14,Classic Credit Card,500,1000,-31.46,9910.96,1518.53,2026-02-04,581.12,M,1974-11-29,CIB,Primary,100942,,0.0,79,VISA-OLD,VISA-OLD2,,NEW
8,Zagazig,2024-05-09,20000,A,NORM,Normal,0,2026-02-24,Gold Credit Card,200,150,16202.96,3741.03,4333.06,2026-02-03,45.85,M,1983-06-24,Orange Egypt,Primary,100943,,0.0,22,MC-OLD,VISA-OLD2,,NORM
8,Zagazig,2024-05-09,20000,A,NEW,New,0,2026-02-16,Cashback Card,200,150,3229.32,16294.34,1580.98,2026-02-17,55.63,M,1983-06-24,Orange Egypt,Primary,100943,,0.0,22,MC-OLD,VISA-OLD2,,NEW
7,Luxor,2018-01-23,30000,A,NORM,Normal,0,2026-02-28,Gold Credit Card,200,150,5067.21,24673.17,6929.52,2026-02-17,1652.75,F,1999-02-02,El Sewedy Electric,Primary,100944,,0.0,98,VISA-OLD,VISA-OLD2,,NORM
7,Luxor,2018-01-23,30000,A,NORM,Normal,0,2026-02-15,Cashback Card,200,150,7922.7,21725.62,3222.95,2026-02-01,304.05,F,1999-02-02,El Sewedy Electric,Primary,100944,,0.0,98,VISA-OLD,VISA-OLD2,,NORM
9,Ismailia,2018-11-30,10000,A,NORM,Normal,0,2026-02-23,Gold Credit Card,100,0,2961.91,6664.9,353.02,2026-02-28,1324.27,M,1998-07-08,Amazon Egypt,Primary,100945,,0.0,88,,,,NORM
4,Mansoura,2019-04-11,5000,A,30DD,30 Days Delinquent,30,2026-02-28,Cashback Card,500,150,2145.1,2816.49,1279.16,2026-02-05,630.91,F,1979-08-18,Amazon Egypt,Primary,100946,,2130.81,83,,,,30DD
7,Luxor,2021-01-15,150000,A,NEW,New,0,2026-02-17,Platinum Credit Card,100,150,103919.29,45592.43,43697.0,2026-02-22,1719.43,F,1973-03-13,Edita Food Industries,Primary,100947,,0.0,62,,VISA-OLD2,,NEW
6,Assiut,2024-10-12,30000,A,NORM,Normal,0,2026-02-21,Business Credit Card,200,150,10372.55,19192.63,204.39,2026-02-17,805.19,M,1983-04-19,Self Employed,Primary,100948,,0.0,16,VISA-OLD,,,NORM
6,Assiut,2020-01-05,15000,A,NORM,Normal,0,2026-02-25,Business Credit Card,0,300,11687.44,3114.11,3088.88,2026-02-21,1973.63,M,1978-09-03,Self Employed,Primary,100949,,0.0,74,,VISA-OLD2,,NORM
8,Zagazig,2019-01-23,5000,A,NORM,Normal,0,2026-02-19,Classic Credit Card,0,300,3122.61,1847.76,739.73,2026-02-05,1045.83,M,1974-11-06,Military,Primary,100950,,0.0,86,,,,NORM
5,Tanta,2022-10-12,200000,A,NORM,Normal,0,2026-02-28,Platinum Credit Card,200,1000,-14450.12,185302.14,54784.29,2026-02-20,1118.87,M,1972-09-30,Juhayna,Primary,100951,,0.0,41,,,,NORM
4,Mansoura,2020-01-01,30000,A,NORM,Normal,0,2026-02-17,Cashback Card,500,300,2752.08,27098.8,7599.42,2026-02-03,675.29,F,1972-07-23,Cairo University,Secondary,100952,,0.0,75,MC-OLD,,,NORM
4,Mansoura,2018-01-11,20000,A,NORM,Normal,0,2026-02-23,Cashback Card,100,150,8309.32,11548.02,4175.07,2026-02-06,1246.1,M,1967-07-17,El Sewedy Electric,Primary,100953,,0.0,99,,,,NORM
2,Giza,2019-07-16,150000,A,NORM,Normal,0,2026-02-14,Platinum Credit Card,200,300,23336.42,126496.05,32949.38,2026-02-02,373.01,M,1962-05-05,Freelancer,Primary,100954,,0.0,80,VISA-OLD,,,NORM
7,Luxor,2023-04-28,50000,A,NORM,Normal,0,2026-02-18,Cashback Card,0,1000,41690.46,7852.87,12577.01,2026-02-24,1100.82,M,1991-09-06,Juhayna,Secondary,100955,,0.0,34,,,,NORM
7,Luxor,2023-04-28,50000,A,NORM,Normal,0,2026-02-26,Titanium Credit Card,0,1000,9403.25,40438.57,13054.0,2026-02-22,1788.33,M,1991-09-06,Juhayna,Secondary,100955,,0.0,34,,,,NORM
7,Luxor,2022-12-14,100000,A,30DD,30 Days Delinquent,30,2026-02-22,Platinum Credit Card,200,150,72080.92,27437.15,15581.41,2026-02-23,856.73,M,1985-02-21,Talaat Moustafa Group,Secondary,100956,,55200.61,39,VISA-OLD,,,30DD
7,Luxor,2024-12-02,150000,A,NORM,Normal,0,2026-02-23,World Elite Card,0,150,128147.92,21578.18,22006.76,2026-02-16,290.74,F,1969-08-03,El Sewedy Electric,Primary,100957,,0.0,15,,,,NORM
10,Suez,2021-09-07,10000,A,NORM,Normal,0,2026-02-15,Classic Credit Card,200,0,-821.56,9049.39,706.16,2026-02-20,728.18,F,1973-12-03,IBM Egypt,Primary,100958,,0.0,54,VISA-OLD,,,NORM
10,Suez,2021-09-07,10000,A,NORM,Normal,0,2026-02-14,Cashback Card,200,0,3421.46,6178.76,1551.78,2026-02-05,1887.46,F,1973-12-03,IBM Egypt,Primary,100958,,0.0,54,VISA-OLD,,,NORM
10,Suez,2021-09-07,10000,A,NORM,Normal,0,2026-02-17,Travel Rewards Card,200,0,3125.4,6629.05,265.01,2026-02-27,455.97,F,1973-12-03,IBM Egypt,Primary,100958,,0.0,54,VISA-OLD,,,NORM
5,Tanta,2018-08-23,200000,A,NORM,Normal,0,2026-02-28,Platinum Credit Card,500,500,52493.51,147422.16,26535.9,2026-02-16,243.66,M,1972-04-19,Vodafone Egypt,Primary,100959,,0.0,91,MC-OLD,,,NORM
5,Tanta,2018-08-23,200000,A,NORM,Normal,0,2026-02-21,Travel Rewards Card,500,500,43401.03,156342.53,6654.49,2026-02-04,506.12,M,1972-04-19,Vodafone Egypt,Primary,100959,,0.0,91,MC-OLD,,,NORM
1,Cairo Main,2018-04-29,200000,A,NORM,Normal,0,2026-02-23,Gold Credit Card,0,500,72276.6,127451.37,42404.02,2026-02-06,1406.1,M,1976-07-29,Banque Misr,Primary,100960,,0.0,95,,,,NORM
1,Cairo Main,2018-04-29,200000,A,NEW,New,0,2026-02-17,World Elite Card,0,500,-4734.75,194995.74,7095.76,2026-02-19,1834.87,M,1976-07-29,Banque Misr,Primary,100960,,0.0,95,,,,NEW
2,Giza,2024-02-07,30000,A,NORM,Normal,0,2026-02-17,Cashback Card,0,300,24639.7,5322.24,4647.57,2026-02-23,1497.03,F,1998-06-25,El Sewedy Electric,Secondary,100961,,0.0,25,,VISA-OLD2,,NORM
6,Assiut,2018-02-28,75000,A,NORM,Normal,0,2026-02-18,Platinum Credit Card,100,300,18711.74,56118.37,14188.33,2026-02-16,1819.53,M,1983-02-28,Amazon Egypt,Primary,100962,,0.0,97,,,,NORM
6,Assiut,2018-02-28,75000,A,NORM,Normal,0,2026-02-21,Travel Rewards Card,100,300,23861.13,50653.98,8544.93,2026-02-04,1849.8,M,1983-02-28,Amazon Egypt,Primary,100962,,0.0,97,,,,NORM
10,Suez,2023-09-02,75000,A,30DD,30 Days Delinquent,30,2026-03-01,Platinum Credit Card,200,300,68962.85,5541.32,2013.86,2026-02-20,396.81,F,1968-11-29,Orascom,Primary,100963,,22742.52,30,VISA-OLD,VISA-OLD2,,30DD
2,Giza,2023-03-12,10000,A,NORM,Normal,0,2026-02-18,Classic Credit Card,0,150,6104.91,3579.15,944.28,2026-02-18,1349.13,M,1985-05-25,CIB,Primary,100964,,0.0,36,,,,NORM
2,Giza,2023-03-12,10000,A,NORM,Normal,0,2026-02-27,Platinum Credit Card,0,150,-699.05,9185.52,20.84,2026-02-26,1201.95,M,1985-05-25,CIB,Primary,100964,,0.0,36,,,,NORM
2,Giza,2023-03-12,10000,A,NORM,Normal,0,2026-02-17,World Elite Card,0,150,9283.89,640.02,2326.31,2026-02-21,1599.72,M,1985-05-25,CIB,Primary,100964,,0.0,36,,,,NORM
2,Giza,2020-10-07,30000,A,NORM,Normal,0,2026-02-15,Gold Credit Card,200,0,5412.25,24524.9,890.86,2026-02-01,1487.49,F,1999-05-08,El Sewedy Electric,Primary,100965,,0.0,65,,,,NORM
2,Giza,2020-10-07,30000,A,NORM,Normal,0,2026-02-28,Cashback Card,200,0,9303.23,20431.58,4815.71,2026-02-07,1884.6,F,1999-05-08,El Sewedy Electric,Primary,100965,,0.0,65,,,,NORM
3,Alexandria,2021-07-16,75000,A,NORM,Normal,0,2026-02-23,Gold Credit Card,100,300,45985.44,28789.07,22046.41,2026-02-10,517.28,F,1985-05-06,Elsewedy Capital,Primary,100966,,0.0,56,,,,NORM
3,Alexandria,2021-07-16,75000,A,NORM,Normal,0,2026-02-18,Titanium Credit Card,100,300,40109.05,34848.43,15366.78,2026-01-30,66.29,F,1985-05-06,Elsewedy Capital,Primary,100966,,0.0,56,,,,NORM
8,Zagazig,2024-06-28,50000,A,NORM,Normal,0,2026-03-01,Titanium Credit Card,100,0,4921.23,44677.01,11860.81,2026-02-01,481.1,F,1975-12-06,IBM Egypt,Primary,100967,,0.0,20,MC-OLD,,,NORM
8,Zagazig,2024-06-28,50000,A,NORM,Normal,0,2026-02-14,Business Credit Card,100,0,27989.14,21729.87,2832.29,2026-02-05,1625.9,F,1975-12-06,IBM Egypt,Primary,100967,,0.0,20,MC-OLD,,,NORM
7,Luxor,2021-03-28,20000,A,NORM,Normal,0,2026-02-19,Cashback Card,200,0,12511.57,7402.07,2922.09,2026-02-10,1425.06,M,1975-07-24,Edita Food Industries,Primary,100968,,0.0,59,VISA-OLD,,,NORM
1,Cairo Main,2023-10-19,15000,A,NORM,Normal,0,2026-02-18,Business Credit Card,200,300,12301.3,2636.64,3650.85,2026-02-09,510.17,F,1965-03-04,Self Employed,Primary,100969,,0.0,28,,,,NORM
2,Giza,2022-01-09,5000,A,NORM,Normal,0,2026-02-27,Gold Credit Card,200,0,1532.79,3179.17,440.53,2026-02-02,1961.94,M,1988-03-27,Orascom,Secondary,100970,,0.0,50,,,,NORM
8,Zagazig,2020-02-02,5000,A,NORM,Normal,0,2026-02-16,Gold Credit Card,500,500,1998.89,2653.45,1453.78,2026-02-01,260.86,F,1984-07-11,Freelancer,Secondary,100971,,0.0,73,,,,NORM
8,Zagazig,2020-02-02,5000,A,NORM,Normal,0,2026-02-27,Cashback Card,500,500,2127.57,2388.82,168.37,2026-01-30,1296.72,F,1984-07-11,Freelancer,Secondary,100971,,0.0,73,,,,NORM
10,Suez,2023-05-31,75000,A,NORM,Normal,0,2026-02-19,Platinum Credit Card,0,500,13833.54,60935.98,14900.94,2026-02-19,1170.15,F,1975-02-26,Juhayna,Primary,100972,,0.0,33,MC-OLD,,,NORM
10,Suez,2019-11-03,150000,A,NORM,Normal,0,2026-02-22,Gold Credit Card,100,300,91179.87,58412.07,32021.95,2026-02-11,1646.62,M,1961-04-12,Orascom,Secondary,100973,,0.0,77,,,,NORM
10,Suez,2019-11-03,150000,A,NORM,Normal,0,2026-02-28,Cashback Card,100,300,128237.88,21504.93,21888.6,2026-02-26,106.04,M,1961-04-12,Orascom,Secondary,100973,,0.0,77,,,,NORM
10,Suez,2019-11-03,150000,A,NORM,Normal,0,2026-02-20,World Elite Card,100,300,58256.92,91260.1,4654.79,2026-02-07,1272.52,M,1961-04-12,Orascom,Secondary,100973,,0.0,77,,,,NORM
6,Assiut,2022-06-10,15000,A,NORM,Normal,0,2026-02-21,Classic Credit Card,100,150,4879.31,10083.24,3322.96,2026-02-27,1747.91,F,1980-07-29,Freelancer,Primary,100974,,0.0,45,,,,NORM
4,Mansoura,2019-01-05,20000,A,NORM,Normal,0,2026-02-20,Gold Credit Card,0,500,17738.11,2111.02,1691.05,2026-02-06,347.46,M,1979-08-01,Banque Misr,Primary,100975,,0.0,87,VISA-OLD,VISA-OLD2,,NORM
7,Luxor,2020-05-20,100000,A,NORM,Normal,0,2026-02-18,World Elite Card,0,500,56895.48,42659.75,7356.7,2026-02-06,1547.74,M,1991-05-06,Microsoft Egypt,Primary,100976,,0.0,70,,,,NORM
7,Luxor,2020-05-20,100000,A,NORM,Normal,0,2026-02-14,Travel Rewards Card,0,500,83134.85,16419.18,6059.8,2026-02-22,337.96,M,1991-05-06,Microsoft Egypt,Primary,100976,,0.0,70,,,,NORM
6,Assiut,2022-10-06,200000,A,NORM,Normal,0,2026-02-26,Platinum Credit Card,500,1000,79093.11,120727.29,24323.0,2026-02-13,1319.09,M,1972-09-13,Microsoft Egypt,Primary,100977,,0.0,41,MC-OLD,,,NORM
4,Mansoura,2022-01-23,50000,A,NORM,Normal,0,2026-02-15,Classic Credit Card,100,150,2272.36,47285.01,5675.36,2026-02-08,1901.17,F,1976-07-22,Government,Primary,100978,,0.0,49,,,,NORM
4,Mansoura,2022-01-23,50000,A,NORM,Normal,0,2026-02-27,Titanium Credit Card,100,150,38466.78,11362.39,8405.51,2026-01-31,1671.58,F,1976-07-22,Government,Primary,100978,,0.0,49,,,,NORM
7,Luxor,2021-10-22,75000,A,NORM,Normal,0,2026-02-21,Titanium Credit Card,200,500,68110.55,6409.56,15190.55,2026-02-12,145.97,F,1964-03-01,Orascom,Primary,100979,,0.0,53,VISA-OLD,,,NORM
3,Alexandria,2023-10-21,10000,A,NORM,Normal,0,2026-02-26,Gold Credit Card,0,500,-978.69,8657.45,362.46,2026-02-15,152.13,M,1977-11-11,Freelancer,Primary,100980,,0.0,28,,VISA-OLD2,,NORM
3,Alexandria,2023-10-21,10000,A,30DD,30 Days Delinquent,30,2026-02-22,Cashback Card,0,500,1706.85,8102.24,2903.51,2026-02-10,120.7,M,1977-11-11,Freelancer,Primary,100980,,4073.0,28,,VISA-OLD2,,30DD
9,Ismailia,2023-02-06,5000,A,NORM,Normal,0,2026-02-14,Business Credit Card,500,500,1407.01,3441.27,1097.18,2026-02-19,425.77,M,1977-03-23,Self Employed,Primary,100981,,0.0,37,,,,NORM
10,Suez,2023-01-19,150000,A,NORM,Normal,0,2026-02-19,Platinum Credit Card,0,150,106214.8,43527.11,24597.9,2026-02-08,1940.14,F,1996-03-15,IBM Egypt,Primary,100982,,0.0,37,VISA-OLD,,,NORM
10,Suez,2023-01-19,150000,A,NORM,Normal,0,2026-02-14,Titanium Credit Card,0,150,63284.06,86355.13,21728.37,2026-02-19,916.98,F,1996-03-15,IBM Egypt,Primary,100982,,0.0,37,VISA-OLD,,,NORM
3,Alexandria,2021-10-12,200000,A,NORM,Normal,0,2026-02-22,Platinum Credit Card,500,0,97666.67,101889.65,37951.38,2026-02-18,345.16,F,1960-04-23,Talaat Moustafa Group,Primary,100983,,0.0,53,,,,NORM
8,Zagazig,2018-07-25,200000,A,30DD,30 Days Delinquent,30,2026-02-24,Platinum Credit Card,200,0,12933.07,186691.45,33295.63,2026-02-28,1509.9,F,1976-06-19,IBM Egypt,Primary,100984,,87385.32,92,,,,30DD
1,Cairo Main,2021-08-22,30000,A,NORM,Normal,0,2026-02-17,Gold Credit Card,0,1000,15010.16,14697.06,5530.54,2026-02-07,823.87,F,1980-01-15,Orange Egypt,Primary,100985,,0.0,55,,VISA-OLD2,,NORM
2,Giza,2019-08-16,100000,A,NORM,Normal,0,2026-02-23,Platinum Credit Card,100,1000,46819.97,52999.74,21567.73,2026-02-22,1657.89,F,1965-08-27,Amazon Egypt,Primary,100986,,0.0,79,,,,NORM
2,Giza,2019-08-16,100000,A,NORM,Normal,0,2026-02-25,Travel Rewards Card,100,1000,27905.75,72062.66,9223.17,2026-02-04,1950.18,F,1965-08-27,Amazon Egypt,Primary,100986,,0.0,79,,,,NORM
1,Cairo Main,2024-10-31,10000,A,NORM,Normal,0,2026-02-14,Cashback Card,0,300,-987.78,9005.28,2048.6,2026-02-05,19.25,F,1966-08-01,Microsoft Egypt,Primary,100987,,0.0,16,,,,NORM
5,Tanta,2018-11-21,75000,A,NORM,Normal,0,2026-02-22,Platinum Credit Card,100,0,39256.04,35252.03,10057.9,2026-02-03,974.84,F,1992-05-14,CIB,Primary,100988,,0.0,88,,,,NORM
5,Tanta,2018-11-21,75000,A,NORM,Normal,0,2026-02-16,Titanium Credit Card,100,0,34058.72,40685.22,16496.44,2026-01-30,1502.92,F,1992-05-14,CIB,Primary,100988,,0.0,88,,,,NORM
5,Tanta,2020-01-31,30000,A,30DD,30 Days Delinquent,30,2026-02-28,Cashback Card,500,150,4081.08,25900.63,7150.28,2026-02-06,1141.28,F,1993-07-02,Government,Primary,100989,,14509.6,74,VISA-OLD,,,30DD
1,Cairo Main,2022-08-25,15000,A,NEW,New,0,2026-02-16,Cashback Card,200,0,6608.88,8254.64,1220.94,2026-02-24,983.42,M,1995-01-30,Talaat Moustafa Group,Primary,100990,,0.0,42,,,,NEW
2,Giza,2021-03-24,200000,A,NORM,Normal,0,2026-02-16,Platinum Credit Card,500,500,72454.2,127341.12,41046.88,2026-02-09,695.23,M,1987-06-04,Freelancer,Primary,100991,,0.0,60,,,,NORM
8,Zagazig,2023-03-08,100000,A,NORM,Normal,0,2026-02-17,World Elite Card,500,300,73836.55,25826.85,8070.64,2026-02-18,633.32,F,1966-10-22,El Sewedy Electric,Primary,100992,,0.0,36,MC-OLD,,,NORM
8,Zagazig,2021-11-15,10000,A,NORM,Normal,0,2026-02-24,Platinum Credit Card,200,300,3944.36,5875.41,828.53,2026-02-04,1004.29,F,1985-03-06,El Sewedy Electric,Primary,100993,,0.0,52,VISA-OLD,,,NORM
8,Zagazig,2021-11-15,10000,A,NORM,Normal,0,2026-02-28,Cashback Card,200,300,5152.78,4598.01,1732.18,2026-02-28,387.66,F,1985-03-06,El Sewedy Electric,Primary,100993,,0.0,52,VISA-OLD,,,NORM
3,Alexandria,2024-07-23,15000,A,NORM,Normal,0,2026-02-17,Gold Credit Card,500,0,584.94,14340.48,836.56,2026-02-23,1222.91,F,1988-01-11,Military,Primary,100994,,0.0,19,VISA-OLD,,,NORM
7,Luxor,2019-06-24,75000,A,60DA,60 Days Delinquent,60,2026-02-21,Platinum Credit Card,100,0,-2905.13,72032.37,14924.3,2026-01-31,690.63,F,1984-02-11,Military,Primary,100995,,33572.03,81,,,,60DA
7,Luxor,2019-06-24,75000,A,30DD,30 Days Delinquent,30,2026-02-28,Gold Credit Card,100,0,21733.34,53045.01,13765.22,2026-02-06,1998.19,F,1984-02-11,Military,Primary,100995,,11247.73,81,,,,30DD
7,Luxor,2019-06-24,75000,A,NORM,Normal,0,2026-02-17,Travel Rewards Card,100,0,53552.94,21318.1,17113.45,2026-02-05,454.2,F,1984-02-11,Military,Primary,100995,,0.0,81,,,,NORM
9,Ismailia,2021-12-12,20000,A,NORM,Normal,0,2026-02-17,Gold Credit Card,0,300,8813.75,11112.93,890.91,2026-02-14,1489.26,F,1978-04-29,Amazon Egypt,Primary,100996,,0.0,51,VISA-OLD,,,NORM
9,Ismailia,2021-12-12,20000,A,NORM,Normal,0,2026-03-01,Cashback Card,0,300,628.03,19017.92,1200.63,2026-02-04,123.7,F,1978-04-29,Amazon Egypt,Primary,100996,,0.0,51,VISA-OLD,,,NORM
9,Ismailia,2021-12-12,20000,A,NORM,Normal,0,2026-02-16,Titanium Credit Card,0,300,15651.81,3908.32,2396.64,2026-01-30,1200.96,F,1978-04-29,Amazon Egypt,Primary,100996,,0.0,51,VISA-OLD,,,NORM
8,Zagazig,2023-01-15,15000,A,NORM,Normal,0,2026-02-25,Classic Credit Card,200,500,642.05,14140.71,976.95,2026-02-20,298.9,M,1972-11-03,Orascom,Primary,100997,,0.0,38,,,,NORM
10,Suez,2022-09-09,75000,A,30DD,30 Days Delinquent,30,2026-02-25,Platinum Credit Card,100,150,47400.72,27519.61,11691.8,2026-02-14,1790.42,M,1989-04-18,Amazon Egypt,Primary,100998,,42617.85,42,VISA-OLD,,,30DD
6,Assiut,2020-10-20,15000,A,NORM,Normal,0,2026-02-23,Cashback Card,0,300,11315.65,3435.7,795.21,2026-02-18,204.01,M,1987-05-10,Cairo University,Primary,100999,,0.0,65,VISA-OLD,VISA-OLD2,,NORM
