BRANCH_ID,BRANCH_NAME,CREATION_DATE,CREDIT_LIMIT,ACTIVATED,STATUS,STATUS_NAME,DELINQUENCY,LAST_STATEMENT_DATE,PRODUCT_NAME,JOINING_FEE,ANNUAL_FEE,LEDGER_BALANCE,AVAILABLE_LIMIT,LAST_PAYMENT_AMOUNT,LAST_PAYMENT_DATE,TOTAL_HOLD,GENDER,DOB,ORGANIZATION,CUSTOMER_TYPE,RIMNO,CLOSURE_DATE,OVERDUEAMOUNT,NO_OF_CYCLES,FIRST_REPLACED_CARD,SECOND_REPLACED_CARD,THIRD_REPLACED_CARD,Card account status ,CUSTOMER_ID
2,Giza,2021-01-31,20000,A,NEW,New,0,2026-03-30,Gold Credit Card,0,1000,2789.81,17101.68,3736.25,2026-03-13,1004.5,F,1961-02-13,Orange Egypt,Primary,100000,,0.0,62,,,,NEW,1
9,Ismailia,2018-04-19,150000,A,60DA,60 Days Delinquent,60,2026-03-27,Travel Rewards Card,100,500,136217.97,13380.02,6777.17,2026-03-22,1946.85,F,1987-01-02,Vodafone Egypt,Primary,100001,,51234.16,96,,,,60DA,2
6,Assiut,2019-09-29,20000,A,NORM,Normal,0,2026-03-26,Cashback Card,500,0,7726.45,11887.37,4528.92,2026-03-18,1358.57,F,1972-06-18,IBM Egypt,Primary,100002,,0.0,79,,,,NORM,3
6,Assiut,2019-09-29,20000,A,NORM,Normal,0,2026-03-21,Classic Credit Card,500,0,7942.9,11570.9,4657.81,2026-03-04,1733.68,F,1972-06-18,IBM Egypt,Primary,100002,,0.0,79,,,,NORM,3
6,Assiut,2019-09-29,20000,A,NORM,Normal,0,2026-03-28,Travel Rewards Card,500,0,14112.14,5737.61,3136.07,2026-03-14,390.84,F,1972-06-18,IBM Egypt,Primary,100002,,0.0,79,,,,NORM,3
2,Giza,2021-02-12,100000,A,NORM,Normal,0,2026-03-27,Cashback Card,100,300,2259.29,97291.19,29099.92,2026-03-10,1107.08,F,1977-01-18,El Sewedy Electric,Primary,100004,,0.0,62,,,,NORM,5
3,Alexandria,2020-09-29,15000,A,NORM,Normal,0,2026-03-27,World Elite Card,100,300,14012.25,861.87,1644.86,2026-03-14,1021.57,M,1983-12-17,Elsewedy Capital,Secondary,100005,,0.0,67,,,,NORM,6
5,Tanta,2020-05-14,200000,A,NORM,Normal,0,2026-03-20,Cashback Card,500,500,-18505.78,181363.22,23802.61,2026-03-18,1830.16,F,1962-12-20,Banque Misr,Primary,100006,,0.0,71,,,,NORM,7
5,Tanta,2020-05-14,200000,A,90DA,90 Days Delinquent,90,2026-03-18,Gold Credit Card,500,500,91778.15,107951.68,17953.68,2026-03-09,158.06,F,1962-12-20,Banque Misr,Primary,100006,,116399.33,71,,,,90DA,7
9,Ismailia,2024-07-22,75000,A,60DA,60 Days Delinquent,60,2026-03-26,Travel Rewards Card,100,150,-3120.27,71643.41,15390.32,2026-03-05,1433.57,F,1971-10-14,National Bank of Egypt,Primary,100007,,9738.52,20,,,,60DA,8
9,Ismailia,2024-07-22,75000,A,NORM,Normal,0,2026-03-28,Platinum Credit Card,100,150,20842.73,54062.48,8356.9,2026-03-07,792.26,F,1971-10-14,National Bank of Egypt,Primary,100007,,0.0,20,,,,NORM,8
3,Alexandria,2022-09-26,200000,A,NORM,Normal,0,2026-03-30,Travel Rewards Card,500,1000,117516.35,82243.27,17732.06,2026-03-03,513.85,F,1995-07-13,Ministry of Health,Secondary,100008,,0.0,42,,,,NORM,9
6,Assiut,2021-06-13,20000,A,NORM,Normal,0,2026-03-17,Gold Credit Card,0,500,3695.64,16201.99,414.77,2026-03-06,193.37,M,1999-06-01,Ministry of Health,Primary,100011,,0.0,58,,,,NORM,12
9,Ismailia,2020-12-21,150000,A,NORM,Normal,0,2026-03-24,Travel Rewards Card,100,300,119078.69,30807.92,36840.95,2026-03-03,1570.98,F,1967-05-29,IBM Egypt,Primary,100012,,0.0,64,,,,NORM,13
2,Giza,2020-07-09,10000,A,NORM,Normal,0,2026-03-17,Titanium Credit Card,100,0,1163.23,8520.18,678.86,2026-03-22,728.59,M,1971-02-13,Orange Egypt,Primary,100013,,0.0,69,,,,NORM,14
2,Giza,2020-09-01,30000,A,90DA,90 Days Delinquent,90,2026-03-30,Titanium Credit Card,100,1000,19082.0,10511.14,5642.09,2026-03-08,1675.74,F,1983-01-23,Elsewedy Capital,Primary,100014,,13046.47,67,,,,90DA,15
2,Giza,2022-11-01,50000,A,NORM,Normal,0,2026-03-28,Business Credit Card,0,0,16182.22,33343.76,14939.63,2026-03-06,231.21,M,1964-05-07,Microsoft Egypt,Primary,100015,,0.0,41,,,,NORM,16
4,Mansoura,2024-01-06,100000,A,30DD,30 Days Delinquent,30,2026-03-25,Platinum Credit Card,200,500,6111.87,93584.63,13113.15,2026-03-02,1029.94,M,1968-07-13,National Bank of Egypt,Primary,100016,,13432.35,27,,,,30DD,17
1,Cairo Main,2024-01-24,5000,A,NORM,Normal,0,2026-03-26,Titanium Credit Card,500,500,1014.45,3551.81,1428.87,2026-03-25,235.05,M,1989-04-02,Microsoft Egypt,Secondary,100017,,0.0,26,,,,NORM,18
1,Cairo Main,2024-01-24,5000,A,NORM,Normal,0,2026-03-18,Gold Credit Card,500,500,702.84,3996.12,396.06,2026-03-30,27.56,M,1989-04-02,Microsoft Egypt,Secondary,100017,,0.0,26,,,,NORM,18
1,Cairo Main,2024-01-24,5000,A,NORM,Normal,0,2026-03-26,Business Credit Card,500,500,3100.25,1409.47,1097.75,2026-03-03,1595.11,M,1989-04-02,Microsoft Egypt,Secondary,100017,,0.0,26,,,,NORM,18
1,Cairo Main,2020-12-22,100000,A,30DD,30 Days Delinquent,30,2026-04-01,Business Credit Card,100,150,22513.67,77250.53,7675.15,2026-03-17,442.36,F,1977-07-06,El Sewedy Electric,Secondary,100018,,51580.91,64,,,,30DD,19
1,Cairo Main,2021-07-08,5000,A,NORM,Normal,0,2026-04-01,Business Credit Card,100,0,4013.05,495.94,529.88,2026-03-31,1344.42,M,1993-07-20,Orascom,Primary,100019,,0.0,57,,,,NORM,20
7,Luxor,2024-05-22,20000,A,NORM,Normal,0,2026-03-28,Classic Credit Card,0,500,18209.46,1720.92,5128.84,2026-03-14,240.29,F,1965-05-18,Talaat Moustafa Group,Primary,100020,,0.0,22,,,,NORM,21
3,Alexandria,2018-10-09,20000,A,NEW,New,0,2026-03-24,Platinum Credit Card,500,1000,16169.45,3561.96,2884.57,2026-03-06,1525.12,F,1975-08-28,Military,Secondary,100022,,0.0,91,,,,NEW,23
9,Ismailia,2019-03-01,15000,A,NORM,Normal,0,2026-04-01,Gold Credit Card,100,300,2617.49,11987.29,2694.14,2026-03-25,1812.62,F,1973-06-06,Military,Primary,100023,,0.0,86,,,,NORM,24
5,Tanta,2023-06-25,30000,A,90DA,90 Days Delinquent,90,2026-03-31,Classic Credit Card,500,300,8344.83,21362.06,5129.28,2026-03-10,1800.27,M,1982-09-02,Vodafone Egypt,Primary,100024,,15174.23,33,,,,90DA,25
5,Tanta,2023-06-25,30000,A,NORM,Normal,0,2026-03-25,Business Credit Card,500,300,27448.6,2535.17,2458.48,2026-03-20,189.0,M,1982-09-02,Vodafone Egypt,Primary,100024,,0.0,33,,,,NORM,25
5,Tanta,2023-06-25,30000,A,NORM,Normal,0,2026-03-24,Cashback Card,500,300,17583.1,12284.59,8986.33,2026-03-15,1156.56,M,1982-09-02,Vodafone Egypt,Primary,100024,,0.0,33,,,,NORM,25
3,Alexandria,2022-12-15,150000,A,NORM,Normal,0,2026-03-25,Business Credit Card,0,150,26168.65,123772.17,39281.32,2026-03-08,935.37,M,1993-04-01,IBM Egypt,Primary,100025,,0.0,40,,,,NORM,26
3,Alexandria,2021-06-16,50000,A,60DA,60 Days Delinquent,60,2026-03-20,Classic Credit Card,100,150,19876.58,29769.66,10654.82,2026-03-24,504.84,M,1961-11-16,IBM Egypt,Primary,100026,,9554.43,58,,,,60DA,27
3,Alexandria,2019-10-28,15000,A,NORM,Normal,0,2026-03-19,Gold Credit Card,200,500,7537.48,7363.85,469.81,2026-03-07,386.84,M,1970-08-14,Talaat Moustafa Group,Primary,100027,,0.0,78,,,,NORM,28
1,Cairo Main,2023-04-12,20000,A,90DA,90 Days Delinquent,90,2026-03-17,Business Credit Card,200,300,5065.53,14686.2,2767.3,2026-03-15,952.48,M,1998-07-07,Elsewedy Capital,Primary,100028,,6121.9,36,,,,90DA,29
6,Assiut,2018-10-12,30000,A,NORM,Normal,0,2026-03-23,Travel Rewards Card,200,0,3602.39,26003.45,3826.31,2026-03-25,178.6,M,1972-06-30,Talaat Moustafa Group,Primary,100029,,0.0,90,,,,NORM,30
2,Giza,2022-11-15,50000,A,NORM,Normal,0,2026-04-01,Cashback Card,0,500,26269.8,23437.79,3300.88,2026-03-05,1919.87,M,1986-10-05,Talaat Moustafa Group,Primary,100030,,0.0,41,,,,NORM,31
2,Giza,2022-11-15,50000,A,60DA,60 Days Delinquent,60,2026-03-26,Titanium Credit Card,0,500,36970.99,12939.43,12824.48,2026-03-25,1215.61,M,1986-10-05,Talaat Moustafa Group,Primary,100030,,23705.37,41,,,,60DA,31
9,Ismailia,2024-01-15,20000,A,NORM,Normal,0,2026-04-01,Gold Credit Card,200,1000,15039.64,4535.6,689.89,2026-03-04,66.32,F,1996-03-05,CIB,Primary,100031,,0.0,26,,,,NORM,32
5,Tanta,2022-07-31,50000,A,NORM,Normal,0,2026-03-23,World Elite Card,100,150,6757.05,43189.82,4619.22,2026-03-31,566.12,F,1989-11-30,Microsoft Egypt,Primary,100032,,0.0,44,,,,NORM,33
8,Zagazig,2019-11-27,10000,A,30DD,30 Days Delinquent,30,2026-03-22,Cashback Card,0,150,2274.59,7410.99,1808.36,2026-03-29,1962.48,F,1995-08-09,Elsewedy Capital,Secondary,100034,,4904.03,77,,,,30DD,35
1,Cairo Main,2023-05-01,200000,A,NORM,Normal,0,2026-03-20,Gold Credit Card,500,1000,91366.27,108172.66,22885.22,2026-03-12,923.58,M,1970-12-25,Microsoft Egypt,Primary,100035,,0.0,35,,,,NORM,36
1,Cairo Main,2023-05-01,200000,A,NORM,Normal,0,2026-03-29,Titanium Credit Card,500,1000,74939.03,124572.07,35042.0,2026-03-19,90.11,M,1970-12-25,Microsoft Egypt,Primary,100035,,0.0,35,,,,NORM,36
1,Cairo Main,2019-03-13,75000,A,NORM,Normal,0,2026-03-27,Business Credit Card,0,1000,7751.64,67157.76,6874.93,2026-03-10,114.27,M,1993-09-07,CIB,Primary,100036,,0.0,85,,,,NORM,37
9,Ismailia,2021-07-23,100000,A,NEW,New,0,2026-03-24,Travel Rewards Card,500,150,30630.16,69086.89,29427.47,2026-03-03,1822.34,F,1986-09-16,Freelancer,Primary,100037,,0.0,57,,,,NEW,38
9,Ismailia,2020-09-06,30000,A,30DD,30 Days Delinquent,30,2026-03-18,World Elite Card,100,300,11772.63,17895.08,3276.32,2026-03-02,1236.13,F,1981-09-26,Edita Food Industries,Secondary,100038,,13676.13,67,,,,30DD,39
3,Alexandria,2022-04-18,15000,A,NORM,Normal,0,2026-03-22,Gold Credit Card,500,300,12303.99,2462.56,533.45,2026-03-10,616.51,F,1970-05-16,Amazon Egypt,Primary,100039,,0.0,48,,,,NORM,40
3,Alexandria,2022-04-18,15000,A,30DD,30 Days Delinquent,30,2026-03-19,Titanium Credit Card,500,300,11628.21,3138.52,2814.08,2026-03-26,9.2,F,1970-05-16,Amazon Egypt,Primary,100039,,4742.67,48,,,,30DD,40
4,Mansoura,2020-06-17,30000,A,NORM,Normal,0,2026-03-21,Classic Credit Card,500,300,20819.91,9008.58,5444.55,2026-03-25,1001.91,F,1981-11-25,Orascom,Secondary,100041,,0.0,70,,,,NORM,42
6,Assiut,2018-10-09,5000,A,NORM,Normal,0,2026-03-21,Titanium Credit Card,0,1000,289.5,4512.69,739.19,2026-03-18,1189.06,M,1970-01-21,Elsewedy Capital,Primary,100044,,0.0,91,,,,NORM,45
3,Alexandria,2019-12-23,150000,A,NEW,New,0,2026-03-22,World Elite Card,500,500,47742.3,101818.45,28875.72,2026-03-23,1755.06,F,1979-07-15,Cairo University,Primary,100048,,0.0,76,,,,NEW,49
3,Alexandria,2019-12-23,150000,A,NORM,Normal,0,2026-03-17,Business Credit Card,500,500,111744.9,38080.4,24928.45,2026-03-30,1049.95,F,1979-07-15,Cairo University,Primary,100048,,0.0,76,,,,NORM,49
3,Alexandria,2019-12-23,150000,A,NORM,Normal,0,2026-03-20,Travel Rewards Card,500,500,68805.08,81095.56,24015.51,2026-03-02,1160.69,F,1979-07-15,Cairo University,Primary,100048,,0.0,76,,,,NORM,49
5,Tanta,2023-01-21,20000,A,NORM,Normal,0,2026-03-31,Travel Rewards Card,0,500,10750.41,9125.75,3605.01,2026-03-22,1393.25,F,1999-07-19,Orascom,Primary,100049,,0.0,38,,,,NORM,50
5,Tanta,2023-01-21,20000,A,NORM,Normal,0,2026-03-24,Platinum Credit Card,0,500,14396.87,5365.77,2751.59,2026-03-30,174.72,F,1999-07-19,Orascom,Primary,100049,,0.0,38,,,,NORM,50
6,Assiut,2024-09-07,30000,A,NORM,Normal,0,2026-03-24,Titanium Credit Card,0,150,24717.2,5173.59,7297.18,2026-03-09,1676.86,F,1972-07-17,Self Employed,Primary,100050,,0.0,19,,,,NORM,51
8,Zagazig,2018-03-12,10000,A,NORM,Normal,0,2026-03-25,Travel Rewards Card,100,300,-518.16,9112.79,423.46,2026-03-20,1738.7,F,1980-02-07,Self Employed,Primary,100051,,0.0,98,,,,NORM,52
9,Ismailia,2021-12-12,100000,A,NORM,Normal,0,2026-03-20,World Elite Card,100,0,51049.72,48847.29,26725.58,2026-03-02,934.56,M,1974-11-02,Edita Food Industries,Primary,100052,,0.0,52,,,,NORM,53
4,Mansoura,2023-06-07,30000,A,60DA,60 Days Delinquent,60,2026-03-19,World Elite Card,100,300,5394.05,24114.23,8107.25,2026-03-04,1491.13,M,1969-09-15,IBM Egypt,Primary,100053,,14301.95,34,,,,60DA,54
4,Mansoura,2023-06-07,30000,A,NORM,Normal,0,2026-03-17,Classic Credit Card,100,300,23799.08,5725.1,8130.86,2026-03-25,528.91,M,1969-09-15,IBM Egypt,Primary,100053,,0.0,34,,,,NORM,54
3,Alexandria,2018-07-06,5000,A,NORM,Normal,0,2026-03-23,Platinum Credit Card,500,0,269.84,4703.32,1432.39,2026-03-13,1636.32,M,1972-04-21,Cairo University,Primary,100054,,0.0,94,,,,NORM,55
6,Assiut,2018-07-30,30000,A,NORM,Normal,0,2026-03-31,Business Credit Card,500,500,24629.46,5359.97,5654.57,2026-03-18,965.88,M,1968-04-08,Cairo University,Primary,100055,,0.0,93,,,,NORM,56
6,Assiut,2018-07-30,30000,A,NEW,New,0,2026-03-24,Classic Credit Card,500,500,18484.94,11216.9,1034.86,2026-03-22,1183.8,M,1968-04-08,Cairo University,Primary,100055,,0.0,93,,,,NEW,56
6,Assiut,2018-07-30,30000,A,NORM,Normal,0,2026-04-01,Travel Rewards Card,500,500,14822.12,14943.21,4665.33,2026-03-24,854.23,M,1968-04-08,Cairo University,Primary,100055,,0.0,93,,,,NORM,56
3,Alexandria,2024-04-24,30000,A,NORM,Normal,0,2026-03-24,Titanium Credit Card,0,1000,3771.33,26067.95,7759.9,2026-03-20,1411.63,F,1996-05-20,Military,Primary,100056,,0.0,23,,,,NORM,57
9,Ismailia,2023-01-20,100000,A,NORM,Normal,0,2026-03-21,Travel Rewards Card,200,1000,51954.42,47618.07,687.81,2026-03-06,1337.36,M,1977-01-23,Military,Secondary,100057,,0.0,38,,,,NORM,58
1,Cairo Main,2021-03-26,30000,A,NORM,Normal,0,2026-03-29,Business Credit Card,100,300,20820.85,9148.92,766.77,2026-03-04,1882.88,M,1970-05-20,Amazon Egypt,Primary,100059,,0.0,61,,,,NORM,60
1,Cairo Main,2021-03-26,30000,A,30DD,30 Days Delinquent,30,2026-03-29,Classic Credit Card,100,300,4533.4,25107.21,7764.26,2026-03-13,254.75,M,1970-05-20,Amazon Egypt,Primary,100059,,16642.71,61,,,,30DD,60
5,Tanta,2019-08-06,10000,A,NORM,Normal,0,2026-03-29,World Elite Card,200,500,1662.31,8038.58,1764.75,2026-03-22,1399.77,M,1997-01-29,Freelancer,Primary,100060,,0.0,81,,,,NORM,61
8,Zagazig,2023-04-10,50000,A,NORM,Normal,0,2026-03-24,Cashback Card,0,150,28661.94,21278.51,449.44,2026-03-18,81.66,F,1964-02-03,Amazon Egypt,Primary,100063,,0.0,36,,,,NORM,64
9,Ismailia,2023-02-06,10000,A,NORM,Normal,0,2026-03-23,Cashback Card,0,500,3778.22,6119.29,1613.53,2026-03-11,882.73,M,1961-08-24,Ministry of Health,Primary,100064,,0.0,38,,,,NORM,65
1,Cairo Main,2024-10-29,20000,A,NORM,Normal,0,2026-03-23,World Elite Card,0,1000,16187.45,3482.58,4140.6,2026-03-31,1755.28,F,1988-04-05,National Bank of Egypt,Primary,100066,,0.0,17,,,,NORM,67
1,Cairo Main,2024-10-29,20000,A,30DD,30 Days Delinquent,30,2026-03-18,Business Credit Card,0,1000,8063.39,11679.57,1134.85,2026-03-04,1108.16,F,1988-04-05,National Bank of Egypt,Primary,100066,,7564.9,17,,,,30DD,67
2,Giza,2019-09-23,100000,A,NORM,Normal,0,2026-03-24,Business Credit Card,200,500,68141.61,31695.58,18725.25,2026-03-05,1896.33,F,1989-01-20,Self Employed,Primary,100067,,0.0,79,,,,NORM,68
7,Luxor,2024-09-21,150000,A,30DD,30 Days Delinquent,30,2026-03-21,Platinum Credit Card,0,300,-11227.09,138274.99,1515.34,2026-03-11,871.43,F,1968-07-19,Edita Food Industries,Secondary,100068,,87468.74,18,,,,30DD,69
1,Cairo Main,2021-05-07,200000,A,NORM,Normal,0,2026-03-20,Business Credit Card,100,500,155015.06,44660.45,53935.97,2026-03-12,762.19,F,1972-09-08,IBM Egypt,Primary,100069,,0.0,59,,,,NORM,70
8,Zagazig,2020-02-12,20000,A,NORM,Normal,0,2026-03-21,Titanium Credit Card,500,0,18147.29,1441.45,990.79,2026-03-24,1699.37,F,1974-06-08,Self Employed,Primary,100070,,0.0,74,,,,NORM,71
3,Alexandria,2018-06-01,15000,A,NORM,Normal,0,2026-03-29,Cashback Card,0,500,2669.61,12328.78,1101.71,2026-03-17,1606.49,M,1982-03-21,Government,Secondary,100071,,0.0,95,,,,NORM,72
7,Luxor,2019-09-25,10000,A,NORM,Normal,0,2026-03-26,World Elite Card,200,1000,7345.93,2624.01,540.0,2026-03-17,1848.78,F,1999-01-25,National Bank of Egypt,Secondary,100072,,0.0,79,,,,NORM,73
6,Assiut,2023-06-22,150000,A,NORM,Normal,0,2026-03-30,Gold Credit Card,100,300,7990.2,141522.46,27416.61,2026-03-25,1116.85,M,1988-02-12,National Bank of Egypt,Primary,100073,,0.0,33,,,,NORM,74
5,Tanta,2018-02-08,100000,A,NORM,Normal,0,2026-03-21,Platinum Credit Card,200,1000,62777.42,36939.27,27301.43,2026-03-30,594.64,F,1989-11-29,Amazon Egypt,Primary,100076,,0.0,99,,,,NORM,77
5,Tanta,2018-02-08,100000,A,NORM,Normal,0,2026-03-17,Classic Credit Card,200,1000,37070.18,62472.21,10767.47,2026-03-07,1200.01,F,1989-11-29,Amazon Egypt,Primary,100076,,0.0,99,,,,NORM,77
4,Mansoura,2023-06-03,10000,A,NORM,Normal,0,2026-03-17,Cashback Card,200,300,7713.61,2099.02,253.94,2026-03-26,290.68,M,1977-04-03,Microsoft Egypt,Primary,100077,,0.0,34,,,,NORM,78
10,Suez,2023-07-28,30000,A,60DA,60 Days Delinquent,60,2026-03-21,Titanium Credit Card,200,150,21087.7,8477.13,2470.39,2026-03-27,1736.15,M,1993-06-04,Military,Primary,100078,,8140.34,32,,,,60DA,79
10,Suez,2023-07-28,30000,A,NORM,Normal,0,2026-03-19,World Elite Card,200,150,7813.8,21750.79,3286.17,2026-03-17,1548.01,M,1993-06-04,Military,Primary,100078,,0.0,32,,,,NORM,79
6,Assiut,2023-08-18,30000,A,30DD,30 Days Delinquent,30,2026-03-18,World Elite Card,500,300,19929.82,9643.98,7604.69,2026-03-23,775.36,F,1983-10-24,CIB,Primary,100080,,11360.07,31,,,,30DD,81
6,Assiut,2023-08-18,30000,A,60DA,60 Days Delinquent,60,2026-03-29,Travel Rewards Card,500,300,7665.4,21922.32,4612.49,2026-03-22,1769.55,F,1983-10-24,CIB,Primary,100080,,13838.62,31,,,,60DA,81
7,Luxor,2022-03-02,10000,A,NORM,Normal,0,2026-03-21,Business Credit Card,0,1000,8633.23,1353.39,2798.33,2026-03-18,693.34,F,1996-11-21,Military,Primary,100082,,0.0,49,,,,NORM,83
5,Tanta,2022-07-31,10000,A,NORM,Normal,0,2026-03-22,Classic Credit Card,200,500,6326.58,3286.62,630.99,2026-03-04,1016.61,M,1989-02-14,CIB,Primary,100083,,0.0,44,,,,NORM,84
7,Luxor,2022-02-28,150000,A,NORM,Normal,0,2026-03-18,Platinum Credit Card,500,0,-5234.52,144387.16,6034.69,2026-03-27,877.28,F,1980-05-07,Military,Primary,100084,,0.0,49,,,,NORM,85
6,Assiut,2022-12-22,100000,A,NORM,Normal,0,2026-03-17,Cashback Card,200,1000,36937.95,62643.87,18827.56,2026-03-02,543.02,F,1969-09-29,Orange Egypt,Primary,100085,,0.0,39,,,,NORM,86
6,Assiut,2022-12-22,100000,A,30DD,30 Days Delinquent,30,2026-03-18,Classic Credit Card,200,1000,8891.56,90966.5,3785.73,2026-03-15,296.77,F,1969-09-29,Orange Egypt,Primary,100085,,42628.34,39,,,,30DD,86
6,Assiut,2022-12-22,100000,A,NORM,Normal,0,2026-03-31,Business Credit Card,200,1000,51613.44,47980.85,14475.82,2026-03-16,34.05,F,1969-09-29,Orange Egypt,Primary,100085,,0.0,39,,,,NORM,86
8,Zagazig,2020-05-18,200000,A,NORM,Normal,0,2026-03-23,Classic Credit Card,100,150,39854.78,159979.75,21851.29,2026-03-22,1138.38,M,1964-02-10,National Bank of Egypt,Secondary,100086,,0.0,71,,,,NORM,87
8,Zagazig,2020-05-18,200000,A,60DA,60 Days Delinquent,60,2026-03-21,Platinum Credit Card,100,150,51593.02,148196.09,7044.77,2026-03-21,1172.25,M,1964-02-10,National Bank of Egypt,Secondary,100086,,101531.79,71,,,,60DA,87
10,Suez,2020-08-12,50000,A,NORM,Normal,0,2026-03-24,Classic Credit Card,100,150,-3431.71,46483.91,6756.05,2026-03-17,1248.13,F,1969-09-08,Orascom,Primary,100087,,0.0,68,,,,NORM,88
1,Cairo Main,2020-09-01,200000,A,NORM,Normal,0,2026-03-29,Platinum Credit Card,200,0,21442.33,178526.29,16981.61,2026-03-20,1386.86,M,1976-01-26,Amazon Egypt,Primary,100088,,0.0,67,,,,NORM,89
8,Zagazig,2022-01-22,150000,A,NORM,Normal,0,2026-03-31,Business Credit Card,100,1000,1256.99,148289.81,28663.63,2026-03-30,677.97,M,1994-11-25,Government,Primary,100089,,0.0,51,,,,NORM,90
5,Tanta,2024-07-25,150000,A,NORM,Normal,0,2026-03-26,Travel Rewards Card,200,500,53534.79,96371.54,5536.17,2026-03-14,407.07,F,1988-01-02,CIB,Primary,100091,,0.0,20,,,,NORM,92
4,Mansoura,2023-01-24,20000,A,30DD,30 Days Delinquent,30,2026-03-30,Business Credit Card,500,500,14428.7,5393.24,5931.07,2026-03-08,59.94,M,1979-04-17,Edita Food Industries,Primary,100092,,589.45,38,,,,30DD,93
3,Alexandria,2023-04-27,10000,A,NORM,Normal,0,2026-03-21,Gold Credit Card,0,500,6534.16,3318.99,238.37,2026-03-29,1821.44,M,1990-10-22,IBM Egypt,Secondary,100093,,0.0,35,,,,NORM,94
10,Suez,2024-04-19,50000,A,60DA,60 Days Delinquent,60,2026-03-25,Travel Rewards Card,200,500,24355.66,25261.36,10772.96,2026-03-17,446.14,M,1985-03-11,Juhayna,Primary,100094,,3257.95,23,,,,60DA,95
10,Suez,2020-05-21,15000,A,30DD,30 Days Delinquent,30,2026-03-30,Titanium Credit Card,0,300,12472.88,2137.9,4344.87,2026-03-04,1336.46,F,1982-10-05,CIB,Primary,100095,,5736.53,71,,,,30DD,96
7,Luxor,2024-04-16,200000,A,NORM,Normal,0,2026-03-21,Classic Credit Card,200,0,89937.55,109584.62,53001.19,2026-03-15,1292.46,M,1997-11-29,Talaat Moustafa Group,Primary,100096,,0.0,23,,,,NORM,97
6,Assiut,2020-01-14,15000,A,NORM,Normal,0,2026-03-26,Travel Rewards Card,0,150,-114.08,14701.64,3555.25,2026-03-14,1194.43,M,1960-04-10,National Bank of Egypt,Primary,100097,,0.0,75,,,,NORM,98
7,Luxor,2021-10-28,15000,A,NORM,Normal,0,2026-03-23,Cashback Card,0,0,4318.43,10579.27,196.7,2026-03-19,96.98,M,1980-05-07,Orascom,Primary,100098,,0.0,53,,,,NORM,99
5,Tanta,2022-10-03,100000,A,30DD,30 Days Delinquent,30,2026-03-19,Travel Rewards Card,200,150,9935.24,89725.83,6514.01,2026-03-13,485.99,M,1979-11-16,IBM Egypt,Primary,100099,,14623.18,42,,,,30DD,100
8,Zagazig,2021-06-17,5000,A,30DD,30 Days Delinquent,30,2026-03-18,Classic Credit Card,0,150,470.94,4527.84,354.31,2026-03-14,1037.52,F,1983-08-21,El Sewedy Electric,Primary,100100,,2172.78,58,,,,30DD,101
2,Giza,2018-03-27,50000,A,NORM,Normal,0,2026-03-17,Business Credit Card,200,0,10432.17,39196.4,6071.36,2026-03-22,556.19,F,1978-03-03,CIB,Primary,100103,,0.0,97,,,,NORM,104
3,Alexandria,2019-02-26,15000,A,90DA,90 Days Delinquent,90,2026-03-23,Platinum Credit Card,100,0,5971.35,8616.26,2742.23,2026-03-26,776.34,M,1970-08-07,Self Employed,Primary,100105,,3070.0,86,,,,90DA,106
8,Zagazig,2024-05-01,200000,A,NORM,Normal,0,2026-03-26,Cashback Card,100,500,-1454.46,198079.41,15434.63,2026-03-05,1965.52,M,1990-07-21,Self Employed,Primary,100106,,0.0,23,,,,NORM,107
10,Suez,2021-12-12,150000,A,30DD,30 Days Delinquent,30,2026-03-20,Business Credit Card,500,0,95744.26,54131.08,14862.65,2026-03-18,621.9,M,1962-07-09,IBM Egypt,Secondary,100107,,73028.44,52,,,,30DD,108
10,Suez,2023-09-08,75000,A,NORM,Normal,0,2026-04-01,Classic Credit Card,500,1000,40935.19,34059.69,3433.42,2026-03-19,1693.78,M,1986-08-25,Edita Food Industries,Primary,100108,,0.0,31,,,,NORM,109
1,Cairo Main,2019-02-28,50000,A,30DD,30 Days Delinquent,30,2026-03-28,Cashback Card,100,0,36510.21,13368.29,9452.17,2026-03-03,532.58,M,1980-03-17,Freelancer,Secondary,100109,,23277.27,86,,,,30DD,110
10,Suez,2022-01-30,50000,A,30DD,30 Days Delinquent,30,2026-03-24,Travel Rewards Card,0,300,2211.97,47336.37,3116.83,2026-03-16,106.47,M,1967-02-13,Edita Food Industries,Primary,100110,,7183.41,50,,,,30DD,111
10,Suez,2022-01-30,50000,A,NORM,Normal,0,2026-03-23,Titanium Credit Card,0,300,32395.67,17502.45,6205.11,2026-03-02,1413.69,M,1967-02-13,Edita Food Industries,Primary,100110,,0.0,50,,,,NORM,111
5,Tanta,2024-10-04,15000,A,NORM,Normal,0,2026-03-18,Platinum Credit Card,200,300,4564.41,10035.55,4002.63,2026-03-10,1325.18,F,1992-06-18,Banque Misr,Primary,100111,,0.0,18,,,,NORM,112
9,Ismailia,2021-09-07,15000,A,60DA,60 Days Delinquent,60,2026-03-20,Gold Credit Card,500,1000,8990.83,5613.77,3605.14,2026-03-15,1123.24,F,1976-11-23,Vodafone Egypt,Primary,100112,,3660.64,55,,,,60DA,113
6,Assiut,2023-06-15,20000,A,NORM,Normal,0,2026-03-20,Platinum Credit Card,100,0,16620.54,3210.8,5098.38,2026-03-27,1274.4,F,1994-05-14,CIB,Primary,100113,,0.0,34,,,,NORM,114
1,Cairo Main,2021-10-11,200000,A,NORM,Normal,0,2026-03-26,Travel Rewards Card,100,150,69113.31,130567.12,56438.35,2026-03-23,1936.23,M,1989-09-10,Military,Secondary,100114,,0.0,54,,,,NORM,115
1,Cairo Main,2022-02-01,20000,A,NORM,Normal,0,2026-03-19,Travel Rewards Card,500,150,3317.09,16661.75,1751.04,2026-03-29,886.15,M,1978-06-06,Juhayna,Secondary,100115,,0.0,50,,,,NORM,116
1,Cairo Main,2022-02-01,20000,A,NORM,Normal,0,2026-03-30,Cashback Card,500,150,94.79,19720.88,304.26,2026-03-21,1263.14,M,1978-06-06,Juhayna,Secondary,100115,,0.0,50,,,,NORM,116
6,Assiut,2024-05-25,100000,A,NORM,Normal,0,2026-03-22,World Elite Card,500,1000,91956.19,7870.01,28321.69,2026-03-31,817.7,F,1990-06-05,Orascom,Secondary,100116,,0.0,22,,,,NORM,117
5,Tanta,2023-05-23,50000,A,30DD,30 Days Delinquent,30,2026-03-30,Gold Credit Card,0,300,7360.2,42481.5,4792.57,2026-03-14,1251.82,M,1962-05-04,Orascom,Primary,100117,,25640.42,34,,,,30DD,118
7,Luxor,2020-06-28,100000,A,NORM,Normal,0,2026-03-31,Titanium Credit Card,0,500,94485.84,5421.08,14699.06,2026-03-13,1558.83,F,1964-02-11,Elsewedy Capital,Primary,100118,,0.0,70,,,,NORM,119
4,Mansoura,2021-07-29,10000,A,NORM,Normal,0,2026-03-30,Cashback Card,100,150,1146.78,8805.33,1206.64,2026-03-02,1473.36,M,1961-04-06,Juhayna,Secondary,100119,,0.0,56,,,,NORM,120
4,Mansoura,2021-07-29,10000,A,NORM,Normal,0,2026-03-24,Travel Rewards Card,100,150,-599.32,9325.13,1809.42,2026-03-15,699.14,M,1961-04-06,Juhayna,Secondary,100119,,0.0,56,,,,NORM,120
8,Zagazig,2024-11-25,5000,A,NORM,Normal,0,2026-03-19,Platinum Credit Card,100,1000,3948.03,815.43,1054.94,2026-03-20,191.37,F,1980-02-14,CIB,Primary,100120,,0.0,16,,,,NORM,121
8,Zagazig,2024-11-25,5000,A,NORM,Normal,0,2026-03-26,Gold Credit Card,100,1000,1022.14,3819.59,1470.17,2026-03-05,89.49,F,1980-02-14,CIB,Primary,100120,,0.0,16,,,,NORM,121
4,Mansoura,2019-08-12,30000,A,NORM,Normal,0,2026-03-28,Cashback Card,100,1000,-580.46,29121.87,1378.28,2026-03-03,217.47,F,1992-03-25,Orascom,Primary,100122,,0.0,80,,,,NORM,123
6,Assiut,2023-11-25,150000,A,NEW,New,0,2026-03-18,Classic Credit Card,500,500,56784.47,93045.95,42113.81,2026-03-05,220.46,M,1963-01-13,Microsoft Egypt,Secondary,100123,,0.0,28,,,,NEW,124
8,Zagazig,2020-01-17,15000,A,NORM,Normal,0,2026-03-21,Business Credit Card,0,300,2420.34,12536.17,1861.95,2026-03-18,796.29,M,1988-05-03,Orange Egypt,Primary,100125,,0.0,75,,,,NORM,126
5,Tanta,2022-06-20,150000,A,NORM,Normal,0,2026-03-22,Classic Credit Card,100,300,19912.04,129887.11,40694.77,2026-03-20,1020.39,F,1983-02-13,Orange Egypt,Secondary,100126,,0.0,46,,,,NORM,127
2,Giza,2022-02-16,75000,A,NORM,Normal,0,2026-03-19,Business Credit Card,200,150,3961.73,70811.43,7464.53,2026-03-27,913.81,F,1995-11-09,Self Employed,Primary,100127,,0.0,50,,,,NORM,128
2,Giza,2022-02-16,75000,A,NORM,Normal,0,2026-03-31,Titanium Credit Card,200,150,-3236.56,71642.46,14153.78,2026-03-16,287.95,F,1995-11-09,Self Employed,Primary,100127,,0.0,50,,,,NORM,128
8,Zagazig,2022-10-12,15000,A,NORM,Normal,0,2026-03-30,Cashback Card,500,0,7619.99,7220.41,4306.2,2026-03-07,1942.94,F,1987-01-12,Military,Secondary,100129,,0.0,42,,,,NORM,130
2,Giza,2022-07-22,50000,A,NORM,Normal,0,2026-03-26,Platinum Credit Card,0,150,22433.88,27141.42,6804.6,2026-03-09,1620.39,F,1990-02-08,Orange Egypt,Primary,100130,,0.0,44,,,,NORM,131
7,Luxor,2021-02-15,20000,A,NORM,Normal,0,2026-03-28,Cashback Card,500,1000,15171.69,4380.12,3490.09,2026-03-25,1721.37,F,1974-02-06,Ministry of Health,Primary,100132,,0.0,62,,,,NORM,133
7,Luxor,2021-02-15,20000,A,90DA,90 Days Delinquent,90,2026-03-22,Gold Credit Card,500,1000,2771.24,17154.81,4100.42,2026-03-18,1256.16,F,1974-02-06,Ministry of Health,Primary,100132,,2531.33,62,,,,90DA,133
4,Mansoura,2021-03-15,100000,A,90DA,90 Days Delinquent,90,2026-03-30,Platinum Credit Card,0,500,67617.63,32095.6,1035.64,2026-03-29,645.99,M,1987-06-12,Freelancer,Secondary,100133,,8989.73,61,,,,90DA,134
2,Giza,2024-01-30,30000,A,NORM,Normal,0,2026-03-25,Platinum Credit Card,100,300,12889.36,16721.11,886.74,2026-03-12,380.72,M,1984-09-02,CIB,Secondary,100134,,0.0,26,,,,NORM,135
2,Giza,2024-01-30,30000,A,NORM,Normal,0,2026-03-25,Cashback Card,100,300,8498.28,21377.81,8824.69,2026-03-25,13.03,M,1984-09-02,CIB,Secondary,100134,,0.0,26,,,,NORM,135
8,Zagazig,2022-01-18,150000,A,NORM,Normal,0,2026-03-31,Business Credit Card,100,1000,106628.75,43021.3,8707.85,2026-03-09,5.8,M,1961-03-06,National Bank of Egypt,Primary,100135,,0.0,51,,,,NORM,136
3,Alexandria,2019-06-13,75000,A,NORM,Normal,0,2026-03-24,Classic Credit Card,0,1000,43432.33,31519.72,10404.5,2026-03-05,881.67,M,1994-06-10,Juhayna,Primary,100137,,0.0,82,,,,NORM,138
6,Assiut,2021-03-09,10000,A,NORM,Normal,0,2026-03-25,World Elite Card,100,300,931.33,8716.79,2621.47,2026-03-26,1725.22,M,1983-04-11,Government,Primary,100138,,0.0,61,,,,NORM,139
3,Alexandria,2024-10-14,50000,A,NORM,Normal,0,2026-03-17,Travel Rewards Card,0,0,26769.33,23043.18,5319.09,2026-03-28,1903.68,M,1967-09-05,Cairo University,Primary,100139,,0.0,17,,,,NORM,140
7,Luxor,2018-05-05,100000,A,NORM,Normal,0,2026-03-30,World Elite Card,200,500,62389.33,37329.27,915.8,2026-03-09,1962.06,M,1987-09-23,Microsoft Egypt,Primary,100140,,0.0,96,,,,NORM,141
7,Luxor,2018-05-05,100000,A,90DA,90 Days Delinquent,90,2026-03-26,Cashback Card,200,500,65716.43,33837.33,23233.56,2026-03-12,494.7,M,1987-09-23,Microsoft Egypt,Primary,100140,,35584.88,96,,,,90DA,141
3,Alexandria,2022-08-30,100000,A,60DA,60 Days Delinquent,60,2026-04-01,Cashback Card,100,300,41253.24,58640.82,8625.67,2026-03-16,1038.26,F,1979-09-20,IBM Egypt,Secondary,100141,,53417.19,43,,,,60DA,142
9,Ismailia,2019-03-11,50000,A,90DA,90 Days Delinquent,90,2026-03-23,Gold Credit Card,200,500,8529.25,41320.76,10563.11,2026-03-06,1856.15,M,1985-03-12,Banque Misr,Primary,100142,,11878.36,85,,,,90DA,143
10,Suez,2020-10-13,15000,A,NEW,New,0,2026-03-24,Gold Credit Card,100,500,13312.83,1496.07,1659.02,2026-03-13,783.92,F,1978-10-03,Self Employed,Secondary,100143,,0.0,66,,,,NEW,144
2,Giza,2023-09-02,100000,A,60DA,60 Days Delinquent,60,2026-03-20,World Elite Card,0,0,6812.09,93174.88,27969.66,2026-03-11,1575.27,F,1977-08-21,Self Employed,Primary,100144,,8155.89,31,,,,60DA,145
6,Assiut,2022-02-06,15000,A,NEW,New,0,2026-03-18,Travel Rewards Card,0,0,4897.91,10018.05,108.55,2026-03-02,929.88,M,1985-01-08,Banque Misr,Primary,100147,,0.0,50,,,,NEW,148
8,Zagazig,2024-10-19,150000,A,NORM,Normal,0,2026-03-18,Cashback Card,100,500,63082.82,86892.3,12488.86,2026-03-13,268.26,F,1966-09-06,Cairo University,Primary,100148,,0.0,17,,,,NORM,149
8,Zagazig,2024-04-24,30000,A,NORM,Normal,0,2026-03-19,Classic Credit Card,200,300,1077.43,28443.15,946.63,2026-03-21,1294.96,M,1991-10-16,Amazon Egypt,Primary,100149,,0.0,23,,,,NORM,150
10,Suez,2019-03-27,20000,A,NORM,Normal,0,2026-03-27,Cashback Card,500,150,12602.64,7115.89,672.41,2026-03-13,298.59,F,1991-06-04,El Sewedy Electric,Primary,100151,,0.0,85,,,,NORM,152
1,Cairo Main,2019-07-20,150000,A,NORM,Normal,0,2026-03-20,Cashback Card,500,1000,113512.84,36065.01,43692.05,2026-03-20,480.32,F,1991-08-29,Edita Food Industries,Secondary,100152,,0.0,81,,,,NORM,153
1,Cairo Main,2018-11-20,50000,A,NORM,Normal,0,2026-03-17,Cashback Card,100,150,33164.26,16704.67,6739.12,2026-03-22,902.25,F,1972-11-25,Ministry of Health,Primary,100155,,0.0,89,,,,NORM,156
1,Cairo Main,2018-11-20,50000,A,NORM,Normal,0,2026-03-22,Titanium Credit Card,100,150,40324.11,9368.78,9344.27,2026-03-10,1309.21,F,1972-11-25,Ministry of Health,Primary,100155,,0.0,89,,,,NORM,156
10,Suez,2024-07-31,20000,A,NORM,Normal,0,2026-03-17,Titanium Credit Card,100,0,9277.99,10535.59,3626.46,2026-03-13,1503.45,M,1993-03-26,Amazon Egypt,Primary,100156,,0.0,20,,,,NORM,157
3,Alexandria,2024-03-04,15000,A,NORM,Normal,0,2026-03-31,Business Credit Card,500,150,777.38,14204.57,361.14,2026-03-25,1394.06,F,1960-03-25,Edita Food Industries,Primary,100157,,0.0,25,,,,NORM,158
10,Suez,2024-01-01,5000,A,30DD,30 Days Delinquent,30,2026-03-26,Titanium Credit Card,0,500,4551.36,161.04,358.46,2026-03-30,1254.23,F,1970-06-01,Orascom,Secondary,100158,,1027.05,27,,,,30DD,159
10,Suez,2024-01-01,5000,A,NORM,Normal,0,2026-03-20,Gold Credit Card,0,500,2414.34,2307.25,59.41,2026-03-11,1060.74,F,1970-06-01,Orascom,Secondary,100158,,0.0,27,,,,NORM,159
1,Cairo Main,2024-05-15,200000,A,NEW,New,0,2026-03-22,Cashback Card,200,500,134989.18,64619.36,22434.66,2026-03-24,1686.21,F,1973-05-20,Banque Misr,Secondary,100159,,0.0,22,,,,NEW,160
4,Mansoura,2019-04-07,50000,A,NORM,Normal,0,2026-03-17,Business Credit Card,200,150,31201.16,18772.21,8973.34,2026-03-23,507.16,M,1996-04-12,Edita Food Industries,Primary,100160,,0.0,85,,,,NORM,161
3,Alexandria,2022-07-19,75000,A,NEW,New,0,2026-03-26,Gold Credit Card,500,0,1456.74,73263.99,9072.7,2026-03-04,580.77,M,1987-05-28,Banque Misr,Primary,100161,,0.0,45,,,,NEW,162
5,Tanta,2020-08-22,100000,A,NORM,Normal,0,2026-03-28,Cashback Card,0,300,37466.05,62248.66,4956.07,2026-03-27,1158.02,F,1977-03-16,Elsewedy Capital,Primary,100162,,0.0,68,,,,NORM,163
5,Tanta,2020-08-22,100000,A,NORM,Normal,0,2026-04-01,Platinum Credit Card,0,300,57702.86,42041.8,10069.41,2026-03-02,1586.43,F,1977-03-16,Elsewedy Capital,Primary,100162,,0.0,68,,,,NORM,163
5,Tanta,2022-07-19,150000,A,30DD,30 Days Delinquent,30,2026-03-31,World Elite Card,200,300,28612.22,121027.17,16808.48,2026-03-07,632.53,M,1967-03-01,Elsewedy Capital,Secondary,100163,,76037.36,45,,,,30DD,164
5,Tanta,2022-07-19,150000,A,NORM,Normal,0,2026-03-22,Classic Credit Card,200,300,129053.96,20611.38,9525.73,2026-03-11,412.79,M,1967-03-01,Elsewedy Capital,Secondary,100163,,0.0,45,,,,NORM,164
8,Zagazig,2024-10-17,50000,A,NORM,Normal,0,2026-03-21,Business Credit Card,100,150,43562.1,6399.65,10349.01,2026-03-16,63.32,M,1993-07-16,Government,Primary,100164,,0.0,17,,,,NORM,165
10,Suez,2018-09-10,150000,A,30DD,30 Days Delinquent,30,2026-03-26,Titanium Credit Card,100,150,126739.22,23031.07,12225.33,2026-03-30,761.07,F,1965-01-12,Government,Primary,100165,,4989.66,92,,,,30DD,166
10,Suez,2018-09-10,150000,A,90DA,90 Days Delinquent,90,2026-03-24,World Elite Card,100,150,43772.68,105905.49,8390.4,2026-03-12,394.16,F,1965-01-12,Government,Primary,100165,,89267.11,92,,,,90DA,166
10,Suez,2018-09-10,150000,A,30DD,30 Days Delinquent,30,2026-03-22,Travel Rewards Card,100,150,49092.52,100718.7,20727.53,2026-03-31,649.03,F,1965-01-12,Government,Primary,100165,,74497.14,92,,,,30DD,166
8,Zagazig,2023-09-22,100000,A,NORM,Normal,0,2026-03-24,Business Credit Card,500,500,69696.79,30189.3,27682.16,2026-03-11,532.04,M,1964-01-29,Ministry of Health,Primary,100166,,0.0,30,,,,NORM,167
8,Zagazig,2023-09-22,100000,A,NORM,Normal,0,2026-03-17,Gold Credit Card,500,500,72514.19,27452.08,8995.26,2026-03-04,1559.04,M,1964-01-29,Ministry of Health,Primary,100166,,0.0,30,,,,NORM,167
7,Luxor,2018-01-13,20000,A,30DD,30 Days Delinquent,30,2026-04-01,Classic Credit Card,500,300,3469.29,16434.23,3507.22,2026-03-28,213.61,M,1971-06-01,Ministry of Health,Secondary,100167,,3701.66,100,,,,30DD,168
1,Cairo Main,2022-08-02,15000,A,NEW,New,0,2026-03-29,Travel Rewards Card,500,500,-381.69,14345.46,2881.69,2026-03-18,428.26,F,1972-11-16,Microsoft Egypt,Primary,100168,,0.0,44,,,,NEW,169
1,Cairo Main,2022-08-02,15000,A,NORM,Normal,0,2026-03-22,Platinum Credit Card,500,500,11848.48,2837.69,1104.39,2026-03-17,420.27,F,1972-11-16,Microsoft Egypt,Primary,100168,,0.0,44,,,,NORM,169
6,Assiut,2020-01-02,150000,A,NORM,Normal,0,2026-03-17,Platinum Credit Card,100,0,64190.55,85492.37,4533.55,2026-03-21,75.17,M,1965-04-27,Juhayna,Primary,100169,,0.0,76,,,,NORM,170
9,Ismailia,2020-07-29,20000,A,NORM,Normal,0,2026-03-19,Platinum Credit Card,200,150,7619.17,12183.02,3858.15,2026-03-04,572.58,M,1977-01-05,Orange Egypt,Secondary,100170,,0.0,69,,,,NORM,171
4,Mansoura,2019-08-15,100000,A,60DA,60 Days Delinquent,60,2026-03-30,Titanium Credit Card,100,500,33797.66,65804.29,17120.41,2026-03-04,102.94,M,1973-06-28,Talaat Moustafa Group,Primary,100175,,15365.2,80,,,,60DA,176
4,Mansoura,2019-08-15,100000,A,30DD,30 Days Delinquent,30,2026-03-30,World Elite Card,100,500,71248.01,28697.81,4003.85,2026-03-23,1480.43,M,1973-06-28,Talaat Moustafa Group,Primary,100175,,11798.21,80,,,,30DD,176
6,Assiut,2024-01-03,20000,A,NORM,Normal,0,2026-03-20,Travel Rewards Card,0,0,1579.6,18274.87,640.16,2026-03-21,134.75,M,1964-02-23,Cairo University,Primary,100176,,0.0,27,,,,NORM,177
8,Zagazig,2021-09-25,30000,A,NEW,New,0,2026-03-30,Classic Credit Card,0,500,25521.55,4309.73,2277.84,2026-03-05,1057.56,M,1969-05-15,Military,Primary,100177,,0.0,54,,,,NEW,178
9,Ismailia,2021-03-05,75000,A,NORM,Normal,0,2026-03-29,Cashback Card,200,300,52272.66,22567.59,2622.89,2026-03-11,1333.97,F,1974-06-05,Government,Secondary,100178,,0.0,61,,,,NORM,179
10,Suez,2022-09-07,30000,A,NORM,Normal,0,2026-03-23,Cashback Card,100,500,22654.86,6913.75,5788.13,2026-03-28,320.06,M,1992-04-18,Self Employed,Primary,100180,,0.0,43,,,,NORM,181
8,Zagazig,2023-07-03,100000,A,30DD,30 Days Delinquent,30,2026-03-30,Cashback Card,100,150,53798.45,45949.66,8527.31,2026-03-07,432.8,F,1992-06-15,Orascom,Secondary,100181,,17766.49,33,,,,30DD,182
9,Ismailia,2018-11-01,5000,A,NEW,New,0,2026-03-26,Travel Rewards Card,100,0,1399.54,3248.82,1351.92,2026-03-13,1160.98,M,1961-07-08,Vodafone Egypt,Primary,100182,,0.0,90,,,,NEW,183
9,Ismailia,2018-11-01,5000,A,NORM,Normal,0,2026-03-27,Gold Credit Card,100,0,384.14,4455.14,8.58,2026-03-28,1641.58,M,1961-07-08,Vodafone Egypt,Primary,100182,,0.0,90,,,,NORM,183
1,Cairo Main,2024-11-30,100000,A,NORM,Normal,0,2026-03-23,Classic Credit Card,0,1000,37273.58,62281.41,4564.4,2026-03-12,1403.68,F,1987-09-18,Vodafone Egypt,Primary,100183,,0.0,16,,,,NORM,184
5,Tanta,2023-08-20,75000,A,NORM,Normal,0,2026-03-21,Platinum Credit Card,0,1000,69650.8,5092.46,11712.87,2026-03-19,1248.48,M,1960-10-07,Elsewedy Capital,Primary,100184,,0.0,31,,,,NORM,185
5,Tanta,2023-08-20,75000,A,NEW,New,0,2026-03-29,Classic Credit Card,0,1000,46918.75,28007.81,4198.9,2026-03-06,494.59,M,1960-10-07,Elsewedy Capital,Primary,100184,,0.0,31,,,,NEW,185
6,Assiut,2022-06-14,10000,A,NORM,Normal,0,2026-03-19,Travel Rewards Card,500,1000,8312.61,1523.92,1820.01,2026-03-28,624.34,M,1971-12-28,Elsewedy Capital,Primary,100185,,0.0,46,,,,NORM,186
2,Giza,2022-04-03,75000,A,NORM,Normal,0,2026-03-26,Classic Credit Card,0,150,42842.07,32096.05,20449.32,2026-03-21,1591.79,M,1978-03-07,Self Employed,Secondary,100186,,0.0,48,,,,NORM,187
2,Giza,2018-06-24,20000,A,90DA,90 Days Delinquent,90,2026-03-22,Business Credit Card,200,0,9754.68,10232.6,1144.13,2026-03-15,1765.34,M,1983-09-10,Talaat Moustafa Group,Secondary,100187,,1593.69,94,,,,90DA,188
3,Alexandria,2021-07-12,5000,A,NORM,Normal,0,2026-03-25,Platinum Credit Card,500,0,1386.35,3199.24,800.43,2026-03-26,579.64,F,1998-02-23,Orascom,Primary,100188,,0.0,57,,,,NORM,189
3,Alexandria,2021-07-12,5000,A,NEW,New,0,2026-03-24,Travel Rewards Card,500,0,4403.95,109.63,1090.9,2026-03-27,789.07,F,1998-02-23,Orascom,Primary,100188,,0.0,57,,,,NEW,189
9,Ismailia,2022-04-22,15000,A,NORM,Normal,0,2026-03-27,Gold Credit Card,200,0,2388.63,12193.85,3409.08,2026-03-23,483.48,M,1974-11-18,Amazon Egypt,Primary,100189,,0.0,48,,,,NORM,190
9,Ismailia,2022-04-22,15000,A,NORM,Normal,0,2026-03-23,World Elite Card,200,0,11097.5,3495.73,2133.39,2026-03-31,1545.52,M,1974-11-18,Amazon Egypt,Primary,100189,,0.0,48,,,,NORM,190
10,Suez,2024-11-19,200000,A,30DD,30 Days Delinquent,30,2026-03-17,Cashback Card,0,300,133665.62,66008.47,39666.89,2026-03-13,1279.58,F,1994-06-30,Self Employed,Primary,100190,,76320.42,16,,,,30DD,191
6,Assiut,2019-03-13,10000,A,NORM,Normal,0,2026-03-31,World Elite Card,500,300,3712.62,6118.36,2380.48,2026-03-05,40.93,F,1976-03-06,CIB,Primary,100192,,0.0,85,,,,NORM,193
3,Alexandria,2021-08-06,200000,A,60DA,60 Days Delinquent,60,2026-03-20,Titanium Credit Card,100,500,149036.95,50878.42,34593.49,2026-03-02,1296.21,F,1973-06-23,Juhayna,Primary,100197,,111384.73,56,,,,60DA,198
3,Alexandria,2021-08-06,200000,A,NORM,Normal,0,2026-03-25,Platinum Credit Card,100,500,186597.77,12942.92,16451.83,2026-03-11,704.56,F,1973-06-23,Juhayna,Primary,100197,,0.0,56,,,,NORM,198
1,Cairo Main,2023-03-06,20000,A,NORM,Normal,0,2026-03-17,World Elite Card,0,500,12849.29,6790.75,2077.09,2026-03-05,1966.81,F,1992-08-14,Banque Misr,Primary,100199,,0.0,37,,,,NORM,200
10,Suez,2018-12-15,10000,A,60DA,60 Days Delinquent,60,2026-03-20,Cashback Card,0,1000,5398.93,4204.89,2346.71,2026-03-17,1009.14,F,1988-08-16,Edita Food Industries,Secondary,100201,,2697.24,88,,,,60DA,202
10,Suez,2018-12-15,10000,A,90DA,90 Days Delinquent,90,2026-03-22,Gold Credit Card,0,1000,3353.34,6262.31,2803.09,2026-03-06,1823.91,F,1988-08-16,Edita Food Industries,Secondary,100201,,1807.24,88,,,,90DA,202
1,Cairo Main,2020-11-25,20000,A,NORM,Normal,0,2026-03-21,Titanium Credit Card,500,300,10828.64,8759.76,3314.67,2026-03-08,555.81,F,1964-06-03,Freelancer,Primary,100202,,0.0,65,,,,NORM,203
3,Alexandria,2018-04-11,100000,A,NORM,Normal,0,2026-03-26,Travel Rewards Card,0,0,84523.6,15185.05,10099.41,2026-03-25,1415.96,M,1975-06-22,IBM Egypt,Primary,100203,,0.0,97,,,,NORM,204
6,Assiut,2019-03-24,15000,A,NORM,Normal,0,2026-03-28,Gold Credit Card,100,300,-1020.59,13946.97,1068.08,2026-03-03,281.33,F,1989-01-24,Freelancer,Primary,100205,,0.0,85,,,,NORM,206
3,Alexandria,2022-11-06,75000,A,NORM,Normal,0,2026-03-18,Titanium Credit Card,500,1000,25559.97,49089.0,18973.76,2026-03-06,1736.75,F,1988-09-23,Microsoft Egypt,Primary,100206,,0.0,41,,,,NORM,207
10,Suez,2019-07-03,50000,A,NORM,Normal,0,2026-03-28,World Elite Card,0,150,18263.82,31395.18,11236.91,2026-03-03,1908.44,F,1963-10-20,Banque Misr,Primary,100209,,0.0,82,,,,NORM,210
3,Alexandria,2022-04-21,75000,A,NORM,Normal,0,2026-03-19,Platinum Credit Card,100,500,63623.69,11155.69,7136.41,2026-03-13,488.34,F,1985-10-13,Banque Misr,Primary,100210,,0.0,48,,,,NORM,211
9,Ismailia,2022-10-08,10000,A,NORM,Normal,0,2026-03-21,Titanium Credit Card,0,500,7412.25,2466.02,1252.45,2026-03-14,1430.53,F,1969-10-20,IBM Egypt,Secondary,100214,,0.0,42,,,,NORM,215
9,Ismailia,2022-10-08,10000,A,60DA,60 Days Delinquent,60,2026-03-24,Platinum Credit Card,0,500,8635.8,1299.71,913.65,2026-03-09,47.47,F,1969-10-20,IBM Egypt,Secondary,100214,,3254.4,42,,,,60DA,215
2,Giza,2020-08-28,20000,A,NORM,Normal,0,2026-03-19,Cashback Card,500,150,-1043.64,18697.46,5835.09,2026-03-29,1268.81,M,1994-10-16,El Sewedy Electric,Secondary,100215,,0.0,68,,,,NORM,216
2,Giza,2020-08-28,20000,A,NORM,Normal,0,2026-03-30,Travel Rewards Card,500,150,7357.92,12245.81,1149.36,2026-03-07,563.1,M,1994-10-16,El Sewedy Electric,Secondary,100215,,0.0,68,,,,NORM,216
6,Assiut,2021-02-25,200000,A,30DD,30 Days Delinquent,30,2026-03-24,Cashback Card,200,300,80431.93,119110.69,39884.39,2026-03-31,375.42,F,1983-11-16,Government,Secondary,100216,,1784.03,62,,,,30DD,217
7,Luxor,2021-02-09,15000,A,NORM,Normal,0,2026-03-28,Platinum Credit Card,100,300,6305.31,8588.17,922.19,2026-03-22,208.95,M,1962-08-29,Microsoft Egypt,Primary,100217,,0.0,62,,,,NORM,218
7,Luxor,2021-02-09,15000,A,NORM,Normal,0,2026-03-20,Gold Credit Card,100,300,-455.09,14522.42,93.65,2026-03-05,3.89,M,1962-08-29,Microsoft Egypt,Primary,100217,,0.0,62,,,,NORM,218
7,Luxor,2023-01-26,10000,A,NORM,Normal,0,2026-03-22,Gold Credit Card,500,1000,2069.11,7831.25,703.24,2026-03-20,1920.09,F,1976-10-29,IBM Egypt,Primary,100218,,0.0,38,,,,NORM,219
10,Suez,2019-01-17,100000,A,NORM,Normal,0,2026-03-28,Cashback Card,0,1000,21863.45,78112.89,14170.75,2026-03-27,1358.03,F,1960-02-10,El Sewedy Electric,Secondary,100219,,0.0,87,,,,NORM,220
5,Tanta,2021-03-07,50000,A,30DD,30 Days Delinquent,30,2026-03-30,Platinum Credit Card,500,300,13760.39,35862.1,6963.79,2026-03-10,978.24,M,1974-06-25,Orange Egypt,Primary,100220,,29868.05,61,,,,30DD,221
1,Cairo Main,2023-05-08,10000,A,NEW,New,0,2026-03-30,Titanium Credit Card,500,0,3879.55,6082.22,2369.5,2026-03-12,1066.06,M,1969-07-28,Edita Food Industries,Secondary,100223,,0.0,35,,,,NEW,224
8,Zagazig,2020-07-26,75000,A,30DD,30 Days Delinquent,30,2026-03-17,Gold Credit Card,0,300,40909.52,33768.87,938.69,2026-03-15,449.65,F,1963-03-06,Juhayna,Primary,100224,,36094.72,69,,,,30DD,225
2,Giza,2024-04-26,5000,A,NORM,Normal,0,2026-03-19,Platinum Credit Card,500,300,113.77,4759.77,512.37,2026-03-15,1858.79,M,1983-10-18,Banque Misr,Secondary,100225,,0.0,23,,,,NORM,226
4,Mansoura,2019-02-16,15000,A,30DD,30 Days Delinquent,30,2026-03-23,Platinum Credit Card,500,300,9298.06,5452.62,2957.94,2026-03-07,1455.83,M,1963-11-21,Elsewedy Capital,Primary,100226,,8783.09,86,,,,30DD,227
9,Ismailia,2024-09-23,200000,A,NORM,Normal,0,2026-03-22,Classic Credit Card,200,150,111539.5,88062.82,20870.16,2026-03-16,1020.0,M,1986-12-16,Microsoft Egypt,Primary,100227,,0.0,18,,,,NORM,228
8,Zagazig,2019-04-07,20000,A,30DD,30 Days Delinquent,30,2026-03-20,Gold Credit Card,0,300,17050.63,2896.35,3825.36,2026-03-24,1440.59,F,1977-04-23,Banque Misr,Primary,100228,,11821.28,85,,,,30DD,229
6,Assiut,2019-12-09,100000,A,NORM,Normal,0,2026-03-25,Gold Credit Card,0,0,84555.39,15030.99,18028.52,2026-03-07,1167.06,F,1984-07-04,El Sewedy Electric,Primary,100229,,0.0,76,,,,NORM,230
6,Assiut,2019-12-09,100000,A,NORM,Normal,0,2026-03-25,Classic Credit Card,0,0,60798.57,39043.33,932.9,2026-03-18,1033.12,F,1984-07-04,El Sewedy Electric,Primary,100229,,0.0,76,,,,NORM,230
4,Mansoura,2019-09-29,150000,A,NORM,Normal,0,2026-03-31,Gold Credit Card,200,500,38010.67,111879.81,14382.47,2026-03-22,900.35,M,1996-03-31,Orange Egypt,Primary,100231,,0.0,79,,,,NORM,232
1,Cairo Main,2022-09-14,20000,A,NEW,New,0,2026-04-01,Travel Rewards Card,200,300,-1671.89,17856.32,568.67,2026-03-03,1905.13,M,1984-10-19,Cairo University,Primary,100236,,0.0,43,,,,NEW,237
3,Alexandria,2023-10-14,5000,A,NORM,Normal,0,2026-03-31,Titanium Credit Card,200,300,1775.37,2839.83,450.93,2026-03-16,1391.41,M,1970-01-04,Ministry of Health,Primary,100237,,0.0,30,,,,NORM,238
3,Alexandria,2023-10-14,5000,A,30DD,30 Days Delinquent,30,2026-03-18,Platinum Credit Card,200,300,1675.75,3283.17,1469.49,2026-03-15,932.4,M,1970-01-04,Ministry of Health,Primary,100237,,2513.01,30,,,,30DD,238
5,Tanta,2021-05-29,200000,A,NORM,Normal,0,2026-03-23,Cashback Card,500,150,30859.38,168977.47,46593.49,2026-03-09,1319.23,M,1985-04-16,Banque Misr,Primary,100238,,0.0,58,,,,NORM,239
4,Mansoura,2021-11-19,5000,A,NORM,Normal,0,2026-03-20,Classic Credit Card,500,300,3462.27,1305.94,201.91,2026-03-05,1318.81,M,1984-04-16,El Sewedy Electric,Primary,100239,,0.0,53,,,,NORM,240
7,Luxor,2024-08-21,200000,A,NORM,Normal,0,2026-03-31,Platinum Credit Card,100,300,90753.24,109194.12,56093.72,2026-03-25,186.49,F,1963-05-11,Edita Food Industries,Secondary,100241,,0.0,19,,,,NORM,242
6,Assiut,2021-01-18,20000,A,NORM,Normal,0,2026-03-24,Titanium Credit Card,100,1000,18529.53,1347.94,1484.76,2026-03-05,1844.65,M,1980-04-22,Banque Misr,Primary,100242,,0.0,63,,,,NORM,243
6,Assiut,2019-05-10,150000,A,90DA,90 Days Delinquent,90,2026-03-30,Titanium Credit Card,500,300,113455.53,36496.02,7472.3,2026-03-20,1795.07,F,1978-03-27,Talaat Moustafa Group,Secondary,100243,,70949.17,83,,,,90DA,244
5,Tanta,2024-10-07,5000,A,NORM,Normal,0,2026-03-24,Cashback Card,100,0,-386.74,4477.65,1355.29,2026-03-17,395.62,M,1997-01-25,IBM Egypt,Primary,100244,,0.0,18,,,,NORM,245
5,Tanta,2019-12-14,5000,A,NORM,Normal,0,2026-04-01,Cashback Card,100,0,1266.92,3678.47,99.69,2026-03-13,1280.16,F,1996-10-14,CIB,Secondary,100245,,0.0,76,,,,NORM,246
1,Cairo Main,2020-06-29,15000,A,NORM,Normal,0,2026-03-26,Travel Rewards Card,200,0,-1317.61,13631.16,3316.52,2026-03-11,105.52,F,1962-10-07,National Bank of Egypt,Primary,100246,,0.0,70,,,,NORM,247
8,Zagazig,2019-06-12,10000,A,NORM,Normal,0,2026-03-24,Cashback Card,500,0,8147.0,1764.73,2933.31,2026-03-22,327.9,M,1996-04-20,Cairo University,Primary,100247,,0.0,82,,,,NORM,248
8,Zagazig,2019-06-12,10000,A,NORM,Normal,0,2026-03-19,Travel Rewards Card,500,0,428.94,9183.58,359.76,2026-03-05,217.34,M,1996-04-20,Cairo University,Primary,100247,,0.0,82,,,,NORM,248
1,Cairo Main,2022-10-14,15000,A,90DA,90 Days Delinquent,90,2026-03-28,Platinum Credit Card,200,300,9022.19,5667.22,1399.87,2026-03-08,826.17,F,1977-03-02,Banque Misr,Primary,100248,,6581.09,42,,,,90DA,249
4,Mansoura,2021-04-23,100000,A,90DA,90 Days Delinquent,90,2026-03-22,Business Credit Card,0,0,46063.54,53510.95,6289.63,2026-03-07,1070.63,F,1989-01-13,Microsoft Egypt,Primary,100249,,20102.3,60,,,,90DA,250
4,Mansoura,2024-02-05,5000,A,NORM,Normal,0,2026-03-29,Cashback Card,500,300,2282.33,2357.75,937.3,2026-03-30,539.42,F,1988-04-17,Microsoft Egypt,Primary,100250,,0.0,26,,,,NORM,251
4,Mansoura,2024-02-05,5000,A,30DD,30 Days Delinquent,30,2026-03-28,Titanium Credit Card,500,300,3789.39,882.16,274.46,2026-03-25,389.71,F,1988-04-17,Microsoft Egypt,Primary,100250,,2918.72,26,,,,30DD,251
4,Mansoura,2024-02-05,5000,A,30DD,30 Days Delinquent,30,2026-03-22,World Elite Card,500,300,2614.1,1973.16,1040.5,2026-03-10,1751.79,F,1988-04-17,Microsoft Egypt,Primary,100250,,1777.94,26,,,,30DD,251
10,Suez,2018-05-01,30000,A,NORM,Normal,0,2026-03-22,Business Credit Card,200,1000,13312.95,16519.02,8334.52,2026-03-16,91.14,M,1969-10-28,Orascom,Primary,100251,,0.0,96,,,,NORM,252
9,Ismailia,2018-08-18,20000,A,NEW,New,0,2026-03-18,Travel Rewards Card,200,150,11978.71,7977.28,4116.75,2026-03-03,1616.59,M,1996-08-13,Elsewedy Capital,Primary,100252,,0.0,92,,,,NEW,253
1,Cairo Main,2021-12-11,200000,A,NORM,Normal,0,2026-03-27,Titanium Credit Card,500,1000,145556.14,54032.64,54724.13,2026-03-20,561.0,F,1991-07-22,Orascom,Primary,100253,,0.0,52,,,,NORM,254
4,Mansoura,2020-06-15,5000,A,90DA,90 Days Delinquent,90,2026-03-20,Classic Credit Card,200,1000,2084.79,2674.0,1364.62,2026-03-13,529.09,M,1986-12-27,Banque Misr,Primary,100254,,1213.19,70,,,,90DA,255
1,Cairo Main,2019-08-29,200000,A,30DD,30 Days Delinquent,30,2026-03-20,Platinum Credit Card,0,1000,-12875.99,186910.44,2928.53,2026-03-31,1136.6,F,1960-12-25,National Bank of Egypt,Primary,100255,,96904.53,80,,,,30DD,256
6,Assiut,2024-08-09,15000,A,NORM,Normal,0,2026-04-01,World Elite Card,100,150,11170.28,3819.37,453.04,2026-03-28,1771.91,M,1970-01-05,Cairo University,Primary,100257,,0.0,20,,,,NORM,258
3,Alexandria,2021-07-27,200000,A,NORM,Normal,0,2026-03-26,Gold Credit Card,500,150,78235.58,121334.57,15196.87,2026-03-20,1206.1,F,1987-01-08,National Bank of Egypt,Primary,100258,,0.0,56,,,,NORM,259
2,Giza,2021-10-07,100000,A,NORM,Normal,0,2026-03-25,Titanium Credit Card,100,0,69344.94,30624.84,25015.85,2026-03-12,282.67,F,1996-11-09,Talaat Moustafa Group,Primary,100259,,0.0,54,,,,NORM,260
7,Luxor,2022-09-15,15000,A,30DD,30 Days Delinquent,30,2026-03-21,Business Credit Card,200,1000,2482.74,12501.72,1787.13,2026-03-27,1336.86,F,1979-08-28,CIB,Secondary,100260,,5291.16,43,,,,30DD,261
3,Alexandria,2018-10-29,5000,A,NORM,Normal,0,2026-03-23,Cashback Card,200,0,-191.73,4395.65,1124.28,2026-03-09,493.05,M,1980-03-29,Edita Food Industries,Primary,100261,,0.0,90,,,,NORM,262
2,Giza,2019-01-17,50000,A,60DA,60 Days Delinquent,60,2026-03-21,Business Credit Card,0,500,21697.07,28037.35,14067.46,2026-03-17,310.59,M,1984-07-15,Military,Secondary,100262,,28458.19,87,,,,60DA,263
1,Cairo Main,2019-02-01,10000,A,60DA,60 Days Delinquent,60,2026-03-28,Travel Rewards Card,100,1000,8473.47,1445.83,626.01,2026-03-04,951.59,M,1966-10-12,Microsoft Egypt,Secondary,100267,,3798.36,87,,,,60DA,268
8,Zagazig,2020-08-23,100000,A,NORM,Normal,0,2026-03-24,Travel Rewards Card,0,1000,32908.78,66683.37,21314.76,2026-03-07,1956.99,M,1985-09-09,CIB,Secondary,100268,,0.0,68,,,,NORM,269
3,Alexandria,2020-02-29,15000,A,NORM,Normal,0,2026-03-27,Gold Credit Card,500,150,13037.5,1794.32,1649.62,2026-03-29,1104.86,M,1969-07-03,Military,Primary,100269,,0.0,74,,,,NORM,270
7,Luxor,2022-06-16,150000,A,NORM,Normal,0,2026-03-28,World Elite Card,500,0,-2485.82,147452.8,715.87,2026-03-31,1414.7,F,1984-12-15,CIB,Primary,100270,,0.0,46,,,,NORM,271
10,Suez,2018-06-03,15000,A,30DD,30 Days Delinquent,30,2026-03-18,Platinum Credit Card,500,0,1172.9,13353.94,3231.75,2026-03-27,1559.69,F,1981-03-21,Edita Food Industries,Primary,100272,,4970.05,95,,,,30DD,273
5,Tanta,2018-03-24,50000,A,NORM,Normal,0,2026-03-26,Platinum Credit Card,200,500,34480.45,15109.59,14921.69,2026-03-17,1462.82,M,1976-09-15,Elsewedy Capital,Primary,100273,,0.0,97,,,,NORM,274
5,Tanta,2022-09-04,200000,A,NORM,Normal,0,2026-03-27,Titanium Credit Card,500,150,72497.84,127020.47,36474.67,2026-03-07,159.62,F,1992-09-09,Self Employed,Primary,100274,,0.0,43,,,,NORM,275
4,Mansoura,2023-02-13,5000,A,NORM,Normal,0,2026-03-20,Titanium Credit Card,500,1000,516.98,4169.0,377.07,2026-03-09,1912.83,F,1961-06-25,CIB,Primary,100276,,0.0,38,,,,NORM,277
4,Mansoura,2023-02-13,5000,A,30DD,30 Days Delinquent,30,2026-03-17,Platinum Credit Card,500,1000,3633.31,881.06,514.9,2026-03-04,136.57,F,1961-06-25,CIB,Primary,100276,,2816.11,38,,,,30DD,277
8,Zagazig,2023-01-02,15000,A,NORM,Normal,0,2026-03-21,Business Credit Card,200,300,7258.79,7630.22,2993.7,2026-03-13,103.48,M,1986-08-24,Talaat Moustafa Group,Primary,100277,,0.0,39,,,,NORM,278
8,Zagazig,2023-01-02,15000,A,30DD,30 Days Delinquent,30,2026-03-28,World Elite Card,200,300,11750.42,3016.04,4070.52,2026-03-28,1224.6,M,1986-08-24,Talaat Moustafa Group,Primary,100277,,7724.92,39,,,,30DD,278
1,Cairo Main,2018-07-23,15000,A,NORM,Normal,0,2026-03-27,Travel Rewards Card,100,150,9779.86,5220.01,264.56,2026-03-27,55.04,M,1977-05-04,Talaat Moustafa Group,Primary,100278,,0.0,93,,,,NORM,279
1,Cairo Main,2019-06-26,15000,A,60DA,60 Days Delinquent,60,2026-03-24,Classic Credit Card,100,300,6022.03,8542.26,545.57,2026-03-13,694.34,F,1981-04-07,Talaat Moustafa Group,Primary,100279,,8522.02,82,,,,60DA,280
8,Zagazig,2020-06-12,100000,A,NORM,Normal,0,2026-03-31,Travel Rewards Card,0,0,94576.44,5073.72,17107.04,2026-03-07,262.81,F,1971-04-21,Ministry of Health,Primary,100280,,0.0,70,,,,NORM,281
5,Tanta,2019-03-19,100000,A,NORM,Normal,0,2026-03-18,World Elite Card,200,300,75350.27,24244.38,27207.99,2026-03-03,1892.15,F,1990-09-13,Juhayna,Primary,100281,,0.0,85,,,,NORM,282
1,Cairo Main,2024-09-23,75000,A,NORM,Normal,0,2026-03-26,Platinum Credit Card,0,500,20911.3,53693.92,665.01,2026-03-26,27.52,F,1996-02-17,Talaat Moustafa Group,Secondary,100282,,0.0,18,,,,NORM,283
5,Tanta,2023-04-13,15000,A,NORM,Normal,0,2026-03-25,Platinum Credit Card,200,0,-1314.35,13208.28,3304.1,2026-03-28,1865.51,M,1964-05-18,IBM Egypt,Primary,100284,,0.0,36,,,,NORM,285
5,Tanta,2023-04-13,15000,A,NORM,Normal,0,2026-03-17,Cashback Card,200,0,6583.48,8143.39,2221.31,2026-03-20,649.08,M,1964-05-18,IBM Egypt,Primary,100284,,0.0,36,,,,NORM,285
6,Assiut,2020-12-03,200000,A,60DA,60 Days Delinquent,60,2026-03-23,Gold Credit Card,500,0,50997.72,148506.83,34502.42,2026-03-28,670.52,M,1976-09-02,Self Employed,Secondary,100285,,70730.27,64,,,,60DA,286
7,Luxor,2021-05-07,75000,A,NORM,Normal,0,2026-03-19,Platinum Credit Card,100,150,57771.55,17009.58,20278.28,2026-03-19,1244.05,F,1983-10-07,Amazon Egypt,Secondary,100286,,0.0,59,,,,NORM,287
6,Assiut,2020-01-09,10000,A,60DA,60 Days Delinquent,60,2026-03-29,Platinum Credit Card,200,0,343.33,9567.68,1017.35,2026-03-14,576.07,M,1998-09-07,Freelancer,Primary,100287,,2860.87,75,,,,60DA,288
3,Alexandria,2018-12-27,15000,A,90DA,90 Days Delinquent,90,2026-03-22,Travel Rewards Card,500,500,-880.08,13723.31,2930.85,2026-03-23,1826.61,F,1981-12-17,Microsoft Egypt,Primary,100288,,8310.29,88,,,,90DA,289
6,Assiut,2021-08-12,150000,A,60DA,60 Days Delinquent,60,2026-03-24,Classic Credit Card,100,150,93482.03,56064.64,21914.73,2026-03-19,1324.8,F,1960-08-18,Juhayna,Primary,100289,,13588.17,56,,,,60DA,290
8,Zagazig,2020-02-11,15000,A,60DA,60 Days Delinquent,60,2026-03-21,Travel Rewards Card,100,150,9084.25,5568.26,3310.99,2026-03-04,1065.8,M,1976-02-11,Vodafone Egypt,Primary,100291,,5290.94,74,,,,60DA,292
8,Zagazig,2020-02-11,15000,A,NORM,Normal,0,2026-03-19,Classic Credit Card,100,150,8274.36,6246.77,387.19,2026-03-19,915.46,M,1976-02-11,Vodafone Egypt,Primary,100291,,0.0,74,,,,NORM,292
8,Zagazig,2020-02-11,15000,A,NORM,Normal,0,2026-03-25,Gold Credit Card,100,150,5253.47,9271.72,2268.02,2026-03-12,1306.24,M,1976-02-11,Vodafone Egypt,Primary,100291,,0.0,74,,,,NORM,292
6,Assiut,2018-06-03,75000,A,NORM,Normal,0,2026-03-30,World Elite Card,0,1000,40628.08,34213.4,10226.57,2026-03-30,1934.03,M,1991-11-24,CIB,Primary,100292,,0.0,95,,,,NORM,293
6,Assiut,2018-06-03,75000,A,NORM,Normal,0,2026-03-21,Travel Rewards Card,0,1000,9254.94,65323.3,9701.1,2026-03-23,1351.58,M,1991-11-24,CIB,Primary,100292,,0.0,95,,,,NORM,293
2,Giza,2022-12-25,75000,A,30DD,30 Days Delinquent,30,2026-03-18,World Elite Card,500,150,71119.46,3417.39,5554.08,2026-03-02,1093.16,M,1978-09-11,Vodafone Egypt,Primary,100293,,12011.27,39,,,,30DD,294
5,Tanta,2024-10-16,15000,A,NORM,Normal,0,2026-03-20,Gold Credit Card,0,300,-1456.8,13523.56,2827.2,2026-03-25,689.12,M,1987-12-08,CIB,Primary,100294,,0.0,17,,,,NORM,295
6,Assiut,2018-01-12,5000,A,30DD,30 Days Delinquent,30,2026-03-27,Gold Credit Card,500,150,3473.47,1109.69,1410.71,2026-03-24,939.25,M,1970-07-09,Government,Primary,100296,,2433.64,100,,,,30DD,297
4,Mansoura,2021-04-27,30000,A,NORM,Normal,0,2026-03-17,Gold Credit Card,100,0,7782.12,21969.72,1268.85,2026-03-19,1980.45,F,1980-06-27,IBM Egypt,Secondary,100297,,0.0,60,,,,NORM,298
2,Giza,2018-07-07,5000,A,NEW,New,0,2026-03-28,Business Credit Card,200,500,2524.56,2081.6,172.71,2026-03-24,1411.28,F,1964-04-05,National Bank of Egypt,Primary,100298,,0.0,94,,,,NEW,299
2,Giza,2022-06-28,100000,A,NORM,Normal,0,2026-04-01,Travel Rewards Card,500,500,71437.28,28372.39,207.22,2026-03-14,1750.92,M,1977-12-23,CIB,Primary,100299,,0.0,45,,,,NORM,300
2,Giza,2024-08-16,100000,A,NORM,Normal,0,2026-03-31,Business Credit Card,500,300,41566.06,58165.09,12217.93,2026-03-12,1395.57,M,1978-08-30,Banque Misr,Primary,100300,,0.0,19,,,,NORM,301
2,Giza,2024-08-16,100000,A,NORM,Normal,0,2026-03-25,Gold Credit Card,500,300,11229.39,88315.59,2195.24,2026-03-02,1643.63,M,1978-08-30,Banque Misr,Primary,100300,,0.0,19,,,,NORM,301
7,Luxor,2018-07-08,10000,A,NORM,Normal,0,2026-03-24,Cashback Card,0,1000,5869.48,4068.02,1546.75,2026-03-18,1233.06,M,1979-10-08,Edita Food Industries,Primary,100301,,0.0,94,,,,NORM,302
7,Luxor,2020-10-15,100000,A,60DA,60 Days Delinquent,60,2026-03-17,Travel Rewards Card,100,1000,94786.37,4991.73,13235.72,2026-03-31,1602.54,M,1989-09-06,Vodafone Egypt,Primary,100302,,43347.57,66,,,,60DA,303
8,Zagazig,2023-07-24,15000,A,NORM,Normal,0,2026-03-24,Business Credit Card,200,150,-1107.92,13755.9,1697.97,2026-03-05,1574.36,F,1998-03-19,Talaat Moustafa Group,Primary,100303,,0.0,32,,,,NORM,304
7,Luxor,2020-08-20,10000,A,NORM,Normal,0,2026-03-30,Business Credit Card,0,500,3673.97,5829.6,2351.8,2026-03-08,1459.14,F,1978-02-02,Edita Food Industries,Primary,100304,,0.0,68,,,,NORM,305
2,Giza,2022-08-16,5000,A,60DA,60 Days Delinquent,60,2026-03-30,Classic Credit Card,0,1000,4707.12,0.0,581.28,2026-03-17,1320.64,F,1978-02-04,Government,Primary,100305,,1209.28,44,,,,60DA,306
6,Assiut,2018-08-11,20000,A,60DA,60 Days Delinquent,60,2026-03-27,Cashback Card,500,300,15799.6,4009.61,4215.21,2026-03-18,1749.97,F,1997-01-07,CIB,Primary,100306,,6292.94,93,,,,60DA,307
9,Ismailia,2019-12-27,200000,A,NORM,Normal,0,2026-03-27,Platinum Credit Card,0,500,23040.41,176850.19,52171.14,2026-03-05,245.35,F,1995-01-14,Government,Secondary,100310,,0.0,76,,,,NORM,311
4,Mansoura,2022-06-18,50000,A,30DD,30 Days Delinquent,30,2026-04-01,Business Credit Card,100,500,-3749.95,46019.54,3174.33,2026-03-27,578.94,F,1972-04-09,Ministry of Health,Secondary,100311,,24754.92,46,,,,30DD,312
4,Mansoura,2022-06-18,50000,A,NORM,Normal,0,2026-03-17,Travel Rewards Card,100,500,21851.46,27687.04,5266.6,2026-03-17,142.14,F,1972-04-09,Ministry of Health,Secondary,100311,,0.0,46,,,,NORM,312
4,Mansoura,2021-04-05,50000,A,NORM,Normal,0,2026-03-29,Platinum Credit Card,100,1000,23772.95,25808.14,8650.95,2026-03-03,803.74,F,1969-05-28,CIB,Primary,100312,,0.0,60,,,,NORM,313
10,Suez,2022-09-06,150000,A,NORM,Normal,0,2026-03-22,Travel Rewards Card,0,1000,73536.86,76400.28,22506.03,2026-03-08,1699.74,M,1985-08-06,Vodafone Egypt,Primary,100313,,0.0,43,,,,NORM,314
4,Mansoura,2019-10-22,30000,A,NORM,Normal,0,2026-03-30,Platinum Credit Card,0,300,10727.4,19107.83,2885.9,2026-03-26,982.02,M,1971-12-23,Ministry of Health,Primary,100314,,0.0,78,,,,NORM,315
10,Suez,2024-04-20,20000,A,NORM,Normal,0,2026-03-17,Travel Rewards Card,200,0,10037.75,9693.61,2970.65,2026-03-27,1992.14,F,1998-12-08,Microsoft Egypt,Primary,100315,,0.0,23,,,,NORM,316
10,Suez,2024-04-20,20000,A,NORM,Normal,0,2026-03-30,Gold Credit Card,200,0,4280.81,15581.25,999.67,2026-03-18,1373.88,F,1998-12-08,Microsoft Egypt,Primary,100315,,0.0,23,,,,NORM,316
1,Cairo Main,2020-10-26,20000,A,NEW,New,0,2026-03-18,Business Credit Card,100,300,12539.17,7253.75,3643.95,2026-03-12,1567.27,M,1960-07-31,El Sewedy Electric,Primary,100316,,0.0,66,,,,NEW,317
3,Alexandria,2023-10-06,10000,A,NORM,Normal,0,2026-03-20,Travel Rewards Card,200,1000,4524.96,5082.48,826.89,2026-03-30,1600.81,F,1967-10-18,Banque Misr,Primary,100317,,0.0,30,,,,NORM,318
6,Assiut,2019-09-27,5000,A,NORM,Normal,0,2026-03-25,Cashback Card,0,1000,1678.15,2841.8,303.25,2026-03-30,324.45,F,1980-12-01,Self Employed,Primary,100318,,0.0,79,,,,NORM,319
6,Assiut,2020-09-11,200000,A,NORM,Normal,0,2026-03-22,Titanium Credit Card,200,500,-15495.03,184328.15,30106.05,2026-03-21,1046.14,M,1979-12-28,Microsoft Egypt,Primary,100321,,0.0,67,,,,NORM,322
6,Assiut,2020-09-11,200000,A,NORM,Normal,0,2026-03-29,Classic Credit Card,200,500,8020.24,191834.99,9208.78,2026-03-19,687.21,M,1979-12-28,Microsoft Egypt,Primary,100321,,0.0,67,,,,NORM,322
6,Assiut,2020-09-11,200000,A,NORM,Normal,0,2026-03-26,Cashback Card,200,500,66534.31,133236.96,15177.1,2026-03-17,634.76,M,1979-12-28,Microsoft Egypt,Primary,100321,,0.0,67,,,,NORM,322
9,Ismailia,2022-03-16,150000,A,NORM,Normal,0,2026-03-19,Titanium Credit Card,0,300,23041.9,126783.55,17883.75,2026-03-18,1946.75,M,1996-11-16,Edita Food Industries,Primary,100322,,0.0,49,,,,NORM,323
9,Ismailia,2018-01-31,10000,A,NORM,Normal,0,2026-03-21,Titanium Credit Card,500,0,9363.58,232.48,1627.83,2026-03-06,1421.18,M,1983-12-02,Ministry of Health,Secondary,100323,,0.0,99,,,,NORM,324
7,Luxor,2023-01-22,75000,A,NORM,Normal,0,2026-03-29,Classic Credit Card,500,0,-3884.57,71054.1,13831.38,2026-03-13,1549.83,M,1977-05-28,Military,Primary,100325,,0.0,38,,,,NORM,326
3,Alexandria,2020-06-19,15000,A,90DA,90 Days Delinquent,90,2026-03-23,World Elite Card,100,300,1147.9,13754.14,3078.02,2026-03-14,274.78,F,1983-12-06,Vodafone Egypt,Primary,100327,,7314.51,70,,,,90DA,328
3,Alexandria,2020-06-19,15000,A,NEW,New,0,2026-03-26,Cashback Card,100,300,4199.73,10741.81,4347.46,2026-03-17,868.21,F,1983-12-06,Vodafone Egypt,Primary,100327,,0.0,70,,,,NEW,328
2,Giza,2018-01-21,200000,A,30DD,30 Days Delinquent,30,2026-03-28,Gold Credit Card,200,150,156076.02,43480.76,48759.18,2026-03-31,1309.96,F,1961-11-15,El Sewedy Electric,Primary,100328,,6309.09,99,,,,30DD,329
5,Tanta,2018-10-03,30000,A,NORM,Normal,0,2026-03-31,Business Credit Card,200,300,21439.14,8160.03,5732.48,2026-03-13,1267.82,M,1990-02-16,Elsewedy Capital,Primary,100330,,0.0,91,,,,NORM,331
6,Assiut,2020-06-26,75000,A,NORM,Normal,0,2026-03-25,Cashback Card,100,300,-109.27,74722.44,9180.77,2026-03-11,1203.25,F,1971-01-16,Freelancer,Primary,100332,,0.0,70,,,,NORM,333
1,Cairo Main,2023-09-09,5000,A,NORM,Normal,0,2026-03-31,Travel Rewards Card,100,0,3036.38,1917.95,414.77,2026-03-24,1286.41,F,1998-02-09,Ministry of Health,Secondary,100334,,0.0,31,,,,NORM,335
1,Cairo Main,2023-09-09,5000,A,NORM,Normal,0,2026-03-30,Business Credit Card,100,0,4458.1,244.25,790.58,2026-03-22,1345.13,F,1998-02-09,Ministry of Health,Secondary,100334,,0.0,31,,,,NORM,335
3,Alexandria,2022-05-27,20000,A,NORM,Normal,0,2026-03-25,Gold Credit Card,500,1000,13959.3,5667.89,1274.15,2026-03-04,1883.32,M,1976-05-29,Microsoft Egypt,Primary,100335,,0.0,46,,,,NORM,336
10,Suez,2019-11-11,150000,A,NEW,New,0,2026-03-18,Platinum Credit Card,100,1000,119657.57,30022.6,39688.69,2026-03-12,48.89,M,1990-09-09,Self Employed,Secondary,100336,,0.0,77,,,,NEW,337
8,Zagazig,2018-09-15,30000,A,NORM,Normal,0,2026-04-01,Classic Credit Card,100,1000,-2876.85,26659.21,1819.91,2026-03-31,936.11,F,1970-05-24,Microsoft Egypt,Primary,100337,,0.0,91,,,,NORM,338
1,Cairo Main,2021-08-20,10000,A,NORM,Normal,0,2026-03-25,World Elite Card,200,1000,4851.25,5030.95,985.64,2026-03-09,1877.41,M,1989-02-02,Microsoft Egypt,Primary,100338,,0.0,56,,,,NORM,339
1,Cairo Main,2021-08-20,10000,A,NORM,Normal,0,2026-03-19,Travel Rewards Card,200,1000,8133.4,1629.24,1929.21,2026-03-16,709.2,M,1989-02-02,Microsoft Egypt,Primary,100338,,0.0,56,,,,NORM,339
2,Giza,2020-10-27,75000,A,NORM,Normal,0,2026-03-25,Titanium Credit Card,200,300,23829.66,50951.55,9985.8,2026-03-16,675.11,F,1983-03-06,Self Employed,Secondary,100339,,0.0,66,,,,NORM,340
2,Giza,2020-10-27,75000,A,NORM,Normal,0,2026-03-20,World Elite Card,200,300,65481.74,9374.21,21096.21,2026-03-26,812.57,F,1983-03-06,Self Employed,Secondary,100339,,0.0,66,,,,NORM,340
2,Giza,2020-10-27,75000,A,NORM,Normal,0,2026-03-28,Business Credit Card,200,300,62691.08,12185.39,4886.01,2026-03-07,1214.43,F,1983-03-06,Self Employed,Secondary,100339,,0.0,66,,,,NORM,340
3,Alexandria,2019-11-10,20000,A,NORM,Normal,0,2026-03-31,World Elite Card,100,150,12863.86,6720.01,5770.32,2026-03-20,1867.47,M,1979-09-25,Orascom,Primary,100340,,0.0,77,,,,NORM,341
7,Luxor,2021-09-14,10000,A,NORM,Normal,0,2026-03-31,Business Credit Card,500,150,8289.37,1295.38,667.75,2026-03-24,873.33,M,1996-05-21,Amazon Egypt,Primary,100341,,0.0,55,,,,NORM,342
10,Suez,2019-10-22,15000,A,NORM,Normal,0,2026-03-22,Classic Credit Card,100,0,11961.18,2769.02,2758.65,2026-03-03,1008.49,M,1986-07-28,Talaat Moustafa Group,Secondary,100342,,0.0,78,,,,NORM,343
10,Suez,2018-03-18,30000,A,NORM,Normal,0,2026-03-30,World Elite Card,500,500,4636.24,25015.35,3263.68,2026-03-17,1897.87,M,1985-04-13,Elsewedy Capital,Secondary,100343,,0.0,97,,,,NORM,344
1,Cairo Main,2023-12-17,150000,A,NORM,Normal,0,2026-03-24,Gold Credit Card,100,1000,24600.04,125203.02,39444.86,2026-03-19,580.2,M,1999-05-17,Amazon Egypt,Primary,100346,,0.0,27,,,,NORM,347
1,Cairo Main,2023-12-17,150000,A,NORM,Normal,0,2026-03-30,Titanium Credit Card,100,1000,10257.97,139352.96,36376.38,2026-03-18,505.77,M,1999-05-17,Amazon Egypt,Primary,100346,,0.0,27,,,,NORM,347
9,Ismailia,2020-07-28,100000,A,NORM,Normal,0,2026-03-18,Travel Rewards Card,0,500,69815.48,29722.88,223.67,2026-03-30,1258.5,M,1979-03-30,Talaat Moustafa Group,Primary,100347,,0.0,69,,,,NORM,348
9,Ismailia,2020-07-28,100000,A,NORM,Normal,0,2026-03-22,Platinum Credit Card,0,500,83365.04,16414.24,21534.09,2026-03-24,314.42,M,1979-03-30,Talaat Moustafa Group,Primary,100347,,0.0,69,,,,NORM,348
5,Tanta,2024-02-06,75000,A,NEW,New,0,2026-03-22,Classic Credit Card,0,1000,59215.31,15531.05,19856.29,2026-03-17,1337.31,M,1986-11-02,Government,Primary,100348,,0.0,26,,,,NEW,349
7,Luxor,2019-03-13,15000,A,NORM,Normal,0,2026-03-26,World Elite Card,200,1000,7974.96,6915.89,2431.83,2026-03-20,78.98,F,1976-04-01,Cairo University,Primary,100349,,0.0,85,,,,NORM,350
4,Mansoura,2024-03-11,150000,A,NORM,Normal,0,2026-03-28,Cashback Card,500,300,-8166.47,141803.53,19034.8,2026-03-11,684.21,F,1978-07-15,Cairo University,Primary,100350,,0.0,25,,,,NORM,351
2,Giza,2020-07-30,100000,A,NORM,Normal,0,2026-04-01,Classic Credit Card,100,1000,40340.59,59383.04,9271.99,2026-03-17,482.66,F,1993-07-18,Edita Food Industries,Secondary,100351,,0.0,69,,,,NORM,352
3,Alexandria,2018-01-22,10000,A,NORM,Normal,0,2026-03-20,Business Credit Card,500,0,3422.15,6469.55,551.43,2026-03-22,707.41,M,1977-06-15,Talaat Moustafa Group,Primary,100352,,0.0,99,,,,NORM,353
1,Cairo Main,2022-04-24,75000,A,NORM,Normal,0,2026-03-22,World Elite Card,0,150,8304.81,66634.65,7033.69,2026-03-25,1945.73,F,1992-07-01,Freelancer,Primary,100353,,0.0,47,,,,NORM,354
5,Tanta,2022-06-25,50000,A,NORM,Normal,0,2026-03-22,Travel Rewards Card,100,1000,31940.87,17775.97,13696.79,2026-03-18,1578.14,M,1994-12-22,National Bank of Egypt,Secondary,100355,,0.0,45,,,,NORM,356
9,Ismailia,2021-11-26,50000,A,NORM,Normal,0,2026-03-25,World Elite Card,100,500,36246.16,13433.56,11536.95,2026-03-02,1410.68,F,1986-02-23,Cairo University,Primary,100356,,0.0,52,,,,NORM,357
9,Ismailia,2021-11-26,50000,A,NORM,Normal,0,2026-03-24,Gold Credit Card,100,500,11525.78,38383.05,12645.11,2026-03-08,1031.67,F,1986-02-23,Cairo University,Primary,100356,,0.0,52,,,,NORM,357
9,Ismailia,2021-11-26,50000,A,60DA,60 Days Delinquent,60,2026-03-30,Business Credit Card,100,500,-365.53,49352.49,13309.53,2026-03-21,1464.71,F,1986-02-23,Cairo University,Primary,100356,,5928.34,52,,,,60DA,357
9,Ismailia,2024-04-07,10000,A,NORM,Normal,0,2026-03-26,Cashback Card,0,1000,4039.55,5666.51,1104.8,2026-03-08,906.32,F,1964-10-10,Ministry of Health,Secondary,100357,,0.0,24,,,,NORM,358
8,Zagazig,2024-04-25,100000,A,NORM,Normal,0,2026-03-28,Cashback Card,500,500,40890.65,58902.74,8190.47,2026-03-22,1871.43,M,1976-11-30,Self Employed,Primary,100358,,0.0,23,,,,NORM,359
8,Zagazig,2024-04-25,100000,A,NORM,Normal,0,2026-03-30,Travel Rewards Card,500,500,-3971.15,95719.44,14155.92,2026-03-14,441.36,M,1976-11-30,Self Employed,Primary,100358,,0.0,23,,,,NORM,359
4,Mansoura,2020-07-30,50000,A,NORM,Normal,0,2026-03-26,Cashback Card,0,300,4394.24,45325.98,1827.9,2026-03-12,723.41,M,1990-05-13,Juhayna,Primary,100359,,0.0,69,,,,NORM,360
4,Mansoura,2020-04-10,20000,A,90DA,90 Days Delinquent,90,2026-03-24,Cashback Card,0,0,12147.87,7380.03,2364.74,2026-03-27,51.15,M,1970-04-13,Self Employed,Primary,100361,,4014.54,72,,,,90DA,362
8,Zagazig,2024-12-17,50000,A,NEW,New,0,2026-03-20,World Elite Card,500,150,6151.93,43348.71,4410.87,2026-03-16,915.81,F,1976-08-25,Microsoft Egypt,Primary,100362,,0.0,15,,,,NEW,363
1,Cairo Main,2022-09-30,100000,A,30DD,30 Days Delinquent,30,2026-03-19,Classic Credit Card,500,150,-4718.77,94792.74,9321.12,2026-03-19,1961.08,F,1983-08-01,CIB,Primary,100363,,30593.9,42,,,,30DD,364
1,Cairo Main,2022-09-30,100000,A,NORM,Normal,0,2026-04-01,World Elite Card,500,150,22403.81,77315.19,12942.89,2026-03-10,1360.01,F,1983-08-01,CIB,Primary,100363,,0.0,42,,,,NORM,364
1,Cairo Main,2022-09-30,100000,A,30DD,30 Days Delinquent,30,2026-03-21,Platinum Credit Card,500,150,22476.16,77264.82,26363.89,2026-03-08,1810.84,F,1983-08-01,CIB,Primary,100363,,30580.76,42,,,,30DD,364
1,Cairo Main,2020-05-13,75000,A,NORM,Normal,0,2026-03-19,Cashback Card,200,1000,18249.62,56460.74,7519.45,2026-03-11,330.33,F,1960-07-12,Orascom,Primary,100364,,0.0,71,,,,NORM,365
8,Zagazig,2021-11-06,50000,A,NORM,Normal,0,2026-03-26,Travel Rewards Card,100,500,4679.01,45130.83,11261.72,2026-03-27,1614.39,F,1987-07-02,IBM Egypt,Secondary,100365,,0.0,53,,,,NORM,366
1,Cairo Main,2022-09-23,100000,A,90DA,90 Days Delinquent,90,2026-03-27,Cashback Card,500,300,64718.47,35044.74,20460.72,2026-03-17,384.87,F,1967-12-03,Ministry of Health,Secondary,100367,,3763.71,42,,,,90DA,368
2,Giza,2019-11-01,5000,A,60DA,60 Days Delinquent,60,2026-03-20,World Elite Card,500,0,765.06,3915.92,1467.21,2026-03-18,210.71,F,1990-12-22,Edita Food Industries,Primary,100368,,2688.1,78,,,,60DA,369
9,Ismailia,2020-11-21,50000,A,NORM,Normal,0,2026-03-30,Gold Credit Card,200,1000,44210.41,5640.46,10933.02,2026-03-19,1093.69,M,1996-05-02,Cairo University,Primary,100369,,0.0,65,,,,NORM,370
10,Suez,2022-06-08,30000,A,30DD,30 Days Delinquent,30,2026-03-21,Cashback Card,500,500,28026.87,1528.38,6121.63,2026-03-06,166.77,M,1988-11-30,Orascom,Secondary,100372,,13693.45,46,,,,30DD,373
2,Giza,2020-12-11,200000,A,NORM,Normal,0,2026-03-30,Travel Rewards Card,200,150,62958.83,136670.57,16071.31,2026-03-18,1609.0,M,1964-08-29,Juhayna,Primary,100374,,0.0,64,,,,NORM,375
9,Ismailia,2019-11-30,5000,A,60DA,60 Days Delinquent,60,2026-03-25,Cashback Card,200,500,3647.42,1250.83,903.7,2026-03-06,1263.28,F,1997-08-12,Ministry of Health,Secondary,100375,,2913.89,77,,,,60DA,376
3,Alexandria,2024-01-18,15000,A,30DD,30 Days Delinquent,30,2026-04-01,Business Credit Card,500,1000,11211.08,3743.39,709.89,2026-03-02,153.56,F,1991-04-17,IBM Egypt,Primary,100376,,6224.31,26,,,,30DD,377
8,Zagazig,2022-02-07,75000,A,NORM,Normal,0,2026-03-28,World Elite Card,0,0,31967.47,42849.0,699.29,2026-03-11,480.92,M,1973-10-23,IBM Egypt,Primary,100377,,0.0,50,,,,NORM,378
8,Zagazig,2023-05-09,30000,A,NORM,Normal,0,2026-03-20,Travel Rewards Card,200,1000,1784.93,28178.47,1753.63,2026-03-05,1274.32,M,1993-11-20,Vodafone Egypt,Primary,100378,,0.0,35,,,,NORM,379
9,Ismailia,2022-06-05,20000,A,90DA,90 Days Delinquent,90,2026-03-27,Travel Rewards Card,500,150,12256.68,7597.78,3319.88,2026-03-29,970.07,F,1979-08-10,National Bank of Egypt,Primary,100379,,556.01,46,,,,90DA,380
10,Suez,2021-01-18,30000,A,NORM,Normal,0,2026-03-31,World Elite Card,500,150,849.09,28853.51,3838.02,2026-03-26,1667.49,M,1996-03-23,Orascom,Primary,100380,,0.0,63,,,,NORM,381
10,Suez,2021-01-19,200000,A,NORM,Normal,0,2026-03-29,Cashback Card,0,150,53013.59,146977.33,50890.18,2026-03-24,1326.17,M,1980-04-23,Ministry of Health,Primary,100381,,0.0,63,,,,NORM,382
5,Tanta,2022-12-01,5000,A,NORM,Normal,0,2026-04-01,Platinum Credit Card,0,500,2836.92,1963.65,862.94,2026-03-09,15.61,M,1965-08-10,Edita Food Industries,Primary,100382,,0.0,40,,,,NORM,383
8,Zagazig,2018-05-10,50000,A,NORM,Normal,0,2026-03-30,Platinum Credit Card,0,300,522.94,49186.14,14965.27,2026-03-08,1902.43,F,1991-04-06,National Bank of Egypt,Primary,100383,,0.0,96,,,,NORM,384
5,Tanta,2022-04-12,5000,A,NORM,Normal,0,2026-03-27,Titanium Credit Card,500,500,1299.46,3220.8,318.85,2026-03-07,1878.02,M,1996-08-28,Orange Egypt,Primary,100384,,0.0,48,,,,NORM,385
4,Mansoura,2022-05-13,30000,A,NORM,Normal,0,2026-03-29,Cashback Card,0,1000,5967.36,23786.23,3918.27,2026-03-28,930.39,M,1981-03-17,Talaat Moustafa Group,Primary,100385,,0.0,47,,,,NORM,386
4,Mansoura,2022-05-13,30000,A,30DD,30 Days Delinquent,30,2026-03-27,Travel Rewards Card,0,1000,25284.14,4370.88,1200.37,2026-03-27,1812.23,M,1981-03-17,Talaat Moustafa Group,Primary,100385,,8413.43,47,,,,30DD,386
6,Assiut,2018-08-02,20000,A,NORM,Normal,0,2026-03-26,Business Credit Card,200,0,5989.23,13670.14,150.04,2026-03-04,355.9,M,1999-10-24,Talaat Moustafa Group,Primary,100386,,0.0,93,,,,NORM,387
1,Cairo Main,2024-07-08,100000,A,90DA,90 Days Delinquent,90,2026-03-18,Platinum Credit Card,200,0,47370.37,52560.21,10509.1,2026-03-09,768.76,M,1961-11-19,Orascom,Primary,100387,,44293.63,21,,,,90DA,388
1,Cairo Main,2021-12-27,15000,A,NORM,Normal,0,2026-03-29,Gold Credit Card,500,150,8824.76,6153.77,738.12,2026-03-24,197.46,F,1962-09-06,Ministry of Health,Primary,100388,,0.0,51,,,,NORM,389
1,Cairo Main,2021-12-27,15000,A,NORM,Normal,0,2026-03-26,Business Credit Card,500,150,3954.58,10900.35,2381.09,2026-03-03,334.93,F,1962-09-06,Ministry of Health,Primary,100388,,0.0,51,,,,NORM,389
4,Mansoura,2022-03-28,50000,A,NORM,Normal,0,2026-03-18,World Elite Card,500,500,30680.75,19268.49,11361.87,2026-03-19,1011.07,F,1960-12-15,Ministry of Health,Primary,100389,,0.0,48,,,,NORM,390
4,Mansoura,2022-03-28,50000,A,NORM,Normal,0,2026-03-19,Classic Credit Card,500,500,17732.84,31805.66,11919.98,2026-03-08,1473.71,F,1960-12-15,Ministry of Health,Primary,100389,,0.0,48,,,,NORM,390
6,Assiut,2018-01-03,150000,A,90DA,90 Days Delinquent,90,2026-04-01,Platinum Credit Card,0,1000,131643.4,18187.6,1042.02,2026-03-10,722.03,F,1980-05-14,Military,Primary,100391,,57844.12,100,,,,90DA,392
7,Luxor,2023-11-17,100000,A,NORM,Normal,0,2026-03-22,Platinum Credit Card,200,300,53875.11,45984.38,2227.8,2026-03-10,54.94,F,1968-07-07,Edita Food Industries,Primary,100392,,0.0,28,,,,NORM,393
7,Luxor,2023-11-17,100000,A,NORM,Normal,0,2026-03-23,World Elite Card,200,300,23571.53,76164.66,15054.02,2026-03-26,825.72,F,1968-07-07,Edita Food Industries,Primary,100392,,0.0,28,,,,NORM,393
1,Cairo Main,2019-06-16,15000,A,NORM,Normal,0,2026-03-18,Titanium Credit Card,500,150,-519.02,14090.15,2268.93,2026-03-18,1219.94,M,1997-06-18,Orange Egypt,Primary,100393,,0.0,82,,,,NORM,394
1,Cairo Main,2019-06-16,15000,A,NORM,Normal,0,2026-03-18,Classic Credit Card,500,150,-1390.74,13281.73,1022.5,2026-03-31,785.41,M,1997-06-18,Orange Egypt,Primary,100393,,0.0,82,,,,NORM,394
9,Ismailia,2024-08-14,30000,A,60DA,60 Days Delinquent,60,2026-04-01,Titanium Credit Card,0,0,23169.5,6660.63,2897.38,2026-03-09,168.42,M,1987-12-28,Self Employed,Secondary,100394,,9423.9,19,,,,60DA,395
1,Cairo Main,2024-04-04,75000,A,NEW,New,0,2026-03-25,Travel Rewards Card,200,1000,36970.74,37970.36,15516.11,2026-03-02,260.87,M,1976-03-10,National Bank of Egypt,Secondary,100395,,0.0,24,,,,NEW,396
9,Ismailia,2019-02-19,20000,A,NORM,Normal,0,2026-04-01,Titanium Credit Card,100,1000,-110.19,19810.98,4958.5,2026-03-23,854.36,M,1964-05-10,Cairo University,Primary,100396,,0.0,86,,,,NORM,397
9,Ismailia,2019-03-09,200000,A,NORM,Normal,0,2026-03-31,Business Credit Card,500,0,60503.85,139480.63,53147.7,2026-03-12,727.75,M,1978-08-16,Orascom,Primary,100397,,0.0,86,,,,NORM,398
3,Alexandria,2024-09-23,100000,A,NORM,Normal,0,2026-03-24,Cashback Card,200,500,-5646.97,94195.63,1984.3,2026-03-16,1711.72,F,1983-12-13,Edita Food Industries,Primary,100398,,0.0,18,,,,NORM,399
3,Alexandria,2024-09-23,100000,A,NORM,Normal,0,2026-03-24,World Elite Card,200,500,-1847.81,98107.83,1470.72,2026-03-19,1081.54,F,1983-12-13,Edita Food Industries,Primary,100398,,0.0,18,,,,NORM,399
4,Mansoura,2024-03-03,30000,A,30DD,30 Days Delinquent,30,2026-03-18,Business Credit Card,500,500,-178.71,29374.17,2291.55,2026-03-30,1476.55,M,1976-10-28,Orange Egypt,Secondary,100399,,14245.0,25,,,,30DD,400
9,Ismailia,2021-05-21,5000,A,30DD,30 Days Delinquent,30,2026-03-29,Titanium Credit Card,100,300,1116.5,3734.62,1410.05,2026-03-14,1155.1,M,1966-01-22,Talaat Moustafa Group,Secondary,100400,,2211.85,59,,,,30DD,401
10,Suez,2021-05-15,5000,A,NORM,Normal,0,2026-03-29,Travel Rewards Card,0,300,-347.82,4410.21,852.37,2026-03-06,899.7,F,1988-10-22,Amazon Egypt,Primary,100403,,0.0,59,,,,NORM,404
10,Suez,2021-05-15,5000,A,NORM,Normal,0,2026-03-31,Classic Credit Card,0,300,-105.72,4444.53,1305.0,2026-03-17,257.87,F,1988-10-22,Amazon Egypt,Primary,100403,,0.0,59,,,,NORM,404
10,Suez,2022-04-16,5000,A,NORM,Normal,0,2026-03-25,Classic Credit Card,200,1000,579.59,4418.31,1055.95,2026-03-20,610.67,M,1960-07-06,Edita Food Industries,Primary,100404,,0.0,48,,,,NORM,405
1,Cairo Main,2022-05-29,100000,A,NEW,New,0,2026-03-26,Gold Credit Card,500,300,7027.09,92742.69,4079.55,2026-03-04,1457.06,F,1990-03-20,Banque Misr,Primary,100405,,0.0,46,,,,NEW,406
1,Cairo Main,2022-05-29,100000,A,NORM,Normal,0,2026-03-24,Business Credit Card,500,300,86327.64,13354.3,19329.99,2026-03-26,1048.27,F,1990-03-20,Banque Misr,Primary,100405,,0.0,46,,,,NORM,406
10,Suez,2018-07-21,150000,A,30DD,30 Days Delinquent,30,2026-03-27,Gold Credit Card,500,1000,108454.84,41364.78,7859.32,2026-03-17,1238.8,F,1993-06-07,Banque Misr,Primary,100406,,45431.8,93,,,,30DD,407
2,Giza,2022-08-22,75000,A,NORM,Normal,0,2026-03-19,Titanium Credit Card,200,300,62924.54,11769.26,12944.84,2026-03-19,390.9,M,1990-02-17,Juhayna,Primary,100408,,0.0,43,,,,NORM,409
8,Zagazig,2019-08-21,100000,A,30DD,30 Days Delinquent,30,2026-03-18,Titanium Credit Card,100,300,45493.4,54123.7,8579.93,2026-03-27,496.92,M,1987-12-15,National Bank of Egypt,Primary,100409,,17527.82,80,,,,30DD,410
10,Suez,2021-03-24,5000,A,30DD,30 Days Delinquent,30,2026-03-25,Gold Credit Card,200,500,1175.25,3445.35,520.21,2026-03-09,1205.62,F,1966-08-16,Vodafone Egypt,Primary,100410,,2490.16,61,,,,30DD,411
4,Mansoura,2023-11-14,30000,A,NEW,New,0,2026-03-28,Platinum Credit Card,0,500,14415.0,15254.24,3647.35,2026-03-06,946.64,M,1984-07-05,Talaat Moustafa Group,Primary,100411,,0.0,28,,,,NEW,412
10,Suez,2018-08-06,100000,A,NORM,Normal,0,2026-04-01,Classic Credit Card,0,500,92965.58,6921.55,7040.23,2026-03-22,1878.15,F,1972-03-02,IBM Egypt,Secondary,100412,,0.0,93,,,,NORM,413
7,Luxor,2022-04-09,150000,A,30DD,30 Days Delinquent,30,2026-03-31,Gold Credit Card,0,150,-6097.96,143849.86,11062.94,2026-03-07,233.38,M,1970-05-15,Government,Secondary,100413,,38459.35,48,,,,30DD,414
7,Luxor,2022-04-09,150000,A,90DA,90 Days Delinquent,90,2026-03-22,Platinum Credit Card,0,150,5977.83,143834.97,11494.17,2026-03-09,354.11,M,1970-05-15,Government,Secondary,100413,,62229.35,48,,,,90DA,414
1,Cairo Main,2023-12-09,30000,A,NORM,Normal,0,2026-03-29,Travel Rewards Card,100,0,11470.16,18388.18,2397.1,2026-03-20,1480.39,F,1971-02-05,IBM Egypt,Primary,100414,,0.0,28,,,,NORM,415
9,Ismailia,2018-09-11,30000,A,NORM,Normal,0,2026-03-22,World Elite Card,200,150,5351.84,24360.23,2637.25,2026-03-13,956.1,M,1972-05-16,Edita Food Industries,Secondary,100415,,0.0,91,,,,NORM,416
7,Luxor,2024-11-13,20000,A,NORM,Normal,0,2026-03-23,Platinum Credit Card,500,300,14071.49,5887.98,3325.28,2026-03-09,359.26,F,1983-05-11,Freelancer,Primary,100416,,0.0,16,,,,NORM,417
10,Suez,2020-04-08,15000,A,30DD,30 Days Delinquent,30,2026-03-29,Platinum Credit Card,500,150,3229.01,11652.17,1651.89,2026-03-26,246.03,M,1984-04-13,Edita Food Industries,Primary,100417,,1432.12,72,,,,30DD,418
3,Alexandria,2019-08-20,5000,A,NORM,Normal,0,2026-03-18,Titanium Credit Card,200,500,2630.22,2119.23,663.24,2026-03-23,1456.88,F,1974-03-31,Banque Misr,Primary,100418,,0.0,80,,,,NORM,419
3,Alexandria,2024-11-11,200000,A,NORM,Normal,0,2026-03-21,Titanium Credit Card,100,150,116880.97,82808.14,31698.73,2026-03-16,1529.35,M,1961-03-05,IBM Egypt,Primary,100419,,0.0,16,,,,NORM,420
9,Ismailia,2024-10-12,100000,A,30DD,30 Days Delinquent,30,2026-03-29,Cashback Card,500,500,2416.79,97463.28,13941.53,2026-03-06,522.18,F,1997-12-15,Banque Misr,Primary,100420,,624.96,17,,,,30DD,421
7,Luxor,2018-03-03,30000,A,NORM,Normal,0,2026-03-27,Titanium Credit Card,100,150,18651.97,11230.73,3056.44,2026-03-17,520.15,M,1994-04-18,Orascom,Secondary,100421,,0.0,98,,,,NORM,422
7,Luxor,2018-03-03,30000,A,NORM,Normal,0,2026-03-27,Travel Rewards Card,100,150,12069.63,17610.39,7433.03,2026-03-19,617.08,M,1994-04-18,Orascom,Secondary,100421,,0.0,98,,,,NORM,422
9,Ismailia,2018-06-07,150000,A,NORM,Normal,0,2026-03-30,Business Credit Card,0,150,33748.07,116200.71,36542.28,2026-03-06,1037.75,F,1983-07-24,Orange Egypt,Primary,100423,,0.0,95,,,,NORM,424
4,Mansoura,2022-12-06,75000,A,NORM,Normal,0,2026-03-19,World Elite Card,100,500,67765.48,6920.11,8679.54,2026-03-31,155.05,F,1973-01-22,Military,Secondary,100424,,0.0,40,,,,NORM,425
10,Suez,2020-04-07,100000,A,NORM,Normal,0,2026-03-23,Cashback Card,100,0,8128.47,91594.44,26656.92,2026-03-23,282.02,M,1991-12-19,CIB,Primary,100426,,0.0,72,,,,NORM,427
9,Ismailia,2022-04-23,150000,A,NORM,Normal,0,2026-03-18,Platinum Credit Card,500,1000,57779.7,92022.79,17132.7,2026-03-12,1010.51,F,1991-09-23,Orange Egypt,Primary,100427,,0.0,47,,,,NORM,428
3,Alexandria,2019-08-16,15000,A,NORM,Normal,0,2026-03-24,Classic Credit Card,200,300,-989.38,13979.79,303.52,2026-03-29,1676.3,F,1967-04-10,Juhayna,Primary,100428,,0.0,80,,,,NORM,429
3,Alexandria,2019-08-16,15000,A,NORM,Normal,0,2026-03-27,Titanium Credit Card,200,300,4678.04,10001.14,1002.77,2026-03-16,493.38,F,1967-04-10,Juhayna,Primary,100428,,0.0,80,,,,NORM,429
3,Alexandria,2018-08-14,50000,A,60DA,60 Days Delinquent,60,2026-03-27,Classic Credit Card,200,300,31620.28,18273.05,7346.67,2026-03-07,1186.07,M,1966-08-26,Orange Egypt,Primary,100431,,22728.89,92,,,,60DA,432
5,Tanta,2024-09-02,200000,A,NORM,Normal,0,2026-03-26,Platinum Credit Card,200,0,46022.24,153738.83,28153.73,2026-03-05,779.91,M,1987-05-31,Juhayna,Primary,100432,,0.0,19,,,,NORM,433
5,Tanta,2024-09-02,200000,A,NORM,Normal,0,2026-03-26,Titanium Credit Card,200,0,78499.75,121140.3,5982.3,2026-03-20,1210.49,M,1987-05-31,Juhayna,Primary,100432,,0.0,19,,,,NORM,433
10,Suez,2019-03-24,200000,A,NORM,Normal,0,2026-03-21,Gold Credit Card,200,500,149782.56,49846.4,52474.36,2026-03-15,1535.0,F,1962-08-11,Talaat Moustafa Group,Primary,100434,,0.0,85,,,,NORM,435
10,Suez,2019-03-24,200000,A,30DD,30 Days Delinquent,30,2026-03-19,Titanium Credit Card,200,500,109984.17,89533.91,904.7,2026-03-12,422.96,F,1962-08-11,Talaat Moustafa Group,Primary,100434,,51351.42,85,,,,30DD,435
3,Alexandria,2024-04-23,100000,A,NORM,Normal,0,2026-03-22,Business Credit Card,500,150,39140.31,60401.07,512.73,2026-03-16,1690.52,M,1987-07-22,Juhayna,Secondary,100435,,0.0,23,,,,NORM,436
1,Cairo Main,2019-04-29,20000,A,NORM,Normal,0,2026-03-28,Titanium Credit Card,0,300,11763.41,7779.15,3158.38,2026-03-03,1709.21,F,1980-11-07,Ministry of Health,Secondary,100436,,0.0,84,,,,NORM,437
4,Mansoura,2021-02-27,30000,A,NORM,Normal,0,2026-03-25,World Elite Card,200,0,6241.93,23507.22,8844.01,2026-03-12,643.3,M,1990-12-14,Edita Food Industries,Primary,100437,,0.0,61,,,,NORM,438
4,Mansoura,2021-02-27,30000,A,NORM,Normal,0,2026-03-18,Platinum Credit Card,200,0,7595.53,22003.92,5768.19,2026-03-16,1527.57,M,1990-12-14,Edita Food Industries,Primary,100437,,0.0,61,,,,NORM,438
6,Assiut,2022-08-23,5000,A,NORM,Normal,0,2026-03-21,World Elite Card,200,1000,4204.27,552.81,1289.57,2026-03-14,1454.84,M,1980-09-29,El Sewedy Electric,Primary,100439,,0.0,43,,,,NORM,440
1,Cairo Main,2022-08-23,10000,A,NORM,Normal,0,2026-03-24,Titanium Credit Card,200,500,4043.09,5581.15,2723.34,2026-03-12,1125.22,F,1972-03-06,El Sewedy Electric,Primary,100441,,0.0,43,,,,NORM,442
6,Assiut,2018-06-03,20000,A,NORM,Normal,0,2026-03-22,Classic Credit Card,500,1000,7190.79,12779.79,1573.37,2026-03-29,1140.7,M,1995-03-18,El Sewedy Electric,Primary,100442,,0.0,95,,,,NORM,443
5,Tanta,2021-09-02,15000,A,NORM,Normal,0,2026-03-17,Gold Credit Card,100,150,530.22,14398.03,2539.04,2026-03-21,1777.88,M,1994-10-15,Freelancer,Primary,100443,,0.0,55,,,,NORM,444
5,Tanta,2021-09-02,15000,A,NORM,Normal,0,2026-03-17,Travel Rewards Card,100,150,9441.98,5387.67,3182.25,2026-03-25,750.23,M,1994-10-15,Freelancer,Primary,100443,,0.0,55,,,,NORM,444
1,Cairo Main,2018-06-30,200000,A,NORM,Normal,0,2026-03-19,Cashback Card,0,0,13815.24,186042.6,4219.39,2026-03-27,1495.67,F,1973-12-13,Vodafone Egypt,Primary,100444,,0.0,94,,,,NORM,445
1,Cairo Main,2018-06-30,200000,A,NORM,Normal,0,2026-03-25,Titanium Credit Card,0,0,-7494.33,192328.59,1345.32,2026-03-06,408.99,F,1973-12-13,Vodafone Egypt,Primary,100444,,0.0,94,,,,NORM,445
10,Suez,2023-10-07,10000,A,NORM,Normal,0,2026-03-26,Cashback Card,200,300,3015.17,6810.17,1809.7,2026-03-05,1318.02,M,1985-02-06,Juhayna,Primary,100446,,0.0,30,,,,NORM,447
5,Tanta,2021-10-19,150000,A,90DA,90 Days Delinquent,90,2026-03-20,Platinum Credit Card,0,500,-8531.97,141416.83,2968.05,2026-03-29,96.54,M,1987-07-05,CIB,Primary,100447,,85923.14,54,,,,90DA,448
7,Luxor,2024-09-07,200000,A,NORM,Normal,0,2026-03-21,Business Credit Card,200,300,186937.3,12693.71,40642.49,2026-03-30,583.75,F,1968-01-11,El Sewedy Electric,Primary,100448,,0.0,19,,,,NORM,449
8,Zagazig,2019-06-24,10000,A,NORM,Normal,0,2026-03-19,Business Credit Card,500,300,5826.1,4049.0,1958.07,2026-03-04,108.44,F,1985-06-20,Self Employed,Primary,100449,,0.0,82,,,,NORM,450
8,Zagazig,2019-06-24,10000,A,NORM,Normal,0,2026-03-17,Classic Credit Card,500,300,-833.12,8864.43,597.65,2026-03-24,1821.19,F,1985-06-20,Self Employed,Primary,100449,,0.0,82,,,,NORM,450
10,Suez,2022-01-28,75000,A,NEW,New,0,2026-03-25,Cashback Card,200,500,50078.95,24578.97,1503.32,2026-03-13,1859.6,F,1971-07-29,Vodafone Egypt,Primary,100450,,0.0,50,,,,NEW,451
8,Zagazig,2019-12-01,30000,A,NORM,Normal,0,2026-03-18,Platinum Credit Card,0,500,27757.89,1776.21,4488.04,2026-03-17,909.84,M,1980-09-08,Edita Food Industries,Primary,100451,,0.0,77,,,,NORM,452
7,Luxor,2021-11-02,150000,A,NORM,Normal,0,2026-03-31,Platinum Credit Card,0,1000,41420.94,108209.52,4996.77,2026-03-03,279.42,F,1985-06-11,CIB,Primary,100453,,0.0,53,,,,NORM,454
9,Ismailia,2022-12-29,15000,A,30DD,30 Days Delinquent,30,2026-03-28,Travel Rewards Card,0,1000,7543.62,7270.65,221.92,2026-03-12,384.28,M,1964-05-18,Military,Primary,100454,,2497.83,39,,,,30DD,455
8,Zagazig,2018-09-09,10000,A,NORM,Normal,0,2026-03-30,Platinum Credit Card,0,150,5854.41,3706.2,617.32,2026-03-10,622.65,M,1988-12-06,Freelancer,Primary,100455,,0.0,92,,,,NORM,456
10,Suez,2020-03-12,20000,A,60DA,60 Days Delinquent,60,2026-03-24,Cashback Card,200,1000,4612.92,15013.72,137.03,2026-03-19,34.73,F,1980-01-22,Amazon Egypt,Primary,100456,,827.66,73,,,,60DA,457
10,Suez,2024-11-09,150000,A,NORM,Normal,0,2026-03-29,Platinum Credit Card,200,0,110313.61,39679.29,19800.74,2026-03-09,639.65,F,1960-05-13,Ministry of Health,Secondary,100457,,0.0,16,,,,NORM,458
3,Alexandria,2023-06-17,75000,A,NORM,Normal,0,2026-03-27,Platinum Credit Card,500,500,61701.58,12852.68,10206.26,2026-03-30,1166.26,F,1992-05-10,Military,Primary,100460,,0.0,33,,,,NORM,461
3,Alexandria,2023-06-17,75000,A,NORM,Normal,0,2026-03-27,Classic Credit Card,500,500,37134.36,37453.11,20660.1,2026-03-20,1333.39,F,1992-05-10,Military,Primary,100460,,0.0,33,,,,NORM,461
3,Alexandria,2023-06-17,75000,A,NORM,Normal,0,2026-03-26,Gold Credit Card,500,500,50816.5,23796.01,8127.55,2026-03-12,907.9,F,1992-05-10,Military,Primary,100460,,0.0,33,,,,NORM,461
9,Ismailia,2021-02-18,100000,A,NORM,Normal,0,2026-03-22,Gold Credit Card,100,500,51149.63,48475.8,21011.73,2026-03-23,1672.42,M,1998-07-19,Ministry of Health,Primary,100463,,0.0,62,,,,NORM,464
1,Cairo Main,2024-01-01,5000,A,NORM,Normal,0,2026-03-22,Business Credit Card,200,500,4748.81,0.0,648.84,2026-03-07,288.76,F,1975-05-30,Juhayna,Primary,100464,,0.0,27,,,,NORM,465
6,Assiut,2019-08-18,200000,A,NORM,Normal,0,2026-03-25,Platinum Credit Card,500,500,74799.65,125178.61,55999.11,2026-03-10,847.04,M,1963-10-14,Freelancer,Primary,100468,,0.0,80,,,,NORM,469
6,Assiut,2019-08-18,200000,A,NORM,Normal,0,2026-04-01,Travel Rewards Card,500,500,114752.76,85075.38,2667.66,2026-03-27,114.59,M,1963-10-14,Freelancer,Primary,100468,,0.0,80,,,,NORM,469
6,Assiut,2019-08-18,200000,A,90DA,90 Days Delinquent,90,2026-03-17,Titanium Credit Card,500,500,119866.58,79902.71,1947.12,2026-03-11,482.63,M,1963-10-14,Freelancer,Primary,100468,,108086.93,80,,,,90DA,469
10,Suez,2021-11-14,5000,A,90DA,90 Days Delinquent,90,2026-03-23,Gold Credit Card,0,150,1722.63,2940.91,146.62,2026-03-10,25.15,F,1992-12-09,Microsoft Egypt,Primary,100469,,764.61,53,,,,90DA,470
4,Mansoura,2022-05-17,100000,A,NORM,Normal,0,2026-03-24,Travel Rewards Card,0,300,54898.7,44700.35,22372.68,2026-03-19,700.1,F,1977-01-13,Microsoft Egypt,Primary,100470,,0.0,47,,,,NORM,471
2,Giza,2021-12-20,75000,A,NORM,Normal,0,2026-03-26,World Elite Card,200,300,6477.1,68350.24,14570.93,2026-03-09,1738.41,F,1983-10-31,CIB,Primary,100471,,0.0,52,,,,NORM,472
8,Zagazig,2020-09-17,200000,A,NORM,Normal,0,2026-03-21,Business Credit Card,100,300,165747.52,33991.95,30485.42,2026-03-20,1485.43,M,1994-09-06,Vodafone Egypt,Secondary,100472,,0.0,67,,,,NORM,473
2,Giza,2019-03-02,100000,A,NORM,Normal,0,2026-03-19,World Elite Card,200,150,24135.63,75446.44,20320.29,2026-03-29,829.17,M,1983-07-24,Vodafone Egypt,Primary,100473,,0.0,86,,,,NORM,474
8,Zagazig,2018-11-07,100000,A,NORM,Normal,0,2026-03-19,World Elite Card,200,300,-8514.15,91201.51,11114.87,2026-03-28,233.13,M,1989-08-17,National Bank of Egypt,Primary,100475,,0.0,90,,,,NORM,476
8,Zagazig,2018-11-07,100000,A,NORM,Normal,0,2026-03-30,Titanium Credit Card,200,300,-2162.83,97762.87,11847.8,2026-03-19,1186.92,M,1989-08-17,National Bank of Egypt,Primary,100475,,0.0,90,,,,NORM,476
7,Luxor,2018-09-04,30000,A,NORM,Normal,0,2026-03-23,World Elite Card,0,500,1577.72,28067.77,8131.87,2026-03-17,1116.09,M,1974-12-03,Military,Primary,100476,,0.0,92,,,,NORM,477
7,Luxor,2018-09-04,30000,A,NORM,Normal,0,2026-03-31,Titanium Credit Card,0,500,10383.01,19504.76,3127.54,2026-03-16,519.74,M,1974-12-03,Military,Primary,100476,,0.0,92,,,,NORM,477
3,Alexandria,2022-11-02,20000,A,NORM,Normal,0,2026-03-21,Gold Credit Card,500,300,9984.77,9599.84,1099.21,2026-03-07,1627.41,M,1984-04-01,Orange Egypt,Primary,100477,,0.0,41,,,,NORM,478
3,Alexandria,2020-03-01,5000,A,NORM,Normal,0,2026-03-23,Titanium Credit Card,500,0,2866.16,1957.45,682.16,2026-03-19,332.4,F,1961-08-07,Self Employed,Primary,100482,,0.0,74,,,,NORM,483
3,Alexandria,2020-03-01,5000,A,30DD,30 Days Delinquent,30,2026-03-31,Business Credit Card,500,0,1124.29,3843.27,1319.81,2026-03-05,434.18,F,1961-08-07,Self Employed,Primary,100482,,2498.15,74,,,,30DD,483
1,Cairo Main,2018-08-18,50000,A,NORM,Normal,0,2026-03-28,Titanium Credit Card,0,150,31475.12,18334.41,11222.24,2026-03-21,1367.02,F,1975-03-21,Ministry of Health,Primary,100483,,0.0,92,,,,NORM,484
2,Giza,2019-08-03,100000,A,NORM,Normal,0,2026-03-28,Business Credit Card,0,150,25861.77,73931.65,3478.08,2026-03-15,25.73,M,1961-08-27,Vodafone Egypt,Primary,100484,,0.0,81,,,,NORM,485
2,Giza,2024-11-08,15000,A,NORM,Normal,0,2026-03-22,Gold Credit Card,0,0,13865.63,1132.72,3793.81,2026-03-04,1011.15,F,1980-06-18,Military,Primary,100485,,0.0,16,,,,NORM,486
4,Mansoura,2021-10-13,75000,A,NORM,Normal,0,2026-04-01,Platinum Credit Card,200,150,65746.77,9001.97,1768.55,2026-03-16,1619.08,M,1979-02-13,Cairo University,Primary,100486,,0.0,54,,,,NORM,487
5,Tanta,2022-08-28,15000,A,NORM,Normal,0,2026-03-23,Platinum Credit Card,500,150,4663.08,10144.45,1028.41,2026-03-11,960.32,M,1966-05-03,Banque Misr,Primary,100487,,0.0,43,,,,NORM,488
3,Alexandria,2023-06-18,10000,A,NEW,New,0,2026-03-24,Platinum Credit Card,0,1000,5825.46,4095.36,2854.97,2026-03-21,672.57,F,1960-09-13,Amazon Egypt,Primary,100488,,0.0,33,,,,NEW,489
4,Mansoura,2021-01-14,150000,A,NORM,Normal,0,2026-03-24,Titanium Credit Card,100,1000,138905.49,10848.84,2216.18,2026-03-26,1975.78,M,1966-06-02,Military,Primary,100489,,0.0,63,,,,NORM,490
2,Giza,2021-05-18,50000,A,NORM,Normal,0,2026-03-26,Titanium Credit Card,100,0,6808.03,43011.36,5175.54,2026-03-09,1332.59,M,1988-02-18,Military,Primary,100490,,0.0,59,,,,NORM,491
4,Mansoura,2020-05-02,30000,A,NORM,Normal,0,2026-03-18,Gold Credit Card,100,500,3327.37,26317.38,6656.75,2026-03-27,1905.71,F,1980-10-27,Orascom,Primary,100491,,0.0,72,,,,NORM,492
6,Assiut,2020-05-08,75000,A,NORM,Normal,0,2026-03-25,Business Credit Card,0,0,28065.7,46885.23,14205.59,2026-03-30,109.03,M,1972-10-14,Ministry of Health,Primary,100492,,0.0,71,,,,NORM,493
9,Ismailia,2018-10-18,20000,A,NORM,Normal,0,2026-03-20,Cashback Card,100,300,7550.27,12418.94,4738.12,2026-03-27,659.53,M,1965-03-16,CIB,Primary,100493,,0.0,90,,,,NORM,494
9,Ismailia,2018-10-18,20000,A,NORM,Normal,0,2026-03-21,Titanium Credit Card,100,300,15940.64,3913.31,3250.86,2026-03-29,319.95,M,1965-03-16,CIB,Primary,100493,,0.0,90,,,,NORM,494
7,Luxor,2020-03-30,75000,A,NORM,Normal,0,2026-03-25,Titanium Credit Card,500,0,29260.89,45490.78,6035.55,2026-03-29,799.92,F,1999-01-08,Banque Misr,Primary,100494,,0.0,73,,,,NORM,495
3,Alexandria,2022-03-10,15000,A,NORM,Normal,0,2026-03-27,Titanium Credit Card,200,300,11999.61,2780.16,3776.15,2026-03-27,1917.61,M,1977-05-17,Edita Food Industries,Primary,100495,,0.0,49,,,,NORM,496
5,Tanta,2019-04-01,100000,A,90DA,90 Days Delinquent,90,2026-03-24,Platinum Credit Card,200,150,74520.43,25286.21,19665.36,2026-03-10,1416.87,F,1966-02-14,Military,Primary,100496,,50461.03,85,,,,90DA,497
10,Suez,2020-07-29,10000,A,30DD,30 Days Delinquent,30,2026-03-24,Business Credit Card,100,1000,7553.35,2001.96,1688.17,2026-03-14,1160.8,F,1984-10-17,Freelancer,Primary,100497,,5763.45,69,,,,30DD,498
4,Mansoura,2022-11-14,200000,A,NORM,Normal,0,2026-03-22,Platinum Credit Card,0,500,120889.62,78738.04,15361.51,2026-03-04,916.04,M,1974-09-06,Orange Egypt,Secondary,100498,,0.0,41,,,,NORM,499
1,Cairo Main,2022-10-11,30000,A,60DA,60 Days Delinquent,60,2026-03-19,Titanium Credit Card,0,1000,-2033.23,27775.34,2944.61,2026-03-24,68.68,F,1973-04-21,Orange Egypt,Primary,100502,,10333.61,42,,,,60DA,503
2,Giza,2022-02-06,100000,A,NEW,New,0,2026-03-28,Cashback Card,200,150,46165.34,53337.04,13150.23,2026-03-31,58.14,M,1977-03-06,Ministry of Health,Primary,100503,,0.0,50,,,,NEW,504
1,Cairo Main,2022-03-08,50000,A,NORM,Normal,0,2026-03-19,Gold Credit Card,500,1000,42930.21,6760.89,5940.27,2026-03-16,1957.0,F,1962-11-04,Freelancer,Primary,100505,,0.0,49,,,,NORM,506
8,Zagazig,2018-11-25,75000,A,NORM,Normal,0,2026-03-24,World Elite Card,0,150,66860.33,8040.0,9985.46,2026-03-22,1006.57,F,1963-12-01,CIB,Primary,100506,,0.0,89,,,,NORM,507
4,Mansoura,2018-04-03,30000,A,90DA,90 Days Delinquent,90,2026-03-26,Platinum Credit Card,500,300,7946.47,21723.85,7249.76,2026-03-05,1177.91,F,1983-05-10,Freelancer,Primary,100507,,6204.59,97,,,,90DA,508
4,Mansoura,2018-04-01,20000,A,NORM,Normal,0,2026-03-25,Cashback Card,200,300,-1286.69,18582.99,4912.2,2026-03-25,151.79,F,1962-10-28,Cairo University,Primary,100508,,0.0,97,,,,NORM,509
4,Mansoura,2018-04-01,20000,A,NORM,Normal,0,2026-03-24,Titanium Credit Card,200,300,10536.84,9167.99,4456.17,2026-03-21,1975.47,F,1962-10-28,Cairo University,Primary,100508,,0.0,97,,,,NORM,509
3,Alexandria,2021-03-10,100000,A,NORM,Normal,0,2026-03-28,Cashback Card,200,150,51928.68,47983.27,25173.61,2026-03-18,632.47,M,1975-11-03,Banque Misr,Primary,100510,,0.0,61,,,,NORM,511
6,Assiut,2019-06-03,100000,A,NORM,Normal,0,2026-03-22,Platinum Credit Card,100,1000,79188.69,20421.52,11583.16,2026-03-05,1216.79,M,1985-10-09,Edita Food Industries,Secondary,100511,,0.0,83,,,,NORM,512
8,Zagazig,2019-10-28,150000,A,NORM,Normal,0,2026-03-31,Classic Credit Card,500,500,100497.21,49482.35,3165.28,2026-03-13,1932.35,M,1984-03-20,Freelancer,Secondary,100512,,0.0,78,,,,NORM,513
10,Suez,2020-06-28,30000,A,60DA,60 Days Delinquent,60,2026-03-22,Gold Credit Card,500,0,-1978.37,27719.44,965.81,2026-03-15,1892.63,F,1983-08-13,El Sewedy Electric,Primary,100515,,2331.1,70,,,,60DA,516
9,Ismailia,2022-01-18,75000,A,NORM,Normal,0,2026-03-21,Travel Rewards Card,200,500,-2169.92,72720.56,2457.24,2026-03-31,587.59,F,1962-07-07,Vodafone Egypt,Primary,100516,,0.0,51,,,,NORM,517
3,Alexandria,2024-08-02,200000,A,NORM,Normal,0,2026-03-21,Titanium Credit Card,200,500,182959.76,16748.78,2510.98,2026-03-07,1202.33,F,1997-06-24,National Bank of Egypt,Secondary,100518,,0.0,20,,,,NORM,519
5,Tanta,2024-07-25,30000,A,30DD,30 Days Delinquent,30,2026-03-28,Business Credit Card,100,0,16575.6,13055.23,6558.28,2026-03-24,493.81,M,1997-06-08,Banque Misr,Primary,100520,,10818.48,20,,,,30DD,521
5,Tanta,2020-01-05,100000,A,NEW,New,0,2026-03-19,Titanium Credit Card,200,500,37004.12,62786.51,14047.81,2026-03-04,72.55,M,1978-09-17,Military,Primary,100521,,0.0,75,,,,NEW,522
5,Tanta,2020-01-05,100000,A,30DD,30 Days Delinquent,30,2026-03-30,Classic Credit Card,200,500,77296.04,22283.19,28137.55,2026-03-03,1788.49,M,1978-09-17,Military,Primary,100521,,31653.5,75,,,,30DD,522
10,Suez,2020-11-22,100000,A,NORM,Normal,0,2026-03-26,Gold Credit Card,0,300,63470.75,36432.04,15841.42,2026-03-15,814.93,M,1979-07-24,Cairo University,Primary,100522,,0.0,65,,,,NORM,523
10,Suez,2020-11-22,100000,A,NORM,Normal,0,2026-03-18,Platinum Credit Card,0,300,69403.88,30263.87,19009.17,2026-03-04,1411.29,M,1979-07-24,Cairo University,Primary,100522,,0.0,65,,,,NORM,523
10,Suez,2020-11-22,100000,A,NORM,Normal,0,2026-03-17,World Elite Card,0,300,68971.61,30907.21,5005.32,2026-03-31,244.82,M,1979-07-24,Cairo University,Primary,100522,,0.0,65,,,,NORM,523
4,Mansoura,2020-01-21,10000,A,NORM,Normal,0,2026-03-18,Platinum Credit Card,200,300,3357.09,6472.35,2487.63,2026-03-19,986.59,F,1994-05-19,Talaat Moustafa Group,Primary,100524,,0.0,75,,,,NORM,525
9,Ismailia,2021-12-11,15000,A,30DD,30 Days Delinquent,30,2026-03-28,World Elite Card,200,500,14053.73,555.15,2514.07,2026-03-12,1526.48,F,1986-01-07,Edita Food Industries,Secondary,100525,,7408.75,52,,,,30DD,526
4,Mansoura,2023-08-24,20000,A,NORM,Normal,0,2026-04-01,Titanium Credit Card,500,0,8573.11,11050.69,1114.2,2026-03-10,418.43,M,1966-12-07,Banque Misr,Secondary,100526,,0.0,31,,,,NORM,527
5,Tanta,2022-01-25,15000,A,NORM,Normal,0,2026-03-27,Cashback Card,200,0,5397.02,9338.05,498.44,2026-03-04,532.58,M,1990-12-31,Elsewedy Capital,Primary,100527,,0.0,50,,,,NORM,528
5,Tanta,2022-01-25,15000,A,30DD,30 Days Delinquent,30,2026-03-30,Gold Credit Card,200,0,8932.65,5979.87,3377.92,2026-03-17,378.69,M,1990-12-31,Elsewedy Capital,Primary,100527,,3250.85,50,,,,30DD,528
5,Tanta,2020-05-09,15000,A,NORM,Normal,0,2026-03-21,Travel Rewards Card,0,0,7574.95,7217.95,4266.11,2026-03-09,189.49,F,1965-08-15,Amazon Egypt,Primary,100528,,0.0,71,,,,NORM,529
5,Tanta,2020-05-09,15000,A,NORM,Normal,0,2026-03-22,Classic Credit Card,0,0,11271.28,3316.92,2393.3,2026-03-04,278.99,F,1965-08-15,Amazon Egypt,Primary,100528,,0.0,71,,,,NORM,529
9,Ismailia,2018-08-31,100000,A,NORM,Normal,0,2026-03-29,World Elite Card,0,0,78581.54,21116.69,29014.24,2026-03-09,1632.74,F,1986-08-10,Vodafone Egypt,Primary,100529,,0.0,92,,,,NORM,530
4,Mansoura,2020-03-30,15000,A,NORM,Normal,0,2026-03-19,Classic Credit Card,0,150,141.6,14395.65,3685.21,2026-03-21,952.65,F,1986-05-11,Cairo University,Primary,100530,,0.0,73,,,,NORM,531
10,Suez,2023-08-31,200000,A,NORM,Normal,0,2026-03-19,Classic Credit Card,100,150,28766.93,170800.77,4474.06,2026-03-17,573.7,F,1970-11-06,Orascom,Secondary,100531,,0.0,31,,,,NORM,532
2,Giza,2023-08-28,100000,A,NORM,Normal,0,2026-04-01,Platinum Credit Card,500,0,94284.62,5390.88,1808.54,2026-03-18,1941.11,M,1969-08-07,IBM Egypt,Secondary,100532,,0.0,31,,,,NORM,533
9,Ismailia,2022-07-28,10000,A,NEW,New,0,2026-03-25,Cashback Card,500,0,4292.05,5603.19,203.13,2026-03-13,518.35,M,1970-03-17,Self Employed,Primary,100533,,0.0,44,,,,NEW,534
9,Ismailia,2022-07-28,10000,A,NORM,Normal,0,2026-03-31,Classic Credit Card,500,0,-364.41,9255.89,960.11,2026-03-18,497.25,M,1970-03-17,Self Employed,Primary,100533,,0.0,44,,,,NORM,534
1,Cairo Main,2021-09-05,100000,A,30DD,30 Days Delinquent,30,2026-03-26,World Elite Card,500,1000,68388.18,31161.85,20644.52,2026-03-04,1554.85,F,1963-09-09,Freelancer,Primary,100534,,22920.93,55,,,,30DD,535
7,Luxor,2018-10-13,100000,A,30DD,30 Days Delinquent,30,2026-03-22,Cashback Card,500,0,15642.03,84046.14,4152.2,2026-03-07,904.14,F,1968-06-20,Freelancer,Primary,100535,,53201.35,90,,,,30DD,536
7,Luxor,2018-10-13,100000,A,NORM,Normal,0,2026-03-28,Gold Credit Card,500,0,23263.2,76296.48,10117.3,2026-03-16,804.86,F,1968-06-20,Freelancer,Primary,100535,,0.0,90,,,,NORM,536
7,Luxor,2018-10-13,100000,A,NEW,New,0,2026-03-28,Classic Credit Card,500,0,-9206.59,90473.49,24122.95,2026-03-23,927.97,F,1968-06-20,Freelancer,Primary,100535,,0.0,90,,,,NEW,536
3,Alexandria,2022-06-29,200000,A,NORM,Normal,0,2026-03-20,Platinum Credit Card,100,300,119669.44,79956.84,23381.02,2026-03-26,1160.01,M,1977-09-16,Military,Secondary,100536,,0.0,45,,,,NORM,537
3,Alexandria,2022-06-29,200000,A,NORM,Normal,0,2026-03-26,Classic Credit Card,100,300,134525.67,65233.63,43400.34,2026-03-26,1265.19,M,1977-09-16,Military,Secondary,100536,,0.0,45,,,,NORM,537
3,Alexandria,2022-06-29,200000,A,NORM,Normal,0,2026-03-18,Business Credit Card,100,300,123751.27,76076.46,59614.6,2026-03-16,1504.2,M,1977-09-16,Military,Secondary,100536,,0.0,45,,,,NORM,537
4,Mansoura,2022-10-06,100000,A,90DA,90 Days Delinquent,90,2026-03-28,World Elite Card,500,300,33386.85,66565.16,5676.3,2026-03-28,357.71,F,1997-08-05,Military,Secondary,100537,,59457.18,42,,,,90DA,538
5,Tanta,2023-02-06,10000,A,30DD,30 Days Delinquent,30,2026-03-25,Business Credit Card,500,150,1945.44,7668.61,527.1,2026-03-09,279.0,M,1966-08-11,Vodafone Egypt,Primary,100538,,4419.99,38,,,,30DD,539
8,Zagazig,2021-04-17,100000,A,NORM,Normal,0,2026-03-21,World Elite Card,200,1000,66896.18,32648.1,10815.92,2026-03-21,556.41,M,1969-01-21,Orange Egypt,Secondary,100540,,0.0,60,,,,NORM,541
7,Luxor,2019-03-25,200000,A,NORM,Normal,0,2026-03-27,Business Credit Card,500,1000,167013.46,32812.96,13479.48,2026-03-25,1010.17,M,1981-11-12,Government,Primary,100542,,0.0,85,,,,NORM,543
10,Suez,2024-12-01,50000,A,NORM,Normal,0,2026-03-23,World Elite Card,0,0,5016.16,44649.97,13066.18,2026-03-31,1967.71,M,1976-12-11,Banque Misr,Secondary,100543,,0.0,16,,,,NORM,544
10,Suez,2024-12-01,50000,A,30DD,30 Days Delinquent,30,2026-03-19,Platinum Credit Card,0,0,34637.97,14886.42,1503.93,2026-03-05,1308.49,M,1976-12-11,Banque Misr,Secondary,100543,,11128.54,16,,,,30DD,544
1,Cairo Main,2021-10-29,75000,A,NORM,Normal,0,2026-03-19,Cashback Card,200,500,4136.03,70494.4,8250.44,2026-03-15,345.24,F,1994-04-28,Orange Egypt,Primary,100544,,0.0,53,,,,NORM,545
5,Tanta,2018-12-14,10000,A,NEW,New,0,2026-03-26,Gold Credit Card,100,0,8525.84,1317.3,876.52,2026-03-11,596.11,F,1986-07-31,Orange Egypt,Primary,100545,,0.0,88,,,,NEW,546
5,Tanta,2018-12-14,10000,A,NORM,Normal,0,2026-03-27,Platinum Credit Card,100,0,6194.84,3543.23,2619.68,2026-03-14,421.8,F,1986-07-31,Orange Egypt,Primary,100545,,0.0,88,,,,NORM,546
9,Ismailia,2020-12-28,5000,A,30DD,30 Days Delinquent,30,2026-03-23,Classic Credit Card,200,500,3967.95,759.86,896.98,2026-03-11,790.12,F,1978-11-22,Edita Food Industries,Primary,100546,,942.73,64,,,,30DD,547
4,Mansoura,2023-07-28,150000,A,NEW,New,0,2026-03-28,Gold Credit Card,200,300,46022.57,103925.87,7096.38,2026-03-19,1028.3,F,1975-01-26,El Sewedy Electric,Primary,100547,,0.0,32,,,,NEW,548
4,Mansoura,2020-12-22,5000,A,NORM,Normal,0,2026-03-31,Travel Rewards Card,100,1000,4459.58,189.92,607.84,2026-03-12,1031.13,M,1972-11-21,Cairo University,Primary,100548,,0.0,64,,,,NORM,549
7,Luxor,2020-10-26,200000,A,NORM,Normal,0,2026-03-25,Platinum Credit Card,0,1000,116919.56,82969.16,59833.52,2026-03-30,1885.57,M,1978-01-17,Cairo University,Primary,100550,,0.0,66,,,,NORM,551
9,Ismailia,2024-11-21,75000,A,NORM,Normal,0,2026-03-20,Classic Credit Card,200,500,67371.52,7579.52,9271.09,2026-03-07,863.07,M,1996-04-14,Elsewedy Capital,Primary,100551,,0.0,16,,,,NORM,552
7,Luxor,2018-09-21,20000,A,30DD,30 Days Delinquent,30,2026-03-19,World Elite Card,200,150,-405.0,19176.23,3068.7,2026-03-15,159.6,F,1974-04-17,Military,Primary,100552,,7789.33,91,,,,30DD,553
7,Luxor,2018-09-21,20000,A,NORM,Normal,0,2026-03-31,Travel Rewards Card,200,150,18631.01,1161.7,262.56,2026-03-10,365.31,F,1974-04-17,Military,Primary,100552,,0.0,91,,,,NORM,553
3,Alexandria,2018-04-24,20000,A,NORM,Normal,0,2026-03-18,World Elite Card,500,1000,-1871.33,17919.25,105.52,2026-03-28,523.69,F,1968-08-10,Amazon Egypt,Primary,100553,,0.0,96,,,,NORM,554
3,Alexandria,2018-04-24,20000,A,60DA,60 Days Delinquent,60,2026-03-20,Titanium Credit Card,500,1000,2184.28,17401.06,5454.09,2026-03-08,1782.42,F,1968-08-10,Amazon Egypt,Primary,100553,,7678.98,96,,,,60DA,554
3,Alexandria,2019-07-13,5000,A,NORM,Normal,0,2026-03-17,World Elite Card,100,0,1139.38,3824.32,35.86,2026-03-19,1091.38,F,1972-03-26,Vodafone Egypt,Primary,100554,,0.0,81,,,,NORM,555
10,Suez,2018-09-18,75000,A,NORM,Normal,0,2026-03-28,Gold Credit Card,100,150,70206.66,4356.52,4969.1,2026-03-05,1818.36,M,1973-05-14,Cairo University,Primary,100555,,0.0,91,,,,NORM,556
10,Suez,2018-09-18,75000,A,NORM,Normal,0,2026-03-26,Titanium Credit Card,100,150,-3091.71,71819.44,15374.13,2026-03-27,1548.37,M,1973-05-14,Cairo University,Primary,100555,,0.0,91,,,,NORM,556
10,Suez,2023-11-22,30000,A,30DD,30 Days Delinquent,30,2026-03-30,Gold Credit Card,100,1000,7916.17,21712.56,125.87,2026-03-29,1284.48,M,1994-10-08,Edita Food Industries,Primary,100556,,15324.91,28,,,,30DD,557
4,Mansoura,2020-06-11,15000,A,NORM,Normal,0,2026-03-27,Titanium Credit Card,200,500,5808.86,9105.37,2321.14,2026-03-31,487.77,F,1978-12-20,Talaat Moustafa Group,Secondary,100557,,0.0,70,,,,NORM,558
9,Ismailia,2019-04-08,50000,A,60DA,60 Days Delinquent,60,2026-03-18,Business Credit Card,100,300,46999.65,2681.0,12608.0,2026-03-18,188.57,M,1976-10-22,IBM Egypt,Primary,100558,,22596.36,85,,,,60DA,559
1,Cairo Main,2024-10-17,5000,A,NEW,New,0,2026-03-17,Classic Credit Card,100,300,728.42,4160.39,298.8,2026-03-28,1527.92,F,1988-12-13,Juhayna,Primary,100559,,0.0,17,,,,NEW,560
1,Cairo Main,2024-10-17,5000,A,NORM,Normal,0,2026-03-30,Cashback Card,100,300,2518.28,2323.33,383.2,2026-03-06,341.41,F,1988-12-13,Juhayna,Primary,100559,,0.0,17,,,,NORM,560
8,Zagazig,2019-07-01,30000,A,NORM,Normal,0,2026-03-30,Cashback Card,200,150,4181.15,25462.62,2507.02,2026-03-02,463.37,M,1999-03-08,Amazon Egypt,Primary,100564,,0.0,82,,,,NORM,565
10,Suez,2018-03-26,5000,A,30DD,30 Days Delinquent,30,2026-03-31,Titanium Credit Card,100,300,752.7,4123.77,1125.6,2026-03-20,1483.74,M,1970-01-25,Orange Egypt,Primary,100565,,2910.54,97,,,,30DD,566
10,Suez,2018-03-26,5000,A,NORM,Normal,0,2026-03-25,Classic Credit Card,100,300,815.66,3985.62,227.94,2026-03-24,1011.66,M,1970-01-25,Orange Egypt,Primary,100565,,0.0,97,,,,NORM,566
10,Suez,2018-03-26,5000,A,NORM,Normal,0,2026-03-25,Business Credit Card,100,300,-251.82,4291.88,1423.21,2026-03-10,963.66,M,1970-01-25,Orange Egypt,Primary,100565,,0.0,97,,,,NORM,566
5,Tanta,2018-12-31,50000,A,NORM,Normal,0,2026-03-21,Gold Credit Card,0,1000,8486.76,41215.18,8878.07,2026-03-27,1474.75,F,1966-09-11,Freelancer,Secondary,100566,,0.0,88,,,,NORM,567
4,Mansoura,2020-04-12,20000,A,NORM,Normal,0,2026-03-29,World Elite Card,500,500,2720.06,17266.79,2465.32,2026-03-23,574.96,M,1992-01-04,Amazon Egypt,Secondary,100567,,0.0,72,,,,NORM,568
4,Mansoura,2020-04-12,20000,A,NORM,Normal,0,2026-03-22,Platinum Credit Card,500,500,3161.63,16774.35,3893.1,2026-03-15,1624.28,M,1992-01-04,Amazon Egypt,Secondary,100567,,0.0,72,,,,NORM,568
4,Mansoura,2020-04-12,20000,A,NORM,Normal,0,2026-03-17,Cashback Card,500,500,-798.25,18786.81,5624.12,2026-03-15,1321.58,M,1992-01-04,Amazon Egypt,Secondary,100567,,0.0,72,,,,NORM,568
5,Tanta,2020-02-15,75000,A,NORM,Normal,0,2026-03-26,Platinum Credit Card,0,300,-5316.12,69526.4,12534.61,2026-03-02,933.25,F,1992-08-06,Elsewedy Capital,Primary,100568,,0.0,74,,,,NORM,569
10,Suez,2023-02-20,10000,A,NORM,Normal,0,2026-03-17,Platinum Credit Card,200,500,-376.78,9597.23,759.4,2026-03-23,1144.78,M,1990-09-11,Microsoft Egypt,Primary,100569,,0.0,37,,,,NORM,570
2,Giza,2024-03-31,5000,A,NORM,Normal,0,2026-04-01,Titanium Credit Card,500,300,62.91,4901.23,187.31,2026-03-23,59.13,M,1964-04-10,Vodafone Egypt,Primary,100570,,0.0,24,,,,NORM,571
5,Tanta,2022-02-28,15000,A,90DA,90 Days Delinquent,90,2026-03-20,Classic Credit Card,200,150,4115.58,10620.48,3095.13,2026-03-02,659.11,F,1977-09-14,Edita Food Industries,Secondary,100571,,8062.15,49,,,,90DA,572
7,Luxor,2020-12-14,200000,A,30DD,30 Days Delinquent,30,2026-03-23,World Elite Card,200,500,85224.84,114698.23,7965.52,2026-03-14,9.49,M,1972-09-09,Edita Food Industries,Primary,100573,,100903.18,64,,,,30DD,574
7,Luxor,2020-12-14,200000,A,NORM,Normal,0,2026-03-20,Business Credit Card,200,500,31884.0,167933.49,24129.23,2026-03-27,1215.4,M,1972-09-09,Edita Food Industries,Primary,100573,,0.0,64,,,,NORM,574
9,Ismailia,2022-12-08,5000,A,90DA,90 Days Delinquent,90,2026-03-23,Classic Credit Card,100,150,2036.54,2742.88,1377.05,2026-03-18,1894.3,M,1998-04-07,Self Employed,Primary,100574,,831.0,40,,,,90DA,575
5,Tanta,2019-11-21,150000,A,NORM,Normal,0,2026-03-22,Titanium Credit Card,0,1000,8541.47,141041.42,24906.4,2026-03-24,488.21,M,1968-02-07,Amazon Egypt,Secondary,100576,,0.0,77,,,,NORM,577
5,Tanta,2019-11-21,150000,A,NORM,Normal,0,2026-03-25,World Elite Card,0,1000,27152.03,122543.06,39563.43,2026-03-15,1511.73,M,1968-02-07,Amazon Egypt,Secondary,100576,,0.0,77,,,,NORM,577
2,Giza,2021-09-08,5000,A,NORM,Normal,0,2026-03-21,Gold Credit Card,500,300,598.26,4089.68,1467.12,2026-03-24,271.3,M,1999-10-21,Edita Food Industries,Primary,100577,,0.0,55,,,,NORM,578
8,Zagazig,2021-01-08,200000,A,90DA,90 Days Delinquent,90,2026-03-27,Cashback Card,0,1000,158345.53,41633.59,58901.07,2026-03-25,1200.18,F,1980-05-14,Edita Food Industries,Secondary,100578,,78588.88,63,,,,90DA,579
4,Mansoura,2018-07-19,30000,A,30DD,30 Days Delinquent,30,2026-03-24,Classic Credit Card,0,1000,11741.64,18139.99,271.76,2026-03-29,1238.8,F,1998-09-21,National Bank of Egypt,Primary,100579,,12834.28,93,,,,30DD,580
7,Luxor,2018-03-26,20000,A,30DD,30 Days Delinquent,30,2026-03-26,Travel Rewards Card,200,150,15551.12,4296.59,1634.01,2026-03-16,1343.92,M,1964-01-01,Juhayna,Primary,100580,,11750.16,97,,,,30DD,581
10,Suez,2022-01-10,10000,A,60DA,60 Days Delinquent,60,2026-03-19,Titanium Credit Card,500,500,7990.25,1991.28,2858.29,2026-03-30,917.64,F,1965-11-21,Talaat Moustafa Group,Primary,100581,,4684.68,51,,,,60DA,582
10,Suez,2022-01-10,10000,A,NORM,Normal,0,2026-03-22,Business Credit Card,500,500,2255.32,7333.24,1168.08,2026-03-04,1149.93,F,1965-11-21,Talaat Moustafa Group,Primary,100581,,0.0,51,,,,NORM,582
9,Ismailia,2023-11-20,10000,A,NORM,Normal,0,2026-03-29,Travel Rewards Card,0,500,2602.79,7294.41,2691.05,2026-03-14,1845.03,F,1988-03-28,Banque Misr,Secondary,100583,,0.0,28,,,,NORM,584
9,Ismailia,2021-04-25,200000,A,NEW,New,0,2026-03-17,Gold Credit Card,0,1000,136621.83,63231.5,6570.32,2026-03-10,1932.75,M,1979-03-09,Government,Primary,100584,,0.0,60,,,,NEW,585
10,Suez,2020-11-03,50000,A,NORM,Normal,0,2026-03-27,Gold Credit Card,0,0,27807.23,22053.81,3218.65,2026-03-16,1610.23,F,1996-06-17,Orascom,Primary,100585,,0.0,65,,,,NORM,586
3,Alexandria,2024-10-10,30000,A,NORM,Normal,0,2026-03-22,Titanium Credit Card,0,0,21040.72,8899.92,2373.21,2026-03-04,879.31,F,1963-07-05,CIB,Primary,100587,,0.0,17,,,,NORM,588
7,Luxor,2024-10-01,100000,A,30DD,30 Days Delinquent,30,2026-03-22,Cashback Card,500,300,64957.02,34818.35,28226.68,2026-03-19,1618.43,M,1998-12-21,Banque Misr,Primary,100588,,54818.15,18,,,,30DD,589
1,Cairo Main,2020-02-10,5000,A,90DA,90 Days Delinquent,90,2026-03-29,Platinum Credit Card,100,500,2383.39,2583.27,1261.52,2026-03-13,332.49,M,1991-03-22,National Bank of Egypt,Primary,100589,,2922.0,74,,,,90DA,590
8,Zagazig,2018-03-31,10000,A,NORM,Normal,0,2026-03-27,Platinum Credit Card,500,500,4903.23,4776.1,1602.08,2026-03-20,516.51,F,1978-12-04,Vodafone Egypt,Secondary,100590,,0.0,97,,,,NORM,591
5,Tanta,2023-06-20,75000,A,90DA,90 Days Delinquent,90,2026-03-25,Business Credit Card,100,0,45844.24,28875.63,8277.97,2026-03-17,123.42,M,1961-08-29,Amazon Egypt,Primary,100592,,15395.69,33,,,,90DA,593
3,Alexandria,2020-04-28,30000,A,90DA,90 Days Delinquent,90,2026-03-24,Gold Credit Card,500,150,23692.94,6171.57,43.0,2026-03-08,72.42,M,1987-11-23,El Sewedy Electric,Primary,100595,,5844.95,72,,,,90DA,596
7,Luxor,2021-05-28,20000,A,NORM,Normal,0,2026-03-31,Classic Credit Card,0,300,6616.25,13309.25,4645.35,2026-03-28,1453.17,F,1982-02-23,IBM Egypt,Primary,100596,,0.0,58,,,,NORM,597
1,Cairo Main,2018-09-18,50000,A,NORM,Normal,0,2026-03-27,Titanium Credit Card,0,1000,35713.84,14063.89,14877.77,2026-03-16,1168.62,M,1996-03-10,Self Employed,Primary,100597,,0.0,91,,,,NORM,598
1,Cairo Main,2024-03-31,30000,A,NEW,New,0,2026-03-22,Gold Credit Card,0,500,2081.85,27551.66,4529.72,2026-03-03,1498.32,F,1994-07-18,CIB,Secondary,100598,,0.0,24,,,,NEW,599
1,Cairo Main,2024-03-31,30000,A,NORM,Normal,0,2026-03-17,Cashback Card,0,500,11283.74,18613.19,2406.4,2026-03-13,1151.45,F,1994-07-18,CIB,Secondary,100598,,0.0,24,,,,NORM,599
8,Zagazig,2021-03-20,150000,A,NEW,New,0,2026-03-25,World Elite Card,200,500,116640.38,32941.46,31601.09,2026-03-10,1909.5,F,1975-04-24,Elsewedy Capital,Primary,100601,,0.0,61,,,,NEW,602
4,Mansoura,2022-10-23,75000,A,NORM,Normal,0,2026-03-28,Business Credit Card,200,0,-2229.51,72740.57,15769.16,2026-03-25,709.21,F,1966-03-10,Banque Misr,Primary,100602,,0.0,41,,,,NORM,603
4,Mansoura,2022-10-23,75000,A,90DA,90 Days Delinquent,90,2026-03-22,Travel Rewards Card,200,0,-3157.46,71627.46,10340.79,2026-03-14,390.08,F,1966-03-10,Banque Misr,Primary,100602,,36393.0,41,,,,90DA,603
4,Mansoura,2022-10-23,75000,A,NORM,Normal,0,2026-04-01,World Elite Card,200,0,52968.24,21978.35,6513.2,2026-03-24,514.37,F,1966-03-10,Banque Misr,Primary,100602,,0.0,41,,,,NORM,603
2,Giza,2021-07-13,75000,A,NORM,Normal,0,2026-03-18,Classic Credit Card,500,0,70510.74,4048.59,12952.2,2026-03-09,205.17,M,1975-03-05,Cairo University,Primary,100603,,0.0,57,,,,NORM,604
7,Luxor,2024-03-17,30000,A,NORM,Normal,0,2026-03-23,Cashback Card,0,300,20350.61,9486.49,3693.91,2026-03-06,356.9,M,1978-01-12,Microsoft Egypt,Primary,100604,,0.0,24,,,,NORM,605
7,Luxor,2024-03-17,30000,A,90DA,90 Days Delinquent,90,2026-03-29,Platinum Credit Card,0,300,1954.45,27685.2,6187.99,2026-03-25,974.16,M,1978-01-12,Microsoft Egypt,Primary,100604,,16543.55,24,,,,90DA,605
10,Suez,2024-12-07,100000,A,90DA,90 Days Delinquent,90,2026-03-31,Travel Rewards Card,100,300,38494.77,61437.48,25445.58,2026-03-17,287.67,M,1995-05-13,Orange Egypt,Primary,100605,,51944.24,16,,,,90DA,606
9,Ismailia,2021-03-08,20000,A,NORM,Normal,0,2026-03-30,World Elite Card,200,150,3178.07,16786.0,3842.1,2026-03-24,637.13,M,1984-04-04,Vodafone Egypt,Secondary,100606,,0.0,61,,,,NORM,607
5,Tanta,2021-05-29,75000,A,NORM,Normal,0,2026-03-31,Gold Credit Card,200,300,25654.36,48902.74,2837.49,2026-03-18,1652.32,F,1970-10-29,CIB,Primary,100607,,0.0,58,,,,NORM,608
5,Tanta,2021-05-29,75000,A,NORM,Normal,0,2026-03-31,Cashback Card,200,300,29307.21,45247.12,3545.44,2026-03-11,1364.11,F,1970-10-29,CIB,Primary,100607,,0.0,58,,,,NORM,608
5,Tanta,2021-05-29,75000,A,NORM,Normal,0,2026-03-21,Classic Credit Card,200,300,-5811.4,68841.75,2418.74,2026-03-09,65.63,F,1970-10-29,CIB,Primary,100607,,0.0,58,,,,NORM,608
7,Luxor,2020-10-11,10000,A,NORM,Normal,0,2026-03-19,Titanium Credit Card,200,500,7326.11,2337.88,2446.61,2026-03-09,767.76,M,1983-04-24,Banque Misr,Primary,100609,,0.0,66,,,,NORM,610
2,Giza,2022-10-07,15000,A,NORM,Normal,0,2026-03-27,Business Credit Card,0,300,13779.72,1077.04,19.15,2026-03-24,555.43,F,1962-10-15,Cairo University,Primary,100610,,0.0,42,,,,NORM,611
10,Suez,2022-10-01,100000,A,30DD,30 Days Delinquent,30,2026-03-22,Business Credit Card,500,150,58452.57,41201.63,16955.9,2026-03-24,447.33,M,1982-05-17,Government,Primary,100611,,25006.48,42,,,,30DD,612
9,Ismailia,2023-12-08,10000,A,NORM,Normal,0,2026-04-01,Business Credit Card,500,0,9146.33,480.96,2740.46,2026-03-17,731.39,M,1998-09-21,Ministry of Health,Primary,100612,,0.0,28,,,,NORM,613
8,Zagazig,2019-08-09,15000,A,NORM,Normal,0,2026-03-20,Travel Rewards Card,200,300,10718.32,4059.89,2510.65,2026-03-02,593.23,M,1961-04-03,Orascom,Secondary,100614,,0.0,80,,,,NORM,615
8,Zagazig,2019-08-09,15000,A,NORM,Normal,0,2026-03-18,Classic Credit Card,200,300,4363.56,10432.06,1418.86,2026-03-31,22.27,M,1961-04-03,Orascom,Secondary,100614,,0.0,80,,,,NORM,615
2,Giza,2021-11-29,10000,A,NORM,Normal,0,2026-03-26,Titanium Credit Card,200,1000,4173.48,5427.6,867.88,2026-03-27,687.35,F,1984-07-23,Edita Food Industries,Primary,100615,,0.0,52,,,,NORM,616
3,Alexandria,2019-07-22,150000,A,60DA,60 Days Delinquent,60,2026-03-27,Business Credit Card,500,150,76749.88,72824.69,26519.7,2026-03-11,1865.56,F,1994-03-06,National Bank of Egypt,Primary,100616,,63029.95,81,,,,60DA,617
7,Luxor,2022-06-08,50000,A,NORM,Normal,0,2026-03-19,Business Credit Card,200,0,15850.17,34074.6,5987.52,2026-03-21,49.91,M,1970-06-11,Vodafone Egypt,Primary,100617,,0.0,46,,,,NORM,618
2,Giza,2024-04-10,10000,A,NORM,Normal,0,2026-03-17,Classic Credit Card,100,500,964.41,8702.83,188.73,2026-03-29,1600.68,M,1988-11-18,CIB,Primary,100618,,0.0,24,,,,NORM,619
1,Cairo Main,2020-04-22,20000,A,NEW,New,0,2026-03-18,Classic Credit Card,200,500,10347.19,9543.87,5010.67,2026-03-26,1605.23,M,1972-05-01,Self Employed,Secondary,100619,,0.0,72,,,,NEW,620
7,Luxor,2022-08-27,5000,A,NORM,Normal,0,2026-04-01,Cashback Card,200,0,4058.59,537.79,501.35,2026-03-11,1338.08,M,1968-02-05,CIB,Primary,100620,,0.0,43,,,,NORM,621
7,Luxor,2022-08-27,5000,A,30DD,30 Days Delinquent,30,2026-03-30,Titanium Credit Card,200,0,2085.69,2570.45,1406.88,2026-03-18,793.42,M,1968-02-05,CIB,Primary,100620,,780.0,43,,,,30DD,621
3,Alexandria,2019-01-03,15000,A,90DA,90 Days Delinquent,90,2026-03-22,Travel Rewards Card,100,0,-288.11,14637.54,4121.74,2026-03-07,496.52,F,1971-06-19,Orascom,Primary,100621,,6449.26,88,,,,90DA,622
4,Mansoura,2023-09-15,150000,A,NEW,New,0,2026-03-29,Gold Credit Card,200,0,139385.42,10613.37,12139.72,2026-03-09,335.65,F,1982-02-10,Freelancer,Primary,100623,,0.0,30,,,,NEW,624
1,Cairo Main,2020-08-15,5000,A,90DA,90 Days Delinquent,90,2026-03-24,Gold Credit Card,100,1000,-120.42,4600.39,1161.59,2026-03-14,492.52,M,1978-04-12,Juhayna,Primary,100624,,1181.17,68,,,,90DA,625
10,Suez,2019-11-17,5000,A,NORM,Normal,0,2026-04-01,Business Credit Card,200,1000,77.32,4545.64,902.21,2026-03-31,1042.39,F,1972-12-22,Microsoft Egypt,Secondary,100626,,0.0,77,,,,NORM,627
9,Ismailia,2018-07-06,15000,A,NORM,Normal,0,2026-03-22,Gold Credit Card,0,500,6611.01,7985.78,2736.11,2026-03-31,1705.53,M,1972-08-14,Banque Misr,Primary,100627,,0.0,94,,,,NORM,628
4,Mansoura,2023-08-30,50000,A,NORM,Normal,0,2026-03-31,Cashback Card,200,500,47183.38,2540.19,11116.13,2026-03-09,678.21,F,1987-05-20,Elsewedy Capital,Primary,100628,,0.0,31,,,,NORM,629
4,Mansoura,2024-09-21,50000,A,30DD,30 Days Delinquent,30,2026-03-29,Platinum Credit Card,0,1000,-3003.08,46904.73,3538.7,2026-03-29,821.86,F,1980-08-16,Vodafone Egypt,Secondary,100629,,3617.01,18,,,,30DD,630
9,Ismailia,2023-06-26,75000,A,NORM,Normal,0,2026-03-30,Gold Credit Card,0,500,16397.53,58591.45,3084.68,2026-03-11,321.53,M,1991-03-30,IBM Egypt,Secondary,100630,,0.0,33,,,,NORM,631
4,Mansoura,2024-11-17,30000,A,NORM,Normal,0,2026-03-26,Titanium Credit Card,500,300,19228.06,10409.9,3120.45,2026-03-15,793.08,M,1964-01-14,Talaat Moustafa Group,Primary,100632,,0.0,16,,,,NORM,633
4,Mansoura,2024-11-17,30000,A,NORM,Normal,0,2026-03-24,Gold Credit Card,500,300,11396.67,18198.97,5597.05,2026-03-05,1169.58,M,1964-01-14,Talaat Moustafa Group,Primary,100632,,0.0,16,,,,NORM,633
1,Cairo Main,2022-06-11,10000,A,90DA,90 Days Delinquent,90,2026-03-28,Business Credit Card,100,1000,2370.83,7591.74,13.5,2026-03-13,0.98,M,1968-10-17,National Bank of Egypt,Primary,100633,,1446.9,46,,,,90DA,634
1,Cairo Main,2022-06-11,10000,A,NORM,Normal,0,2026-03-21,Gold Credit Card,100,1000,6601.93,3268.21,1298.21,2026-03-18,990.87,M,1968-10-17,National Bank of Egypt,Primary,100633,,0.0,46,,,,NORM,634
1,Cairo Main,2021-08-16,75000,A,NORM,Normal,0,2026-03-22,Travel Rewards Card,0,1000,13815.26,61165.01,8676.43,2026-03-03,380.06,F,1998-04-20,Self Employed,Primary,100635,,0.0,56,,,,NORM,636
7,Luxor,2020-10-20,20000,A,NORM,Normal,0,2026-03-20,World Elite Card,0,0,15635.42,3974.94,2940.04,2026-03-21,237.14,M,1963-05-04,Self Employed,Primary,100637,,0.0,66,,,,NORM,638
10,Suez,2019-01-27,100000,A,NORM,Normal,0,2026-03-17,Gold Credit Card,0,0,56516.37,43020.88,25211.98,2026-03-10,1029.92,F,1979-09-02,Edita Food Industries,Secondary,100639,,0.0,87,,,,NORM,640
1,Cairo Main,2022-12-16,5000,A,NORM,Normal,0,2026-03-19,Travel Rewards Card,0,0,2365.06,2379.97,884.27,2026-03-31,1223.83,M,1995-12-29,Ministry of Health,Primary,100640,,0.0,40,,,,NORM,641
2,Giza,2022-08-11,20000,A,NORM,Normal,0,2026-03-19,Classic Credit Card,500,500,10877.72,9033.39,3985.82,2026-03-12,1620.47,F,1987-09-09,Military,Primary,100641,,0.0,44,,,,NORM,642
8,Zagazig,2021-09-06,200000,A,NORM,Normal,0,2026-03-21,Gold Credit Card,0,1000,51495.8,148051.31,7365.95,2026-03-25,1930.5,M,1983-03-15,Cairo University,Primary,100642,,0.0,55,,,,NORM,643
3,Alexandria,2023-09-16,30000,A,60DA,60 Days Delinquent,60,2026-03-28,Business Credit Card,500,150,11814.43,17905.06,8558.69,2026-03-26,1788.03,M,1988-08-03,Banque Misr,Primary,100643,,13596.98,30,,,,60DA,644
5,Tanta,2022-11-21,150000,A,NORM,Normal,0,2026-03-19,Cashback Card,100,150,120590.75,29160.68,30507.48,2026-03-31,259.89,F,1986-03-21,Juhayna,Primary,100644,,0.0,40,,,,NORM,645
5,Tanta,2022-11-21,150000,A,NORM,Normal,0,2026-03-23,Platinum Credit Card,100,150,121638.64,28352.49,33700.51,2026-03-10,534.91,F,1986-03-21,Juhayna,Primary,100644,,0.0,40,,,,NORM,645
5,Tanta,2022-11-21,150000,A,NORM,Normal,0,2026-03-23,World Elite Card,100,150,42448.8,107444.43,4296.71,2026-03-03,1393.03,F,1986-03-21,Juhayna,Primary,100644,,0.0,40,,,,NORM,645
1,Cairo Main,2024-07-30,15000,A,30DD,30 Days Delinquent,30,2026-03-19,Classic Credit Card,500,300,-1017.25,13874.27,3311.8,2026-03-28,1675.96,M,1983-03-22,El Sewedy Electric,Primary,100645,,8573.13,20,,,,30DD,646
1,Cairo Main,2020-06-17,5000,A,NORM,Normal,0,2026-03-29,Titanium Credit Card,500,1000,2030.87,2651.76,1126.73,2026-03-09,158.95,M,1982-03-31,Elsewedy Capital,Primary,100647,,0.0,70,,,,NORM,648
6,Assiut,2018-05-02,20000,A,NORM,Normal,0,2026-03-17,Platinum Credit Card,100,300,14639.46,5039.33,2681.79,2026-03-09,1571.7,M,1961-12-20,Edita Food Industries,Secondary,100649,,0.0,96,,,,NORM,650
4,Mansoura,2019-12-23,30000,A,30DD,30 Days Delinquent,30,2026-03-17,Travel Rewards Card,100,500,26647.04,3288.12,3240.75,2026-03-07,953.79,M,1960-12-18,Edita Food Industries,Secondary,100650,,5114.36,76,,,,30DD,651
4,Mansoura,2022-03-06,15000,A,NEW,New,0,2026-03-23,Travel Rewards Card,0,150,3922.33,11031.05,4210.58,2026-03-22,863.95,M,1976-07-31,El Sewedy Electric,Primary,100651,,0.0,49,,,,NEW,652
4,Mansoura,2022-03-06,15000,A,NORM,Normal,0,2026-03-20,Cashback Card,0,150,9697.86,5207.34,1036.32,2026-03-05,1423.01,M,1976-07-31,El Sewedy Electric,Primary,100651,,0.0,49,,,,NORM,652
4,Mansoura,2022-03-06,15000,A,NEW,New,0,2026-04-01,Classic Credit Card,0,150,7036.82,7710.43,1339.8,2026-03-06,1516.24,M,1976-07-31,El Sewedy Electric,Primary,100651,,0.0,49,,,,NEW,652
6,Assiut,2022-10-26,20000,A,NEW,New,0,2026-03-22,World Elite Card,200,150,3068.29,16609.1,327.42,2026-03-02,620.97,F,1986-11-23,Elsewedy Capital,Primary,100652,,0.0,41,,,,NEW,653
9,Ismailia,2023-06-26,20000,A,NORM,Normal,0,2026-03-23,Business Credit Card,0,150,6813.42,12854.0,3872.44,2026-03-13,823.02,F,1986-03-14,Government,Primary,100653,,0.0,33,,,,NORM,654
3,Alexandria,2022-03-12,150000,A,NORM,Normal,0,2026-03-23,Business Credit Card,500,300,129822.52,19740.93,39137.77,2026-03-21,1560.54,F,1974-06-08,Cairo University,Primary,100654,,0.0,49,,,,NORM,655
4,Mansoura,2020-08-18,75000,A,NORM,Normal,0,2026-03-22,Travel Rewards Card,500,1000,54333.26,20599.21,21878.13,2026-03-28,1496.65,M,1980-04-11,IBM Egypt,Primary,100655,,0.0,68,,,,NORM,656
2,Giza,2022-12-26,150000,A,NORM,Normal,0,2026-03-24,Classic Credit Card,500,1000,135074.53,14759.38,28366.41,2026-03-29,921.25,F,1973-03-27,Amazon Egypt,Primary,100656,,0.0,39,,,,NORM,657
6,Assiut,2023-07-31,50000,A,NORM,Normal,0,2026-03-20,Classic Credit Card,100,500,24974.73,24956.45,10120.26,2026-03-15,1766.68,M,1996-02-02,Talaat Moustafa Group,Primary,100657,,0.0,32,,,,NORM,658
5,Tanta,2023-08-18,150000,A,NORM,Normal,0,2026-03-18,Gold Credit Card,200,150,105611.96,44106.68,28002.7,2026-03-16,1140.38,M,1997-10-18,CIB,Primary,100658,,0.0,31,,,,NORM,659
4,Mansoura,2020-03-16,50000,A,90DA,90 Days Delinquent,90,2026-03-31,World Elite Card,100,1000,24082.65,25601.52,11914.47,2026-03-31,1100.28,M,1974-12-21,Ministry of Health,Secondary,100659,,24397.68,73,,,,90DA,660
5,Tanta,2021-11-20,75000,A,60DA,60 Days Delinquent,60,2026-03-19,Classic Credit Card,100,500,-5669.74,69315.18,4002.88,2026-03-05,1335.61,M,1996-11-19,Elsewedy Capital,Primary,100660,,33534.79,53,,,,60DA,661
5,Tanta,2021-11-20,75000,A,30DD,30 Days Delinquent,30,2026-03-29,Titanium Credit Card,100,500,23615.1,51225.03,7275.67,2026-03-21,506.72,M,1996-11-19,Elsewedy Capital,Primary,100660,,14820.61,53,,,,30DD,661
5,Tanta,2021-11-20,75000,A,30DD,30 Days Delinquent,30,2026-04-01,Cashback Card,100,500,51937.0,23041.63,10019.36,2026-03-11,1327.6,M,1996-11-19,Elsewedy Capital,Primary,100660,,31618.17,53,,,,30DD,661
4,Mansoura,2024-08-01,150000,A,NORM,Normal,0,2026-03-17,Business Credit Card,0,300,97324.69,52359.73,15886.7,2026-03-09,1800.42,M,1983-02-20,Amazon Egypt,Primary,100661,,0.0,20,,,,NORM,662
4,Mansoura,2024-08-01,150000,A,NORM,Normal,0,2026-03-23,Platinum Credit Card,0,300,88785.89,60972.22,30302.44,2026-03-11,1753.14,M,1983-02-20,Amazon Egypt,Primary,100661,,0.0,20,,,,NORM,662
8,Zagazig,2024-04-06,5000,A,90DA,90 Days Delinquent,90,2026-03-23,Platinum Credit Card,200,0,2592.85,2210.11,988.85,2026-03-12,1632.22,F,1980-03-08,IBM Egypt,Primary,100662,,1373.93,24,,,,90DA,663
7,Luxor,2024-01-12,30000,A,NORM,Normal,0,2026-03-18,Classic Credit Card,0,150,-1586.48,27916.47,1034.7,2026-03-28,310.58,M,1994-03-21,Edita Food Industries,Primary,100663,,0.0,27,,,,NORM,664
10,Suez,2022-05-21,75000,A,NORM,Normal,0,2026-03-25,Travel Rewards Card,0,1000,6678.26,68213.17,20476.92,2026-03-25,655.09,F,1998-11-21,El Sewedy Electric,Primary,100664,,0.0,47,,,,NORM,665
7,Luxor,2019-03-30,15000,A,NORM,Normal,0,2026-03-18,Business Credit Card,0,500,1757.37,13207.83,1348.0,2026-03-11,1198.53,M,1967-01-16,Banque Misr,Secondary,100667,,0.0,85,,,,NORM,668
8,Zagazig,2024-10-08,200000,A,NORM,Normal,0,2026-03-27,Titanium Credit Card,500,300,78765.6,120995.71,37772.89,2026-03-10,1734.9,M,1967-02-14,Vodafone Egypt,Secondary,100668,,0.0,18,,,,NORM,669
8,Zagazig,2024-10-08,200000,A,NORM,Normal,0,2026-03-31,World Elite Card,500,300,145582.48,54374.85,39621.72,2026-03-13,962.74,M,1967-02-14,Vodafone Egypt,Secondary,100668,,0.0,18,,,,NORM,669
8,Zagazig,2024-10-08,200000,A,NORM,Normal,0,2026-03-17,Cashback Card,500,300,62808.89,136747.42,58760.84,2026-03-12,1665.05,M,1967-02-14,Vodafone Egypt,Secondary,100668,,0.0,18,,,,NORM,669
7,Luxor,2020-10-08,150000,A,NORM,Normal,0,2026-03-18,Business Credit Card,500,500,8870.85,140706.81,41247.59,2026-03-29,239.41,M,1987-02-17,National Bank of Egypt,Primary,100669,,0.0,66,,,,NORM,670
6,Assiut,2019-03-07,150000,A,NORM,Normal,0,2026-03-17,Cashback Card,500,150,137709.68,11910.68,33575.3,2026-03-10,351.72,F,1963-06-07,El Sewedy Electric,Primary,100672,,0.0,86,,,,NORM,673
6,Assiut,2019-03-07,150000,A,90DA,90 Days Delinquent,90,2026-03-19,Titanium Credit Card,500,150,87762.23,62089.0,17370.32,2026-03-08,1498.33,F,1963-06-07,El Sewedy Electric,Primary,100672,,41782.03,86,,,,90DA,673
8,Zagazig,2023-03-05,10000,A,60DA,60 Days Delinquent,60,2026-03-18,Titanium Credit Card,500,150,1483.62,8130.91,2581.9,2026-03-02,667.49,F,1981-09-29,Talaat Moustafa Group,Secondary,100674,,2671.73,37,,,,60DA,675
10,Suez,2019-12-27,30000,A,90DA,90 Days Delinquent,90,2026-03-22,Travel Rewards Card,100,0,5053.5,24656.45,5247.62,2026-03-29,786.5,M,1964-07-04,Talaat Moustafa Group,Primary,100675,,13835.94,76,,,,90DA,676
4,Mansoura,2018-09-16,20000,A,NEW,New,0,2026-03-31,Gold Credit Card,100,150,16272.67,3244.8,4858.89,2026-03-04,1742.19,M,1990-07-02,Amazon Egypt,Primary,100678,,0.0,91,,,,NEW,679
9,Ismailia,2020-02-16,200000,A,30DD,30 Days Delinquent,30,2026-03-18,Travel Rewards Card,500,0,14269.55,185329.54,44957.95,2026-03-19,921.62,M,1988-02-12,El Sewedy Electric,Primary,100679,,38369.89,74,,,,30DD,680
1,Cairo Main,2021-07-19,5000,A,90DA,90 Days Delinquent,90,2026-03-17,Business Credit Card,100,0,1256.86,3594.04,1071.34,2026-03-30,178.34,F,1978-01-14,Military,Primary,100680,,1981.81,57,,,,90DA,681
7,Luxor,2024-09-18,100000,A,NORM,Normal,0,2026-03-29,Gold Credit Card,100,300,51720.62,47976.8,18269.52,2026-03-12,651.32,M,1973-07-11,Military,Primary,100681,,0.0,18,,,,NORM,682
7,Luxor,2024-09-18,100000,A,90DA,90 Days Delinquent,90,2026-03-25,Cashback Card,100,300,9223.48,90365.47,1488.78,2026-03-27,433.78,M,1973-07-11,Military,Primary,100681,,28956.36,18,,,,90DA,682
7,Luxor,2024-09-18,100000,A,90DA,90 Days Delinquent,90,2026-03-24,World Elite Card,100,300,1011.27,98498.43,17157.85,2026-03-16,841.38,M,1973-07-11,Military,Primary,100681,,23770.15,18,,,,90DA,682
6,Assiut,2021-07-26,100000,A,NORM,Normal,0,2026-03-30,Classic Credit Card,500,500,16219.94,83401.14,25329.19,2026-03-22,719.41,M,1967-11-12,Government,Primary,100682,,0.0,57,,,,NORM,683
1,Cairo Main,2019-05-24,30000,A,NORM,Normal,0,2026-03-24,Travel Rewards Card,100,1000,18835.44,10793.64,8917.43,2026-03-15,345.56,M,1987-08-25,Orange Egypt,Primary,100683,,0.0,83,,,,NORM,684
4,Mansoura,2022-03-20,20000,A,30DD,30 Days Delinquent,30,2026-03-17,Titanium Credit Card,500,300,5862.61,13776.17,2482.06,2026-03-29,871.47,M,1966-10-20,Talaat Moustafa Group,Primary,100684,,4561.73,49,,,,30DD,685
10,Suez,2022-04-12,150000,A,NORM,Normal,0,2026-03-19,Business Credit Card,0,0,71120.29,78601.52,30068.14,2026-03-04,389.92,F,1999-02-23,National Bank of Egypt,Secondary,100686,,0.0,48,,,,NORM,687
6,Assiut,2022-03-28,15000,A,NORM,Normal,0,2026-03-27,Travel Rewards Card,500,150,11144.58,3556.11,1844.73,2026-03-16,821.08,F,1977-11-11,Vodafone Egypt,Primary,100689,,0.0,48,,,,NORM,690
5,Tanta,2024-01-10,15000,A,60DA,60 Days Delinquent,60,2026-03-31,Platinum Credit Card,200,500,11895.26,2855.32,3041.5,2026-03-21,909.71,F,1986-09-12,Juhayna,Primary,100690,,4005.06,27,,,,60DA,691
10,Suez,2018-10-22,50000,A,NORM,Normal,0,2026-03-21,Business Credit Card,100,150,22295.84,27652.81,147.12,2026-03-28,1451.95,M,1981-07-27,Vodafone Egypt,Primary,100691,,0.0,90,,,,NORM,692
8,Zagazig,2022-08-31,75000,A,NORM,Normal,0,2026-03-23,Cashback Card,200,1000,35523.56,39009.13,10804.12,2026-03-19,1637.65,M,1978-02-23,Amazon Egypt,Secondary,100692,,0.0,43,,,,NORM,693
8,Zagazig,2022-08-31,75000,A,NORM,Normal,0,2026-03-19,Travel Rewards Card,200,1000,-7381.21,67166.55,12511.32,2026-03-10,972.96,M,1978-02-23,Amazon Egypt,Secondary,100692,,0.0,43,,,,NORM,693
10,Suez,2020-03-06,75000,A,NORM,Normal,0,2026-03-26,Cashback Card,500,300,68588.19,6284.99,9792.94,2026-03-13,893.07,M,1967-04-14,Microsoft Egypt,Secondary,100693,,0.0,73,,,,NORM,694
10,Suez,2020-03-06,75000,A,NORM,Normal,0,2026-03-18,Business Credit Card,500,300,18526.42,56005.57,5264.33,2026-03-05,885.37,M,1967-04-14,Microsoft Egypt,Secondary,100693,,0.0,73,,,,NORM,694
7,Luxor,2021-05-22,150000,A,NORM,Normal,0,2026-03-23,Travel Rewards Card,500,0,30701.76,119023.53,28746.77,2026-03-24,1973.89,M,1971-05-06,Cairo University,Primary,100696,,0.0,59,,,,NORM,697
7,Luxor,2021-05-22,150000,A,NORM,Normal,0,2026-04-01,World Elite Card,500,0,136771.76,13170.59,13040.66,2026-03-21,505.0,M,1971-05-06,Cairo University,Primary,100696,,0.0,59,,,,NORM,697
7,Luxor,2021-05-22,150000,A,NORM,Normal,0,2026-03-19,Platinum Credit Card,500,0,50631.63,99056.21,38893.41,2026-03-11,327.69,M,1971-05-06,Cairo University,Primary,100696,,0.0,59,,,,NORM,697
5,Tanta,2020-05-08,75000,A,NORM,Normal,0,2026-03-20,Classic Credit Card,100,500,20487.97,54218.28,10145.18,2026-03-18,32.15,M,1993-08-02,CIB,Primary,100697,,0.0,71,,,,NORM,698
7,Luxor,2021-03-27,75000,A,NEW,New,0,2026-03-30,Cashback Card,100,150,50891.79,23949.67,2584.16,2026-03-14,878.17,M,1989-05-11,Self Employed,Primary,100698,,0.0,61,,,,NEW,699
10,Suez,2020-05-20,15000,A,NORM,Normal,0,2026-03-18,Platinum Credit Card,100,300,13887.49,996.59,1961.27,2026-03-25,1291.09,F,1996-07-12,Freelancer,Primary,100699,,0.0,71,,,,NORM,700
3,Alexandria,2021-04-15,10000,A,NEW,New,0,2026-03-21,World Elite Card,0,300,4501.71,5095.17,1517.9,2026-03-12,1806.32,M,1963-07-31,Cairo University,Primary,100700,,0.0,60,,,,NEW,701
1,Cairo Main,2021-09-14,10000,A,NORM,Normal,0,2026-03-25,Travel Rewards Card,100,0,2558.95,7315.56,1430.19,2026-03-23,877.18,M,1975-12-21,Government,Primary,100703,,0.0,55,,,,NORM,704
8,Zagazig,2023-05-01,150000,A,NORM,Normal,0,2026-03-21,Titanium Credit Card,0,300,7302.51,142443.7,23184.6,2026-03-17,766.98,M,1987-09-27,IBM Egypt,Secondary,100704,,0.0,35,,,,NORM,705
4,Mansoura,2023-06-08,75000,A,30DD,30 Days Delinquent,30,2026-03-31,Platinum Credit Card,500,500,45169.08,29406.75,16435.61,2026-03-05,1278.5,M,1987-03-21,Microsoft Egypt,Primary,100705,,10331.91,34,,,,30DD,706
9,Ismailia,2024-05-31,150000,A,NORM,Normal,0,2026-03-29,Business Credit Card,0,300,-5591.61,144113.79,14386.01,2026-03-20,876.3,F,1999-04-22,Orascom,Secondary,100706,,0.0,22,,,,NORM,707
9,Ismailia,2020-09-23,20000,A,NORM,Normal,0,2026-03-30,Gold Credit Card,0,500,9561.11,10296.7,1935.12,2026-03-13,1143.31,M,1970-10-21,Orascom,Secondary,100707,,0.0,67,,,,NORM,708
5,Tanta,2020-11-21,100000,A,NORM,Normal,0,2026-03-17,Gold Credit Card,500,0,87183.62,12671.16,3770.55,2026-03-10,206.3,F,1969-11-19,Elsewedy Capital,Secondary,100708,,0.0,65,,,,NORM,709
5,Tanta,2020-11-21,100000,A,NORM,Normal,0,2026-03-19,Cashback Card,500,0,54057.11,45819.41,26500.37,2026-03-30,672.47,F,1969-11-19,Elsewedy Capital,Secondary,100708,,0.0,65,,,,NORM,709
5,Tanta,2020-11-21,100000,A,NORM,Normal,0,2026-03-17,Business Credit Card,500,0,82114.6,17788.03,21410.42,2026-03-12,627.54,F,1969-11-19,Elsewedy Capital,Secondary,100708,,0.0,65,,,,NORM,709
6,Assiut,2022-04-13,150000,A,90DA,90 Days Delinquent,90,2026-03-22,Business Credit Card,100,300,78619.77,70922.12,25206.31,2026-03-07,1265.79,M,1976-11-28,Juhayna,Primary,100709,,47518.58,48,,,,90DA,710
6,Assiut,2022-04-13,150000,A,NEW,New,0,2026-03-26,Gold Credit Card,100,300,120381.34,29545.51,31570.19,2026-03-16,930.14,M,1976-11-28,Juhayna,Primary,100709,,0.0,48,,,,NEW,710
3,Alexandria,2021-04-30,20000,A,30DD,30 Days Delinquent,30,2026-04-01,Business Credit Card,100,1000,1298.64,18396.46,5937.53,2026-03-07,1372.54,F,1996-08-10,Banque Misr,Primary,100712,,11689.7,59,,,,30DD,713
6,Assiut,2023-08-20,10000,A,NORM,Normal,0,2026-03-20,Business Credit Card,100,500,3635.15,6249.19,545.9,2026-03-27,711.38,F,1973-11-08,Microsoft Egypt,Primary,100713,,0.0,31,,,,NORM,714
4,Mansoura,2020-07-10,5000,A,NORM,Normal,0,2026-03-23,Platinum Credit Card,500,300,331.28,4523.9,356.4,2026-03-21,1341.42,M,1998-01-15,Vodafone Egypt,Primary,100714,,0.0,69,,,,NORM,715
8,Zagazig,2022-05-23,75000,A,60DA,60 Days Delinquent,60,2026-04-01,World Elite Card,200,150,16452.47,58300.11,17208.32,2026-03-09,729.13,F,1975-08-16,CIB,Primary,100715,,32176.88,46,,,,60DA,716
6,Assiut,2024-06-15,10000,A,NORM,Normal,0,2026-03-31,Platinum Credit Card,500,500,6331.25,3656.73,246.21,2026-03-25,817.49,M,1992-07-25,Orange Egypt,Primary,100717,,0.0,21,,,,NORM,718
1,Cairo Main,2023-10-13,50000,A,NORM,Normal,0,2026-03-20,Platinum Credit Card,500,150,4537.81,45072.45,8020.94,2026-03-21,1095.02,M,1965-04-06,CIB,Primary,100718,,0.0,30,,,,NORM,719
10,Suez,2022-03-18,10000,A,NEW,New,0,2026-03-22,Travel Rewards Card,500,300,7204.57,2381.46,549.48,2026-03-04,448.79,M,1967-09-27,CIB,Primary,100719,,0.0,49,,,,NEW,720
10,Suez,2022-03-18,10000,A,30DD,30 Days Delinquent,30,2026-03-27,Platinum Credit Card,500,300,7549.33,2065.22,2935.57,2026-03-08,620.36,M,1967-09-27,CIB,Primary,100719,,1114.02,49,,,,30DD,720
9,Ismailia,2018-04-05,200000,A,NORM,Normal,0,2026-03-26,Business Credit Card,200,0,1719.24,198160.09,52247.77,2026-03-18,1132.72,M,1970-02-02,Microsoft Egypt,Primary,100720,,0.0,97,,,,NORM,721
2,Giza,2024-07-23,150000,A,NORM,Normal,0,2026-03-29,Gold Credit Card,100,0,120505.57,29105.25,34333.15,2026-03-02,846.77,M,1983-04-11,Military,Primary,100722,,0.0,20,,,,NORM,723
2,Giza,2024-07-23,150000,A,NORM,Normal,0,2026-03-20,Travel Rewards Card,100,0,69377.51,80409.71,30001.88,2026-03-30,949.61,M,1983-04-11,Military,Primary,100722,,0.0,20,,,,NORM,723
8,Zagazig,2021-07-11,10000,A,NORM,Normal,0,2026-03-22,Titanium Credit Card,100,0,8807.36,910.58,1346.71,2026-03-24,581.22,F,1995-11-28,Orange Egypt,Primary,100723,,0.0,57,,,,NORM,724
8,Zagazig,2024-06-21,100000,A,NORM,Normal,0,2026-03-30,Cashback Card,100,0,92608.17,7245.0,5365.07,2026-03-09,51.58,M,1966-04-10,Elsewedy Capital,Primary,100725,,0.0,21,,,,NORM,726
4,Mansoura,2024-10-02,150000,A,NEW,New,0,2026-03-22,Cashback Card,200,150,35424.69,114412.64,20139.93,2026-03-25,968.86,F,1966-01-07,National Bank of Egypt,Primary,100726,,0.0,18,,,,NEW,727
3,Alexandria,2023-02-12,10000,A,NORM,Normal,0,2026-04-01,Travel Rewards Card,100,0,2777.78,6985.9,446.94,2026-03-15,305.83,F,1977-12-11,El Sewedy Electric,Primary,100727,,0.0,38,,,,NORM,728
10,Suez,2022-09-16,15000,A,60DA,60 Days Delinquent,60,2026-03-30,Travel Rewards Card,500,0,304.64,14523.72,1720.83,2026-03-18,461.92,M,1967-05-11,National Bank of Egypt,Primary,100728,,3617.15,43,,,,60DA,729
9,Ismailia,2018-09-28,50000,A,NORM,Normal,0,2026-03-31,Cashback Card,200,300,31992.97,17786.8,9816.07,2026-03-30,82.86,M,1978-03-31,Elsewedy Capital,Primary,100729,,0.0,91,,,,NORM,730
10,Suez,2018-07-16,15000,A,NORM,Normal,0,2026-03-20,Travel Rewards Card,100,300,12267.71,2446.95,3067.97,2026-03-02,620.34,F,1964-06-11,Self Employed,Primary,100731,,0.0,93,,,,NORM,732
4,Mansoura,2023-12-04,200000,A,60DA,60 Days Delinquent,60,2026-04-01,Business Credit Card,100,1000,-12604.23,187375.46,21417.96,2026-03-13,546.45,M,1993-02-23,Orascom,Primary,100736,,4666.52,28,,,,60DA,737
5,Tanta,2021-04-17,30000,A,NORM,Normal,0,2026-03-29,Travel Rewards Card,100,300,6959.59,22889.61,6186.82,2026-03-19,1477.48,M,1981-09-02,Freelancer,Secondary,100738,,0.0,60,,,,NORM,739
6,Assiut,2024-11-26,100000,A,NORM,Normal,0,2026-04-01,Cashback Card,0,0,50852.71,48674.68,6322.7,2026-03-16,1904.82,F,1960-04-06,Orascom,Primary,100739,,0.0,16,,,,NORM,740
7,Luxor,2020-03-20,10000,A,NEW,New,0,2026-03-29,Platinum Credit Card,500,0,214.92,9586.08,1218.86,2026-03-14,445.76,F,1982-01-26,Vodafone Egypt,Primary,100740,,0.0,73,,,,NEW,741
8,Zagazig,2022-03-14,30000,A,NORM,Normal,0,2026-03-27,Platinum Credit Card,200,0,24024.82,5702.39,3417.55,2026-03-28,1099.03,F,1977-09-25,Freelancer,Primary,100741,,0.0,49,,,,NORM,742
1,Cairo Main,2020-03-23,10000,A,NORM,Normal,0,2026-03-20,Classic Credit Card,100,500,62.05,9811.76,783.33,2026-03-18,1990.66,F,1976-02-11,Edita Food Industries,Secondary,100742,,0.0,73,,,,NORM,743
8,Zagazig,2020-12-24,10000,A,NORM,Normal,0,2026-03-29,Business Credit Card,100,300,1432.16,8490.45,1047.54,2026-03-18,254.46,F,1989-11-03,Government,Primary,100743,,0.0,64,,,,NORM,744
2,Giza,2018-03-28,15000,A,NORM,Normal,0,2026-03-21,Classic Credit Card,100,0,6384.11,8418.56,3466.25,2026-03-26,1855.76,F,1964-11-02,Amazon Egypt,Secondary,100744,,0.0,97,,,,NORM,745
5,Tanta,2020-10-10,75000,A,NEW,New,0,2026-03-25,Gold Credit Card,100,150,54211.98,20728.15,20334.22,2026-03-11,179.1,M,1991-06-11,Elsewedy Capital,Primary,100746,,0.0,66,,,,NEW,747
5,Tanta,2019-08-22,75000,A,NORM,Normal,0,2026-03-27,Titanium Credit Card,0,0,31562.83,42970.75,828.51,2026-03-23,765.31,F,1968-08-14,Amazon Egypt,Primary,100747,,0.0,80,,,,NORM,748
4,Mansoura,2018-07-14,15000,A,NORM,Normal,0,2026-03-19,Classic Credit Card,200,150,11858.59,3010.16,471.55,2026-03-26,522.47,F,1974-05-07,Self Employed,Primary,100749,,0.0,93,,,,NORM,750
6,Assiut,2022-01-20,200000,A,NORM,Normal,0,2026-03-29,Cashback Card,100,300,187065.05,12806.47,39591.58,2026-03-05,1670.45,M,1993-04-02,Cairo University,Primary,100751,,0.0,51,,,,NORM,752
10,Suez,2018-06-18,200000,A,NORM,Normal,0,2026-03-25,Gold Credit Card,500,0,106617.48,92977.23,48478.46,2026-03-17,1188.46,M,1965-05-25,Ministry of Health,Primary,100752,,0.0,94,,,,NORM,753
2,Giza,2022-09-13,150000,A,NORM,Normal,0,2026-03-21,Classic Credit Card,200,150,4525.94,145297.91,12708.67,2026-03-21,682.97,F,1981-08-28,Orange Egypt,Secondary,100754,,0.0,43,,,,NORM,755
2,Giza,2022-09-13,150000,A,NORM,Normal,0,2026-03-30,Gold Credit Card,200,150,16099.48,133491.89,19360.91,2026-03-27,415.64,F,1981-08-28,Orange Egypt,Secondary,100754,,0.0,43,,,,NORM,755
2,Giza,2022-09-13,150000,A,NORM,Normal,0,2026-04-01,World Elite Card,200,150,4353.76,145302.27,15510.49,2026-03-05,1151.28,F,1981-08-28,Orange Egypt,Secondary,100754,,0.0,43,,,,NORM,755
7,Luxor,2023-12-21,150000,A,NORM,Normal,0,2026-03-28,Platinum Credit Card,500,1000,131432.97,18131.66,28279.32,2026-03-07,1732.54,F,1982-03-16,Microsoft Egypt,Primary,100755,,0.0,27,,,,NORM,756
7,Luxor,2023-12-21,150000,A,NORM,Normal,0,2026-03-24,Titanium Credit Card,500,1000,42927.09,106621.6,22649.3,2026-03-30,1294.46,F,1982-03-16,Microsoft Egypt,Primary,100755,,0.0,27,,,,NORM,756
7,Luxor,2023-12-21,150000,A,NEW,New,0,2026-03-28,World Elite Card,500,1000,12077.88,137915.5,7035.94,2026-03-29,782.58,F,1982-03-16,Microsoft Egypt,Primary,100755,,0.0,27,,,,NEW,756
1,Cairo Main,2024-05-31,20000,A,NORM,Normal,0,2026-03-17,Classic Credit Card,500,1000,-1315.0,18353.02,3939.45,2026-03-25,1059.0,F,1967-03-06,Juhayna,Secondary,100756,,0.0,22,,,,NORM,757
9,Ismailia,2019-12-02,20000,A,NORM,Normal,0,2026-03-25,Titanium Credit Card,200,0,14443.33,5480.95,2819.17,2026-03-17,487.69,M,1965-05-05,Talaat Moustafa Group,Secondary,100757,,0.0,77,,,,NORM,758
10,Suez,2021-08-22,5000,A,NORM,Normal,0,2026-03-23,Classic Credit Card,200,150,2159.7,2585.95,185.43,2026-03-11,1524.63,F,1973-03-24,Orascom,Primary,100759,,0.0,56,,,,NORM,760
10,Suez,2022-04-14,30000,A,NEW,New,0,2026-03-28,Titanium Credit Card,500,150,11060.0,18586.81,6773.07,2026-03-13,1951.26,F,1964-10-09,Talaat Moustafa Group,Primary,100760,,0.0,48,,,,NEW,761
10,Suez,2022-04-14,30000,A,NORM,Normal,0,2026-03-17,Travel Rewards Card,500,150,16123.56,13779.5,656.31,2026-03-18,693.16,F,1964-10-09,Talaat Moustafa Group,Primary,100760,,0.0,48,,,,NORM,761
10,Suez,2020-01-09,30000,A,90DA,90 Days Delinquent,90,2026-03-19,Platinum Credit Card,100,500,16011.46,13550.21,2973.01,2026-03-19,1795.13,M,1982-01-01,National Bank of Egypt,Primary,100762,,16421.93,75,,,,90DA,763
8,Zagazig,2022-07-07,10000,A,60DA,60 Days Delinquent,60,2026-03-26,Platinum Credit Card,0,1000,1196.99,8709.65,1190.5,2026-03-03,1748.59,M,1988-12-08,Microsoft Egypt,Primary,100763,,1552.64,45,,,,60DA,764
8,Zagazig,2022-07-07,10000,A,NORM,Normal,0,2026-03-26,Cashback Card,0,1000,5267.17,4562.06,907.22,2026-03-02,1109.16,M,1988-12-08,Microsoft Egypt,Primary,100763,,0.0,45,,,,NORM,764
1,Cairo Main,2020-10-14,10000,A,NEW,New,0,2026-03-29,Classic Credit Card,0,0,988.82,8960.28,956.69,2026-03-10,1024.18,F,1965-12-05,National Bank of Egypt,Primary,100764,,0.0,66,,,,NEW,765
8,Zagazig,2019-10-31,30000,A,NORM,Normal,0,2026-03-19,Platinum Credit Card,100,0,9688.67,20041.05,101.98,2026-03-24,270.34,F,1996-07-30,Ministry of Health,Primary,100765,,0.0,78,,,,NORM,766
9,Ismailia,2019-02-25,150000,A,NORM,Normal,0,2026-03-21,Travel Rewards Card,0,150,3779.36,145922.14,22532.99,2026-03-05,1910.07,M,1973-04-23,Elsewedy Capital,Primary,100766,,0.0,86,,,,NORM,767
9,Ismailia,2019-02-25,150000,A,NORM,Normal,0,2026-03-17,Gold Credit Card,0,150,40693.8,108918.75,30066.77,2026-03-24,1088.35,M,1973-04-23,Elsewedy Capital,Primary,100766,,0.0,86,,,,NORM,767
5,Tanta,2022-04-25,10000,A,NORM,Normal,0,2026-03-30,Gold Credit Card,100,0,4089.22,5780.73,259.76,2026-03-21,42.98,F,1970-02-17,IBM Egypt,Primary,100767,,0.0,47,,,,NORM,768
6,Assiut,2018-06-27,200000,A,NORM,Normal,0,2026-03-20,Travel Rewards Card,200,1000,69524.46,130225.49,50761.91,2026-03-24,706.43,M,1963-10-21,Amazon Egypt,Primary,100768,,0.0,94,,,,NORM,769
5,Tanta,2019-03-02,30000,A,NORM,Normal,0,2026-03-27,Cashback Card,0,0,-1806.99,28122.44,8215.64,2026-03-11,1619.48,M,1975-08-17,Banque Misr,Primary,100769,,0.0,86,,,,NORM,770
5,Tanta,2019-03-02,30000,A,NORM,Normal,0,2026-03-22,Platinum Credit Card,0,0,26985.08,2738.82,5446.12,2026-03-27,209.53,M,1975-08-17,Banque Misr,Primary,100769,,0.0,86,,,,NORM,770
8,Zagazig,2018-10-03,10000,A,NORM,Normal,0,2026-03-23,World Elite Card,100,0,-547.32,9244.77,195.18,2026-03-15,66.33,F,1996-07-17,Banque Misr,Primary,100770,,0.0,91,,,,NORM,771
6,Assiut,2022-10-03,100000,A,NORM,Normal,0,2026-04-01,Travel Rewards Card,200,150,40407.09,59286.14,17458.03,2026-03-02,789.37,M,1982-03-03,Microsoft Egypt,Primary,100771,,0.0,42,,,,NORM,772
9,Ismailia,2023-12-22,150000,A,90DA,90 Days Delinquent,90,2026-03-21,Travel Rewards Card,500,1000,124273.29,25694.56,27530.4,2026-03-11,367.87,M,1982-02-04,National Bank of Egypt,Primary,100772,,51007.64,27,,,,90DA,773
1,Cairo Main,2024-04-06,100000,A,NORM,Normal,0,2026-03-29,Gold Credit Card,200,150,31090.0,68445.01,20208.52,2026-03-26,581.82,F,1976-04-03,Freelancer,Primary,100773,,0.0,24,,,,NORM,774
1,Cairo Main,2024-04-06,100000,A,NORM,Normal,0,2026-03-18,Classic Credit Card,200,150,13733.72,85773.46,1617.51,2026-03-10,165.51,F,1976-04-03,Freelancer,Primary,100773,,0.0,24,,,,NORM,774
1,Cairo Main,2024-04-06,100000,A,NORM,Normal,0,2026-03-28,Platinum Credit Card,200,150,10756.73,89234.32,18573.63,2026-03-12,52.33,F,1976-04-03,Freelancer,Primary,100773,,0.0,24,,,,NORM,774
4,Mansoura,2020-07-08,5000,A,NORM,Normal,0,2026-03-31,Gold Credit Card,100,500,3938.97,691.56,586.73,2026-03-19,964.75,M,1969-06-14,Amazon Egypt,Primary,100774,,0.0,69,,,,NORM,775
4,Mansoura,2020-07-08,5000,A,30DD,30 Days Delinquent,30,2026-03-18,Cashback Card,100,500,4670.97,0.0,770.5,2026-03-21,1247.4,M,1969-06-14,Amazon Egypt,Primary,100774,,1731.09,69,,,,30DD,775
2,Giza,2024-08-29,15000,A,90DA,90 Days Delinquent,90,2026-03-29,Cashback Card,100,0,11779.09,2912.89,757.07,2026-03-24,1779.52,M,1981-05-22,National Bank of Egypt,Primary,100775,,1036.44,19,,,,90DA,776
2,Giza,2018-09-03,5000,A,NORM,Normal,0,2026-03-25,Platinum Credit Card,100,0,3546.99,1325.05,168.2,2026-03-13,1101.34,F,1966-12-29,Amazon Egypt,Primary,100777,,0.0,92,,,,NORM,778
5,Tanta,2023-08-18,30000,A,NEW,New,0,2026-03-31,Gold Credit Card,200,0,9657.28,20187.08,5401.39,2026-03-17,114.86,F,1985-08-29,Banque Misr,Primary,100778,,0.0,31,,,,NEW,779
6,Assiut,2022-10-04,20000,A,NORM,Normal,0,2026-03-31,Gold Credit Card,0,300,17280.39,2447.53,3237.98,2026-03-20,27.22,F,1989-01-02,Vodafone Egypt,Primary,100780,,0.0,42,,,,NORM,781
10,Suez,2024-04-28,100000,A,NORM,Normal,0,2026-04-01,Cashback Card,0,300,56165.68,43795.42,6810.64,2026-03-20,565.51,M,1962-01-05,IBM Egypt,Primary,100782,,0.0,23,,,,NORM,783
4,Mansoura,2022-05-20,50000,A,NORM,Normal,0,2026-03-19,Gold Credit Card,0,1000,774.54,48846.78,10099.94,2026-03-13,529.28,M,1974-02-08,Vodafone Egypt,Primary,100783,,0.0,47,,,,NORM,784
4,Mansoura,2022-05-20,50000,A,NORM,Normal,0,2026-03-26,Platinum Credit Card,0,1000,-621.7,49175.45,1359.53,2026-03-12,1977.97,M,1974-02-08,Vodafone Egypt,Primary,100783,,0.0,47,,,,NORM,784
10,Suez,2018-06-03,30000,A,NORM,Normal,0,2026-03-28,Business Credit Card,0,0,14861.98,15099.39,3489.64,2026-03-23,1521.07,M,1998-12-21,El Sewedy Electric,Secondary,100784,,0.0,95,,,,NORM,785
9,Ismailia,2024-10-29,150000,A,NORM,Normal,0,2026-03-31,Cashback Card,200,300,132558.27,17326.18,17061.31,2026-03-22,1808.28,F,1983-02-28,Military,Secondary,100785,,0.0,17,,,,NORM,786
7,Luxor,2020-05-05,200000,A,60DA,60 Days Delinquent,60,2026-04-01,Platinum Credit Card,500,0,100258.04,99727.54,53759.23,2026-03-31,1683.01,M,1970-09-22,Banque Misr,Primary,100786,,9295.53,71,,,,60DA,787
3,Alexandria,2023-03-03,30000,A,NORM,Normal,0,2026-03-20,Travel Rewards Card,100,0,4553.95,24973.43,1350.65,2026-03-26,957.87,F,1991-11-17,Orange Egypt,Primary,100788,,0.0,37,,,,NORM,789
3,Alexandria,2023-03-03,30000,A,NORM,Normal,0,2026-03-23,Titanium Credit Card,100,0,9500.85,20335.88,3810.88,2026-03-26,1162.24,F,1991-11-17,Orange Egypt,Primary,100788,,0.0,37,,,,NORM,789
1,Cairo Main,2020-09-29,150000,A,NORM,Normal,0,2026-03-17,Gold Credit Card,200,500,-1541.61,148289.82,6802.15,2026-03-09,1727.49,M,1993-03-29,Cairo University,Primary,100790,,0.0,67,,,,NORM,791
7,Luxor,2023-03-09,10000,A,30DD,30 Days Delinquent,30,2026-03-27,Business Credit Card,500,0,5490.44,4091.59,2033.07,2026-03-20,787.53,M,1999-03-19,Orascom,Primary,100791,,4317.54,37,,,,30DD,792
4,Mansoura,2021-09-08,10000,A,NORM,Normal,0,2026-03-29,Business Credit Card,100,500,4532.7,4995.36,1567.92,2026-03-09,802.09,M,1978-01-04,Talaat Moustafa Group,Primary,100792,,0.0,55,,,,NORM,793
7,Luxor,2020-10-29,15000,A,NORM,Normal,0,2026-03-23,Gold Credit Card,200,500,2643.74,12277.65,3157.73,2026-03-15,1988.0,M,1972-02-08,Juhayna,Secondary,100794,,0.0,66,,,,NORM,795
8,Zagazig,2019-10-21,75000,A,NORM,Normal,0,2026-03-21,Travel Rewards Card,0,1000,17792.65,56755.0,7143.28,2026-03-30,951.17,M,1984-01-08,National Bank of Egypt,Primary,100796,,0.0,78,,,,NORM,797
9,Ismailia,2018-01-16,100000,A,NORM,Normal,0,2026-03-30,Cashback Card,0,0,12387.8,87501.37,2714.23,2026-03-15,910.15,M,1992-05-25,El Sewedy Electric,Primary,100798,,0.0,99,,,,NORM,799
9,Ismailia,2018-01-16,100000,A,NORM,Normal,0,2026-03-19,Titanium Credit Card,0,0,15661.02,84180.03,17613.94,2026-03-20,519.06,M,1992-05-25,El Sewedy Electric,Primary,100798,,0.0,99,,,,NORM,799
10,Suez,2020-06-04,50000,A,NORM,Normal,0,2026-03-22,Titanium Credit Card,0,300,24911.16,24755.99,12781.29,2026-03-02,581.54,F,1976-12-07,Vodafone Egypt,Primary,100799,,0.0,70,,,,NORM,800
2,Giza,2023-08-07,100000,A,NORM,Normal,0,2026-03-28,Cashback Card,200,1000,31875.14,68096.23,26830.3,2026-03-17,1703.6,F,1991-05-15,Government,Secondary,100800,,0.0,32,,,,NORM,801
3,Alexandria,2022-10-21,50000,A,NORM,Normal,0,2026-03-27,Platinum Credit Card,500,500,17110.15,32749.77,4068.52,2026-03-09,605.91,F,1980-07-31,Amazon Egypt,Primary,100801,,0.0,41,,,,NORM,802
2,Giza,2019-03-02,10000,A,60DA,60 Days Delinquent,60,2026-03-22,Travel Rewards Card,0,500,9360.63,604.51,2635.6,2026-03-16,1755.3,M,1996-02-25,Freelancer,Primary,100802,,1171.58,86,,,,60DA,803
7,Luxor,2020-07-01,100000,A,60DA,60 Days Delinquent,60,2026-03-25,Gold Credit Card,100,500,88976.03,10951.72,15845.08,2026-03-27,1904.66,M,1969-07-03,IBM Egypt,Secondary,100803,,54619.64,70,,,,60DA,804
7,Luxor,2022-03-15,20000,A,NORM,Normal,0,2026-03-30,World Elite Card,200,300,6934.0,12569.61,1763.11,2026-03-08,1593.19,F,1960-05-04,Elsewedy Capital,Primary,100804,,0.0,49,,,,NORM,805
1,Cairo Main,2019-09-21,50000,A,NORM,Normal,0,2026-03-21,Cashback Card,100,1000,21838.7,27961.13,3364.74,2026-03-06,195.59,F,1961-03-06,Elsewedy Capital,Primary,100805,,0.0,79,,,,NORM,806
1,Cairo Main,2019-09-21,50000,A,90DA,90 Days Delinquent,90,2026-03-28,Platinum Credit Card,100,1000,27202.53,22678.44,6338.54,2026-03-21,129.26,F,1961-03-06,Elsewedy Capital,Primary,100805,,27620.82,79,,,,90DA,806
10,Suez,2022-05-31,5000,A,NORM,Normal,0,2026-03-23,Gold Credit Card,500,150,3660.68,1334.55,50.6,2026-03-21,206.8,F,1988-11-27,Edita Food Industries,Primary,100806,,0.0,46,,,,NORM,807
2,Giza,2019-06-02,150000,A,90DA,90 Days Delinquent,90,2026-03-23,Travel Rewards Card,200,1000,18578.17,130931.63,4690.16,2026-03-24,1281.53,M,1991-11-07,Edita Food Industries,Primary,100807,,83596.25,83,,,,90DA,808
4,Mansoura,2020-06-27,30000,A,NEW,New,0,2026-03-20,Titanium Credit Card,500,300,15162.98,14494.77,2891.07,2026-03-08,107.03,M,1989-04-08,Talaat Moustafa Group,Primary,100809,,0.0,70,,,,NEW,810
10,Suez,2019-02-28,10000,A,30DD,30 Days Delinquent,30,2026-03-22,Gold Credit Card,0,150,7042.6,2843.69,319.43,2026-03-10,1268.0,F,1998-11-20,Talaat Moustafa Group,Secondary,100810,,575.3,86,,,,30DD,811
7,Luxor,2021-07-08,100000,A,NORM,Normal,0,2026-03-25,Platinum Credit Card,0,150,93501.6,6083.51,25696.56,2026-03-16,864.04,M,1976-10-31,CIB,Secondary,100812,,0.0,57,,,,NORM,813
7,Luxor,2021-07-08,100000,A,30DD,30 Days Delinquent,30,2026-03-21,Business Credit Card,0,150,-6385.03,93282.54,10807.53,2026-03-05,1673.37,M,1976-10-31,CIB,Secondary,100812,,30366.8,57,,,,30DD,813
10,Suez,2024-02-17,5000,A,NORM,Normal,0,2026-03-31,World Elite Card,0,150,3745.42,903.39,1195.53,2026-03-21,508.23,M,1986-11-30,Ministry of Health,Primary,100813,,0.0,25,,,,NORM,814
4,Mansoura,2022-02-03,10000,A,NORM,Normal,0,2026-03-29,Classic Credit Card,100,150,4916.84,4846.28,247.82,2026-03-08,1036.68,M,1998-11-19,Banque Misr,Primary,100814,,0.0,50,,,,NORM,815
4,Mansoura,2022-02-03,10000,A,30DD,30 Days Delinquent,30,2026-03-21,Platinum Credit Card,100,150,4848.59,4803.14,53.55,2026-03-12,338.3,M,1998-11-19,Banque Misr,Primary,100814,,1977.66,50,,,,30DD,815
2,Giza,2024-03-08,30000,A,NORM,Normal,0,2026-03-21,Business Credit Card,500,1000,19814.18,9857.22,3188.78,2026-03-12,966.19,F,1975-08-20,El Sewedy Electric,Primary,100815,,0.0,25,,,,NORM,816
7,Luxor,2024-07-18,200000,A,30DD,30 Days Delinquent,30,2026-03-31,Titanium Credit Card,500,500,85459.94,114274.74,9199.14,2026-03-19,793.46,F,1964-08-12,Amazon Egypt,Primary,100816,,53906.05,20,,,,30DD,817
10,Suez,2024-10-23,75000,A,NORM,Normal,0,2026-03-30,Cashback Card,200,0,61702.65,12994.55,20064.12,2026-03-22,852.04,F,1964-10-28,Orascom,Secondary,100817,,0.0,17,,,,NORM,818
10,Suez,2021-04-17,200000,A,60DA,60 Days Delinquent,60,2026-03-20,Cashback Card,0,0,-1019.07,198807.77,48749.88,2026-03-08,355.0,M,1978-05-20,Edita Food Industries,Primary,100818,,32694.31,60,,,,60DA,819
10,Suez,2021-04-17,200000,A,NORM,Normal,0,2026-03-31,Titanium Credit Card,0,0,115676.97,83876.8,1555.79,2026-03-14,787.51,M,1978-05-20,Edita Food Industries,Primary,100818,,0.0,60,,,,NORM,819
10,Suez,2021-08-10,20000,A,NORM,Normal,0,2026-03-27,Travel Rewards Card,200,1000,930.43,18792.36,4671.04,2026-03-03,419.33,M,1995-09-03,Government,Primary,100820,,0.0,56,,,,NORM,821
10,Suez,2018-11-03,200000,A,90DA,90 Days Delinquent,90,2026-03-19,Cashback Card,500,300,24979.81,174594.53,53515.19,2026-03-28,349.73,F,1999-08-16,El Sewedy Electric,Primary,100821,,113173.55,90,,,,90DA,822
1,Cairo Main,2022-09-22,10000,A,NORM,Normal,0,2026-03-27,Platinum Credit Card,200,1000,219.34,9298.2,275.79,2026-03-23,993.61,F,1972-04-23,Elsewedy Capital,Primary,100822,,0.0,42,,,,NORM,823
10,Suez,2023-03-07,30000,A,90DA,90 Days Delinquent,90,2026-03-24,Travel Rewards Card,0,1000,2941.81,26957.41,2092.71,2026-03-16,359.8,M,1960-03-17,Edita Food Industries,Primary,100823,,11884.77,37,,,,90DA,824
7,Luxor,2023-01-05,10000,A,NORM,Normal,0,2026-03-31,Titanium Credit Card,500,500,-691.5,9144.41,1118.87,2026-03-07,356.24,F,1988-07-27,Edita Food Industries,Primary,100828,,0.0,39,,,,NORM,829
2,Giza,2021-04-28,10000,A,NORM,Normal,0,2026-03-23,Titanium Credit Card,100,0,9230.63,629.91,1575.81,2026-03-07,1422.93,M,1971-11-01,Self Employed,Primary,100829,,0.0,59,,,,NORM,830
2,Giza,2020-06-15,50000,A,NORM,Normal,0,2026-03-17,Business Credit Card,100,500,20415.03,29460.33,11289.14,2026-03-03,118.47,M,1965-10-31,National Bank of Egypt,Primary,100831,,0.0,70,,,,NORM,832
5,Tanta,2024-10-24,100000,A,NORM,Normal,0,2026-03-30,Gold Credit Card,0,150,-9315.01,90187.23,17881.72,2026-03-17,744.75,M,1983-10-03,Elsewedy Capital,Primary,100835,,0.0,17,,,,NORM,836
5,Tanta,2018-09-27,150000,A,30DD,30 Days Delinquent,30,2026-03-25,Titanium Credit Card,500,500,-3264.2,146511.23,12148.06,2026-03-12,1080.62,F,1970-09-16,CIB,Primary,100836,,49139.35,91,,,,30DD,837
4,Mansoura,2020-04-13,50000,A,NORM,Normal,0,2026-03-25,World Elite Card,0,0,28492.34,21015.36,6565.06,2026-03-08,1087.46,M,1967-09-03,Government,Secondary,100837,,0.0,72,,,,NORM,838
5,Tanta,2020-09-04,15000,A,NORM,Normal,0,2026-03-24,Gold Credit Card,100,150,10989.29,3788.02,3020.15,2026-03-13,791.38,F,1998-03-30,Freelancer,Primary,100838,,0.0,67,,,,NORM,839
7,Luxor,2018-03-27,15000,A,NORM,Normal,0,2026-04-01,Gold Credit Card,0,1000,4268.36,10577.35,1978.3,2026-03-16,31.03,F,1974-12-26,Self Employed,Primary,100839,,0.0,97,,,,NORM,840
7,Luxor,2018-03-27,15000,A,NORM,Normal,0,2026-03-27,Cashback Card,0,1000,9895.8,4770.63,3505.75,2026-03-31,1129.3,F,1974-12-26,Self Employed,Primary,100839,,0.0,97,,,,NORM,840
6,Assiut,2023-07-03,50000,A,30DD,30 Days Delinquent,30,2026-03-25,World Elite Card,200,300,24050.01,25867.0,7294.92,2026-03-20,928.99,F,1980-04-20,Vodafone Egypt,Secondary,100841,,10548.03,33,,,,30DD,842
6,Assiut,2023-07-03,50000,A,NORM,Normal,0,2026-03-17,Titanium Credit Card,200,300,35519.8,14289.54,6241.39,2026-03-03,121.71,F,1980-04-20,Vodafone Egypt,Secondary,100841,,0.0,33,,,,NORM,842
10,Suez,2022-10-31,50000,A,90DA,90 Days Delinquent,90,2026-03-25,Gold Credit Card,100,500,31590.5,17910.05,8854.24,2026-03-21,51.12,M,1993-03-28,Talaat Moustafa Group,Secondary,100843,,29681.65,41,,,,90DA,844
9,Ismailia,2020-12-22,50000,A,NORM,Normal,0,2026-03-31,Travel Rewards Card,500,300,5791.99,44150.97,2854.69,2026-03-10,460.73,F,1967-11-06,El Sewedy Electric,Primary,100844,,0.0,64,,,,NORM,845
9,Ismailia,2020-12-22,50000,A,NORM,Normal,0,2026-03-17,World Elite Card,500,300,-948.36,48818.38,11609.36,2026-03-25,1144.47,F,1967-11-06,El Sewedy Electric,Primary,100844,,0.0,64,,,,NORM,845
10,Suez,2022-11-11,100000,A,60DA,60 Days Delinquent,60,2026-04-01,Cashback Card,200,0,-7114.44,92836.8,4113.79,2026-03-30,573.59,M,1965-07-07,Self Employed,Secondary,100845,,32537.91,41,,,,60DA,846
1,Cairo Main,2021-03-05,200000,A,NORM,Normal,0,2026-03-17,Business Credit Card,200,0,125482.25,74454.26,25895.94,2026-03-23,487.67,F,1969-09-30,IBM Egypt,Primary,100847,,0.0,61,,,,NORM,848
5,Tanta,2021-12-05,30000,A,NORM,Normal,0,2026-03-28,Platinum Credit Card,200,150,21864.22,7975.15,6909.94,2026-03-21,1151.07,M,1966-03-06,Amazon Egypt,Primary,100848,,0.0,52,,,,NORM,849
5,Tanta,2021-12-05,30000,A,30DD,30 Days Delinquent,30,2026-03-29,Classic Credit Card,200,150,7561.59,21992.86,8236.74,2026-03-17,258.77,M,1966-03-06,Amazon Egypt,Primary,100848,,7230.32,52,,,,30DD,849
3,Alexandria,2022-11-21,50000,A,60DA,60 Days Delinquent,60,2026-04-01,Platinum Credit Card,100,300,26780.3,22796.15,14629.55,2026-03-21,1840.79,M,1985-04-18,Amazon Egypt,Primary,100850,,9756.4,40,,,,60DA,851
3,Alexandria,2022-11-21,50000,A,NEW,New,0,2026-03-19,Cashback Card,100,300,24839.44,24783.8,11844.39,2026-03-04,1079.21,M,1985-04-18,Amazon Egypt,Primary,100850,,0.0,40,,,,NEW,851
6,Assiut,2021-12-21,75000,A,90DA,90 Days Delinquent,90,2026-03-31,Travel Rewards Card,500,0,34917.06,40043.22,5929.65,2026-03-26,1939.47,M,1981-01-03,Amazon Egypt,Primary,100852,,32946.97,52,,,,90DA,853
5,Tanta,2020-09-20,200000,A,NORM,Normal,0,2026-03-21,Platinum Credit Card,200,0,174574.91,25107.17,54251.04,2026-03-03,1846.48,F,1995-04-15,Banque Misr,Primary,100853,,0.0,67,,,,NORM,854
9,Ismailia,2018-08-11,10000,A,60DA,60 Days Delinquent,60,2026-03-31,Gold Credit Card,200,1000,3408.19,6193.03,1691.93,2026-03-26,234.09,M,1980-08-23,Juhayna,Primary,100854,,2043.34,93,,,,60DA,855
2,Giza,2024-07-22,150000,A,NORM,Normal,0,2026-03-25,Classic Credit Card,100,1000,63500.28,86341.74,33134.5,2026-03-10,70.87,M,1993-03-19,Ministry of Health,Primary,100855,,0.0,20,,,,NORM,856
4,Mansoura,2019-09-26,30000,A,NORM,Normal,0,2026-03-30,Classic Credit Card,500,1000,16818.12,13155.8,5670.71,2026-03-31,1685.81,M,1990-04-23,CIB,Primary,100856,,0.0,79,,,,NORM,857
7,Luxor,2020-01-24,20000,A,NORM,Normal,0,2026-03-18,World Elite Card,500,1000,4150.66,15643.17,5095.53,2026-03-23,770.09,M,1981-09-12,Amazon Egypt,Primary,100858,,0.0,75,,,,NORM,859
3,Alexandria,2020-09-12,15000,A,NEW,New,0,2026-03-22,Titanium Credit Card,500,500,8028.93,6541.23,1783.42,2026-03-27,886.97,F,1996-09-19,Juhayna,Primary,100859,,0.0,67,,,,NEW,860
6,Assiut,2021-02-01,75000,A,NORM,Normal,0,2026-03-22,Gold Credit Card,500,500,68587.41,6147.42,15675.31,2026-03-12,1476.96,F,1989-12-13,Banque Misr,Primary,100860,,0.0,62,,,,NORM,861
10,Suez,2018-02-15,200000,A,NORM,Normal,0,2026-03-20,Business Credit Card,0,300,86499.98,113414.7,53547.08,2026-03-06,705.81,M,1977-06-20,Freelancer,Secondary,100861,,0.0,98,,,,NORM,862
1,Cairo Main,2022-01-05,150000,A,60DA,60 Days Delinquent,60,2026-04-01,Titanium Credit Card,500,1000,43726.34,105995.22,25476.49,2026-03-12,616.55,M,1967-02-06,Orascom,Primary,100862,,11016.4,51,,,,60DA,863
1,Cairo Main,2022-01-05,150000,A,NORM,Normal,0,2026-03-30,Platinum Credit Card,500,1000,133063.12,16717.28,37718.15,2026-03-04,1551.77,M,1967-02-06,Orascom,Primary,100862,,0.0,51,,,,NORM,863
6,Assiut,2019-07-28,30000,A,NORM,Normal,0,2026-03-17,World Elite Card,0,500,16906.54,12751.58,4329.24,2026-03-06,1713.51,F,1980-08-11,Self Employed,Primary,100863,,0.0,81,,,,NORM,864
9,Ismailia,2023-11-23,30000,A,90DA,90 Days Delinquent,90,2026-03-18,Cashback Card,200,1000,25120.48,4491.07,2227.54,2026-03-13,804.0,F,1994-10-13,National Bank of Egypt,Primary,100864,,3235.42,28,,,,90DA,865
2,Giza,2019-03-12,100000,A,NORM,Normal,0,2026-03-24,Business Credit Card,100,0,28033.26,71485.04,2989.21,2026-03-15,1841.26,M,1989-11-03,Microsoft Egypt,Primary,100865,,0.0,85,,,,NORM,866
2,Giza,2019-03-12,100000,A,NORM,Normal,0,2026-03-27,Platinum Credit Card,100,0,52340.01,47518.56,22832.4,2026-03-11,502.59,M,1989-11-03,Microsoft Egypt,Primary,100865,,0.0,85,,,,NORM,866
2,Giza,2019-03-12,100000,A,NORM,Normal,0,2026-03-30,Gold Credit Card,100,0,88854.78,10874.1,5556.61,2026-03-03,1733.62,M,1989-11-03,Microsoft Egypt,Primary,100865,,0.0,85,,,,NORM,866
3,Alexandria,2024-06-08,150000,A,90DA,90 Days Delinquent,90,2026-03-30,World Elite Card,500,500,113680.77,36240.67,33667.48,2026-03-21,1435.17,F,1988-08-04,Elsewedy Capital,Primary,100867,,52255.74,22,,,,90DA,868
9,Ismailia,2020-02-27,10000,A,NORM,Normal,0,2026-03-23,Gold Credit Card,100,0,7761.44,1752.86,2728.47,2026-03-13,40.03,M,1996-04-10,Vodafone Egypt,Primary,100868,,0.0,74,,,,NORM,869
9,Ismailia,2018-10-22,50000,A,NORM,Normal,0,2026-03-24,Business Credit Card,100,150,29678.85,20128.91,12761.03,2026-03-04,1794.08,F,1998-10-11,Government,Primary,100869,,0.0,90,,,,NORM,870
3,Alexandria,2018-10-03,100000,A,NORM,Normal,0,2026-03-17,Travel Rewards Card,0,1000,91901.09,7808.89,19330.82,2026-03-22,1120.3,M,1995-12-16,Banque Misr,Primary,100870,,0.0,91,,,,NORM,871
2,Giza,2020-08-02,5000,A,60DA,60 Days Delinquent,60,2026-03-17,Cashback Card,0,150,2002.1,2875.95,957.9,2026-03-06,836.12,F,1982-05-15,Talaat Moustafa Group,Primary,100871,,1493.24,68,,,,60DA,872
3,Alexandria,2018-11-03,150000,A,NORM,Normal,0,2026-03-22,World Elite Card,500,1000,75116.64,74420.74,20374.4,2026-03-30,496.46,M,1972-12-02,Ministry of Health,Primary,100872,,0.0,90,,,,NORM,873
4,Mansoura,2018-10-26,200000,A,NEW,New,0,2026-03-19,Classic Credit Card,500,1000,73737.06,126042.17,48403.88,2026-03-18,1388.4,M,1982-02-20,Ministry of Health,Primary,100874,,0.0,90,,,,NEW,875
4,Mansoura,2018-10-26,200000,A,NORM,Normal,0,2026-03-26,Platinum Credit Card,500,1000,-7951.93,191742.76,35299.65,2026-03-12,1788.26,M,1982-02-20,Ministry of Health,Primary,100874,,0.0,90,,,,NORM,875
4,Mansoura,2018-10-26,200000,A,NORM,Normal,0,2026-03-26,Business Credit Card,500,1000,156106.78,43830.13,34611.95,2026-03-11,226.45,M,1982-02-20,Ministry of Health,Primary,100874,,0.0,90,,,,NORM,875
1,Cairo Main,2018-05-26,100000,A,NORM,Normal,0,2026-03-21,Cashback Card,500,500,50833.93,48743.34,25404.96,2026-03-15,840.92,F,1964-08-31,Elsewedy Capital,Primary,100875,,0.0,95,,,,NORM,876
5,Tanta,2020-04-23,100000,A,NORM,Normal,0,2026-03-23,Cashback Card,100,500,-1017.06,98798.68,8462.96,2026-03-12,71.56,F,1984-05-21,IBM Egypt,Primary,100880,,0.0,72,,,,NORM,881
6,Assiut,2020-12-11,200000,A,NORM,Normal,0,2026-03-22,Classic Credit Card,200,1000,111255.78,88396.46,8574.62,2026-03-19,1344.5,F,1997-02-23,Amazon Egypt,Primary,100885,,0.0,64,,,,NORM,886
1,Cairo Main,2021-06-11,200000,A,NORM,Normal,0,2026-03-27,World Elite Card,100,500,77583.61,122075.72,18373.92,2026-03-14,1282.85,F,1965-07-29,Vodafone Egypt,Primary,100888,,0.0,58,,,,NORM,889
9,Ismailia,2022-12-09,200000,A,NORM,Normal,0,2026-03-29,Titanium Credit Card,0,300,83104.23,116685.73,17275.6,2026-03-29,779.18,F,1998-08-08,Vodafone Egypt,Primary,100891,,0.0,40,,,,NORM,892
7,Luxor,2022-10-13,30000,A,NORM,Normal,0,2026-03-21,Cashback Card,200,300,2541.86,27440.1,3493.77,2026-03-29,854.18,F,1963-03-15,IBM Egypt,Primary,100893,,0.0,42,,,,NORM,894
1,Cairo Main,2022-02-17,5000,A,NORM,Normal,0,2026-03-17,Platinum Credit Card,0,0,-174.61,4512.95,212.89,2026-03-30,1339.78,M,1967-03-11,Edita Food Industries,Primary,100894,,0.0,50,,,,NORM,895
6,Assiut,2022-04-01,200000,A,NORM,Normal,0,2026-04-01,Platinum Credit Card,500,0,-6704.44,193187.68,50998.05,2026-03-22,282.84,M,1969-08-21,Elsewedy Capital,Primary,100895,,0.0,48,,,,NORM,896
7,Luxor,2019-05-12,150000,A,NORM,Normal,0,2026-03-21,Cashback Card,500,300,29321.55,120402.35,4062.91,2026-03-19,1815.25,F,1984-03-05,El Sewedy Electric,Secondary,100896,,0.0,83,,,,NORM,897
6,Assiut,2022-01-22,20000,A,30DD,30 Days Delinquent,30,2026-03-24,Gold Credit Card,100,500,477.66,19175.21,1803.16,2026-03-03,78.85,F,1970-11-26,IBM Egypt,Primary,100897,,7082.18,51,,,,30DD,898
2,Giza,2023-06-07,200000,A,NORM,Normal,0,2026-03-29,Travel Rewards Card,100,1000,2465.55,197456.61,27728.85,2026-03-12,526.34,M,1976-04-01,Ministry of Health,Primary,100898,,0.0,34,,,,NORM,899
4,Mansoura,2023-02-03,5000,A,NORM,Normal,0,2026-03-20,Travel Rewards Card,200,1000,3771.41,853.92,89.34,2026-03-20,1967.73,F,1968-01-26,CIB,Primary,100900,,0.0,38,,,,NORM,901
1,Cairo Main,2019-11-15,10000,A,60DA,60 Days Delinquent,60,2026-03-26,Travel Rewards Card,500,300,5786.19,4086.91,2842.34,2026-03-22,1115.25,M,1990-12-14,Microsoft Egypt,Primary,100901,,1692.64,77,,,,60DA,902
2,Giza,2021-10-10,200000,A,NORM,Normal,0,2026-03-23,Gold Credit Card,0,0,81150.95,118408.78,40556.14,2026-03-03,1773.23,F,1975-02-09,Freelancer,Secondary,100902,,0.0,54,,,,NORM,903
5,Tanta,2023-05-09,15000,A,NEW,New,0,2026-03-23,Gold Credit Card,0,1000,3223.58,11655.25,3237.78,2026-03-24,1255.62,F,1993-12-26,Freelancer,Primary,100903,,0.0,35,,,,NEW,904
5,Tanta,2023-05-09,15000,A,30DD,30 Days Delinquent,30,2026-03-18,Business Credit Card,0,1000,3610.93,11021.51,4415.09,2026-03-26,949.8,F,1993-12-26,Freelancer,Primary,100903,,582.69,35,,,,30DD,904
9,Ismailia,2024-08-05,30000,A,NORM,Normal,0,2026-03-30,Gold Credit Card,500,300,21976.03,7526.25,5179.09,2026-03-05,802.06,M,1992-05-29,Cairo University,Primary,100904,,0.0,20,,,,NORM,905
9,Ismailia,2024-08-05,30000,A,NORM,Normal,0,2026-03-18,Business Credit Card,500,300,26886.88,2948.12,1780.81,2026-03-18,1234.78,M,1992-05-29,Cairo University,Primary,100904,,0.0,20,,,,NORM,905
9,Ismailia,2024-08-05,30000,A,NORM,Normal,0,2026-03-25,Platinum Credit Card,500,300,24150.32,5522.36,2747.09,2026-03-07,1381.95,M,1992-05-29,Cairo University,Primary,100904,,0.0,20,,,,NORM,905
9,Ismailia,2022-10-14,30000,A,NORM,Normal,0,2026-03-25,Cashback Card,100,150,27056.33,2584.32,6860.67,2026-03-16,1467.6,M,1997-11-11,El Sewedy Electric,Primary,100905,,0.0,42,,,,NORM,906
5,Tanta,2019-03-11,20000,A,NORM,Normal,0,2026-03-20,Platinum Credit Card,0,150,8634.93,11125.01,2987.18,2026-03-14,1838.65,M,1987-03-11,Vodafone Egypt,Primary,100907,,0.0,85,,,,NORM,908
9,Ismailia,2020-03-10,5000,A,NORM,Normal,0,2026-03-27,Classic Credit Card,200,150,1046.46,3731.98,1057.44,2026-03-04,1193.62,F,1995-11-03,Cairo University,Primary,100908,,0.0,73,,,,NORM,909
3,Alexandria,2023-02-02,30000,A,NORM,Normal,0,2026-04-01,Titanium Credit Card,500,300,-659.28,29083.82,1266.53,2026-03-22,527.75,M,1997-04-11,Banque Misr,Secondary,100909,,0.0,38,,,,NORM,910
3,Alexandria,2023-02-02,30000,A,90DA,90 Days Delinquent,90,2026-03-24,Travel Rewards Card,500,300,-2749.53,26847.63,1211.86,2026-03-07,498.7,M,1997-04-11,Banque Misr,Secondary,100909,,10418.63,38,,,,90DA,910
2,Giza,2020-06-30,10000,A,90DA,90 Days Delinquent,90,2026-03-29,Cashback Card,200,500,3792.1,5713.71,1093.24,2026-03-15,582.21,M,1993-05-21,Edita Food Industries,Secondary,100910,,1490.18,70,,,,90DA,911
2,Giza,2023-11-06,50000,A,NORM,Normal,0,2026-03-21,Classic Credit Card,0,150,37019.11,12821.96,1184.21,2026-03-25,418.05,M,1991-08-18,Cairo University,Primary,100911,,0.0,29,,,,NORM,912
5,Tanta,2019-09-13,100000,A,NORM,Normal,0,2026-03-23,Business Credit Card,100,150,-1656.7,97902.17,21578.28,2026-03-15,738.76,M,1981-02-01,Government,Secondary,100912,,0.0,79,,,,NORM,913
5,Tanta,2019-09-13,100000,A,NORM,Normal,0,2026-03-31,Platinum Credit Card,100,150,13651.05,85911.31,24378.37,2026-03-16,1388.81,M,1981-02-01,Government,Secondary,100912,,0.0,79,,,,NORM,913
6,Assiut,2023-12-13,15000,A,NORM,Normal,0,2026-04-01,Titanium Credit Card,500,500,5033.93,9952.19,2248.51,2026-03-24,369.77,F,1981-09-20,Military,Primary,100914,,0.0,28,,,,NORM,915
6,Assiut,2023-12-13,15000,A,NORM,Normal,0,2026-03-26,Platinum Credit Card,500,500,13198.52,1302.37,3824.8,2026-03-17,906.29,F,1981-09-20,Military,Primary,100914,,0.0,28,,,,NORM,915
2,Giza,2019-04-06,30000,A,NORM,Normal,0,2026-04-01,Business Credit Card,200,150,15760.29,13834.07,5930.69,2026-03-29,195.41,F,1969-10-26,CIB,Primary,100915,,0.0,85,,,,NORM,916
4,Mansoura,2022-08-03,5000,A,NORM,Normal,0,2026-03-31,Cashback Card,200,300,917.1,3736.67,639.53,2026-03-19,342.14,F,1999-11-30,Microsoft Egypt,Secondary,100917,,0.0,44,,,,NORM,918
5,Tanta,2021-01-04,100000,A,60DA,60 Days Delinquent,60,2026-03-31,Cashback Card,0,300,79793.12,19718.96,10241.74,2026-03-08,1669.08,F,1962-06-14,Amazon Egypt,Primary,100918,,16615.31,63,,,,60DA,919
4,Mansoura,2019-03-28,200000,A,NORM,Normal,0,2026-03-29,Platinum Credit Card,0,0,167778.86,31847.96,55363.44,2026-03-09,1144.35,F,1994-12-20,National Bank of Egypt,Primary,100919,,0.0,85,,,,NORM,920
9,Ismailia,2018-07-21,150000,A,NORM,Normal,0,2026-03-19,Titanium Credit Card,100,1000,137303.48,12249.39,41445.05,2026-03-11,116.24,F,1962-11-05,Elsewedy Capital,Primary,100920,,0.0,93,,,,NORM,921
3,Alexandria,2021-05-19,5000,A,NEW,New,0,2026-04-01,Titanium Credit Card,0,300,4177.49,634.5,475.24,2026-03-20,1674.79,M,1972-09-12,Microsoft Egypt,Primary,100922,,0.0,59,,,,NEW,923
2,Giza,2018-10-30,150000,A,NORM,Normal,0,2026-03-24,Travel Rewards Card,0,1000,33764.41,115803.13,34070.48,2026-03-19,1325.85,M,1963-06-07,CIB,Primary,100923,,0.0,90,,,,NORM,924
2,Giza,2018-10-30,150000,A,90DA,90 Days Delinquent,90,2026-03-24,Classic Credit Card,0,1000,50367.4,99577.79,22141.19,2026-03-04,1759.62,M,1963-06-07,CIB,Primary,100923,,65737.32,90,,,,90DA,924
7,Luxor,2022-10-26,10000,A,NORM,Normal,0,2026-03-22,Travel Rewards Card,200,500,4841.55,4684.82,1702.57,2026-03-10,708.24,F,1973-01-23,Ministry of Health,Primary,100925,,0.0,41,,,,NORM,926
8,Zagazig,2022-06-01,50000,A,NORM,Normal,0,2026-03-22,Gold Credit Card,100,1000,24224.54,25574.71,11070.25,2026-03-19,1775.17,M,1992-08-20,Microsoft Egypt,Primary,100926,,0.0,46,,,,NORM,927
8,Zagazig,2022-06-01,50000,A,NORM,Normal,0,2026-03-28,Titanium Credit Card,100,1000,33541.4,16412.9,4484.98,2026-03-23,1248.26,M,1992-08-20,Microsoft Egypt,Primary,100926,,0.0,46,,,,NORM,927
4,Mansoura,2019-08-02,75000,A,NORM,Normal,0,2026-03-25,Business Credit Card,100,0,19790.7,55187.49,7389.14,2026-03-28,876.51,F,1963-10-06,Talaat Moustafa Group,Primary,100928,,0.0,81,,,,NORM,929
1,Cairo Main,2024-05-04,200000,A,NEW,New,0,2026-03-24,Classic Credit Card,200,150,67160.7,132453.85,10606.75,2026-03-15,1755.53,F,1974-06-02,Ministry of Health,Primary,100929,,0.0,23,,,,NEW,930
3,Alexandria,2024-02-19,75000,A,NORM,Normal,0,2026-03-17,World Elite Card,0,500,34621.39,39927.77,4949.17,2026-03-20,308.32,F,1993-08-06,Talaat Moustafa Group,Primary,100932,,0.0,25,,,,NORM,933
3,Alexandria,2023-04-25,5000,A,NORM,Normal,0,2026-04-01,Platinum Credit Card,100,500,137.87,4632.64,125.31,2026-03-30,1593.07,M,1983-07-10,Vodafone Egypt,Primary,100934,,0.0,35,,,,NORM,935
2,Giza,2023-02-22,50000,A,NORM,Normal,0,2026-03-29,Business Credit Card,100,0,-782.79,48801.35,6857.32,2026-03-07,1420.72,F,1984-02-14,Ministry of Health,Secondary,100935,,0.0,37,,,,NORM,936
4,Mansoura,2021-03-10,75000,A,NEW,New,0,2026-03-24,World Elite Card,200,1000,-7030.13,67520.31,20533.26,2026-03-14,358.04,F,1972-04-25,Talaat Moustafa Group,Primary,100936,,0.0,61,,,,NEW,937
10,Suez,2019-02-26,20000,A,NORM,Normal,0,2026-03-19,World Elite Card,0,150,5722.19,14049.53,615.88,2026-03-11,1841.95,F,1966-11-02,Edita Food Industries,Primary,100937,,0.0,86,,,,NORM,938
5,Tanta,2024-11-27,100000,A,NORM,Normal,0,2026-03-27,Classic Credit Card,100,150,-5197.22,94588.85,3936.81,2026-03-29,1596.76,M,1996-03-18,Military,Primary,100938,,0.0,16,,,,NORM,939
1,Cairo Main,2018-11-15,5000,A,NORM,Normal,0,2026-03-26,Business Credit Card,500,500,3488.55,1361.75,1296.2,2026-03-23,21.35,F,1974-07-03,Juhayna,Primary,100939,,0.0,89,,,,NORM,940
9,Ismailia,2022-03-26,75000,A,60DA,60 Days Delinquent,60,2026-03-21,Cashback Card,200,1000,55149.61,19795.02,21421.23,2026-03-08,1244.32,M,1977-08-21,Military,Secondary,100940,,7550.59,48,,,,60DA,941
9,Ismailia,2022-03-26,75000,A,NEW,New,0,2026-03-31,Platinum Credit Card,200,1000,7956.97,66566.16,10437.01,2026-03-23,1790.61,M,1977-08-21,Military,Secondary,100940,,0.0,48,,,,NEW,941
3,Alexandria,2022-11-26,150000,A,60DA,60 Days Delinquent,60,2026-03-24,World Elite Card,0,1000,1105.65,148550.86,26685.39,2026-03-06,1616.27,F,1997-09-03,IBM Egypt,Primary,100941,,4522.03,40,,,,60DA,942
6,Assiut,2022-10-04,20000,A,90DA,90 Days Delinquent,90,2026-04-01,Titanium Credit Card,500,300,11189.05,8424.32,5084.2,2026-03-04,181.21,M,1992-09-04,Vodafone Egypt,Primary,100942,,7295.32,42,,,,90DA,943
4,Mansoura,2024-07-29,30000,A,60DA,60 Days Delinquent,60,2026-03-19,Cashback Card,200,1000,2202.92,27419.41,547.45,2026-03-25,192.07,M,1960-04-01,Military,Primary,100943,,14457.95,20,,,,60DA,944
7,Luxor,2020-11-02,30000,A,NORM,Normal,0,2026-03-31,Classic Credit Card,500,1000,14619.61,15361.24,3219.09,2026-03-05,1584.25,F,1961-12-20,Self Employed,Primary,100944,,0.0,65,,,,NORM,945
1,Cairo Main,2018-04-29,200000,A,NORM,Normal,0,2026-03-29,Cashback Card,100,150,169321.0,30215.46,37143.3,2026-03-03,636.08,M,1976-07-29,Amazon Egypt,Secondary,100945,,0.0,96,,,,NORM,946
8,Zagazig,2018-09-13,50000,A,NORM,Normal,0,2026-03-28,World Elite Card,100,1000,42198.06,7425.3,6533.89,2026-03-18,1965.13,M,1988-08-05,Edita Food Industries,Secondary,100946,,0.0,91,,,,NORM,947
10,Suez,2022-02-09,150000,A,NORM,Normal,0,2026-03-26,Travel Rewards Card,500,0,111818.69,38007.7,38684.33,2026-03-02,771.52,M,1992-05-23,El Sewedy Electric,Secondary,100947,,0.0,50,,,,NORM,948
6,Assiut,2024-05-16,10000,A,NORM,Normal,0,2026-03-21,Business Credit Card,0,0,-363.56,9562.35,978.68,2026-03-23,92.0,M,1980-11-30,Orascom,Primary,100949,,0.0,22,,,,NORM,950
10,Suez,2018-03-24,15000,A,NEW,New,0,2026-03-18,Titanium Credit Card,200,500,13387.49,1602.7,2765.0,2026-03-31,1118.3,M,1988-02-09,Elsewedy Capital,Primary,100950,,0.0,97,,,,NEW,951
5,Tanta,2022-12-06,30000,A,60DA,60 Days Delinquent,60,2026-03-25,Cashback Card,200,300,10766.05,19072.64,2584.77,2026-03-24,1909.31,F,1971-08-20,Orascom,Primary,100952,,5625.28,40,,,,60DA,953
3,Alexandria,2024-05-18,20000,A,NEW,New,0,2026-03-20,Platinum Credit Card,200,150,12622.57,6901.56,2978.99,2026-03-30,551.84,F,1984-02-17,Government,Primary,100953,,0.0,22,,,,NEW,954
9,Ismailia,2020-05-13,30000,A,30DD,30 Days Delinquent,30,2026-03-31,World Elite Card,0,0,-1395.43,28189.4,4990.06,2026-03-24,525.61,M,1994-09-10,Self Employed,Primary,100954,,6010.42,71,,,,30DD,955
6,Assiut,2022-03-28,200000,A,NORM,Normal,0,2026-03-18,Cashback Card,200,0,82600.41,117134.71,1416.05,2026-03-04,850.91,M,1985-04-15,Amazon Egypt,Primary,100955,,0.0,48,,,,NORM,956
6,Assiut,2022-03-28,200000,A,NORM,Normal,0,2026-03-22,Business Credit Card,200,0,189535.36,10462.45,56643.0,2026-03-30,1842.26,M,1985-04-15,Amazon Egypt,Primary,100955,,0.0,48,,,,NORM,956
3,Alexandria,2021-06-08,15000,A,NORM,Normal,0,2026-03-23,Platinum Credit Card,0,500,1803.58,12925.36,3486.59,2026-03-14,359.9,F,1976-01-22,Cairo University,Primary,100956,,0.0,58,,,,NORM,957
8,Zagazig,2020-09-24,30000,A,NORM,Normal,0,2026-04-01,Cashback Card,500,300,9058.48,20686.26,4512.36,2026-03-06,888.82,M,1997-05-31,Elsewedy Capital,Primary,100957,,0.0,67,,,,NORM,958
8,Zagazig,2020-09-24,30000,A,NORM,Normal,0,2026-03-21,Titanium Credit Card,500,300,4046.42,25947.01,6241.21,2026-03-14,145.93,M,1997-05-31,Elsewedy Capital,Primary,100957,,0.0,67,,,,NORM,958
10,Suez,2019-07-26,15000,A,NORM,Normal,0,2026-04-01,Classic Credit Card,0,300,6534.78,8128.98,4411.33,2026-03-20,1439.11,M,1993-09-22,IBM Egypt,Primary,100959,,0.0,81,,,,NORM,960
1,Cairo Main,2019-08-28,20000,A,NORM,Normal,0,2026-03-24,World Elite Card,0,150,18651.11,1037.71,4149.76,2026-03-03,175.59,M,1989-07-17,El Sewedy Electric,Primary,100960,,0.0,80,,,,NORM,961
1,Cairo Main,2019-08-28,20000,A,NORM,Normal,0,2026-04-01,Platinum Credit Card,0,150,13721.81,5867.33,610.97,2026-03-31,985.23,M,1989-07-17,El Sewedy Electric,Primary,100960,,0.0,80,,,,NORM,961
9,Ismailia,2022-03-13,5000,A,30DD,30 Days Delinquent,30,2026-03-26,Cashback Card,0,500,-281.0,4581.58,101.62,2026-03-18,432.54,F,1997-12-07,El Sewedy Electric,Secondary,100961,,2943.54,49,,,,30DD,962
6,Assiut,2024-07-30,5000,A,NORM,Normal,0,2026-03-21,Platinum Credit Card,100,300,2711.7,2267.28,1403.51,2026-03-10,356.33,F,1981-11-26,Edita Food Industries,Primary,100963,,0.0,20,,,,NORM,964
10,Suez,2022-06-19,10000,A,NORM,Normal,0,2026-03-19,Platinum Credit Card,500,150,-491.41,9019.21,1100.9,2026-03-25,1622.4,M,1993-09-19,El Sewedy Electric,Primary,100964,,0.0,46,,,,NORM,965
7,Luxor,2020-01-07,75000,A,NORM,Normal,0,2026-03-17,World Elite Card,500,500,4211.07,70374.21,19072.26,2026-03-25,410.37,M,1989-05-03,Talaat Moustafa Group,Secondary,100965,,0.0,75,,,,NORM,966
9,Ismailia,2023-02-06,5000,A,NORM,Normal,0,2026-03-19,Travel Rewards Card,500,0,2537.66,2027.52,646.02,2026-03-25,699.89,F,1977-03-23,Amazon Egypt,Primary,100967,,0.0,38,,,,NORM,968
8,Zagazig,2022-03-08,100000,A,90DA,90 Days Delinquent,90,2026-03-24,Cashback Card,100,500,-1176.0,98670.88,9453.52,2026-03-12,745.67,F,1982-07-09,National Bank of Egypt,Primary,100968,,44484.61,49,,,,90DA,969
8,Zagazig,2022-03-08,100000,A,NORM,Normal,0,2026-03-22,Classic Credit Card,100,500,69866.11,29949.81,22624.43,2026-03-13,1984.47,F,1982-07-09,National Bank of Egypt,Primary,100968,,0.0,49,,,,NORM,969
5,Tanta,2023-10-11,200000,A,NORM,Normal,0,2026-03-31,Titanium Credit Card,0,500,66278.8,133607.07,58543.86,2026-03-07,257.46,F,1968-11-11,Orange Egypt,Primary,100969,,0.0,30,,,,NORM,970
6,Assiut,2024-09-20,50000,A,NORM,Normal,0,2026-03-25,Cashback Card,200,0,3171.86,46415.79,3610.14,2026-03-24,207.29,F,1962-03-31,Orascom,Primary,100970,,0.0,18,,,,NORM,971
8,Zagazig,2021-05-04,5000,A,30DD,30 Days Delinquent,30,2026-03-28,Cashback Card,0,1000,-478.65,4448.76,1089.42,2026-03-10,991.32,F,1974-07-24,Elsewedy Capital,Primary,100971,,567.74,59,,,,30DD,972
3,Alexandria,2019-08-16,100000,A,NORM,Normal,0,2026-03-19,World Elite Card,200,500,-7453.66,92391.17,23243.48,2026-03-14,1857.75,M,1992-08-07,Government,Primary,100972,,0.0,80,,,,NORM,973
6,Assiut,2018-06-06,15000,A,NORM,Normal,0,2026-03-20,Gold Credit Card,500,1000,3275.6,11704.35,2248.4,2026-03-27,85.65,M,1976-09-20,Edita Food Industries,Secondary,100973,,0.0,95,,,,NORM,974
7,Luxor,2020-01-24,30000,A,NORM,Normal,0,2026-03-26,Gold Credit Card,500,0,6906.06,22727.09,5453.78,2026-03-18,826.65,M,1961-01-01,Cairo University,Primary,100974,,0.0,75,,,,NORM,975
7,Luxor,2020-01-24,30000,A,NORM,Normal,0,2026-03-28,Travel Rewards Card,500,0,3462.5,26039.72,1741.79,2026-03-30,402.49,M,1961-01-01,Cairo University,Primary,100974,,0.0,75,,,,NORM,975
7,Luxor,2021-03-13,30000,A,NORM,Normal,0,2026-03-20,Titanium Credit Card,0,500,18653.8,11165.23,4712.74,2026-03-02,277.22,M,1968-02-17,Talaat Moustafa Group,Primary,100976,,0.0,61,,,,NORM,977
2,Giza,2020-07-09,5000,A,NORM,Normal,0,2026-03-19,Titanium Credit Card,200,1000,2161.8,2525.53,1194.11,2026-03-05,1678.99,F,1969-12-05,Cairo University,Primary,100977,,0.0,69,,,,NORM,978
2,Giza,2020-07-09,5000,A,NORM,Normal,0,2026-03-30,Classic Credit Card,200,1000,2268.86,2238.54,260.8,2026-03-11,1758.72,F,1969-12-05,Cairo University,Primary,100977,,0.0,69,,,,NORM,978
9,Ismailia,2023-05-03,150000,A,NEW,New,0,2026-03-20,Cashback Card,200,300,75401.89,74592.47,17028.07,2026-03-03,1707.04,F,1977-06-14,Banque Misr,Primary,100978,,0.0,35,,,,NEW,979
9,Ismailia,2019-11-28,75000,A,NEW,New,0,2026-03-31,Classic Credit Card,0,500,64010.74,10957.61,20404.77,2026-03-16,623.16,F,1991-04-19,National Bank of Egypt,Primary,100979,,0.0,77,,,,NEW,980
1,Cairo Main,2021-03-08,150000,A,NORM,Normal,0,2026-03-18,Titanium Credit Card,100,500,55809.92,94123.0,28408.32,2026-03-28,1986.81,M,1993-09-14,CIB,Primary,100981,,0.0,61,,,,NORM,982
1,Cairo Main,2021-03-08,150000,A,NORM,Normal,0,2026-03-24,Business Credit Card,100,500,19168.64,130810.72,2802.97,2026-03-25,1117.53,M,1993-09-14,CIB,Primary,100981,,0.0,61,,,,NORM,982
10,Suez,2020-01-02,15000,A,NORM,Normal,0,2026-03-24,Travel Rewards Card,500,300,7100.58,7474.31,3982.64,2026-03-23,1816.66,M,1972-12-23,Amazon Egypt,Secondary,100982,,0.0,76,,,,NORM,983
6,Assiut,2019-03-09,50000,A,NORM,Normal,0,2026-03-28,Travel Rewards Card,100,500,36785.58,12944.83,13769.07,2026-03-17,773.78,F,1988-04-09,Freelancer,Primary,100983,,0.0,86,,,,NORM,984
3,Alexandria,2021-03-27,5000,A,NORM,Normal,0,2026-03-19,Cashback Card,500,150,636.89,4028.13,756.53,2026-03-31,1406.47,M,1977-12-11,Microsoft Egypt,Primary,100984,,0.0,61,,,,NORM,985
2,Giza,2018-04-04,200000,A,NORM,Normal,0,2026-03-26,Travel Rewards Card,100,150,114472.51,85261.89,43487.94,2026-03-31,890.26,F,1976-08-10,IBM Egypt,Primary,100986,,0.0,97,,,,NORM,987
2,Giza,2018-04-04,200000,A,NORM,Normal,0,2026-03-25,World Elite Card,100,150,184882.07,14729.96,42362.32,2026-03-05,877.63,F,1976-08-10,IBM Egypt,Primary,100986,,0.0,97,,,,NORM,987
8,Zagazig,2020-03-29,50000,A,NORM,Normal,0,2026-03-23,Gold Credit Card,0,150,33585.02,15977.73,7912.54,2026-03-31,1985.91,F,1991-12-22,Freelancer,Primary,100987,,0.0,73,,,,NORM,988
4,Mansoura,2019-12-26,100000,A,NORM,Normal,0,2026-03-29,Gold Credit Card,200,150,72584.54,27255.44,16215.37,2026-03-11,469.87,M,1995-09-28,Freelancer,Primary,100988,,0.0,76,,,,NORM,989
1,Cairo Main,2022-07-23,150000,A,NORM,Normal,0,2026-03-24,Classic Credit Card,200,1000,6660.25,143099.51,27103.0,2026-03-08,492.5,M,1990-08-05,Military,Primary,100989,,0.0,44,,,,NORM,990
8,Zagazig,2018-09-02,30000,A,30DD,30 Days Delinquent,30,2026-03-18,Classic Credit Card,500,1000,9867.83,20064.74,7424.22,2026-03-02,1041.71,F,1981-07-26,Amazon Egypt,Primary,100990,,9737.85,92,,,,30DD,991
8,Zagazig,2018-09-02,30000,A,90DA,90 Days Delinquent,90,2026-03-23,Platinum Credit Card,500,1000,9630.67,19920.89,2988.48,2026-03-17,812.56,F,1981-07-26,Amazon Egypt,Primary,100990,,13869.54,92,,,,90DA,991
5,Tanta,2024-07-02,10000,A,NORM,Normal,0,2026-03-22,Cashback Card,200,150,226.86,9465.91,1457.34,2026-03-10,1685.0,M,1993-12-31,Self Employed,Primary,100991,,0.0,21,,,,NORM,992
5,Tanta,2024-07-02,10000,A,NORM,Normal,0,2026-03-28,Titanium Credit Card,200,150,314.76,9233.76,1991.97,2026-03-22,526.12,M,1993-12-31,Self Employed,Primary,100991,,0.0,21,,,,NORM,992
2,Giza,2023-07-07,20000,A,30DD,30 Days Delinquent,30,2026-03-18,Cashback Card,500,300,6860.13,12912.66,3435.32,2026-03-30,324.03,F,1980-07-21,Talaat Moustafa Group,Primary,100992,,7516.52,33,,,,30DD,993
8,Zagazig,2021-04-22,15000,A,60DA,60 Days Delinquent,60,2026-03-20,Platinum Credit Card,200,500,6778.43,7727.06,3615.68,2026-03-05,275.65,F,1990-03-14,Elsewedy Capital,Primary,100994,,5737.26,60,,,,60DA,995
8,Zagazig,2021-04-22,15000,A,NORM,Normal,0,2026-03-27,Gold Credit Card,200,500,12378.47,2409.93,2254.47,2026-03-18,1125.99,F,1990-03-14,Elsewedy Capital,Primary,100994,,0.0,60,,,,NORM,995
6,Assiut,2022-03-14,75000,A,NORM,Normal,0,2026-03-23,Business Credit Card,100,1000,64470.86,10428.75,14666.02,2026-03-29,1664.87,F,1983-06-23,Orascom,Primary,100996,,0.0,49,,,,NORM,997
6,Assiut,2022-03-14,75000,A,30DD,30 Days Delinquent,30,2026-03-31,Cashback Card,100,1000,24820.46,49939.02,91.51,2026-03-19,104.57,F,1983-06-23,Orascom,Primary,100996,,28396.9,49,,,,30DD,997
2,Giza,2020-07-09,30000,A,NORM,Normal,0,2026-03-31,Platinum Credit Card,200,1000,22890.56,6903.14,2568.32,2026-03-19,1170.94,M,1975-05-11,El Sewedy Electric,Primary,100997,,0.0,69,,,,NORM,998
1,Cairo Main,2023-11-17,20000,A,NORM,Normal,0,2026-03-30,Cashback Card,0,500,3979.61,15628.8,3399.4,2026-03-04,12.71,M,1997-09-05,Edita Food Industries,Primary,100998,,0.0,28,,,,NORM,999
1,Cairo Main,2023-11-17,20000,A,30DD,30 Days Delinquent,30,2026-03-22,Business Credit Card,0,500,7023.48,12798.71,5238.04,2026-03-22,1885.54,M,1997-09-05,Edita Food Industries,Primary,100998,,8159.08,28,,,,30DD,999
9,Ismailia,2024-01-12,10000,A,NORM,Normal,0,2026-03-27,Titanium Credit Card,100,150,6719.53,3035.01,894.35,2026-03-07,1608.79,F,1997-12-22,Orascom,Primary,100999,,0.0,27,,,,NORM,1000
9,Ismailia,2024-01-12,10000,A,NORM,Normal,0,2026-03-18,World Elite Card,100,150,5790.45,4119.1,2142.25,2026-03-21,1373.04,F,1997-12-22,Orascom,Primary,100999,,0.0,27,,,,NORM,1000
