BRANCH_ID,BRANCH_NAME,CREATION_DATE,CREDIT_LIMIT,ACTIVATED,STATUS,STATUS_NAME,DELINQUENCY,LAST_STATEMENT_DATE,PRODUCT_NAME,JOINING_FEE,ANNUAL_FEE,LEDGER_BALANCE,AVAILABLE_LIMIT,LAST_PAYMENT_AMOUNT,LAST_PAYMENT_DATE,TOTAL_HOLD,GENDER,DOB,ORGANIZATION,CUSTOMER_TYPE,RIMNO,CLOSURE_DATE,OVERDUEAMOUNT,NO_OF_CYCLES,FIRST_REPLACED_CARD,SECOND_REPLACED_CARD,THIRD_REPLACED_CARD,Card account status ,CUSTOMER_ID
4,Mansoura,2024-10-01,5000,A,30DD,30 Days Delinquent,30,2026-03-23,Cashback Card,500,150,1531.24,3414.89,1290.27,2026-03-30,718.62,F,1982-09-01,Ministry of Health,Primary,100001,,2407.03,18,,,,30DD,2
7,Luxor,2021-02-12,15000,A,NORM,Normal,0,2026-03-19,Gold Credit Card,0,300,-97.4,14832.11,220.29,2026-03-25,11.77,F,1975-04-06,El Sewedy Electric,Primary,100002,,0.0,62,,,,NORM,3
7,Luxor,2021-02-12,15000,A,NORM,Normal,0,2026-04-01,Cashback Card,0,300,10879.87,3732.14,4236.41,2026-03-03,506.35,F,1975-04-06,El Sewedy Electric,Primary,100002,,0.0,62,,,,NORM,3
9,Ismailia,2022-03-31,10000,A,NORM,Normal,0,2026-03-22,Cashback Card,200,1000,7446.64,2277.45,708.26,2026-03-18,527.22,M,1965-08-07,Ministry of Health,Primary,100003,,0.0,48,,,,NORM,4
5,Tanta,2020-08-11,10000,A,30DD,30 Days Delinquent,30,2026-03-22,Cashback Card,200,150,2700.17,6889.72,2040.31,2026-03-04,1657.27,F,1963-07-31,Microsoft Egypt,Primary,100004,,563.55,68,,,,30DD,5
1,Cairo Main,2021-07-16,75000,A,30DD,30 Days Delinquent,30,2026-03-31,Titanium Credit Card,100,500,9859.54,64831.34,18744.53,2026-03-13,974.22,F,1996-02-10,Talaat Moustafa Group,Secondary,100006,,24814.0,57,,,,30DD,7
5,Tanta,2020-10-07,150000,A,NORM,Normal,0,2026-04-01,Platinum Credit Card,500,300,139791.32,10169.59,6438.38,2026-03-12,580.71,M,1966-04-06,Ministry of Health,Secondary,100007,,0.0,66,,,,NORM,8
8,Zagazig,2018-07-12,10000,A,NORM,Normal,0,2026-03-27,Cashback Card,500,1000,8764.08,737.51,1329.19,2026-03-18,632.39,M,1964-01-29,Banque Misr,Primary,100008,,0.0,94,,,,NORM,9
9,Ismailia,2024-03-16,5000,A,NORM,Normal,0,2026-03-20,Cashback Card,200,300,3495.75,1237.42,681.21,2026-03-07,1209.64,M,1971-04-12,CIB,Primary,100009,,0.0,24,,,,NORM,10
2,Giza,2023-06-14,10000,A,NORM,Normal,0,2026-03-20,Classic Credit Card,100,300,8519.68,1412.94,2346.95,2026-03-10,258.95,F,1992-10-30,Ministry of Health,Secondary,100012,,0.0,34,,,,NORM,13
5,Tanta,2022-03-10,100000,A,NORM,Normal,0,2026-03-24,World Elite Card,100,0,-9172.81,90732.37,17902.92,2026-03-27,1615.83,F,1977-11-24,Government,Primary,100013,,0.0,49,,,,NORM,14
10,Suez,2018-01-30,10000,A,NORM,Normal,0,2026-03-19,Classic Credit Card,200,0,4758.11,4783.15,2993.77,2026-03-10,966.23,M,1969-11-17,Orange Egypt,Primary,100014,,0.0,99,,,,NORM,15
9,Ismailia,2024-05-27,200000,A,NORM,Normal,0,2026-03-17,Business Credit Card,500,500,63125.15,136685.61,50351.23,2026-03-08,1643.04,M,1965-12-07,Self Employed,Primary,100015,,0.0,22,,,,NORM,16
7,Luxor,2023-03-28,5000,A,NORM,Normal,0,2026-03-28,Cashback Card,200,0,330.22,4221.36,1232.79,2026-03-16,412.56,M,1978-06-10,CIB,Primary,100016,,0.0,36,,,,NORM,17
3,Alexandria,2020-01-22,30000,A,90DA,90 Days Delinquent,90,2026-03-22,Classic Credit Card,500,1000,1646.81,28279.21,1827.71,2026-03-27,1655.61,M,1978-12-04,Freelancer,Primary,100017,,3637.95,75,,,,90DA,18
2,Giza,2020-08-26,15000,A,NORM,Normal,0,2026-03-23,Classic Credit Card,500,0,-966.92,13772.58,3353.06,2026-03-15,1200.41,M,1993-10-20,Amazon Egypt,Primary,100018,,0.0,68,,,,NORM,19
6,Assiut,2018-07-25,200000,A,30DD,30 Days Delinquent,30,2026-03-29,Business Credit Card,100,0,170720.46,28830.99,46052.52,2026-03-25,1030.07,M,1962-07-25,Self Employed,Secondary,100020,,39989.72,93,,,,30DD,21
2,Giza,2020-08-21,75000,A,NORM,Normal,0,2026-03-25,Classic Credit Card,0,500,25079.58,49755.73,21615.3,2026-03-12,576.31,F,1990-04-15,CIB,Secondary,100021,,0.0,68,,,,NORM,22
2,Giza,2020-08-21,75000,A,NORM,Normal,0,2026-03-30,Travel Rewards Card,0,500,4267.06,70370.14,15999.93,2026-03-31,1766.38,F,1990-04-15,CIB,Secondary,100021,,0.0,68,,,,NORM,22
4,Mansoura,2022-06-10,15000,A,NORM,Normal,0,2026-03-17,Classic Credit Card,0,500,9499.0,5101.61,1264.67,2026-03-31,1023.99,M,1971-11-30,Juhayna,Primary,100022,,0.0,46,,,,NORM,23
5,Tanta,2021-11-30,10000,A,NORM,Normal,0,2026-03-18,Classic Credit Card,500,1000,8522.8,1048.14,2042.74,2026-03-11,1751.9,F,1965-12-10,Elsewedy Capital,Primary,100023,,0.0,52,,,,NORM,24
9,Ismailia,2019-03-01,15000,A,NORM,Normal,0,2026-03-28,Classic Credit Card,100,300,10502.43,4422.0,3932.42,2026-03-30,193.34,F,1973-06-06,Talaat Moustafa Group,Primary,100024,,0.0,86,,,,NORM,25
5,Tanta,2023-06-25,30000,A,NORM,Normal,0,2026-03-30,Gold Credit Card,200,0,26312.64,3613.72,834.57,2026-03-16,1004.5,M,1982-09-02,Orange Egypt,Primary,100025,,0.0,33,,,,NORM,26
3,Alexandria,2022-12-15,150000,A,60DA,60 Days Delinquent,60,2026-03-27,World Elite Card,0,150,136217.97,13380.02,6777.17,2026-03-22,1946.85,M,1993-04-01,Amazon Egypt,Secondary,100026,,51234.16,40,,,,60DA,27
3,Alexandria,2019-06-07,5000,A,NORM,Normal,0,2026-03-26,Classic Credit Card,200,150,1931.61,2682.21,1132.23,2026-03-18,1358.57,M,1979-04-12,Juhayna,Primary,100027,,0.0,83,,,,NORM,28
7,Luxor,2019-09-26,20000,A,NORM,Normal,0,2026-03-21,Titanium Credit Card,200,500,7942.9,11570.9,4657.81,2026-03-04,1733.68,M,1987-11-03,Orascom,Primary,100028,,0.0,79,,,,NORM,29
7,Luxor,2019-09-26,20000,A,NORM,Normal,0,2026-03-28,Classic Credit Card,200,500,14112.14,5737.61,3136.07,2026-03-14,390.84,M,1987-11-03,Orascom,Primary,100028,,0.0,79,,,,NORM,29
1,Cairo Main,2023-04-12,20000,A,NORM,Normal,0,2026-03-27,Gold Credit Card,100,150,451.86,19098.62,5819.98,2026-03-10,1107.08,M,1998-07-07,El Sewedy Electric,Primary,100029,,0.0,36,,,,NORM,30
1,Cairo Main,2023-04-12,20000,A,NORM,Normal,0,2026-03-27,Cashback Card,100,150,18683.0,1191.12,2193.14,2026-03-14,1021.57,M,1998-07-07,El Sewedy Electric,Primary,100029,,0.0,36,,,,NORM,30
5,Tanta,2018-10-12,30000,A,NORM,Normal,0,2026-03-20,Gold Credit Card,200,0,-2775.87,27093.13,3570.39,2026-03-18,1830.16,M,1998-10-09,IBM Egypt,Secondary,100030,,0.0,90,,,,NORM,31
10,Suez,2018-06-06,10000,A,90DA,90 Days Delinquent,90,2026-03-18,Cashback Card,200,500,4588.91,5140.92,897.68,2026-03-09,158.06,M,1971-11-28,Military,Primary,100031,,5834.28,95,,,,90DA,32
5,Tanta,2022-11-22,5000,A,60DA,60 Days Delinquent,60,2026-03-26,Business Credit Card,100,300,-208.02,4555.66,1026.02,2026-03-05,1433.57,F,1961-12-28,Government,Primary,100032,,1019.02,40,,,,60DA,33
5,Tanta,2022-11-22,5000,A,NORM,Normal,0,2026-03-28,Travel Rewards Card,100,300,1389.52,3515.69,557.13,2026-03-07,792.26,F,1961-12-28,Government,Primary,100032,,0.0,40,,,,NORM,33
5,Tanta,2022-11-22,5000,A,NORM,Normal,0,2026-03-30,Cashback Card,100,300,2937.91,1821.71,443.3,2026-03-03,513.85,F,1961-12-28,Government,Primary,100032,,0.0,40,,,,NORM,33
6,Assiut,2022-12-15,100000,A,NORM,Normal,0,2026-03-17,World Elite Card,0,300,18478.2,81419.43,2073.83,2026-03-06,193.37,F,1980-11-09,El Sewedy Electric,Primary,100035,,0.0,40,,,,NORM,36
4,Mansoura,2020-03-26,15000,A,NORM,Normal,0,2026-03-24,Gold Credit Card,0,500,11907.87,2978.74,3684.1,2026-03-03,1570.98,F,1996-03-06,Vodafone Egypt,Secondary,100036,,0.0,73,,,,NORM,37
1,Cairo Main,2020-10-17,10000,A,NORM,Normal,0,2026-03-17,Gold Credit Card,200,500,1163.23,8520.18,678.86,2026-03-22,728.59,F,1985-01-01,Freelancer,Secondary,100038,,0.0,66,,,,NORM,39
3,Alexandria,2023-04-29,100000,A,90DA,90 Days Delinquent,90,2026-03-30,Travel Rewards Card,500,150,63606.67,35986.47,18806.97,2026-03-08,1675.74,F,1993-05-11,Talaat Moustafa Group,Primary,100039,,43158.0,35,,,,90DA,40
3,Alexandria,2023-04-29,100000,A,NORM,Normal,0,2026-03-28,Platinum Credit Card,500,150,32364.44,67161.54,29879.26,2026-03-06,231.21,F,1993-05-11,Talaat Moustafa Group,Primary,100039,,0.0,35,,,,NORM,40
5,Tanta,2021-08-02,150000,A,30DD,30 Days Delinquent,30,2026-03-25,World Elite Card,500,150,9167.81,140528.69,19669.72,2026-03-02,1029.94,M,1975-01-24,National Bank of Egypt,Primary,100040,,19952.86,56,,,,30DD,41
9,Ismailia,2022-08-31,5000,A,NORM,Normal,0,2026-03-26,Gold Credit Card,0,1000,1014.45,3551.81,1428.87,2026-03-25,235.05,F,1980-11-24,El Sewedy Electric,Primary,100041,,0.0,43,,,,NORM,42
9,Ismailia,2022-08-31,5000,A,NORM,Normal,0,2026-03-18,Cashback Card,0,1000,702.84,3996.12,396.06,2026-03-30,27.56,F,1980-11-24,El Sewedy Electric,Primary,100041,,0.0,43,,,,NORM,42
7,Luxor,2022-09-13,150000,A,NORM,Normal,0,2026-03-26,Travel Rewards Card,200,500,93007.57,56502.15,32932.61,2026-03-03,1595.11,F,1998-04-13,Ministry of Health,Primary,100042,,0.0,43,,,,NORM,43
7,Luxor,2022-09-13,150000,A,30DD,30 Days Delinquent,30,2026-04-01,World Elite Card,200,500,33770.5,115993.7,11512.72,2026-03-17,442.36,F,1998-04-13,Ministry of Health,Primary,100042,,77335.99,43,,,,30DD,43
3,Alexandria,2023-03-30,15000,A,NORM,Normal,0,2026-04-01,Gold Credit Card,0,0,12039.15,2469.84,1589.64,2026-03-31,1344.42,F,1997-09-13,Military,Primary,100043,,0.0,36,,,,NORM,44
1,Cairo Main,2022-04-02,50000,A,NORM,Normal,0,2026-03-28,Titanium Credit Card,500,300,45523.64,4406.74,12822.11,2026-03-14,240.29,F,1971-09-02,El Sewedy Electric,Primary,100044,,0.0,48,,,,NORM,45
3,Alexandria,2019-06-02,100000,A,NEW,New,0,2026-03-24,World Elite Card,500,300,80847.23,18884.18,14422.84,2026-03-06,1525.12,F,1970-09-13,CIB,Primary,100046,,0.0,83,,,,NEW,47
3,Alexandria,2019-03-19,200000,A,NORM,Normal,0,2026-04-01,Business Credit Card,100,0,34899.88,164704.9,35921.8,2026-03-25,1812.62,M,1973-12-14,Vodafone Egypt,Primary,100047,,0.0,85,,,,NORM,48
3,Alexandria,2019-03-19,200000,A,90DA,90 Days Delinquent,90,2026-03-31,Travel Rewards Card,100,0,55632.17,144074.72,34195.21,2026-03-10,1800.27,M,1973-12-14,Vodafone Egypt,Primary,100047,,100704.0,85,,,,90DA,48
3,Alexandria,2019-03-19,200000,A,NORM,Normal,0,2026-03-25,Platinum Credit Card,100,0,182990.69,16993.08,16389.85,2026-03-20,189.0,M,1973-12-14,Vodafone Egypt,Primary,100047,,0.0,85,,,,NORM,48
2,Giza,2024-05-07,5000,A,NORM,Normal,0,2026-03-24,Cashback Card,200,0,2930.52,1937.17,1497.72,2026-03-15,1156.56,F,1995-09-19,IBM Egypt,Primary,100048,,0.0,23,,,,NORM,49
6,Assiut,2020-10-02,10000,A,NORM,Normal,0,2026-03-25,Classic Credit Card,500,300,1744.58,8196.24,2618.75,2026-03-08,935.37,M,1998-03-16,Talaat Moustafa Group,Primary,100050,,0.0,66,,,,NORM,51
6,Assiut,2020-10-02,10000,A,60DA,60 Days Delinquent,60,2026-03-20,Cashback Card,500,300,3975.32,5670.92,2130.96,2026-03-24,504.84,M,1998-03-16,Talaat Moustafa Group,Primary,100050,,2188.11,66,,,,60DA,51
4,Mansoura,2022-07-23,100000,A,NORM,Normal,0,2026-03-19,Platinum Credit Card,500,500,50249.87,49651.46,3132.04,2026-03-07,386.84,M,1992-04-19,Ministry of Health,Primary,100052,,0.0,44,,,,NORM,53
4,Mansoura,2024-07-10,50000,A,90DA,90 Days Delinquent,90,2026-03-17,Business Credit Card,200,500,12663.83,37087.9,6918.24,2026-03-15,952.48,F,1973-09-25,Self Employed,Primary,100053,,14921.4,21,,,,90DA,54
5,Tanta,2020-08-02,10000,A,NORM,Normal,0,2026-03-23,Cashback Card,100,150,1200.8,8405.04,1275.44,2026-03-25,178.6,M,1971-04-11,El Sewedy Electric,Primary,100054,,0.0,68,,,,NORM,55
9,Ismailia,2021-03-05,10000,A,NORM,Normal,0,2026-04-01,Gold Credit Card,100,300,5253.96,4453.63,660.18,2026-03-05,1919.87,M,1986-10-08,El Sewedy Electric,Primary,100055,,0.0,61,,,,NORM,56
1,Cairo Main,2024-03-16,30000,A,60DA,60 Days Delinquent,60,2026-03-26,Gold Credit Card,0,0,22182.59,7727.83,7694.69,2026-03-25,1215.61,F,1962-06-12,Banque Misr,Primary,100056,,14265.9,24,,,,60DA,57
3,Alexandria,2020-10-31,100000,A,NORM,Normal,0,2026-04-01,Travel Rewards Card,0,150,75198.18,24377.06,3449.44,2026-03-04,66.32,M,1962-04-21,CIB,Secondary,100057,,0.0,65,,,,NORM,58
3,Alexandria,2020-10-31,100000,A,NORM,Normal,0,2026-03-23,Platinum Credit Card,0,150,13514.1,86432.77,9238.45,2026-03-31,566.12,M,1962-04-21,CIB,Secondary,100057,,0.0,65,,,,NORM,58
5,Tanta,2024-12-18,5000,A,30DD,30 Days Delinquent,30,2026-03-22,Classic Credit Card,100,300,1137.3,3548.28,904.18,2026-03-29,1962.48,M,1985-07-04,Military,Primary,100059,,2501.83,15,,,,30DD,60
5,Tanta,2024-12-18,5000,A,NORM,Normal,0,2026-03-20,Platinum Credit Card,100,300,2284.16,2254.77,572.13,2026-03-12,923.58,M,1985-07-04,Military,Primary,100059,,0.0,15,,,,NORM,60
2,Giza,2018-01-11,75000,A,NORM,Normal,0,2026-03-29,Titanium Credit Card,200,0,28102.13,46408.97,13140.75,2026-03-19,90.11,M,1967-01-08,Freelancer,Primary,100060,,0.0,100,,,,NORM,61
2,Giza,2020-08-14,30000,A,NORM,Normal,0,2026-03-27,Classic Credit Card,500,0,3100.65,26808.75,2749.97,2026-03-10,114.27,M,1990-11-01,Cairo University,Primary,100061,,0.0,68,,,,NORM,62
2,Giza,2019-11-11,30000,A,NEW,New,0,2026-03-24,Platinum Credit Card,500,0,9189.05,20528.0,8828.24,2026-03-03,1822.34,F,1962-09-04,Military,Primary,100062,,0.0,77,,,,NEW,63
2,Giza,2019-11-11,30000,A,30DD,30 Days Delinquent,30,2026-03-18,Cashback Card,500,0,11772.63,17895.08,3276.32,2026-03-02,1236.13,F,1962-09-04,Military,Primary,100062,,13676.13,77,,,,30DD,63
9,Ismailia,2023-07-16,100000,A,NORM,Normal,0,2026-03-22,Platinum Credit Card,200,1000,82026.59,17739.96,3556.35,2026-03-10,616.51,F,1984-03-22,National Bank of Egypt,Primary,100063,,0.0,33,,,,NORM,64
10,Suez,2021-01-08,200000,A,30DD,30 Days Delinquent,30,2026-03-19,Travel Rewards Card,500,300,155042.73,44724.0,37521.02,2026-03-26,9.2,M,1960-12-05,Orange Egypt,Secondary,100064,,60146.93,63,,,,30DD,65
2,Giza,2021-11-26,75000,A,NORM,Normal,0,2026-03-21,Platinum Credit Card,100,300,52049.78,22778.71,13611.38,2026-03-25,1001.91,F,1981-01-30,Edita Food Industries,Primary,100065,,0.0,52,,,,NORM,66
8,Zagazig,2023-06-09,10000,A,NORM,Normal,0,2026-03-21,Business Credit Card,100,300,579.0,9223.19,1478.38,2026-03-18,1189.06,M,1999-07-06,Vodafone Egypt,Primary,100068,,0.0,34,,,,NORM,69
2,Giza,2019-04-27,15000,A,NEW,New,0,2026-03-22,Platinum Credit Card,200,500,4774.23,9786.52,2887.57,2026-03-23,1755.06,F,1980-09-12,Self Employed,Secondary,100069,,0.0,84,,,,NEW,70
9,Ismailia,2022-04-21,20000,A,NORM,Normal,0,2026-03-17,Classic Credit Card,0,300,14899.32,4925.98,3323.79,2026-03-30,1049.95,F,1966-06-27,Military,Primary,100070,,0.0,48,,,,NORM,71
1,Cairo Main,2021-05-07,200000,A,NORM,Normal,0,2026-03-20,Travel Rewards Card,500,300,91740.11,108160.53,32020.68,2026-03-02,1160.69,F,1972-09-08,Cairo University,Primary,100071,,0.0,59,,,,NORM,72
1,Cairo Main,2021-05-07,200000,A,NORM,Normal,0,2026-03-31,Platinum Credit Card,500,300,107504.14,92372.02,36050.14,2026-03-22,1393.25,F,1972-09-08,Cairo University,Primary,100071,,0.0,59,,,,NORM,72
1,Cairo Main,2021-05-07,200000,A,NORM,Normal,0,2026-03-24,World Elite Card,500,300,143968.67,55793.97,27515.88,2026-03-30,174.72,F,1972-09-08,Cairo University,Primary,100071,,0.0,59,,,,NORM,72
8,Zagazig,2020-02-12,20000,A,NORM,Normal,0,2026-03-24,Gold Credit Card,0,300,16478.14,3412.65,4864.79,2026-03-09,1676.86,F,1974-06-08,Cairo University,Primary,100072,,0.0,74,,,,NORM,73
3,Alexandria,2018-06-01,15000,A,NORM,Normal,0,2026-03-25,Business Credit Card,0,1000,-777.24,13853.71,635.19,2026-03-20,1738.7,F,1982-03-21,Government,Primary,100073,,0.0,95,,,,NORM,74
3,Alexandria,2018-06-01,15000,A,NORM,Normal,0,2026-03-20,Gold Credit Card,0,1000,7657.46,7239.55,4008.84,2026-03-02,934.56,F,1982-03-21,Government,Primary,100073,,0.0,95,,,,NORM,74
3,Alexandria,2018-06-01,15000,A,60DA,60 Days Delinquent,60,2026-03-19,World Elite Card,0,1000,2697.03,11811.25,4053.62,2026-03-04,1491.13,F,1982-03-21,Government,Primary,100073,,7203.8,95,,,,60DA,74
3,Alexandria,2023-04-08,30000,A,NORM,Normal,0,2026-03-17,Gold Credit Card,0,300,23799.08,5725.1,8130.86,2026-03-25,528.91,F,1963-05-10,Edita Food Industries,Secondary,100074,,0.0,36,,,,NORM,75
1,Cairo Main,2018-10-08,20000,A,NORM,Normal,0,2026-03-23,Classic Credit Card,0,0,1079.37,18893.79,5729.56,2026-03-13,1636.32,F,1987-09-12,Juhayna,Primary,100075,,0.0,91,,,,NORM,76
1,Cairo Main,2018-10-08,20000,A,NORM,Normal,0,2026-03-31,Cashback Card,0,0,16419.64,3569.79,3769.71,2026-03-18,965.88,F,1987-09-12,Juhayna,Primary,100075,,0.0,91,,,,NORM,76
1,Cairo Main,2018-10-08,20000,A,NEW,New,0,2026-03-24,World Elite Card,0,0,12323.29,7378.55,689.91,2026-03-22,1183.8,F,1987-09-12,Juhayna,Primary,100075,,0.0,91,,,,NEW,76
1,Cairo Main,2018-08-18,30000,A,NORM,Normal,0,2026-04-01,Classic Credit Card,100,1000,14822.12,14943.21,4665.33,2026-03-24,854.23,F,1974-07-20,IBM Egypt,Primary,100076,,0.0,92,,,,NORM,77
3,Alexandria,2024-11-01,75000,A,NORM,Normal,0,2026-03-24,Titanium Credit Card,100,150,9428.33,65410.95,19399.75,2026-03-20,1411.63,F,1963-07-17,Military,Primary,100077,,0.0,17,,,,NORM,78
1,Cairo Main,2023-03-21,30000,A,NORM,Normal,0,2026-03-21,Gold Credit Card,200,1000,15586.33,13986.16,206.34,2026-03-06,1337.36,F,1996-02-04,Ministry of Health,Primary,100078,,0.0,36,,,,NORM,79
8,Zagazig,2021-05-22,20000,A,NORM,Normal,0,2026-03-29,Cashback Card,200,1000,13880.56,6089.21,511.18,2026-03-04,1882.88,F,1997-12-01,Microsoft Egypt,Secondary,100079,,0.0,59,,,,NORM,80
7,Luxor,2018-02-03,200000,A,30DD,30 Days Delinquent,30,2026-03-29,Titanium Credit Card,200,150,30222.63,169417.98,51761.72,2026-03-13,254.75,M,1972-04-24,Orange Egypt,Primary,100080,,110731.64,99,,,,30DD,81
7,Luxor,2018-02-03,200000,A,NORM,Normal,0,2026-03-29,Gold Credit Card,200,150,33246.26,166454.63,35294.98,2026-03-22,1399.77,M,1972-04-24,Orange Egypt,Primary,100080,,0.0,99,,,,NORM,81
3,Alexandria,2024-01-19,50000,A,NORM,Normal,0,2026-03-24,Titanium Credit Card,100,300,28661.94,21278.51,449.44,2026-03-18,81.66,F,1995-04-13,Government,Secondary,100082,,0.0,26,,,,NORM,83
2,Giza,2018-11-05,15000,A,NORM,Normal,0,2026-03-23,Travel Rewards Card,500,1000,5667.33,9230.18,2420.29,2026-03-11,882.73,F,1981-01-03,Elsewedy Capital,Primary,100083,,0.0,90,,,,NORM,84
5,Tanta,2019-05-22,100000,A,NORM,Normal,0,2026-03-23,Platinum Credit Card,500,300,80937.26,18732.77,20703.0,2026-03-31,1755.28,M,1984-01-26,IBM Egypt,Primary,100084,,0.0,83,,,,NORM,85
10,Suez,2024-04-18,50000,A,30DD,30 Days Delinquent,30,2026-03-18,Platinum Credit Card,500,300,20158.47,29584.49,2837.13,2026-03-04,1108.16,F,1999-08-31,Military,Primary,100085,,18623.0,23,,,,30DD,86
5,Tanta,2019-04-21,10000,A,NORM,Normal,0,2026-03-24,Cashback Card,200,1000,6814.16,3023.03,1872.52,2026-03-05,1896.33,F,1982-02-05,Elsewedy Capital,Primary,100086,,0.0,84,,,,NORM,87
2,Giza,2023-06-28,200000,A,30DD,30 Days Delinquent,30,2026-03-21,Travel Rewards Card,100,500,-14969.45,184532.63,2020.46,2026-03-11,871.43,F,1997-05-25,Amazon Egypt,Secondary,100087,,116620.27,33,,,,30DD,88
6,Assiut,2022-01-09,5000,A,NORM,Normal,0,2026-03-20,Classic Credit Card,500,0,3875.38,800.13,1348.4,2026-03-12,762.19,M,1984-06-03,Microsoft Egypt,Primary,100088,,0.0,51,,,,NORM,89
1,Cairo Main,2021-09-28,20000,A,NORM,Normal,0,2026-03-21,Classic Credit Card,100,1000,18147.29,1441.45,990.79,2026-03-24,1699.37,M,1995-04-17,Banque Misr,Secondary,100089,,0.0,54,,,,NORM,90
1,Cairo Main,2021-09-28,20000,A,NORM,Normal,0,2026-03-29,Cashback Card,100,1000,3559.48,16438.91,1468.95,2026-03-17,1606.49,M,1995-04-17,Banque Misr,Secondary,100089,,0.0,54,,,,NORM,90
3,Alexandria,2024-09-07,5000,A,NORM,Normal,0,2026-03-26,Classic Credit Card,200,150,3672.96,1296.98,270.0,2026-03-17,1848.78,M,1995-05-18,Talaat Moustafa Group,Primary,100090,,0.0,19,,,,NORM,91
3,Alexandria,2024-09-07,5000,A,NORM,Normal,0,2026-03-30,Cashback Card,200,150,266.34,4246.32,913.89,2026-03-25,1116.85,M,1995-05-18,Talaat Moustafa Group,Primary,100090,,0.0,19,,,,NORM,91
8,Zagazig,2022-07-04,75000,A,NORM,Normal,0,2026-03-21,Titanium Credit Card,0,0,47083.06,27633.63,20476.07,2026-03-30,594.64,F,1998-01-03,CIB,Primary,100093,,0.0,45,,,,NORM,94
5,Tanta,2024-07-25,150000,A,NORM,Normal,0,2026-03-17,Platinum Credit Card,500,1000,55605.27,93937.12,16151.2,2026-03-07,1200.01,F,1988-01-02,Edita Food Industries,Primary,100094,,0.0,20,,,,NORM,95
6,Assiut,2023-04-27,10000,A,NORM,Normal,0,2026-03-17,Classic Credit Card,200,150,7713.61,2099.02,253.94,2026-03-26,290.68,M,1966-11-05,National Bank of Egypt,Primary,100096,,0.0,35,,,,NORM,97
6,Assiut,2023-04-27,10000,A,60DA,60 Days Delinquent,60,2026-03-21,Cashback Card,200,150,7029.23,2535.6,823.46,2026-03-27,1736.15,M,1966-11-05,National Bank of Egypt,Primary,100096,,2901.25,35,,,,60DA,97
6,Assiut,2019-05-16,75000,A,NORM,Normal,0,2026-03-19,Business Credit Card,0,300,19534.49,55030.1,8215.42,2026-03-17,1548.01,F,1990-01-20,IBM Egypt,Primary,100097,,0.0,83,,,,NORM,98
4,Mansoura,2023-05-30,20000,A,30DD,30 Days Delinquent,30,2026-03-18,Cashback Card,200,0,13286.55,6287.25,5069.8,2026-03-23,775.36,F,1966-12-10,CIB,Primary,100098,,7636.62,34,,,,30DD,99
10,Suez,2024-03-30,5000,A,60DA,60 Days Delinquent,60,2026-03-29,Platinum Credit Card,100,300,1277.57,3310.15,768.75,2026-03-22,1769.55,F,1987-07-10,Military,Secondary,100099,,2405.52,24,,,,60DA,100
10,Suez,2024-03-30,5000,A,NORM,Normal,0,2026-03-21,Cashback Card,100,300,4316.61,670.01,1399.16,2026-03-18,693.34,F,1987-07-10,Military,Secondary,100099,,0.0,24,,,,NORM,100
3,Alexandria,2019-08-10,200000,A,NORM,Normal,0,2026-03-22,World Elite Card,0,1000,126531.51,73081.69,12619.8,2026-03-04,1016.61,M,1999-01-07,Microsoft Egypt,Primary,100100,,0.0,80,,,,NORM,101
3,Alexandria,2021-06-30,50000,A,NORM,Normal,0,2026-03-18,Platinum Credit Card,100,150,-1744.84,47876.84,2011.56,2026-03-27,877.28,M,1976-08-06,Cairo University,Primary,100101,,0.0,57,,,,NORM,102
7,Luxor,2024-10-22,100000,A,NORM,Normal,0,2026-03-17,World Elite Card,200,500,36937.95,62643.87,18827.56,2026-03-02,543.02,M,1981-10-14,Amazon Egypt,Primary,100102,,0.0,17,,,,NORM,103
9,Ismailia,2021-06-17,5000,A,30DD,30 Days Delinquent,30,2026-03-18,Cashback Card,0,0,444.58,4413.48,189.29,2026-03-15,296.77,M,1989-12-04,Elsewedy Capital,Primary,100103,,2270.1,58,,,,30DD,104
5,Tanta,2021-09-05,10000,A,NORM,Normal,0,2026-03-31,Gold Credit Card,100,150,5161.34,4432.95,1447.58,2026-03-16,34.05,F,1972-12-25,Vodafone Egypt,Primary,100104,,0.0,55,,,,NORM,105
9,Ismailia,2021-12-21,10000,A,NORM,Normal,0,2026-03-23,Classic Credit Card,500,0,1992.74,7841.79,1092.56,2026-03-22,1138.38,F,1997-05-19,Microsoft Egypt,Primary,100105,,0.0,52,,,,NORM,106
7,Luxor,2019-04-17,75000,A,60DA,60 Days Delinquent,60,2026-03-21,Cashback Card,200,0,19347.38,55441.73,2641.79,2026-03-21,1172.25,F,1972-12-26,Vodafone Egypt,Secondary,100106,,38122.72,84,,,,60DA,107
7,Luxor,2019-04-17,75000,A,NORM,Normal,0,2026-03-24,Platinum Credit Card,200,0,-5147.56,69768.06,10134.07,2026-03-17,1248.13,F,1972-12-26,Vodafone Egypt,Secondary,100106,,0.0,84,,,,NORM,107
10,Suez,2023-11-17,10000,A,NORM,Normal,0,2026-03-29,Platinum Credit Card,100,300,1072.12,8896.5,849.08,2026-03-20,1386.86,M,1977-12-17,Microsoft Egypt,Primary,100107,,0.0,28,,,,NORM,108
10,Suez,2023-11-17,10000,A,NORM,Normal,0,2026-03-31,Cashback Card,100,300,83.8,9463.0,1910.91,2026-03-30,677.97,M,1977-12-17,Microsoft Egypt,Primary,100107,,0.0,28,,,,NORM,108
8,Zagazig,2024-04-28,200000,A,NORM,Normal,0,2026-03-26,Platinum Credit Card,200,150,71379.71,128526.62,7381.56,2026-03-14,407.07,F,1980-10-23,Freelancer,Primary,100109,,0.0,23,,,,NORM,110
2,Giza,2024-08-30,150000,A,30DD,30 Days Delinquent,30,2026-03-30,World Elite Card,500,1000,108215.28,41606.66,44483.06,2026-03-08,59.94,M,1987-08-03,Microsoft Egypt,Primary,100111,,1196.18,19,,,,30DD,112
3,Alexandria,2023-01-20,10000,A,NORM,Normal,0,2026-03-21,Platinum Credit Card,0,150,6534.16,3318.99,238.37,2026-03-29,1821.44,F,1962-10-10,Edita Food Industries,Secondary,100112,,0.0,38,,,,NORM,113
3,Alexandria,2023-01-20,10000,A,60DA,60 Days Delinquent,60,2026-03-25,Classic Credit Card,0,150,4871.13,4745.89,2154.59,2026-03-17,446.14,F,1962-10-10,Edita Food Industries,Secondary,100112,,1014.19,38,,,,60DA,113
3,Alexandria,2023-01-20,10000,A,30DD,30 Days Delinquent,30,2026-03-30,Cashback Card,0,150,8315.25,1295.53,2896.58,2026-03-04,1336.46,F,1962-10-10,Edita Food Industries,Secondary,100112,,3888.34,38,,,,30DD,113
10,Suez,2022-01-30,50000,A,NORM,Normal,0,2026-03-21,Titanium Credit Card,0,300,22484.39,27037.78,13250.3,2026-03-15,1292.46,M,1967-02-13,Juhayna,Primary,100113,,0.0,50,,,,NORM,114
5,Tanta,2024-10-04,15000,A,NORM,Normal,0,2026-03-26,Cashback Card,100,300,-114.08,14701.64,3555.25,2026-03-14,1194.43,F,1971-04-21,Edita Food Industries,Secondary,100114,,0.0,18,,,,NORM,115
10,Suez,2018-12-14,30000,A,NORM,Normal,0,2026-03-23,Gold Credit Card,100,1000,8636.86,21260.84,393.39,2026-03-19,96.98,M,1991-10-18,Ministry of Health,Primary,100115,,0.0,88,,,,NORM,116
6,Assiut,2022-01-25,30000,A,30DD,30 Days Delinquent,30,2026-03-19,Gold Credit Card,100,150,2980.57,26680.5,1954.2,2026-03-13,485.99,M,1960-10-25,Orascom,Primary,100116,,4653.88,50,,,,30DD,117
6,Assiut,2022-01-25,30000,A,30DD,30 Days Delinquent,30,2026-03-18,Platinum Credit Card,100,150,2825.64,27173.14,2125.84,2026-03-14,1037.52,M,1960-10-25,Orascom,Primary,100116,,12209.45,50,,,,30DD,117
8,Zagazig,2022-08-10,50000,A,NORM,Normal,0,2026-03-17,Business Credit Card,500,150,10432.17,39196.4,6071.36,2026-03-22,556.19,M,1961-12-16,Elsewedy Capital,Primary,100118,,0.0,44,,,,NORM,119
6,Assiut,2024-05-25,100000,A,90DA,90 Days Delinquent,90,2026-03-23,Travel Rewards Card,500,150,39809.01,59778.6,18281.52,2026-03-26,776.34,M,1990-06-05,Freelancer,Secondary,100119,,18489.99,22,,,,90DA,120
6,Assiut,2024-05-25,100000,A,NORM,Normal,0,2026-03-26,Platinum Credit Card,500,150,-727.23,98806.64,7717.32,2026-03-05,1965.52,M,1990-06-05,Freelancer,Secondary,100119,,0.0,22,,,,NORM,120
1,Cairo Main,2023-05-23,50000,A,30DD,30 Days Delinquent,30,2026-03-20,Gold Credit Card,200,500,31914.75,17960.59,4954.22,2026-03-18,621.9,M,1988-10-05,Ministry of Health,Secondary,100120,,24406.02,34,,,,30DD,121
1,Cairo Main,2023-05-23,50000,A,NORM,Normal,0,2026-04-01,Travel Rewards Card,200,500,27290.13,22704.75,2288.94,2026-03-19,1693.78,M,1988-10-05,Ministry of Health,Secondary,100120,,0.0,34,,,,NORM,121
1,Cairo Main,2019-02-10,50000,A,30DD,30 Days Delinquent,30,2026-03-28,Titanium Credit Card,500,150,36510.21,13368.29,9452.17,2026-03-03,532.58,F,1974-04-18,Banque Misr,Primary,100122,,23277.27,86,,,,30DD,123
1,Cairo Main,2020-06-02,15000,A,30DD,30 Days Delinquent,30,2026-03-24,Titanium Credit Card,0,300,663.59,13884.75,935.05,2026-03-16,106.47,M,1971-06-25,Ministry of Health,Primary,100123,,2425.73,70,,,,30DD,124
1,Cairo Main,2020-06-02,15000,A,NORM,Normal,0,2026-03-23,Cashback Card,0,300,9718.7,5179.42,1861.53,2026-03-02,1413.69,M,1971-06-25,Ministry of Health,Primary,100123,,0.0,70,,,,NORM,124
7,Luxor,2024-12-26,100000,A,NORM,Normal,0,2026-03-18,Platinum Credit Card,0,1000,30429.43,69170.53,26684.2,2026-03-10,1325.18,M,1988-08-29,National Bank of Egypt,Primary,100124,,0.0,15,,,,NORM,125
1,Cairo Main,2021-12-16,20000,A,60DA,60 Days Delinquent,60,2026-03-20,Cashback Card,0,1000,11987.78,7616.82,4806.85,2026-03-15,1123.24,F,1987-07-31,Cairo University,Primary,100125,,4776.16,52,,,,60DA,126
9,Ismailia,2023-09-11,150000,A,NORM,Normal,0,2026-03-20,Platinum Credit Card,0,500,124654.05,25177.29,38237.83,2026-03-27,1274.4,F,1995-04-11,Vodafone Egypt,Primary,100126,,0.0,31,,,,NORM,127
2,Giza,2020-09-14,10000,A,NORM,Normal,0,2026-03-26,Gold Credit Card,200,1000,3455.67,6224.76,2821.92,2026-03-23,1936.23,F,1975-06-20,Cairo University,Secondary,100127,,0.0,67,,,,NORM,128
8,Zagazig,2020-01-17,15000,A,NORM,Normal,0,2026-03-19,Gold Credit Card,100,0,2487.82,12491.02,1313.28,2026-03-29,886.15,M,1988-05-03,National Bank of Egypt,Secondary,100128,,0.0,75,,,,NORM,129
8,Zagazig,2020-01-17,15000,A,NORM,Normal,0,2026-03-30,Cashback Card,100,0,71.09,14744.58,228.19,2026-03-21,1263.14,M,1988-05-03,National Bank of Egypt,Secondary,100128,,0.0,75,,,,NORM,129
9,Ismailia,2024-02-03,100000,A,NORM,Normal,0,2026-03-22,World Elite Card,200,300,91956.19,7870.01,28321.69,2026-03-31,817.7,M,1977-11-11,Talaat Moustafa Group,Secondary,100129,,0.0,26,,,,NORM,130
2,Giza,2022-02-16,75000,A,30DD,30 Days Delinquent,30,2026-03-30,Titanium Credit Card,100,500,11040.3,63801.4,7188.85,2026-03-14,1251.82,F,1995-11-09,Microsoft Egypt,Primary,100130,,38423.68,50,,,,30DD,131
2,Giza,2022-10-05,10000,A,NORM,Normal,0,2026-03-31,Classic Credit Card,200,300,9448.58,458.34,1469.91,2026-03-13,1558.83,M,1992-08-12,Amazon Egypt,Primary,100131,,0.0,42,,,,NORM,132
8,Zagazig,2022-10-12,15000,A,NORM,Normal,0,2026-03-30,Classic Credit Card,200,1000,1720.17,13231.94,1809.95,2026-03-02,1473.36,F,1987-01-12,Freelancer,Primary,100132,,0.0,42,,,,NORM,133
7,Luxor,2023-10-03,15000,A,NORM,Normal,0,2026-03-24,Cashback Card,500,0,-898.97,14025.48,2714.12,2026-03-15,699.14,M,1976-04-18,Vodafone Egypt,Primary,100133,,0.0,30,,,,NORM,134
7,Luxor,2021-02-15,20000,A,NORM,Normal,0,2026-03-19,Classic Credit Card,500,1000,15792.14,3971.32,4219.74,2026-03-20,191.37,F,1974-02-06,CIB,Secondary,100135,,0.0,62,,,,NORM,136
5,Tanta,2023-01-02,20000,A,NORM,Normal,0,2026-03-26,Gold Credit Card,100,0,4088.57,15753.16,5880.67,2026-03-05,89.49,M,1991-07-31,Military,Secondary,100136,,0.0,39,,,,NORM,137
2,Giza,2019-07-23,20000,A,NORM,Normal,0,2026-03-28,Business Credit Card,200,500,-386.98,19315.35,918.86,2026-03-03,217.47,M,1969-01-05,Self Employed,Primary,100138,,0.0,81,,,,NORM,139
5,Tanta,2023-05-15,150000,A,NEW,New,0,2026-03-18,Travel Rewards Card,200,0,56784.47,93045.95,42113.81,2026-03-05,220.46,F,1977-11-10,Amazon Egypt,Primary,100139,,0.0,35,,,,NEW,140
3,Alexandria,2024-03-08,200000,A,NORM,Normal,0,2026-03-21,Travel Rewards Card,0,0,32271.26,167685.25,24826.07,2026-03-18,796.29,M,1999-05-20,Orascom,Primary,100140,,0.0,25,,,,NORM,141
3,Alexandria,2024-03-08,200000,A,NORM,Normal,0,2026-03-22,World Elite Card,0,0,26549.39,173249.76,54259.69,2026-03-20,1020.39,M,1999-05-20,Orascom,Primary,100140,,0.0,25,,,,NORM,141
4,Mansoura,2023-10-27,30000,A,NORM,Normal,0,2026-03-19,Cashback Card,200,150,1584.69,28188.47,2985.81,2026-03-27,913.81,F,1975-07-10,National Bank of Egypt,Primary,100141,,0.0,29,,,,NORM,142
3,Alexandria,2024-07-06,15000,A,NORM,Normal,0,2026-03-31,Cashback Card,200,1000,-647.31,14231.71,2830.76,2026-03-16,287.95,M,1986-07-19,Orascom,Secondary,100142,,0.0,21,,,,NORM,143
1,Cairo Main,2024-06-20,30000,A,NORM,Normal,0,2026-03-30,Cashback Card,0,500,15239.99,14600.41,8612.39,2026-03-07,1942.94,F,1988-10-09,El Sewedy Electric,Primary,100143,,0.0,21,,,,NORM,144
4,Mansoura,2022-07-22,30000,A,NORM,Normal,0,2026-03-26,Classic Credit Card,100,500,13460.33,16114.97,4082.76,2026-03-09,1620.39,F,1996-02-05,Freelancer,Primary,100144,,0.0,44,,,,NORM,145
10,Suez,2021-07-04,50000,A,NORM,Normal,0,2026-03-28,Platinum Credit Card,0,300,37929.22,11622.59,8725.23,2026-03-25,1721.37,M,1966-06-11,IBM Egypt,Primary,100145,,0.0,57,,,,NORM,146
4,Mansoura,2019-02-01,5000,A,90DA,90 Days Delinquent,90,2026-03-22,Titanium Credit Card,100,300,692.81,4233.24,1025.11,2026-03-18,1256.16,F,1966-04-27,Juhayna,Primary,100146,,941.59,87,,,,90DA,147
4,Mansoura,2019-02-01,5000,A,90DA,90 Days Delinquent,90,2026-03-30,Gold Credit Card,100,300,3380.88,1332.35,51.78,2026-03-29,645.99,F,1966-04-27,Juhayna,Primary,100146,,856.71,87,,,,90DA,147
4,Mansoura,2019-02-01,5000,A,NORM,Normal,0,2026-03-25,Cashback Card,100,300,2148.23,2462.24,147.79,2026-03-12,380.72,F,1966-04-27,Juhayna,Primary,100146,,0.0,87,,,,NORM,147
9,Ismailia,2023-08-05,30000,A,NORM,Normal,0,2026-03-25,Business Credit Card,500,1000,8498.28,21377.81,8824.69,2026-03-25,13.03,F,1980-12-09,Self Employed,Secondary,100147,,0.0,32,,,,NORM,148
6,Assiut,2018-07-27,30000,A,NORM,Normal,0,2026-03-31,Business Credit Card,500,300,21325.75,8324.3,1741.57,2026-03-09,5.8,M,1962-03-08,Self Employed,Secondary,100148,,0.0,93,,,,NORM,149
9,Ismailia,2024-12-27,200000,A,NORM,Normal,0,2026-03-24,World Elite Card,500,300,115819.53,84132.52,27745.33,2026-03-05,881.67,F,1972-07-18,CIB,Primary,100150,,0.0,15,,,,NORM,151
4,Mansoura,2023-09-17,75000,A,NORM,Normal,0,2026-03-25,Platinum Credit Card,100,300,6984.97,67663.15,19661.04,2026-03-26,1725.22,F,1987-01-09,Government,Primary,100151,,0.0,30,,,,NORM,152
1,Cairo Main,2021-09-18,10000,A,NORM,Normal,0,2026-03-17,Cashback Card,0,1000,5353.87,4458.64,1063.82,2026-03-28,1903.68,F,1976-07-10,Amazon Egypt,Primary,100153,,0.0,55,,,,NORM,154
4,Mansoura,2018-07-30,200000,A,NORM,Normal,0,2026-03-30,Business Credit Card,500,150,124778.66,74939.94,1831.6,2026-03-09,1962.06,M,1992-05-11,Self Employed,Primary,100154,,0.0,93,,,,NORM,155
1,Cairo Main,2021-07-08,75000,A,90DA,90 Days Delinquent,90,2026-03-26,Platinum Credit Card,500,1000,49287.32,25266.44,17425.17,2026-03-12,494.7,F,1979-10-13,Banque Misr,Secondary,100155,,26739.96,57,,,,90DA,156
9,Ismailia,2024-04-16,50000,A,60DA,60 Days Delinquent,60,2026-04-01,Business Credit Card,200,150,20626.62,29267.44,4312.84,2026-03-16,1038.26,F,1969-04-20,Self Employed,Secondary,100156,,26736.25,23,,,,60DA,157
6,Assiut,2020-12-18,200000,A,90DA,90 Days Delinquent,90,2026-03-23,Business Credit Card,100,300,34117.0,165733.01,42252.44,2026-03-06,1856.15,F,1990-04-26,Self Employed,Primary,100157,,46592.0,64,,,,90DA,158
7,Luxor,2021-11-14,15000,A,NEW,New,0,2026-03-24,Cashback Card,0,300,13312.83,1496.07,1659.02,2026-03-13,783.92,F,1996-09-16,Juhayna,Primary,100159,,0.0,53,,,,NEW,160
4,Mansoura,2019-02-15,75000,A,60DA,60 Days Delinquent,60,2026-03-20,Travel Rewards Card,100,0,5109.07,69877.9,20977.25,2026-03-11,1575.27,M,1962-05-10,Edita Food Industries,Primary,100161,,6225.83,86,,,,60DA,162
3,Alexandria,2022-06-15,100000,A,NEW,New,0,2026-03-18,Platinum Credit Card,0,300,32652.72,67263.24,723.7,2026-03-02,929.88,F,1961-08-18,Orascom,Primary,100163,,0.0,46,,,,NEW,164
3,Alexandria,2022-06-15,100000,A,NORM,Normal,0,2026-03-18,World Elite Card,0,300,42055.21,57919.91,8325.91,2026-03-13,268.26,F,1961-08-18,Orascom,Primary,100163,,0.0,46,,,,NORM,164
8,Zagazig,2019-07-04,150000,A,NORM,Normal,0,2026-03-19,World Elite Card,200,150,5387.14,144133.44,4733.15,2026-03-21,1294.96,F,1999-11-21,Freelancer,Primary,100164,,0.0,82,,,,NORM,165
3,Alexandria,2021-08-18,20000,A,NORM,Normal,0,2026-03-27,Classic Credit Card,500,300,12602.64,7115.89,672.41,2026-03-13,298.59,F,1981-06-01,Vodafone Egypt,Primary,100166,,0.0,56,,,,NORM,167
5,Tanta,2022-01-12,20000,A,NORM,Normal,0,2026-03-20,Gold Credit Card,200,150,15135.05,4442.8,5825.61,2026-03-20,480.32,F,1989-04-27,Orange Egypt,Primary,100167,,0.0,51,,,,NORM,168
10,Suez,2018-12-02,150000,A,NORM,Normal,0,2026-03-17,Platinum Credit Card,0,1000,99492.79,50376.14,20217.36,2026-03-22,902.25,M,1999-03-02,Freelancer,Primary,100169,,0.0,89,,,,NORM,170
4,Mansoura,2024-01-08,15000,A,NORM,Normal,0,2026-03-22,Cashback Card,500,0,12097.23,2595.66,2803.28,2026-03-10,1309.21,M,1985-09-09,Orascom,Primary,100170,,0.0,27,,,,NORM,171
9,Ismailia,2018-08-16,100000,A,NORM,Normal,0,2026-03-17,Platinum Credit Card,0,1000,46389.93,53423.65,18132.31,2026-03-13,1503.45,F,1979-12-25,Banque Misr,Primary,100171,,0.0,92,,,,NORM,172
7,Luxor,2018-01-13,20000,A,NORM,Normal,0,2026-03-31,Gold Credit Card,200,0,1036.5,18945.45,481.52,2026-03-25,1394.06,M,1971-06-01,Cairo University,Secondary,100172,,0.0,100,,,,NORM,173
1,Cairo Main,2022-08-02,15000,A,30DD,30 Days Delinquent,30,2026-03-26,Cashback Card,500,300,13654.09,1058.31,1075.39,2026-03-30,1254.23,F,1972-11-16,Banque Misr,Primary,100173,,2291.96,44,,,,30DD,174
2,Giza,2024-01-18,15000,A,NORM,Normal,0,2026-03-20,Cashback Card,500,1000,7243.03,7478.56,178.22,2026-03-11,1060.74,M,1990-08-16,IBM Egypt,Primary,100174,,0.0,26,,,,NORM,175
1,Cairo Main,2023-03-12,150000,A,NEW,New,0,2026-03-22,World Elite Card,100,500,101241.88,48366.66,16826.0,2026-03-24,1686.21,F,1973-05-20,Amazon Egypt,Primary,100175,,0.0,37,,,,NEW,176
1,Cairo Main,2022-09-14,200000,A,NORM,Normal,0,2026-03-17,World Elite Card,0,1000,124804.65,75168.72,35893.37,2026-03-23,507.16,M,1996-04-23,Vodafone Egypt,Primary,100176,,0.0,43,,,,NORM,177
1,Cairo Main,2022-12-03,20000,A,NEW,New,0,2026-03-26,Classic Credit Card,100,1000,388.46,19332.27,2419.39,2026-03-04,580.77,F,1978-01-16,Ministry of Health,Primary,100177,,0.0,40,,,,NEW,178
10,Suez,2021-08-06,20000,A,NORM,Normal,0,2026-03-28,Cashback Card,100,500,7493.21,12221.5,991.21,2026-03-27,1158.02,F,1986-10-27,Juhayna,Primary,100178,,0.0,56,,,,NORM,179
10,Suez,2021-08-06,20000,A,NORM,Normal,0,2026-04-01,World Elite Card,100,500,11540.57,8204.09,2013.88,2026-03-02,1586.43,F,1986-10-27,Juhayna,Primary,100178,,0.0,56,,,,NORM,179
3,Alexandria,2022-10-16,150000,A,30DD,30 Days Delinquent,30,2026-03-31,Business Credit Card,200,500,28612.22,121027.17,16808.48,2026-03-07,632.53,F,1988-01-30,Self Employed,Primary,100179,,76037.36,42,,,,30DD,180
7,Luxor,2024-04-01,150000,A,NORM,Normal,0,2026-03-22,Platinum Credit Card,100,300,129053.96,20611.38,9525.73,2026-03-11,412.79,M,1978-09-07,Banque Misr,Secondary,100181,,0.0,24,,,,NORM,182
9,Ismailia,2020-02-20,5000,A,NORM,Normal,0,2026-03-21,Cashback Card,0,0,4356.21,605.54,1034.9,2026-03-16,63.32,M,1992-07-02,Talaat Moustafa Group,Secondary,100182,,0.0,74,,,,NORM,183
4,Mansoura,2020-05-05,50000,A,30DD,30 Days Delinquent,30,2026-03-26,Gold Credit Card,0,500,42246.41,7523.88,4075.11,2026-03-30,761.07,M,1981-07-03,Juhayna,Primary,100183,,1979.83,71,,,,30DD,184
4,Mansoura,2020-05-05,50000,A,90DA,90 Days Delinquent,90,2026-03-24,Travel Rewards Card,0,500,14590.89,35087.28,2796.8,2026-03-12,394.16,M,1981-07-03,Juhayna,Primary,100183,,29758.43,71,,,,90DA,184
4,Mansoura,2020-05-05,50000,A,30DD,30 Days Delinquent,30,2026-03-22,Platinum Credit Card,0,500,16364.17,33447.05,6909.18,2026-03-31,649.03,M,1981-07-03,Juhayna,Primary,100183,,24890.12,71,,,,30DD,184
4,Mansoura,2021-08-10,30000,A,NORM,Normal,0,2026-03-24,Cashback Card,200,300,20909.04,8977.05,8304.65,2026-03-11,532.04,F,1984-10-06,Microsoft Egypt,Primary,100184,,0.0,56,,,,NORM,185
2,Giza,2023-04-08,50000,A,NORM,Normal,0,2026-03-17,Titanium Credit Card,0,1000,36257.09,13709.18,4497.63,2026-03-04,1559.04,M,1996-01-05,El Sewedy Electric,Primary,100185,,0.0,36,,,,NORM,186
9,Ismailia,2024-06-30,75000,A,30DD,30 Days Delinquent,30,2026-04-01,Titanium Credit Card,100,500,13009.85,61893.67,13152.07,2026-03-28,213.61,M,1986-03-13,Juhayna,Primary,100186,,12889.03,21,,,,30DD,187
8,Zagazig,2023-07-03,100000,A,NEW,New,0,2026-03-29,Travel Rewards Card,500,150,-2544.62,97182.53,19211.24,2026-03-18,428.26,M,1992-06-15,Orascom,Primary,100187,,0.0,33,,,,NEW,188
8,Zagazig,2023-07-03,100000,A,NORM,Normal,0,2026-03-22,Platinum Credit Card,500,150,78989.88,20696.29,7362.6,2026-03-17,420.27,M,1992-06-15,Orascom,Primary,100187,,0.0,33,,,,NORM,188
1,Cairo Main,2019-07-18,20000,A,NORM,Normal,0,2026-03-17,Classic Credit Card,500,300,8558.74,11124.18,604.47,2026-03-21,75.17,M,1978-07-01,National Bank of Egypt,Primary,100188,,0.0,81,,,,NORM,189
1,Cairo Main,2019-07-18,20000,A,NORM,Normal,0,2026-03-19,Cashback Card,500,300,7619.17,12183.02,3858.15,2026-03-04,572.58,M,1978-07-01,National Bank of Egypt,Primary,100188,,0.0,81,,,,NORM,189
4,Mansoura,2019-08-14,75000,A,60DA,60 Days Delinquent,60,2026-03-30,Platinum Credit Card,500,1000,25348.25,49253.7,12840.31,2026-03-04,102.94,F,1986-05-01,National Bank of Egypt,Primary,100194,,11617.67,80,,,,60DA,195
9,Ismailia,2021-11-17,5000,A,30DD,30 Days Delinquent,30,2026-03-30,Classic Credit Card,200,1000,3562.4,1383.42,200.19,2026-03-23,1480.43,F,1993-06-09,CIB,Secondary,100195,,974.71,53,,,,30DD,196
5,Tanta,2023-01-20,100000,A,NORM,Normal,0,2026-03-20,Platinum Credit Card,500,150,7897.98,91956.49,3200.82,2026-03-21,134.75,F,1995-02-23,Elsewedy Capital,Primary,100196,,0.0,38,,,,NORM,197
4,Mansoura,2018-10-29,10000,A,NEW,New,0,2026-03-30,Cashback Card,100,500,8507.18,1324.1,759.28,2026-03-05,1057.56,F,1991-12-27,Talaat Moustafa Group,Primary,100197,,0.0,90,,,,NEW,198
9,Ismailia,2024-09-11,200000,A,NORM,Normal,0,2026-03-29,World Elite Card,500,0,139393.75,60446.5,6994.37,2026-03-11,1333.97,M,1964-03-04,Edita Food Industries,Primary,100199,,0.0,18,,,,NORM,200
6,Assiut,2020-10-07,100000,A,NORM,Normal,0,2026-03-23,Platinum Credit Card,0,150,75516.19,24052.42,19293.75,2026-03-28,320.06,F,1971-04-16,Military,Primary,100201,,0.0,66,,,,NORM,202
10,Suez,2021-09-11,100000,A,30DD,30 Days Delinquent,30,2026-03-30,World Elite Card,200,300,53798.45,45949.66,8527.31,2026-03-07,432.8,M,1977-01-15,Edita Food Industries,Primary,100202,,17766.49,55,,,,30DD,203
6,Assiut,2023-07-05,200000,A,NEW,New,0,2026-03-26,Platinum Credit Card,500,300,55981.57,143666.79,54076.83,2026-03-13,1160.98,M,1973-01-27,Elsewedy Capital,Secondary,100203,,0.0,33,,,,NEW,204
9,Ismailia,2024-03-03,5000,A,NORM,Normal,0,2026-03-27,Titanium Credit Card,0,500,384.14,4455.14,8.58,2026-03-28,1641.58,F,1968-01-26,Freelancer,Primary,100204,,0.0,25,,,,NORM,205
9,Ismailia,2024-03-03,5000,A,NORM,Normal,0,2026-03-23,Classic Credit Card,0,500,1863.68,2691.31,228.22,2026-03-12,1403.68,F,1968-01-26,Freelancer,Primary,100204,,0.0,25,,,,NORM,205
9,Ismailia,2024-03-03,5000,A,NORM,Normal,0,2026-03-21,Cashback Card,0,500,4643.39,99.87,780.86,2026-03-19,1248.48,F,1968-01-26,Freelancer,Primary,100204,,0.0,25,,,,NORM,205
5,Tanta,2019-09-24,75000,A,NEW,New,0,2026-03-29,Titanium Credit Card,500,1000,46918.75,28007.81,4198.9,2026-03-06,494.59,F,1989-07-18,Microsoft Egypt,Primary,100205,,0.0,79,,,,NEW,206
10,Suez,2018-12-15,10000,A,NORM,Normal,0,2026-03-19,Gold Credit Card,100,1000,8312.61,1523.92,1820.01,2026-03-28,624.34,M,1988-08-16,Elsewedy Capital,Primary,100206,,0.0,88,,,,NORM,207
7,Luxor,2018-02-13,10000,A,NORM,Normal,0,2026-03-26,Cashback Card,100,500,5712.28,4225.84,2726.58,2026-03-21,1591.79,F,1964-10-01,Talaat Moustafa Group,Primary,100207,,0.0,98,,,,NORM,208
3,Alexandria,2018-04-11,100000,A,90DA,90 Days Delinquent,90,2026-03-22,World Elite Card,0,150,48773.38,51213.9,5720.64,2026-03-15,1765.34,F,1975-06-22,CIB,Primary,100208,,6158.64,97,,,,90DA,209
9,Ismailia,2021-11-27,100000,A,NORM,Normal,0,2026-03-25,Platinum Credit Card,200,0,27726.91,71858.68,16008.61,2026-03-26,579.64,F,1981-08-30,CIB,Primary,100209,,0.0,52,,,,NORM,210
6,Assiut,2019-03-24,15000,A,NEW,New,0,2026-03-24,Cashback Card,100,300,13211.86,1301.72,3272.7,2026-03-27,789.07,F,1989-01-24,Elsewedy Capital,Secondary,100210,,0.0,85,,,,NEW,211
3,Alexandria,2022-11-06,75000,A,NORM,Normal,0,2026-03-27,Platinum Credit Card,500,500,11943.14,62639.34,17045.39,2026-03-23,483.48,M,1968-05-11,Vodafone Egypt,Primary,100211,,0.0,41,,,,NORM,212
2,Giza,2019-02-21,150000,A,NORM,Normal,0,2026-03-23,World Elite Card,500,0,110975.04,38618.19,21333.91,2026-03-31,1545.52,F,1985-11-24,Orascom,Primary,100212,,0.0,86,,,,NORM,213
6,Assiut,2022-05-11,200000,A,30DD,30 Days Delinquent,30,2026-03-17,Platinum Credit Card,200,500,133665.62,66008.47,39666.89,2026-03-13,1279.58,M,1986-10-11,Microsoft Egypt,Secondary,100213,,76320.42,47,,,,30DD,214
3,Alexandria,2022-04-21,75000,A,NORM,Normal,0,2026-03-31,Platinum Credit Card,100,500,27844.68,46986.3,17853.56,2026-03-05,40.93,F,1985-10-13,Orascom,Primary,100215,,0.0,48,,,,NORM,216
10,Suez,2023-12-21,30000,A,60DA,60 Days Delinquent,60,2026-03-20,Gold Credit Card,200,300,22355.54,7559.83,5189.02,2026-03-02,1296.21,F,1975-09-26,Military,Secondary,100221,,16738.35,27,,,,60DA,222
3,Alexandria,2022-08-13,5000,A,NORM,Normal,0,2026-03-25,Platinum Credit Card,100,150,4664.94,0.0,411.3,2026-03-11,704.56,F,1993-08-24,Talaat Moustafa Group,Secondary,100222,,0.0,44,,,,NORM,223
8,Zagazig,2024-07-11,5000,A,NORM,Normal,0,2026-03-17,Cashback Card,200,0,3212.32,1427.72,519.27,2026-03-05,1966.81,F,1974-09-06,National Bank of Egypt,Primary,100224,,0.0,20,,,,NORM,225
2,Giza,2019-10-10,100000,A,60DA,60 Days Delinquent,60,2026-03-20,Platinum Credit Card,100,150,53989.27,45614.55,23467.14,2026-03-17,1009.14,F,1998-06-21,Freelancer,Primary,100226,,24270.18,78,,,,60DA,227
6,Assiut,2018-12-04,50000,A,90DA,90 Days Delinquent,90,2026-03-22,Titanium Credit Card,100,500,16766.68,32848.97,14015.46,2026-03-06,1823.91,M,1971-03-26,Orascom,Primary,100227,,7511.56,89,,,,90DA,228
8,Zagazig,2019-06-28,200000,A,NORM,Normal,0,2026-03-21,Platinum Credit Card,0,0,108286.36,91302.04,33146.7,2026-03-08,555.81,F,1963-06-30,Elsewedy Capital,Secondary,100228,,0.0,82,,,,NORM,229
8,Zagazig,2020-07-26,75000,A,NORM,Normal,0,2026-03-26,Travel Rewards Card,200,300,63392.7,11315.95,7574.56,2026-03-25,1415.96,M,1963-03-06,National Bank of Egypt,Primary,100229,,0.0,69,,,,NORM,230
2,Giza,2024-03-16,200000,A,NORM,Normal,0,2026-03-28,Travel Rewards Card,0,300,-13607.92,186359.64,14241.06,2026-03-03,281.33,M,1971-02-17,Military,Primary,100232,,0.0,24,,,,NORM,233
2,Giza,2024-03-16,200000,A,NORM,Normal,0,2026-03-18,Platinum Credit Card,0,300,68159.92,131489.05,50596.69,2026-03-06,1736.75,M,1971-02-17,Military,Primary,100232,,0.0,24,,,,NORM,233
4,Mansoura,2018-09-05,75000,A,NORM,Normal,0,2026-03-28,Titanium Credit Card,500,500,27395.72,47263.28,16855.37,2026-03-03,1908.44,M,1961-10-14,Government,Primary,100235,,0.0,92,,,,NORM,236
3,Alexandria,2018-12-09,30000,A,NORM,Normal,0,2026-03-19,Classic Credit Card,100,1000,25449.48,4329.9,2854.56,2026-03-13,488.34,F,1972-06-12,National Bank of Egypt,Primary,100236,,0.0,89,,,,NORM,237
10,Suez,2022-02-15,15000,A,NORM,Normal,0,2026-03-21,Travel Rewards Card,0,150,11118.37,3759.9,1878.67,2026-03-14,1430.53,M,1967-06-27,Talaat Moustafa Group,Primary,100240,,0.0,50,,,,NORM,241
10,Suez,2022-02-15,15000,A,60DA,60 Days Delinquent,60,2026-03-24,Cashback Card,0,150,12953.7,1981.81,1370.48,2026-03-09,47.47,M,1967-06-27,Talaat Moustafa Group,Primary,100240,,4756.8,50,,,,60DA,241
1,Cairo Main,2022-01-30,75000,A,NORM,Normal,0,2026-03-19,Platinum Credit Card,500,150,-3913.63,70827.47,21881.59,2026-03-29,1268.81,F,1981-02-28,Banque Misr,Primary,100241,,0.0,50,,,,NORM,242
2,Giza,2022-03-08,10000,A,NORM,Normal,0,2026-03-30,Classic Credit Card,100,150,3678.96,5924.77,574.68,2026-03-07,563.1,M,1985-08-21,Government,Secondary,100242,,0.0,49,,,,NORM,243
5,Tanta,2021-06-26,50000,A,30DD,30 Days Delinquent,30,2026-03-24,Platinum Credit Card,200,150,20107.98,29434.64,9971.1,2026-03-31,375.42,F,1994-09-12,National Bank of Egypt,Primary,100243,,816.98,58,,,,30DD,244
4,Mansoura,2022-02-17,200000,A,NORM,Normal,0,2026-03-28,Business Credit Card,100,150,84070.87,115822.61,12295.85,2026-03-22,208.95,M,1980-10-22,Self Employed,Secondary,100244,,0.0,50,,,,NORM,245
4,Mansoura,2022-02-17,200000,A,NORM,Normal,0,2026-03-20,Travel Rewards Card,100,150,-6067.89,193909.62,1248.64,2026-03-05,3.89,M,1980-10-22,Self Employed,Secondary,100244,,0.0,50,,,,NORM,245
4,Mansoura,2022-02-17,200000,A,NORM,Normal,0,2026-03-22,Gold Credit Card,100,150,41382.15,158518.21,14064.77,2026-03-20,1920.09,M,1980-10-22,Self Employed,Secondary,100244,,0.0,50,,,,NORM,245
9,Ismailia,2018-02-09,50000,A,NORM,Normal,0,2026-03-28,Business Credit Card,200,0,10931.73,39044.61,7085.37,2026-03-27,1358.03,M,1975-07-16,Vodafone Egypt,Primary,100245,,0.0,99,,,,NORM,246
9,Ismailia,2018-02-09,50000,A,30DD,30 Days Delinquent,30,2026-03-30,Titanium Credit Card,200,0,13760.39,35862.1,6963.79,2026-03-10,978.24,M,1975-07-16,Vodafone Egypt,Primary,100245,,29868.05,99,,,,30DD,246
6,Assiut,2023-01-29,30000,A,NEW,New,0,2026-03-30,Classic Credit Card,100,1000,11638.66,18323.11,7108.51,2026-03-12,1066.06,M,1974-04-08,Elsewedy Capital,Primary,100248,,0.0,38,,,,NEW,249
8,Zagazig,2022-07-24,10000,A,30DD,30 Days Delinquent,30,2026-03-17,Classic Credit Card,500,300,5454.6,4223.79,125.16,2026-03-15,449.65,F,1974-02-01,Ministry of Health,Primary,100249,,4899.35,44,,,,30DD,250
3,Alexandria,2021-05-31,200000,A,NORM,Normal,0,2026-03-19,Platinum Credit Card,100,0,4550.91,195322.63,20494.96,2026-03-15,1858.79,M,1996-03-23,Orange Egypt,Secondary,100250,,0.0,58,,,,NORM,251
2,Giza,2018-09-10,20000,A,30DD,30 Days Delinquent,30,2026-03-23,Gold Credit Card,200,0,12397.41,7353.27,3943.92,2026-03-07,1455.83,F,1960-07-14,Banque Misr,Secondary,100252,,11706.53,92,,,,30DD,253
2,Giza,2022-12-22,15000,A,NORM,Normal,0,2026-03-22,Gold Credit Card,0,150,8365.46,6236.86,1565.26,2026-03-16,1020.0,F,1968-11-13,National Bank of Egypt,Secondary,100253,,0.0,39,,,,NORM,254
2,Giza,2022-12-22,15000,A,30DD,30 Days Delinquent,30,2026-03-20,Cashback Card,0,150,12787.97,2159.01,2869.02,2026-03-24,1440.59,F,1968-11-13,National Bank of Egypt,Secondary,100253,,8867.9,39,,,,30DD,254
2,Giza,2022-12-22,15000,A,NORM,Normal,0,2026-03-25,World Elite Card,0,150,12683.31,1903.07,2704.28,2026-03-07,1167.06,F,1968-11-13,National Bank of Egypt,Secondary,100253,,0.0,39,,,,NORM,254
1,Cairo Main,2022-10-14,15000,A,NORM,Normal,0,2026-03-25,Classic Credit Card,200,300,9119.79,5722.11,139.94,2026-03-18,1033.12,F,1977-03-02,IBM Egypt,Secondary,100254,,0.0,42,,,,NORM,255
4,Mansoura,2023-11-24,20000,A,NORM,Normal,0,2026-03-31,Gold Credit Card,500,1000,5068.09,14822.39,1917.66,2026-03-22,900.35,F,1988-10-29,Ministry of Health,Primary,100256,,0.0,28,,,,NORM,257
4,Mansoura,2023-11-27,100000,A,NEW,New,0,2026-04-01,World Elite Card,100,300,-8359.47,91168.74,2843.35,2026-03-03,1905.13,M,1960-11-22,Vodafone Egypt,Secondary,100261,,0.0,28,,,,NEW,262
1,Cairo Main,2024-07-30,15000,A,NORM,Normal,0,2026-03-31,Gold Credit Card,500,1000,5326.11,9289.09,1352.79,2026-03-16,1391.41,M,1966-08-17,CIB,Primary,100262,,0.0,20,,,,NORM,263
3,Alexandria,2022-11-25,100000,A,30DD,30 Days Delinquent,30,2026-03-18,Platinum Credit Card,100,1000,33514.95,66443.97,29389.86,2026-03-15,932.4,M,1992-11-06,Edita Food Industries,Primary,100263,,48409.66,40,,,,30DD,264
3,Alexandria,2018-01-08,200000,A,NORM,Normal,0,2026-03-23,Travel Rewards Card,200,1000,30859.38,168977.47,46593.49,2026-03-09,1319.23,M,1992-09-10,Microsoft Egypt,Primary,100264,,0.0,100,,,,NORM,265
3,Alexandria,2018-01-08,200000,A,NORM,Normal,0,2026-03-20,World Elite Card,200,1000,138490.68,61277.53,8076.23,2026-03-05,1318.81,M,1992-09-10,Microsoft Egypt,Primary,100264,,0.0,100,,,,NORM,265
6,Assiut,2019-03-19,5000,A,NORM,Normal,0,2026-03-31,Cashback Card,500,150,2268.83,2678.53,1402.34,2026-03-25,186.49,F,1971-07-07,Orange Egypt,Primary,100266,,0.0,85,,,,NORM,267
9,Ismailia,2019-02-20,100000,A,NORM,Normal,0,2026-03-24,World Elite Card,100,500,92647.66,7229.81,7423.82,2026-03-05,1844.65,M,1976-11-01,Cairo University,Primary,100267,,0.0,86,,,,NORM,268
1,Cairo Main,2020-12-05,10000,A,90DA,90 Days Delinquent,90,2026-03-30,Gold Credit Card,100,0,7563.7,2387.85,498.15,2026-03-20,1795.07,M,1974-04-18,National Bank of Egypt,Primary,100268,,4829.28,64,,,,90DA,269
1,Cairo Main,2019-11-07,200000,A,NORM,Normal,0,2026-03-24,World Elite Card,200,150,-15469.47,184394.92,54211.71,2026-03-17,395.62,M,1979-05-07,Amazon Egypt,Primary,100269,,0.0,77,,,,NORM,270
7,Luxor,2023-06-27,30000,A,NORM,Normal,0,2026-04-01,Gold Credit Card,100,300,7601.55,22343.84,598.15,2026-03-13,1280.16,F,1981-02-14,National Bank of Egypt,Primary,100272,,0.0,33,,,,NORM,273
5,Tanta,2023-03-20,30000,A,NORM,Normal,0,2026-03-26,Classic Credit Card,100,0,-2635.22,27313.55,6633.05,2026-03-11,105.52,M,1979-09-22,Elsewedy Capital,Primary,100273,,0.0,36,,,,NORM,274
5,Tanta,2023-03-20,30000,A,NORM,Normal,0,2026-03-24,Cashback Card,100,0,24441.01,5470.72,8799.94,2026-03-22,327.9,M,1979-09-22,Elsewedy Capital,Primary,100273,,0.0,36,,,,NORM,274
10,Suez,2024-03-17,5000,A,NORM,Normal,0,2026-03-19,Travel Rewards Card,500,1000,214.47,4398.05,179.88,2026-03-05,217.34,M,1970-03-16,Microsoft Egypt,Primary,100274,,0.0,24,,,,NORM,275
1,Cairo Main,2024-05-28,150000,A,90DA,90 Days Delinquent,90,2026-03-28,World Elite Card,0,500,90221.89,59467.52,13998.74,2026-03-08,826.17,M,1982-07-10,Cairo University,Secondary,100275,,64530.33,22,,,,90DA,276
4,Mansoura,2018-06-24,75000,A,90DA,90 Days Delinquent,90,2026-03-22,Business Credit Card,100,1000,34547.65,40026.84,4717.22,2026-03-07,1070.63,F,1965-08-29,National Bank of Egypt,Primary,100276,,15160.54,94,,,,90DA,277
4,Mansoura,2018-06-24,75000,A,NORM,Normal,0,2026-03-29,Titanium Credit Card,100,1000,34234.96,40405.12,14059.49,2026-03-30,539.42,F,1965-08-29,National Bank of Egypt,Primary,100276,,0.0,94,,,,NORM,277
4,Mansoura,2018-06-24,75000,A,30DD,30 Days Delinquent,30,2026-03-28,Gold Credit Card,100,1000,56840.92,17830.63,4116.88,2026-03-25,389.71,F,1965-08-29,National Bank of Egypt,Primary,100276,,43553.17,94,,,,30DD,277
7,Luxor,2022-06-16,150000,A,30DD,30 Days Delinquent,30,2026-03-22,Classic Credit Card,500,0,78423.0,71164.26,31214.9,2026-03-10,1751.79,F,1984-12-15,Edita Food Industries,Primary,100277,,46250.26,46,,,,30DD,278
7,Luxor,2022-06-16,150000,A,NORM,Normal,0,2026-03-22,Platinum Credit Card,500,0,66564.77,83267.2,41672.58,2026-03-16,91.14,F,1984-12-15,Edita Food Industries,Primary,100277,,0.0,46,,,,NORM,278
10,Suez,2019-02-15,10000,A,NEW,New,0,2026-03-18,Titanium Credit Card,500,300,5989.35,3966.64,2058.38,2026-03-03,1616.59,F,1994-01-07,Cairo University,Primary,100278,,0.0,86,,,,NEW,279
10,Suez,2019-02-15,10000,A,NORM,Normal,0,2026-03-27,Gold Credit Card,500,300,7277.81,2310.97,2736.21,2026-03-20,561.0,F,1994-01-07,Cairo University,Primary,100278,,0.0,86,,,,NORM,279
8,Zagazig,2019-12-07,30000,A,90DA,90 Days Delinquent,90,2026-03-20,Cashback Card,500,0,12508.73,17250.06,8187.72,2026-03-13,529.09,F,1961-09-05,Microsoft Egypt,Secondary,100279,,5492.3,76,,,,90DA,280
1,Cairo Main,2023-05-01,30000,A,30DD,30 Days Delinquent,30,2026-03-20,Gold Credit Card,200,300,-1931.4,27855.03,439.28,2026-03-31,1136.6,F,1993-06-14,IBM Egypt,Secondary,100280,,14617.82,35,,,,30DD,281
9,Ismailia,2019-10-14,10000,A,NORM,Normal,0,2026-04-01,Gold Credit Card,0,150,7446.85,2542.8,302.03,2026-03-28,1771.91,M,1995-07-03,Juhayna,Secondary,100282,,0.0,78,,,,NORM,283
9,Ismailia,2019-10-14,10000,A,NORM,Normal,0,2026-03-26,Cashback Card,0,150,3911.78,5658.37,759.84,2026-03-20,1206.1,M,1995-07-03,Juhayna,Secondary,100282,,0.0,78,,,,NORM,283
4,Mansoura,2023-02-13,5000,A,NORM,Normal,0,2026-03-25,Gold Credit Card,500,1000,3467.25,1502.53,1250.79,2026-03-12,282.67,F,1961-06-25,IBM Egypt,Primary,100283,,0.0,38,,,,NORM,284
4,Mansoura,2023-02-13,5000,A,30DD,30 Days Delinquent,30,2026-03-21,Cashback Card,500,1000,827.58,4156.88,595.71,2026-03-27,1336.86,F,1961-06-25,IBM Egypt,Primary,100283,,1909.17,38,,,,30DD,284
5,Tanta,2022-05-03,5000,A,NORM,Normal,0,2026-03-23,Classic Credit Card,100,150,-191.73,4395.65,1124.28,2026-03-09,493.05,F,1961-03-25,Orascom,Primary,100285,,0.0,47,,,,NORM,286
5,Tanta,2022-05-03,5000,A,60DA,60 Days Delinquent,60,2026-03-21,Travel Rewards Card,100,150,2169.71,2564.71,1406.75,2026-03-17,310.59,F,1961-03-25,Orascom,Primary,100285,,2869.34,47,,,,60DA,286
5,Tanta,2019-03-19,100000,A,60DA,60 Days Delinquent,60,2026-03-28,Platinum Credit Card,200,300,84734.67,15184.63,6260.06,2026-03-04,951.59,F,1973-05-22,National Bank of Egypt,Primary,100288,,36182.23,85,,,,60DA,289
3,Alexandria,2020-09-11,5000,A,NORM,Normal,0,2026-03-24,Gold Credit Card,100,0,1645.44,2946.71,1065.74,2026-03-07,1956.99,F,1983-03-16,Military,Secondary,100289,,0.0,67,,,,NORM,290
7,Luxor,2018-05-25,200000,A,NORM,Normal,0,2026-03-27,Travel Rewards Card,100,1000,173833.28,25998.54,21994.99,2026-03-29,1104.86,F,1977-06-01,Cairo University,Secondary,100290,,0.0,95,,,,NORM,291
7,Luxor,2018-05-25,200000,A,NORM,Normal,0,2026-03-28,Platinum Credit Card,100,1000,-3314.43,196624.19,954.49,2026-03-31,1414.7,F,1977-06-01,Cairo University,Secondary,100290,,0.0,95,,,,NORM,291
4,Mansoura,2020-07-03,30000,A,30DD,30 Days Delinquent,30,2026-03-18,Gold Credit Card,200,500,2345.81,27181.03,6463.5,2026-03-27,1559.69,M,1975-12-08,Amazon Egypt,Primary,100292,,9703.05,69,,,,30DD,293
10,Suez,2023-04-19,20000,A,NORM,Normal,0,2026-03-26,Cashback Card,500,1000,13792.18,5797.86,5968.68,2026-03-17,1462.82,F,1963-03-12,Government,Primary,100293,,0.0,35,,,,NORM,294
4,Mansoura,2022-08-04,200000,A,NORM,Normal,0,2026-03-27,World Elite Card,0,500,72497.84,127020.47,36474.67,2026-03-07,159.62,F,1975-05-16,Freelancer,Primary,100294,,0.0,44,,,,NORM,295
1,Cairo Main,2023-01-26,30000,A,NORM,Normal,0,2026-03-20,Cashback Card,100,500,3101.87,26584.11,2262.43,2026-03-09,1912.83,M,1960-03-18,El Sewedy Electric,Primary,100295,,0.0,38,,,,NORM,296
7,Luxor,2023-05-10,75000,A,30DD,30 Days Delinquent,30,2026-03-17,Platinum Credit Card,200,0,54499.67,20014.7,7723.49,2026-03-04,136.57,F,1979-03-31,Vodafone Egypt,Primary,100296,,41726.79,35,,,,30DD,297
3,Alexandria,2018-07-07,30000,A,NORM,Normal,0,2026-03-21,Cashback Card,200,500,14517.58,15371.43,5987.39,2026-03-13,103.48,M,1962-12-05,Juhayna,Primary,100298,,0.0,94,,,,NORM,299
4,Mansoura,2022-07-11,5000,A,30DD,30 Days Delinquent,30,2026-03-28,Classic Credit Card,100,0,3916.81,849.65,1356.84,2026-03-28,1224.6,M,1967-05-25,Elsewedy Capital,Primary,100299,,2624.98,45,,,,30DD,300
7,Luxor,2024-02-20,30000,A,NORM,Normal,0,2026-03-27,Gold Credit Card,0,300,19559.73,10440.14,529.13,2026-03-27,55.04,F,1965-07-17,Self Employed,Primary,100301,,0.0,25,,,,NORM,302
10,Suez,2019-07-16,75000,A,60DA,60 Days Delinquent,60,2026-03-24,Platinum Credit Card,200,0,30110.14,44454.15,2727.87,2026-03-13,694.34,M,1987-03-02,CIB,Primary,100302,,42497.65,81,,,,60DA,303
5,Tanta,2023-11-13,20000,A,NORM,Normal,0,2026-03-31,Gold Credit Card,500,150,18915.29,734.87,3421.41,2026-03-07,262.81,F,1997-04-19,IBM Egypt,Primary,100303,,0.0,29,,,,NORM,304
5,Tanta,2023-11-13,20000,A,NORM,Normal,0,2026-03-18,Cashback Card,500,150,15070.05,4524.6,5441.6,2026-03-03,1892.15,F,1997-04-19,IBM Egypt,Primary,100303,,0.0,29,,,,NORM,304
2,Giza,2024-06-09,100000,A,NORM,Normal,0,2026-03-26,Classic Credit Card,200,150,27881.74,71723.48,886.68,2026-03-26,27.52,F,1964-12-14,Banque Misr,Secondary,100304,,0.0,22,,,,NORM,305
2,Giza,2024-06-09,100000,A,NORM,Normal,0,2026-03-25,World Elite Card,200,150,-8762.34,90760.29,22027.35,2026-03-28,1865.51,F,1964-12-14,Banque Misr,Secondary,100304,,0.0,22,,,,NORM,305
8,Zagazig,2019-02-13,15000,A,NORM,Normal,0,2026-03-17,Titanium Credit Card,500,0,6583.48,8143.39,2221.31,2026-03-20,649.08,M,1962-03-31,Orange Egypt,Secondary,100305,,0.0,86,,,,NORM,306
8,Zagazig,2019-02-13,15000,A,60DA,60 Days Delinquent,60,2026-03-23,Gold Credit Card,500,0,3824.83,10679.72,2587.68,2026-03-28,670.52,M,1962-03-31,Orange Egypt,Secondary,100305,,5495.46,86,,,,60DA,306
3,Alexandria,2019-11-30,50000,A,NORM,Normal,0,2026-03-19,Titanium Credit Card,0,300,38514.37,11266.76,13518.85,2026-03-19,1244.05,F,1989-10-03,IBM Egypt,Primary,100306,,0.0,77,,,,NORM,307
3,Alexandria,2019-11-30,50000,A,60DA,60 Days Delinquent,60,2026-03-29,Travel Rewards Card,0,300,1716.64,48194.37,5086.75,2026-03-14,576.07,F,1989-10-03,IBM Egypt,Primary,100306,,13162.83,77,,,,60DA,307
8,Zagazig,2022-04-29,100000,A,90DA,90 Days Delinquent,90,2026-03-22,World Elite Card,0,150,-5867.19,93736.2,19539.03,2026-03-23,1826.61,M,1972-03-11,Amazon Egypt,Secondary,100307,,55172.06,47,,,,90DA,308
7,Luxor,2023-06-01,200000,A,60DA,60 Days Delinquent,60,2026-03-24,Platinum Credit Card,200,1000,124642.71,74903.96,29219.64,2026-03-19,1324.8,M,1986-07-01,Freelancer,Secondary,100308,,17975.27,34,,,,60DA,309
1,Cairo Main,2019-10-05,150000,A,60DA,60 Days Delinquent,60,2026-03-21,Business Credit Card,100,0,90842.47,58810.04,33109.91,2026-03-04,1065.8,F,1960-07-09,Self Employed,Primary,100311,,50945.76,79,,,,60DA,312
1,Cairo Main,2019-10-05,150000,A,NORM,Normal,0,2026-03-19,Travel Rewards Card,100,0,82743.59,66777.54,3871.94,2026-03-19,915.46,F,1960-07-09,Self Employed,Primary,100311,,0.0,79,,,,NORM,312
1,Cairo Main,2020-07-01,150000,A,NORM,Normal,0,2026-03-25,World Elite Card,0,500,52534.66,96990.53,22680.17,2026-03-12,1306.24,F,1982-09-27,Microsoft Egypt,Secondary,100312,,0.0,70,,,,NORM,313
8,Zagazig,2021-07-18,10000,A,NORM,Normal,0,2026-03-30,Business Credit Card,0,500,5417.08,4424.4,1363.54,2026-03-30,1934.03,F,1980-01-20,Self Employed,Primary,100313,,0.0,57,,,,NORM,314
8,Zagazig,2021-07-18,10000,A,NORM,Normal,0,2026-03-21,Classic Credit Card,0,500,1233.99,8344.25,1293.48,2026-03-23,1351.58,F,1980-01-20,Self Employed,Primary,100313,,0.0,57,,,,NORM,314
2,Giza,2024-10-10,200000,A,30DD,30 Days Delinquent,30,2026-03-18,Travel Rewards Card,500,300,189651.9,9884.95,14810.87,2026-03-02,1093.16,F,1995-07-08,Juhayna,Secondary,100314,,31412.29,17,,,,30DD,315
2,Giza,2024-10-10,200000,A,NORM,Normal,0,2026-03-20,World Elite Card,500,300,-19423.98,180556.38,37695.97,2026-03-25,689.12,F,1995-07-08,Juhayna,Secondary,100314,,0.0,17,,,,NORM,315
6,Assiut,2024-12-13,200000,A,30DD,30 Days Delinquent,30,2026-03-27,Platinum Credit Card,500,0,138938.85,60644.31,56428.44,2026-03-24,939.25,M,1985-02-15,Self Employed,Primary,100315,,92927.94,15,,,,30DD,316
6,Assiut,2021-04-10,150000,A,NORM,Normal,0,2026-03-17,World Elite Card,0,150,38910.6,110841.24,6344.25,2026-03-19,1980.45,F,1975-12-06,Government,Primary,100316,,0.0,60,,,,NORM,317
5,Tanta,2020-03-13,20000,A,NEW,New,0,2026-03-28,Gold Credit Card,200,0,10098.25,9507.91,690.83,2026-03-24,1411.28,F,1987-05-27,CIB,Primary,100317,,0.0,73,,,,NEW,318
5,Tanta,2020-03-13,20000,A,NORM,Normal,0,2026-04-01,Cashback Card,200,0,14287.46,5522.21,41.44,2026-03-14,1750.92,F,1987-05-27,CIB,Primary,100317,,0.0,73,,,,NORM,318
8,Zagazig,2024-08-10,150000,A,NORM,Normal,0,2026-03-31,Classic Credit Card,500,1000,62349.1,87382.05,18326.9,2026-03-12,1395.57,F,1980-07-07,Banque Misr,Secondary,100318,,0.0,19,,,,NORM,319
8,Zagazig,2024-08-10,150000,A,NORM,Normal,0,2026-03-25,Travel Rewards Card,500,1000,16844.08,132700.9,3292.87,2026-03-02,1643.63,F,1980-07-07,Banque Misr,Secondary,100318,,0.0,19,,,,NORM,319
8,Zagazig,2024-08-10,150000,A,NORM,Normal,0,2026-03-24,World Elite Card,500,1000,88042.16,61895.34,23201.22,2026-03-18,1233.06,F,1980-07-07,Banque Misr,Secondary,100318,,0.0,19,,,,NORM,319
3,Alexandria,2019-06-10,10000,A,60DA,60 Days Delinquent,60,2026-03-17,Cashback Card,200,1000,9478.64,299.46,1323.57,2026-03-31,1602.54,F,1992-10-07,Microsoft Egypt,Primary,100319,,4460.7,82,,,,60DA,320
5,Tanta,2021-11-05,30000,A,NORM,Normal,0,2026-03-24,Classic Credit Card,200,1000,-2215.84,27647.98,3395.94,2026-03-05,1574.36,F,1977-11-05,Freelancer,Primary,100320,,0.0,53,,,,NORM,321
5,Tanta,2021-11-05,30000,A,NORM,Normal,0,2026-03-30,Cashback Card,200,1000,11021.9,18481.67,7055.41,2026-03-08,1459.14,F,1977-11-05,Freelancer,Primary,100320,,0.0,53,,,,NORM,321
4,Mansoura,2021-04-05,50000,A,60DA,60 Days Delinquent,60,2026-03-30,Business Credit Card,200,0,47071.23,2482.9,5812.79,2026-03-17,1320.64,F,1969-05-28,Banque Misr,Primary,100321,,8869.5,60,,,,60DA,322
4,Mansoura,2021-04-05,50000,A,60DA,60 Days Delinquent,60,2026-03-27,Travel Rewards Card,200,0,39498.99,10310.22,10538.01,2026-03-18,1749.97,F,1969-05-28,Banque Misr,Primary,100321,,15360.15,60,,,,60DA,322
10,Suez,2024-04-20,20000,A,NORM,Normal,0,2026-03-27,Cashback Card,200,0,2304.04,17586.56,5217.11,2026-03-05,245.35,F,1998-12-08,Ministry of Health,Primary,100324,,0.0,23,,,,NORM,325
1,Cairo Main,2020-10-26,20000,A,30DD,30 Days Delinquent,30,2026-04-01,Gold Credit Card,200,1000,-1499.98,18269.51,1269.73,2026-03-27,578.94,M,1960-07-31,Military,Primary,100325,,9955.31,66,,,,30DD,326
1,Cairo Main,2020-10-26,20000,A,NORM,Normal,0,2026-03-17,Travel Rewards Card,200,1000,8740.58,10797.92,2106.64,2026-03-17,142.14,M,1960-07-31,Military,Primary,100325,,0.0,66,,,,NORM,326
8,Zagazig,2018-11-02,15000,A,NORM,Normal,0,2026-03-29,Cashback Card,500,300,7131.89,7449.2,2595.29,2026-03-03,803.74,F,1967-12-16,Orascom,Primary,100326,,0.0,90,,,,NORM,327
6,Assiut,2021-07-25,150000,A,NORM,Normal,0,2026-03-22,Travel Rewards Card,500,1000,73536.86,76400.28,22506.03,2026-03-08,1699.74,F,1963-04-09,Elsewedy Capital,Primary,100328,,0.0,57,,,,NORM,329
6,Assiut,2021-07-25,150000,A,NORM,Normal,0,2026-03-30,World Elite Card,500,1000,53636.98,96198.25,14429.49,2026-03-26,982.02,F,1963-04-09,Elsewedy Capital,Primary,100328,,0.0,57,,,,NORM,329
6,Assiut,2022-01-17,30000,A,NORM,Normal,0,2026-03-17,Titanium Credit Card,0,0,15056.63,14674.73,4455.97,2026-03-27,1992.14,F,1974-11-07,El Sewedy Electric,Primary,100329,,0.0,51,,,,NORM,330
6,Assiut,2022-01-17,30000,A,NORM,Normal,0,2026-03-30,Cashback Card,0,0,6421.22,23440.84,1499.5,2026-03-18,1373.88,F,1974-11-07,El Sewedy Electric,Primary,100329,,0.0,51,,,,NORM,330
6,Assiut,2022-01-17,30000,A,NEW,New,0,2026-03-18,World Elite Card,0,0,18808.76,10984.16,5465.92,2026-03-12,1567.27,F,1974-11-07,El Sewedy Electric,Primary,100329,,0.0,51,,,,NEW,330
4,Mansoura,2021-08-07,75000,A,NORM,Normal,0,2026-03-20,Titanium Credit Card,0,1000,33937.19,40670.25,6201.66,2026-03-30,1600.81,F,1961-10-15,CIB,Primary,100330,,0.0,56,,,,NORM,331
8,Zagazig,2021-04-29,20000,A,NORM,Normal,0,2026-03-25,Classic Credit Card,100,1000,6712.6,12807.35,1213.02,2026-03-30,324.45,M,1961-12-19,Edita Food Industries,Primary,100331,,0.0,59,,,,NORM,332
2,Giza,2018-08-11,15000,A,NORM,Normal,0,2026-03-22,Cashback Card,100,300,-1162.13,13661.05,2257.95,2026-03-21,1046.14,F,1963-04-15,Talaat Moustafa Group,Primary,100333,,0.0,93,,,,NORM,334
6,Assiut,2022-05-15,10000,A,NORM,Normal,0,2026-03-29,Cashback Card,0,1000,401.01,9454.22,460.44,2026-03-19,687.21,M,1960-10-03,Ministry of Health,Primary,100334,,0.0,47,,,,NORM,335
9,Ismailia,2021-04-02,30000,A,NORM,Normal,0,2026-03-26,Gold Credit Card,500,500,9980.15,19791.12,2276.56,2026-03-17,634.76,M,1964-10-04,Military,Primary,100335,,0.0,60,,,,NORM,336
3,Alexandria,2022-05-21,150000,A,NORM,Normal,0,2026-03-19,Travel Rewards Card,200,0,23041.9,126783.55,17883.75,2026-03-18,1946.75,M,1993-06-30,Juhayna,Primary,100336,,0.0,47,,,,NORM,337
3,Alexandria,2022-05-21,150000,A,NORM,Normal,0,2026-03-21,World Elite Card,200,0,140453.75,9142.31,24417.41,2026-03-06,1421.18,M,1993-06-30,Juhayna,Primary,100336,,0.0,47,,,,NORM,337
5,Tanta,2019-04-15,15000,A,NORM,Normal,0,2026-03-29,Titanium Credit Card,0,300,-776.91,14161.76,2766.28,2026-03-13,1549.83,M,1968-09-18,Cairo University,Primary,100338,,0.0,84,,,,NORM,339
8,Zagazig,2022-01-02,15000,A,90DA,90 Days Delinquent,90,2026-03-23,Cashback Card,0,150,1147.9,13754.14,3078.02,2026-03-14,274.78,F,1974-11-03,Elsewedy Capital,Primary,100339,,7314.51,51,,,,90DA,340
5,Tanta,2024-07-20,15000,A,NEW,New,0,2026-03-26,Gold Credit Card,500,150,4199.73,10741.81,4347.46,2026-03-17,868.21,M,1991-02-08,Cairo University,Primary,100340,,0.0,20,,,,NEW,341
5,Tanta,2022-01-12,15000,A,30DD,30 Days Delinquent,30,2026-03-28,Gold Credit Card,200,500,11705.7,2851.08,3656.94,2026-03-31,1309.96,M,1997-09-07,Edita Food Industries,Primary,100341,,913.2,51,,,,30DD,342
10,Suez,2018-05-31,150000,A,NORM,Normal,0,2026-03-31,Platinum Credit Card,100,300,107195.68,42403.49,28662.38,2026-03-13,1267.82,F,1969-07-17,Talaat Moustafa Group,Primary,100343,,0.0,95,,,,NORM,344
3,Alexandria,2024-05-08,200000,A,NORM,Normal,0,2026-03-25,Classic Credit Card,100,500,-291.4,199540.31,24482.06,2026-03-11,1203.25,M,1968-01-14,Banque Misr,Primary,100345,,0.0,23,,,,NORM,346
1,Cairo Main,2020-04-26,150000,A,NORM,Normal,0,2026-03-31,Platinum Credit Card,0,0,91091.47,58862.86,12443.19,2026-03-24,1286.41,F,1989-12-28,IBM Egypt,Primary,100346,,0.0,72,,,,NORM,347
5,Tanta,2024-02-08,200000,A,NORM,Normal,0,2026-03-30,Platinum Credit Card,200,1000,178323.94,21378.41,31623.17,2026-03-22,1345.13,M,1985-12-15,Orascom,Primary,100347,,0.0,26,,,,NORM,348
9,Ismailia,2021-12-16,50000,A,NORM,Normal,0,2026-03-25,World Elite Card,0,1000,34898.26,14728.93,3185.37,2026-03-04,1883.32,M,1978-03-16,Self Employed,Primary,100348,,0.0,52,,,,NORM,349
9,Ismailia,2021-02-24,20000,A,NEW,New,0,2026-03-18,Gold Credit Card,0,150,15954.34,3725.83,5291.83,2026-03-12,48.89,F,1988-11-11,Banque Misr,Secondary,100349,,0.0,62,,,,NEW,350
8,Zagazig,2020-05-13,200000,A,NORM,Normal,0,2026-04-01,Platinum Credit Card,0,150,-19179.01,180357.05,12132.7,2026-03-31,936.11,M,1981-06-27,Orascom,Primary,100350,,0.0,71,,,,NORM,351
3,Alexandria,2023-10-01,5000,A,NORM,Normal,0,2026-03-25,Classic Credit Card,200,150,2425.63,2456.57,492.82,2026-03-09,1877.41,F,1988-03-28,Cairo University,Primary,100351,,0.0,30,,,,NORM,352
5,Tanta,2020-06-06,100000,A,NORM,Normal,0,2026-03-19,Travel Rewards Card,100,1000,81333.95,18428.69,19292.08,2026-03-16,709.2,M,1963-11-05,Military,Primary,100352,,0.0,70,,,,NORM,353
5,Tanta,2020-06-06,100000,A,NORM,Normal,0,2026-03-25,Platinum Credit Card,100,1000,31772.88,68008.33,13314.39,2026-03-16,675.11,M,1963-11-05,Military,Primary,100352,,0.0,70,,,,NORM,353
5,Tanta,2020-06-06,100000,A,NORM,Normal,0,2026-03-20,World Elite Card,100,1000,87308.99,12546.96,28128.28,2026-03-26,812.57,M,1963-11-05,Military,Primary,100352,,0.0,70,,,,NORM,353
3,Alexandria,2021-11-04,100000,A,NORM,Normal,0,2026-03-28,World Elite Card,500,500,83588.1,16288.37,6514.67,2026-03-07,1214.43,M,1992-06-26,Military,Primary,100353,,0.0,53,,,,NORM,354
9,Ismailia,2022-09-16,15000,A,NORM,Normal,0,2026-03-31,Gold Credit Card,0,1000,9647.89,4935.98,4327.74,2026-03-20,1867.47,M,1990-09-12,Military,Primary,100354,,0.0,43,,,,NORM,355
9,Ismailia,2018-01-05,75000,A,NORM,Normal,0,2026-03-31,Platinum Credit Card,500,150,62170.3,12414.45,5008.13,2026-03-24,873.33,F,1997-02-13,Government,Primary,100355,,0.0,100,,,,NORM,356
10,Suez,2024-06-17,10000,A,NORM,Normal,0,2026-03-22,Gold Credit Card,100,0,7974.12,1756.08,1839.1,2026-03-03,1008.49,F,1996-02-03,Amazon Egypt,Primary,100356,,0.0,21,,,,NORM,357
7,Luxor,2024-04-02,100000,A,NORM,Normal,0,2026-03-30,Platinum Credit Card,200,300,15454.14,84197.45,10878.95,2026-03-17,1897.87,F,1984-10-06,Orascom,Primary,100359,,0.0,24,,,,NORM,360
9,Ismailia,2024-09-13,5000,A,NORM,Normal,0,2026-03-24,Gold Credit Card,0,150,820.0,3983.06,1314.83,2026-03-19,580.2,F,1972-11-06,Orascom,Primary,100362,,0.0,18,,,,NORM,363
9,Ismailia,2020-08-06,200000,A,NORM,Normal,0,2026-03-30,Platinum Credit Card,100,0,13677.3,185933.63,48501.83,2026-03-18,505.77,M,1991-05-01,Orascom,Primary,100363,,0.0,68,,,,NORM,364
6,Assiut,2022-06-07,75000,A,NORM,Normal,0,2026-03-18,Platinum Credit Card,0,0,52361.61,22176.75,167.75,2026-03-30,1258.5,F,1990-01-14,Cairo University,Primary,100364,,0.0,46,,,,NORM,365
6,Assiut,2021-02-06,20000,A,NORM,Normal,0,2026-03-22,Classic Credit Card,200,150,16673.01,3106.27,4306.82,2026-03-24,314.42,F,1975-08-03,Military,Primary,100365,,0.0,62,,,,NORM,366
6,Assiut,2021-02-06,20000,A,NEW,New,0,2026-03-22,Gold Credit Card,200,150,15790.75,3955.61,5295.01,2026-03-17,1337.31,F,1975-08-03,Military,Primary,100365,,0.0,62,,,,NEW,366
6,Assiut,2021-02-06,20000,A,NORM,Normal,0,2026-03-26,Cashback Card,200,150,10633.28,9257.57,3242.44,2026-03-20,78.98,F,1975-08-03,Military,Primary,100365,,0.0,62,,,,NORM,366
9,Ismailia,2021-10-24,10000,A,NORM,Normal,0,2026-03-28,Business Credit Card,200,500,-544.43,9425.57,1268.99,2026-03-11,684.21,F,1973-03-14,Government,Primary,100366,,0.0,54,,,,NORM,367
9,Ismailia,2021-10-24,10000,A,NORM,Normal,0,2026-04-01,World Elite Card,200,500,4034.06,5689.57,927.2,2026-03-17,482.66,F,1973-03-14,Government,Primary,100366,,0.0,54,,,,NORM,367
8,Zagazig,2023-03-03,200000,A,NORM,Normal,0,2026-03-20,Platinum Credit Card,0,500,68443.05,131448.65,11028.63,2026-03-22,707.41,M,1990-07-29,Vodafone Egypt,Primary,100367,,0.0,37,,,,NORM,368
7,Luxor,2023-10-17,150000,A,NORM,Normal,0,2026-03-22,Platinum Credit Card,0,500,16609.62,133329.84,14067.39,2026-03-25,1945.73,F,1975-11-03,Vodafone Egypt,Primary,100368,,0.0,29,,,,NORM,369
4,Mansoura,2020-10-19,200000,A,NORM,Normal,0,2026-03-22,World Elite Card,0,0,127763.49,71953.35,54787.15,2026-03-18,1578.14,F,1969-02-04,IBM Egypt,Primary,100370,,0.0,66,,,,NORM,371
8,Zagazig,2024-12-17,50000,A,NORM,Normal,0,2026-03-25,Business Credit Card,200,500,36246.16,13433.56,11536.95,2026-03-02,1410.68,M,1976-08-25,Self Employed,Secondary,100371,,0.0,15,,,,NORM,372
8,Zagazig,2024-12-17,50000,A,NORM,Normal,0,2026-03-24,World Elite Card,200,500,11525.78,38383.05,12645.11,2026-03-08,1031.67,M,1976-08-25,Self Employed,Secondary,100371,,0.0,15,,,,NORM,372
7,Luxor,2024-06-20,15000,A,60DA,60 Days Delinquent,60,2026-03-30,Gold Credit Card,500,1000,-109.66,14608.36,3992.86,2026-03-21,1464.71,M,1969-12-17,Orange Egypt,Primary,100372,,2064.1,21,,,,60DA,373
8,Zagazig,2023-10-24,100000,A,NORM,Normal,0,2026-03-26,World Elite Card,100,500,40395.5,59310.56,11047.98,2026-03-08,906.32,M,1965-05-26,Edita Food Industries,Primary,100373,,0.0,29,,,,NORM,374
3,Alexandria,2020-12-12,20000,A,NORM,Normal,0,2026-03-28,Cashback Card,200,300,8178.13,11615.26,1638.09,2026-03-22,1871.43,M,1984-08-09,Talaat Moustafa Group,Primary,100374,,0.0,64,,,,NORM,375
6,Assiut,2022-06-29,30000,A,NORM,Normal,0,2026-03-30,Classic Credit Card,100,0,-1191.34,28499.25,4246.78,2026-03-14,441.36,F,1976-05-17,Freelancer,Secondary,100375,,0.0,45,,,,NORM,376
7,Luxor,2019-08-21,15000,A,NORM,Normal,0,2026-03-26,Business Credit Card,500,500,1318.27,13401.95,548.37,2026-03-12,723.41,M,1968-10-17,Self Employed,Secondary,100376,,0.0,80,,,,NORM,377
6,Assiut,2023-06-17,30000,A,90DA,90 Days Delinquent,90,2026-03-24,Cashback Card,0,500,18221.8,11306.1,3547.11,2026-03-27,51.15,M,1995-03-24,Talaat Moustafa Group,Primary,100377,,5848.21,33,,,,90DA,378
4,Mansoura,2024-06-16,150000,A,NEW,New,0,2026-03-20,Business Credit Card,500,500,18455.78,131044.86,13232.61,2026-03-16,915.81,M,1985-11-16,Orascom,Primary,100379,,0.0,21,,,,NEW,380
4,Mansoura,2024-06-16,150000,A,30DD,30 Days Delinquent,30,2026-03-19,Travel Rewards Card,500,500,-7078.15,142433.36,13981.67,2026-03-19,1961.08,M,1985-11-16,Orascom,Primary,100379,,45767.3,21,,,,30DD,380
4,Mansoura,2024-06-16,150000,A,NORM,Normal,0,2026-04-01,Platinum Credit Card,500,500,33605.71,116113.29,19414.33,2026-03-10,1360.01,M,1985-11-16,Orascom,Primary,100379,,0.0,21,,,,NORM,380
3,Alexandria,2019-11-18,50000,A,30DD,30 Days Delinquent,30,2026-03-21,Titanium Credit Card,0,0,11238.08,38502.9,13181.95,2026-03-08,1810.84,M,1998-12-12,Amazon Egypt,Primary,100380,,15413.99,77,,,,30DD,381
5,Tanta,2020-12-31,200000,A,NORM,Normal,0,2026-03-19,Platinum Credit Card,200,1000,48665.64,151044.72,20051.87,2026-03-11,330.33,F,1991-11-13,Microsoft Egypt,Primary,100381,,0.0,63,,,,NORM,382
3,Alexandria,2020-08-19,30000,A,NORM,Normal,0,2026-03-26,Gold Credit Card,0,0,2807.41,27002.43,6757.03,2026-03-27,1614.39,M,1992-08-23,National Bank of Egypt,Secondary,100382,,0.0,68,,,,NORM,383
3,Alexandria,2023-11-28,15000,A,90DA,90 Days Delinquent,90,2026-03-27,Gold Credit Card,200,500,9707.77,5055.44,3069.11,2026-03-17,384.87,F,1965-11-20,Vodafone Egypt,Secondary,100384,,966.24,28,,,,90DA,385
9,Ismailia,2019-07-08,150000,A,60DA,60 Days Delinquent,60,2026-03-20,Platinum Credit Card,500,1000,22951.73,126729.25,44016.35,2026-03-18,210.71,F,1979-12-15,Orascom,Secondary,100385,,78833.85,81,,,,60DA,386
4,Mansoura,2019-01-02,100000,A,NORM,Normal,0,2026-03-30,Platinum Credit Card,100,300,88420.81,11430.06,21866.03,2026-03-19,1093.69,M,1996-02-05,Juhayna,Primary,100386,,0.0,88,,,,NORM,387
5,Tanta,2024-01-01,5000,A,30DD,30 Days Delinquent,30,2026-03-21,Platinum Credit Card,0,500,4671.14,0.0,1020.27,2026-03-06,166.77,F,1981-01-17,Self Employed,Primary,100387,,2384.78,27,,,,30DD,388
5,Tanta,2023-02-09,200000,A,NORM,Normal,0,2026-03-30,Platinum Credit Card,100,300,62958.83,136670.57,16071.31,2026-03-18,1609.0,M,1964-12-13,Freelancer,Primary,100390,,0.0,38,,,,NORM,391
3,Alexandria,2021-03-01,30000,A,60DA,60 Days Delinquent,60,2026-03-25,Classic Credit Card,100,0,21884.55,8013.7,5422.21,2026-03-06,1263.28,M,1964-08-02,Banque Misr,Primary,100391,,17397.23,61,,,,60DA,392
3,Alexandria,2021-03-01,30000,A,30DD,30 Days Delinquent,30,2026-04-01,Cashback Card,100,0,22422.17,7532.3,1419.77,2026-03-02,153.56,M,1964-08-02,Banque Misr,Primary,100391,,12285.35,61,,,,30DD,392
7,Luxor,2023-08-04,50000,A,NORM,Normal,0,2026-03-28,Platinum Credit Card,200,0,21311.65,28504.82,466.19,2026-03-11,480.92,M,1973-12-22,Freelancer,Primary,100392,,0.0,32,,,,NORM,393
9,Ismailia,2020-01-14,20000,A,NORM,Normal,0,2026-03-20,Classic Credit Card,100,500,1189.95,18773.45,1169.08,2026-03-05,1274.32,F,1981-02-01,Talaat Moustafa Group,Primary,100393,,0.0,75,,,,NORM,394
9,Ismailia,2020-01-14,20000,A,90DA,90 Days Delinquent,90,2026-03-27,Cashback Card,100,500,12256.68,7597.78,3319.88,2026-03-29,970.07,F,1981-02-01,Talaat Moustafa Group,Primary,100393,,556.01,75,,,,90DA,394
8,Zagazig,2019-01-20,150000,A,NORM,Normal,0,2026-03-31,Platinum Credit Card,200,150,4245.43,145457.17,19190.12,2026-03-26,1667.49,M,1992-12-25,El Sewedy Electric,Primary,100394,,0.0,87,,,,NORM,395
2,Giza,2023-05-26,30000,A,NORM,Normal,0,2026-03-29,Classic Credit Card,100,0,7952.04,22038.88,7633.53,2026-03-24,1326.17,M,1971-05-13,El Sewedy Electric,Primary,100395,,0.0,34,,,,NORM,396
3,Alexandria,2021-02-04,200000,A,NORM,Normal,0,2026-04-01,World Elite Card,0,0,113476.82,86323.75,34517.71,2026-03-09,15.61,F,1995-08-20,CIB,Primary,100396,,0.0,62,,,,NORM,397
2,Giza,2019-10-08,100000,A,NORM,Normal,0,2026-03-30,Platinum Credit Card,0,0,1045.88,98663.2,29930.54,2026-03-08,1902.43,F,1971-02-27,National Bank of Egypt,Primary,100397,,0.0,78,,,,NORM,398
3,Alexandria,2020-08-11,50000,A,NORM,Normal,0,2026-03-27,Business Credit Card,500,150,12994.57,36525.69,3188.48,2026-03-07,1878.02,M,1981-11-18,Ministry of Health,Primary,100398,,0.0,68,,,,NORM,399
5,Tanta,2023-06-11,100000,A,NORM,Normal,0,2026-03-29,Platinum Credit Card,100,1000,19891.21,79862.38,13060.9,2026-03-28,930.39,M,1961-10-08,Ministry of Health,Primary,100399,,0.0,34,,,,NORM,400
5,Tanta,2024-09-18,150000,A,30DD,30 Days Delinquent,30,2026-03-27,World Elite Card,500,300,126420.71,23234.31,6001.85,2026-03-27,1812.23,F,1998-12-02,Orascom,Primary,100400,,40971.55,18,,,,30DD,401
3,Alexandria,2021-03-05,50000,A,NORM,Normal,0,2026-03-26,Platinum Credit Card,0,1000,14973.08,34686.29,375.11,2026-03-04,355.9,M,1987-07-02,Amazon Egypt,Primary,100402,,0.0,61,,,,NORM,403
1,Cairo Main,2019-03-15,100000,A,90DA,90 Days Delinquent,90,2026-03-18,Platinum Credit Card,500,1000,47370.37,52560.21,10509.1,2026-03-09,768.76,F,1969-01-23,El Sewedy Electric,Primary,100403,,44293.63,85,,,,90DA,404
2,Giza,2020-05-04,100000,A,NORM,Normal,0,2026-03-29,World Elite Card,200,1000,58831.76,41146.77,4920.77,2026-03-24,197.46,F,1960-08-02,National Bank of Egypt,Secondary,100404,,0.0,71,,,,NORM,405
5,Tanta,2018-06-16,10000,A,NORM,Normal,0,2026-03-26,Classic Credit Card,0,0,2636.39,7218.54,1587.4,2026-03-03,334.93,M,1983-09-24,Juhayna,Primary,100405,,0.0,94,,,,NORM,406
9,Ismailia,2020-10-15,200000,A,NORM,Normal,0,2026-03-18,Platinum Credit Card,0,1000,122722.98,77226.26,45447.47,2026-03-19,1011.07,F,1989-06-19,Orascom,Primary,100406,,0.0,66,,,,NORM,407
3,Alexandria,2020-01-09,150000,A,NORM,Normal,0,2026-03-19,World Elite Card,500,300,53198.51,96339.99,35759.95,2026-03-08,1473.71,F,1995-07-19,Microsoft Egypt,Primary,100407,,0.0,75,,,,NORM,408
1,Cairo Main,2021-02-04,150000,A,90DA,90 Days Delinquent,90,2026-04-01,World Elite Card,0,0,131643.4,18187.6,1042.02,2026-03-10,722.03,F,1994-08-10,Government,Primary,100410,,57844.12,62,,,,90DA,411
6,Assiut,2024-07-12,20000,A,NORM,Normal,0,2026-03-22,Gold Credit Card,0,1000,10775.02,9084.47,445.56,2026-03-10,54.94,F,1999-11-27,Elsewedy Capital,Primary,100411,,0.0,20,,,,NORM,412
6,Assiut,2023-05-31,15000,A,NORM,Normal,0,2026-03-23,Business Credit Card,0,1000,3535.73,11200.46,2258.1,2026-03-26,825.72,F,1995-07-26,Self Employed,Primary,100412,,0.0,34,,,,NORM,413
6,Assiut,2023-05-31,15000,A,NORM,Normal,0,2026-03-18,Cashback Card,0,1000,-519.02,14090.15,2268.93,2026-03-18,1219.94,F,1995-07-26,Self Employed,Primary,100412,,0.0,34,,,,NORM,413
2,Giza,2018-08-18,50000,A,NORM,Normal,0,2026-03-18,Titanium Credit Card,0,150,-4635.79,45036.68,3408.33,2026-03-31,785.41,M,1994-12-29,IBM Egypt,Primary,100413,,0.0,92,,,,NORM,414
2,Giza,2018-08-18,50000,A,60DA,60 Days Delinquent,60,2026-04-01,World Elite Card,0,150,38615.84,11214.29,4828.96,2026-03-09,168.42,M,1994-12-29,IBM Egypt,Primary,100413,,15543.14,92,,,,60DA,414
10,Suez,2023-08-30,10000,A,NEW,New,0,2026-03-25,Gold Credit Card,100,150,4929.43,5011.67,2068.81,2026-03-02,260.87,F,1985-10-20,Elsewedy Capital,Primary,100415,,0.0,31,,,,NEW,416
9,Ismailia,2020-12-11,10000,A,NORM,Normal,0,2026-04-01,Cashback Card,100,150,-55.1,9866.07,2479.25,2026-03-23,854.36,F,1977-11-27,Microsoft Egypt,Primary,100416,,0.0,64,,,,NORM,417
10,Suez,2024-04-17,200000,A,NORM,Normal,0,2026-03-31,World Elite Card,200,500,60503.85,139480.63,53147.7,2026-03-12,727.75,F,1968-10-17,Government,Primary,100417,,0.0,23,,,,NORM,418
2,Giza,2022-08-22,75000,A,NORM,Normal,0,2026-03-24,Titanium Credit Card,200,1000,-4235.23,70607.37,1488.22,2026-03-16,1711.72,M,1990-02-17,IBM Egypt,Primary,100418,,0.0,43,,,,NORM,419
10,Suez,2022-12-17,200000,A,NORM,Normal,0,2026-03-24,World Elite Card,100,300,-3695.62,196260.02,2941.43,2026-03-19,1081.54,M,1996-11-07,Banque Misr,Primary,100419,,0.0,40,,,,NORM,420
9,Ismailia,2020-04-14,150000,A,30DD,30 Days Delinquent,30,2026-03-18,Travel Rewards Card,100,0,-893.53,148659.35,11457.74,2026-03-30,1476.55,F,1969-07-03,Government,Primary,100421,,70795.83,72,,,,30DD,422
9,Ismailia,2020-04-14,150000,A,30DD,30 Days Delinquent,30,2026-03-29,Platinum Credit Card,100,0,33495.13,116355.99,42301.51,2026-03-14,1155.1,F,1969-07-03,Government,Primary,100421,,61784.23,72,,,,30DD,422
2,Giza,2021-04-13,75000,A,NORM,Normal,0,2026-03-29,Travel Rewards Card,0,150,-5217.24,69540.79,12785.5,2026-03-06,899.7,M,1960-11-08,Elsewedy Capital,Primary,100423,,0.0,60,,,,NORM,424
2,Giza,2021-04-13,75000,A,NORM,Normal,0,2026-03-31,Platinum Credit Card,0,150,-1585.76,72964.49,19575.04,2026-03-17,257.87,M,1960-11-08,Elsewedy Capital,Primary,100423,,0.0,60,,,,NORM,424
2,Giza,2021-04-13,75000,A,NORM,Normal,0,2026-03-25,World Elite Card,0,150,8693.81,66304.09,15839.29,2026-03-20,610.67,M,1960-11-08,Elsewedy Capital,Primary,100423,,0.0,60,,,,NORM,424
1,Cairo Main,2020-10-10,150000,A,NEW,New,0,2026-03-26,Platinum Credit Card,100,0,10540.64,139229.14,6119.32,2026-03-04,1457.06,F,1961-10-13,Juhayna,Primary,100424,,0.0,66,,,,NEW,425
4,Mansoura,2021-02-03,5000,A,NORM,Normal,0,2026-03-24,Titanium Credit Card,100,150,4316.38,365.56,966.5,2026-03-26,1048.27,F,1982-06-26,Talaat Moustafa Group,Secondary,100425,,0.0,62,,,,NORM,426
4,Mansoura,2021-02-03,5000,A,30DD,30 Days Delinquent,30,2026-03-27,Classic Credit Card,100,150,3615.16,1204.46,261.98,2026-03-17,1238.8,F,1982-06-26,Talaat Moustafa Group,Secondary,100425,,1755.08,62,,,,30DD,426
3,Alexandria,2024-01-27,20000,A,NORM,Normal,0,2026-03-19,Cashback Card,100,500,16779.88,2913.92,3451.96,2026-03-19,390.9,M,1986-01-23,Banque Misr,Primary,100427,,0.0,26,,,,NORM,428
6,Assiut,2024-04-01,150000,A,30DD,30 Days Delinquent,30,2026-03-18,World Elite Card,0,300,68240.1,81377.0,12869.9,2026-03-27,496.92,F,1963-01-16,CIB,Secondary,100428,,26113.27,24,,,,30DD,429
5,Tanta,2020-02-09,10000,A,30DD,30 Days Delinquent,30,2026-03-25,Cashback Card,200,1000,2350.5,7270.1,1040.41,2026-03-09,1205.62,M,1966-10-25,Banque Misr,Primary,100429,,4878.35,74,,,,30DD,430
6,Assiut,2023-05-07,15000,A,NEW,New,0,2026-03-28,Titanium Credit Card,100,500,7207.5,7461.74,1823.68,2026-03-06,946.64,F,1963-07-26,Government,Primary,100430,,0.0,35,,,,NEW,431
6,Assiut,2023-05-07,15000,A,NORM,Normal,0,2026-04-01,Gold Credit Card,100,500,13944.84,942.29,1056.03,2026-03-22,1878.15,F,1963-07-26,Government,Primary,100430,,0.0,35,,,,NORM,431
4,Mansoura,2022-08-01,5000,A,30DD,30 Days Delinquent,30,2026-03-31,Titanium Credit Card,0,150,-203.27,4744.55,368.76,2026-03-07,233.38,F,1961-06-12,Talaat Moustafa Group,Secondary,100431,,1560.32,44,,,,30DD,432
4,Mansoura,2022-08-01,5000,A,90DA,90 Days Delinquent,90,2026-03-22,Classic Credit Card,0,150,199.26,4613.54,383.14,2026-03-09,354.11,F,1961-06-12,Talaat Moustafa Group,Secondary,100431,,2224.28,44,,,,90DA,432
8,Zagazig,2020-10-07,75000,A,NORM,Normal,0,2026-03-29,Titanium Credit Card,200,500,28675.39,46182.95,5992.75,2026-03-20,1480.39,M,1999-10-25,Microsoft Egypt,Primary,100432,,0.0,66,,,,NORM,433
1,Cairo Main,2020-10-03,150000,A,NORM,Normal,0,2026-03-22,World Elite Card,500,1000,26759.2,122952.87,13186.25,2026-03-13,956.1,M,1999-05-17,Ministry of Health,Primary,100433,,0.0,66,,,,NORM,434
5,Tanta,2021-03-17,100000,A,NORM,Normal,0,2026-03-23,World Elite Card,100,500,70357.47,29602.0,16626.41,2026-03-09,359.26,F,1994-09-14,Orascom,Primary,100434,,0.0,61,,,,NORM,435
3,Alexandria,2024-07-25,150000,A,30DD,30 Days Delinquent,30,2026-03-29,Platinum Credit Card,500,0,32290.14,117591.04,16518.94,2026-03-26,246.03,M,1994-12-06,Banque Misr,Primary,100435,,10314.63,20,,,,30DD,436
10,Suez,2022-04-01,150000,A,NORM,Normal,0,2026-03-18,World Elite Card,200,1000,78906.52,70842.93,19897.18,2026-03-23,1456.88,M,1967-03-04,Microsoft Egypt,Primary,100437,,0.0,48,,,,NORM,438
1,Cairo Main,2021-06-15,30000,A,NORM,Normal,0,2026-03-21,Classic Credit Card,0,150,17532.15,12156.96,4754.81,2026-03-16,1529.35,M,1978-10-27,Freelancer,Primary,100438,,0.0,58,,,,NORM,439
8,Zagazig,2023-08-05,150000,A,30DD,30 Days Delinquent,30,2026-03-29,Platinum Credit Card,100,150,3625.19,146254.88,20912.3,2026-03-06,522.18,F,1982-04-28,Vodafone Egypt,Primary,100439,,687.96,32,,,,30DD,440
3,Alexandria,2018-05-13,200000,A,NORM,Normal,0,2026-03-27,World Elite Card,0,0,124346.47,75536.23,20376.26,2026-03-17,520.15,F,1998-04-20,Military,Secondary,100441,,0.0,96,,,,NORM,442
7,Luxor,2018-10-05,75000,A,NORM,Normal,0,2026-03-27,Titanium Credit Card,100,0,30174.07,44505.95,18582.58,2026-03-19,617.08,F,1996-10-17,Ministry of Health,Primary,100443,,0.0,91,,,,NORM,444
4,Mansoura,2019-04-30,5000,A,NORM,Normal,0,2026-03-30,Classic Credit Card,100,1000,1124.94,3823.84,1218.08,2026-03-06,1037.75,F,1960-01-26,Freelancer,Primary,100446,,0.0,84,,,,NORM,447
9,Ismailia,2020-05-19,5000,A,NORM,Normal,0,2026-03-19,Gold Credit Card,0,300,4517.7,167.89,578.64,2026-03-31,155.05,F,1996-02-27,El Sewedy Electric,Primary,100447,,0.0,71,,,,NORM,448
9,Ismailia,2020-05-03,200000,A,NORM,Normal,0,2026-03-23,Travel Rewards Card,100,300,16256.93,183465.98,53313.85,2026-03-23,282.02,M,1960-11-02,Edita Food Industries,Primary,100450,,0.0,71,,,,NORM,451
9,Ismailia,2020-05-03,200000,A,NORM,Normal,0,2026-03-18,Platinum Credit Card,100,300,77039.61,122762.88,22843.6,2026-03-12,1010.51,M,1960-11-02,Edita Food Industries,Primary,100450,,0.0,71,,,,NORM,451
3,Alexandria,2024-10-16,75000,A,NORM,Normal,0,2026-03-24,Titanium Credit Card,200,0,-4946.9,70022.27,1517.6,2026-03-29,1676.3,F,1985-08-11,Orascom,Primary,100451,,0.0,17,,,,NORM,452
6,Assiut,2021-05-24,20000,A,NORM,Normal,0,2026-03-27,Classic Credit Card,200,0,6237.39,13441.79,1337.03,2026-03-16,493.38,M,1980-04-09,Government,Secondary,100452,,0.0,59,,,,NORM,453
3,Alexandria,2018-05-30,100000,A,60DA,60 Days Delinquent,60,2026-03-27,World Elite Card,0,1000,63240.56,36652.77,14693.33,2026-03-07,1186.07,M,1969-03-15,Microsoft Egypt,Primary,100454,,45334.54,95,,,,60DA,455
9,Ismailia,2021-07-03,5000,A,NORM,Normal,0,2026-03-26,Gold Credit Card,200,150,1150.56,3610.51,703.84,2026-03-05,779.91,M,1994-05-15,Cairo University,Primary,100455,,0.0,57,,,,NORM,456
9,Ismailia,2021-07-03,5000,A,NORM,Normal,0,2026-03-26,Cashback Card,200,150,1962.49,2677.56,149.56,2026-03-20,1210.49,M,1994-05-15,Cairo University,Primary,100455,,0.0,57,,,,NORM,456
6,Assiut,2019-08-03,30000,A,NORM,Normal,0,2026-03-21,Classic Credit Card,200,1000,22467.38,7161.58,7871.15,2026-03-15,1535.0,F,1972-02-27,Cairo University,Primary,100457,,0.0,81,,,,NORM,458
1,Cairo Main,2018-07-26,10000,A,30DD,30 Days Delinquent,30,2026-03-19,Gold Credit Card,500,150,5499.21,4018.87,45.24,2026-03-12,422.96,F,1981-02-11,Microsoft Egypt,Primary,100458,,2840.44,93,,,,30DD,459
4,Mansoura,2023-12-26,10000,A,NORM,Normal,0,2026-03-22,Classic Credit Card,500,0,3914.03,5627.35,51.27,2026-03-16,1690.52,F,1991-12-24,Freelancer,Primary,100459,,0.0,27,,,,NORM,460
4,Mansoura,2019-08-12,200000,A,NORM,Normal,0,2026-03-28,Travel Rewards Card,200,300,117634.06,81908.5,31583.82,2026-03-03,1709.21,F,1970-01-14,Talaat Moustafa Group,Primary,100460,,0.0,80,,,,NORM,461
4,Mansoura,2019-08-12,200000,A,NORM,Normal,0,2026-03-25,Platinum Credit Card,200,300,41612.85,158136.3,58960.05,2026-03-12,643.3,F,1970-01-14,Talaat Moustafa Group,Primary,100460,,0.0,80,,,,NORM,461
2,Giza,2023-05-15,100000,A,NORM,Normal,0,2026-03-18,Platinum Credit Card,100,1000,25318.44,74281.01,19227.29,2026-03-16,1527.57,M,1975-10-07,Orascom,Primary,100461,,0.0,35,,,,NORM,462
2,Giza,2020-05-02,200000,A,NORM,Normal,0,2026-03-21,Travel Rewards Card,200,1000,168170.8,31586.28,51582.84,2026-03-14,1454.84,M,1975-04-14,Amazon Egypt,Primary,100463,,0.0,72,,,,NORM,464
2,Giza,2024-09-08,75000,A,NORM,Normal,0,2026-03-24,Platinum Credit Card,0,150,30323.21,44301.03,20425.02,2026-03-12,1125.22,M,1990-10-01,Edita Food Industries,Secondary,100465,,0.0,19,,,,NORM,466
6,Assiut,2024-07-14,5000,A,NORM,Normal,0,2026-03-22,Titanium Credit Card,0,300,1797.7,3172.88,393.34,2026-03-29,1140.7,M,1964-01-02,Military,Primary,100467,,0.0,20,,,,NORM,468
6,Assiut,2024-07-14,5000,A,NORM,Normal,0,2026-03-17,Gold Credit Card,0,300,176.74,4751.51,846.35,2026-03-21,1777.88,M,1964-01-02,Military,Primary,100467,,0.0,20,,,,NORM,468
2,Giza,2021-03-01,5000,A,NORM,Normal,0,2026-03-17,Cashback Card,500,300,3147.33,1682.32,1060.75,2026-03-25,750.23,F,1998-08-19,Elsewedy Capital,Primary,100468,,0.0,61,,,,NORM,469
4,Mansoura,2019-12-12,100000,A,NORM,Normal,0,2026-03-19,Platinum Credit Card,200,500,6907.62,92950.22,2109.69,2026-03-27,1495.67,M,1989-09-19,Banque Misr,Primary,100469,,0.0,76,,,,NORM,470
1,Cairo Main,2018-03-06,15000,A,NORM,Normal,0,2026-03-25,Business Credit Card,100,0,-562.08,14260.84,100.9,2026-03-06,408.99,M,1963-03-21,Self Employed,Primary,100470,,0.0,98,,,,NORM,471
1,Cairo Main,2023-08-03,20000,A,NORM,Normal,0,2026-03-26,Cashback Card,200,0,6030.35,13794.99,3619.39,2026-03-05,1318.02,M,1985-12-03,Government,Primary,100472,,0.0,32,,,,NORM,473
10,Suez,2018-11-24,15000,A,90DA,90 Days Delinquent,90,2026-03-20,Classic Credit Card,0,150,-853.2,14095.6,296.81,2026-03-29,96.54,F,1981-08-07,Government,Primary,100473,,8612.81,89,,,,90DA,474
10,Suez,2018-11-24,15000,A,NORM,Normal,0,2026-03-21,Gold Credit Card,0,150,14020.3,610.71,3048.19,2026-03-30,583.75,F,1981-08-07,Government,Primary,100473,,0.0,89,,,,NORM,474
10,Suez,2018-11-24,15000,A,NORM,Normal,0,2026-03-19,Cashback Card,0,150,8739.15,6135.95,2937.11,2026-03-04,108.44,F,1981-08-07,Government,Primary,100473,,0.0,89,,,,NORM,474
10,Suez,2024-11-16,5000,A,NORM,Normal,0,2026-03-17,Classic Credit Card,500,500,-416.56,4280.99,298.82,2026-03-24,1821.19,F,1974-01-06,Edita Food Industries,Primary,100474,,0.0,16,,,,NORM,475
6,Assiut,2021-04-21,30000,A,NEW,New,0,2026-03-25,Cashback Card,200,1000,20031.58,9626.34,601.33,2026-03-13,1859.6,F,1995-10-22,Orascom,Primary,100475,,0.0,60,,,,NEW,476
3,Alexandria,2018-07-31,30000,A,NORM,Normal,0,2026-03-18,Gold Credit Card,0,150,27757.89,1776.21,4488.04,2026-03-17,909.84,M,1985-09-11,Military,Secondary,100476,,0.0,93,,,,NORM,477
5,Tanta,2020-08-25,100000,A,NORM,Normal,0,2026-03-31,World Elite Card,0,150,27613.96,72016.5,3331.18,2026-03-03,279.42,M,1995-02-06,Orascom,Secondary,100478,,0.0,68,,,,NORM,479
4,Mansoura,2022-12-08,15000,A,30DD,30 Days Delinquent,30,2026-03-28,Gold Credit Card,0,300,7543.62,7270.65,221.92,2026-03-12,384.28,M,1989-08-20,El Sewedy Electric,Primary,100479,,2497.83,40,,,,30DD,480
8,Zagazig,2023-05-05,150000,A,NORM,Normal,0,2026-03-30,Platinum Credit Card,500,300,87816.18,61744.43,9259.87,2026-03-10,622.65,M,1973-07-08,Elsewedy Capital,Primary,100480,,0.0,35,,,,NORM,481
5,Tanta,2023-01-13,75000,A,60DA,60 Days Delinquent,60,2026-03-24,Cashback Card,200,500,17298.45,57328.19,513.86,2026-03-19,34.73,F,1995-10-07,Edita Food Industries,Primary,100481,,1767.89,39,,,,60DA,482
5,Tanta,2023-01-13,75000,A,NORM,Normal,0,2026-03-29,Travel Rewards Card,200,500,55156.8,19836.1,9900.37,2026-03-09,639.65,F,1995-10-07,Edita Food Industries,Primary,100481,,0.0,39,,,,NORM,482
5,Tanta,2024-07-20,75000,A,NORM,Normal,0,2026-03-27,Platinum Credit Card,100,1000,61701.58,12852.68,10206.26,2026-03-30,1166.26,F,1989-05-08,Freelancer,Primary,100482,,0.0,20,,,,NORM,483
9,Ismailia,2018-02-04,10000,A,NORM,Normal,0,2026-03-27,Cashback Card,0,500,4951.25,4636.22,2754.68,2026-03-20,1333.39,F,1960-06-22,Vodafone Egypt,Primary,100483,,0.0,99,,,,NORM,484
4,Mansoura,2018-04-08,200000,A,NORM,Normal,0,2026-03-26,World Elite Card,0,0,135510.67,64101.84,21673.47,2026-03-12,907.9,M,1961-07-11,National Bank of Egypt,Secondary,100484,,0.0,97,,,,NORM,485
4,Mansoura,2022-05-28,15000,A,NORM,Normal,0,2026-03-22,Business Credit Card,500,150,7672.44,6952.99,3151.76,2026-03-23,1672.42,M,1987-05-18,Self Employed,Secondary,100487,,0.0,46,,,,NORM,488
1,Cairo Main,2018-10-16,200000,A,NORM,Normal,0,2026-03-22,Gold Credit Card,0,0,189952.34,9548.44,25953.54,2026-03-07,288.76,F,1963-04-09,Talaat Moustafa Group,Primary,100488,,0.0,90,,,,NORM,489
4,Mansoura,2024-03-21,5000,A,NORM,Normal,0,2026-03-25,Gold Credit Card,500,0,1869.99,3108.27,1399.98,2026-03-10,847.04,F,1967-12-03,Microsoft Egypt,Primary,100491,,0.0,24,,,,NORM,492
3,Alexandria,2020-03-01,5000,A,NORM,Normal,0,2026-04-01,Gold Credit Card,0,1000,2868.82,1959.32,66.69,2026-03-27,114.59,F,1961-08-07,Cairo University,Primary,100492,,0.0,74,,,,NORM,493
1,Cairo Main,2018-08-18,50000,A,90DA,90 Days Delinquent,90,2026-03-17,Platinum Credit Card,500,1000,29966.65,19802.64,486.78,2026-03-11,482.63,M,1975-03-21,Orange Egypt,Primary,100493,,27059.12,92,,,,90DA,494
1,Cairo Main,2019-08-03,100000,A,90DA,90 Days Delinquent,90,2026-03-23,World Elite Card,100,150,34452.55,65210.99,2932.32,2026-03-10,25.15,M,1992-12-27,Vodafone Egypt,Primary,100494,,6797.83,81,,,,90DA,495
2,Giza,2024-11-08,15000,A,NORM,Normal,0,2026-03-24,Classic Credit Card,0,500,8234.81,6364.24,3355.9,2026-03-19,700.1,M,1980-06-18,Cairo University,Primary,100495,,0.0,16,,,,NORM,496
6,Assiut,2022-07-05,50000,A,NORM,Normal,0,2026-03-26,Gold Credit Card,0,1000,4318.06,45509.28,9713.96,2026-03-09,1738.41,M,1996-05-26,CIB,Primary,100496,,0.0,45,,,,NORM,497
6,Assiut,2022-07-05,50000,A,NORM,Normal,0,2026-03-21,Platinum Credit Card,0,1000,41436.88,8302.59,7621.35,2026-03-20,1485.43,M,1996-05-26,CIB,Primary,100496,,0.0,45,,,,NORM,497
3,Alexandria,2022-08-28,15000,A,NORM,Normal,0,2026-03-19,Gold Credit Card,100,1000,3620.34,10961.73,3048.04,2026-03-29,829.17,M,1993-12-24,IBM Egypt,Primary,100497,,0.0,43,,,,NORM,498
5,Tanta,2023-01-19,75000,A,NORM,Normal,0,2026-03-19,Business Credit Card,500,1000,-6385.61,68330.05,8336.16,2026-03-28,233.13,M,1983-06-19,Elsewedy Capital,Primary,100499,,0.0,38,,,,NORM,500
5,Tanta,2023-01-19,75000,A,NORM,Normal,0,2026-03-30,Platinum Credit Card,500,1000,-1622.12,73303.58,8885.85,2026-03-19,1186.92,M,1983-06-19,Elsewedy Capital,Primary,100499,,0.0,38,,,,NORM,500
7,Luxor,2024-04-03,20000,A,NORM,Normal,0,2026-03-23,Cashback Card,0,1000,1051.81,18593.68,5421.24,2026-03-17,1116.09,F,1960-03-15,El Sewedy Electric,Secondary,100500,,0.0,24,,,,NORM,501
6,Assiut,2020-05-08,75000,A,NORM,Normal,0,2026-03-31,Titanium Credit Card,0,0,25957.52,48930.25,7818.85,2026-03-16,519.74,M,1972-10-14,Talaat Moustafa Group,Secondary,100502,,0.0,71,,,,NORM,503
1,Cairo Main,2023-10-11,10000,A,NORM,Normal,0,2026-03-21,Titanium Credit Card,200,500,4992.39,4592.22,549.61,2026-03-07,1627.41,M,1981-10-04,National Bank of Egypt,Primary,100503,,0.0,30,,,,NORM,504
3,Alexandria,2024-05-18,5000,A,NORM,Normal,0,2026-03-23,Gold Credit Card,500,500,2866.16,1957.45,682.16,2026-03-19,332.4,M,1961-06-09,Talaat Moustafa Group,Primary,100506,,0.0,22,,,,NORM,507
10,Suez,2024-11-09,15000,A,30DD,30 Days Delinquent,30,2026-03-31,Classic Credit Card,500,150,3372.86,11594.7,3959.43,2026-03-05,434.18,F,1967-01-12,Cairo University,Secondary,100507,,7293.7,16,,,,30DD,508
10,Suez,2024-11-09,15000,A,NORM,Normal,0,2026-03-28,Cashback Card,500,150,9442.54,5366.99,3366.67,2026-03-21,1367.02,F,1967-01-12,Cairo University,Secondary,100507,,0.0,16,,,,NORM,508
7,Luxor,2020-10-07,20000,A,NORM,Normal,0,2026-03-28,Classic Credit Card,100,1000,5172.35,14621.07,695.62,2026-03-15,25.73,M,1993-01-08,Edita Food Industries,Primary,100508,,0.0,66,,,,NORM,509
8,Zagazig,2023-08-28,5000,A,NORM,Normal,0,2026-03-22,Gold Credit Card,0,500,4621.88,376.47,1264.6,2026-03-04,1011.15,F,1992-11-25,Amazon Egypt,Primary,100509,,0.0,31,,,,NORM,510
10,Suez,2023-02-07,100000,A,NORM,Normal,0,2026-04-01,Travel Rewards Card,200,500,87662.36,12086.38,2358.06,2026-03-16,1619.08,M,1961-02-03,Banque Misr,Secondary,100511,,0.0,38,,,,NORM,512
10,Suez,2023-02-07,100000,A,NORM,Normal,0,2026-03-23,Platinum Credit Card,200,500,31087.23,68720.3,6856.06,2026-03-11,960.32,M,1961-02-03,Banque Misr,Secondary,100511,,0.0,38,,,,NORM,512
6,Assiut,2018-05-14,30000,A,NEW,New,0,2026-03-24,Cashback Card,100,0,17476.39,12444.43,8564.91,2026-03-21,672.57,F,1983-10-25,Amazon Egypt,Primary,100512,,0.0,95,,,,NEW,513
6,Assiut,2018-05-14,30000,A,NORM,Normal,0,2026-03-24,World Elite Card,100,0,27781.1,1973.23,443.24,2026-03-26,1975.78,F,1983-10-25,Amazon Egypt,Primary,100512,,0.0,95,,,,NORM,513
6,Assiut,2018-07-31,10000,A,NORM,Normal,0,2026-03-26,Cashback Card,0,300,1361.61,8457.78,1035.11,2026-03-09,1332.59,F,1999-10-31,Microsoft Egypt,Primary,100513,,0.0,93,,,,NORM,514
9,Ismailia,2020-04-18,15000,A,NORM,Normal,0,2026-03-18,Classic Credit Card,500,1000,1663.69,12981.06,3328.38,2026-03-27,1905.71,M,1991-10-26,Edita Food Industries,Primary,100514,,0.0,72,,,,NORM,515
6,Assiut,2023-08-25,75000,A,NORM,Normal,0,2026-03-25,Titanium Credit Card,200,500,28065.7,46885.23,14205.59,2026-03-30,109.03,F,1971-12-29,Talaat Moustafa Group,Primary,100515,,0.0,31,,,,NORM,516
9,Ismailia,2023-12-23,30000,A,NORM,Normal,0,2026-03-20,Cashback Card,0,150,11325.41,18643.8,7107.18,2026-03-27,659.53,F,1990-06-05,Freelancer,Primary,100516,,0.0,27,,,,NORM,517
5,Tanta,2019-03-24,15000,A,NORM,Normal,0,2026-03-21,Classic Credit Card,500,150,11955.48,2898.47,2438.15,2026-03-29,319.95,M,1963-06-14,Talaat Moustafa Group,Primary,100517,,0.0,85,,,,NORM,518
9,Ismailia,2021-10-07,75000,A,NORM,Normal,0,2026-03-25,Titanium Credit Card,500,1000,29260.89,45490.78,6035.55,2026-03-29,799.92,F,1988-12-01,Cairo University,Primary,100519,,0.0,54,,,,NORM,520
5,Tanta,2020-11-30,20000,A,NORM,Normal,0,2026-03-27,Business Credit Card,200,0,15999.49,3780.28,5034.87,2026-03-27,1917.61,M,1967-09-14,Self Employed,Primary,100520,,0.0,64,,,,NORM,521
10,Suez,2024-01-02,30000,A,90DA,90 Days Delinquent,90,2026-03-24,Business Credit Card,100,150,22356.13,7450.51,5899.61,2026-03-10,1416.87,M,1967-03-19,Orascom,Primary,100521,,15194.42,27,,,,90DA,522
10,Suez,2024-01-02,30000,A,30DD,30 Days Delinquent,30,2026-03-24,Travel Rewards Card,100,150,22660.05,6895.26,5064.51,2026-03-14,1160.8,M,1967-03-19,Orascom,Primary,100521,,17247.34,27,,,,30DD,522
10,Suez,2024-01-02,30000,A,NORM,Normal,0,2026-03-22,Cashback Card,100,150,18133.44,11494.22,2304.23,2026-03-04,916.04,M,1967-03-19,Orascom,Primary,100521,,0.0,27,,,,NORM,522
5,Tanta,2024-06-07,15000,A,60DA,60 Days Delinquent,60,2026-03-19,Cashback Card,0,500,-1016.62,13791.95,1472.31,2026-03-24,68.68,M,1993-10-30,Cairo University,Primary,100524,,5276.33,22,,,,60DA,525
5,Tanta,2022-07-04,200000,A,NEW,New,0,2026-03-28,World Elite Card,200,0,92330.68,107171.7,26300.45,2026-03-31,58.14,M,1961-02-10,Elsewedy Capital,Primary,100525,,0.0,45,,,,NEW,526
1,Cairo Main,2022-01-18,75000,A,NORM,Normal,0,2026-03-19,Titanium Credit Card,500,300,64395.32,10295.78,8910.41,2026-03-16,1957.0,M,1989-11-28,Banque Misr,Primary,100527,,0.0,51,,,,NORM,528
1,Cairo Main,2022-01-18,75000,A,NORM,Normal,0,2026-03-24,Platinum Credit Card,500,300,66860.33,8040.0,9985.46,2026-03-22,1006.57,M,1989-11-28,Banque Misr,Primary,100527,,0.0,51,,,,NORM,528
8,Zagazig,2024-04-16,10000,A,90DA,90 Days Delinquent,90,2026-03-26,World Elite Card,500,300,2648.82,7021.5,2416.59,2026-03-05,1177.91,M,1999-03-21,El Sewedy Electric,Secondary,100528,,2292.87,23,,,,90DA,529
3,Alexandria,2024-08-02,200000,A,NORM,Normal,0,2026-03-25,Platinum Credit Card,500,1000,-12866.87,187002.81,49122.04,2026-03-25,151.79,F,1997-06-24,National Bank of Egypt,Primary,100529,,0.0,20,,,,NORM,530
2,Giza,2022-08-05,30000,A,NORM,Normal,0,2026-03-24,Gold Credit Card,100,150,15805.26,13899.57,6684.26,2026-03-21,1975.47,M,1960-04-18,Amazon Egypt,Secondary,100530,,0.0,44,,,,NORM,531
6,Assiut,2023-05-23,200000,A,NORM,Normal,0,2026-03-28,Business Credit Card,0,300,103857.36,96054.59,50347.21,2026-03-18,632.47,M,1986-01-24,Amazon Egypt,Secondary,100533,,0.0,34,,,,NORM,534
1,Cairo Main,2021-08-02,100000,A,NORM,Normal,0,2026-03-22,World Elite Card,200,300,79188.69,20421.52,11583.16,2026-03-05,1216.79,F,1966-07-22,Banque Misr,Primary,100534,,0.0,56,,,,NORM,535
5,Tanta,2023-12-10,10000,A,NORM,Normal,0,2026-03-31,Cashback Card,100,0,6699.81,3279.75,211.02,2026-03-13,1932.35,M,1973-01-30,Government,Primary,100535,,0.0,28,,,,NORM,536
1,Cairo Main,2021-11-27,30000,A,60DA,60 Days Delinquent,60,2026-03-22,Gold Credit Card,200,150,-1978.37,27719.44,965.81,2026-03-15,1892.63,F,1981-07-05,IBM Egypt,Primary,100538,,2331.1,52,,,,60DA,539
3,Alexandria,2019-08-07,20000,A,NORM,Normal,0,2026-03-21,Classic Credit Card,0,500,-578.65,19311.83,655.26,2026-03-31,587.59,M,1998-06-08,Juhayna,Primary,100539,,0.0,80,,,,NORM,540
2,Giza,2020-04-21,200000,A,NORM,Normal,0,2026-03-21,Platinum Credit Card,0,0,182959.76,16748.78,2510.98,2026-03-07,1202.33,M,1986-12-29,El Sewedy Electric,Secondary,100541,,0.0,72,,,,NORM,542
3,Alexandria,2024-01-10,5000,A,30DD,30 Days Delinquent,30,2026-03-28,Business Credit Card,500,300,2762.6,1868.23,1093.05,2026-03-24,493.81,M,1993-10-27,CIB,Primary,100543,,1974.07,27,,,,30DD,544
3,Alexandria,2024-01-10,5000,A,NEW,New,0,2026-03-19,Travel Rewards Card,500,300,1850.21,2940.42,702.39,2026-03-04,72.55,M,1993-10-27,CIB,Primary,100543,,0.0,27,,,,NEW,544
3,Alexandria,2024-01-10,5000,A,30DD,30 Days Delinquent,30,2026-03-30,Cashback Card,500,300,3864.8,714.43,1406.88,2026-03-03,1788.49,M,1993-10-27,CIB,Primary,100543,,1808.97,27,,,,30DD,544
6,Assiut,2021-03-26,150000,A,NORM,Normal,0,2026-03-26,Platinum Credit Card,0,500,95206.13,54696.66,23762.13,2026-03-15,814.93,F,1991-08-12,Orange Egypt,Primary,100545,,0.0,61,,,,NORM,546
4,Mansoura,2022-07-27,30000,A,NORM,Normal,0,2026-03-18,Classic Credit Card,500,300,20821.16,8846.59,5702.75,2026-03-04,1411.29,M,1984-11-05,Amazon Egypt,Primary,100546,,0.0,44,,,,NORM,547
7,Luxor,2023-11-11,10000,A,NORM,Normal,0,2026-03-17,Gold Credit Card,0,150,6897.16,2981.66,500.53,2026-03-31,244.82,M,1979-08-26,CIB,Primary,100547,,0.0,29,,,,NORM,548
4,Mansoura,2022-07-14,10000,A,NORM,Normal,0,2026-03-18,Cashback Card,200,1000,3357.09,6472.35,2487.63,2026-03-19,986.59,F,1986-09-08,Elsewedy Capital,Primary,100548,,0.0,45,,,,NORM,549
8,Zagazig,2024-10-06,75000,A,30DD,30 Days Delinquent,30,2026-03-28,Business Credit Card,100,500,70268.64,4340.24,12570.36,2026-03-12,1526.48,M,1989-11-26,Self Employed,Primary,100549,,36669.36,18,,,,30DD,550
4,Mansoura,2019-07-06,5000,A,NORM,Normal,0,2026-04-01,Cashback Card,0,150,2143.28,2480.52,278.55,2026-03-10,418.43,F,1988-03-09,CIB,Primary,100550,,0.0,82,,,,NORM,551
5,Tanta,2024-12-27,10000,A,NORM,Normal,0,2026-03-27,Cashback Card,500,500,3598.01,6137.06,332.29,2026-03-04,532.58,M,1987-11-25,National Bank of Egypt,Primary,100551,,0.0,15,,,,NORM,552
9,Ismailia,2024-01-31,50000,A,30DD,30 Days Delinquent,30,2026-03-30,Platinum Credit Card,500,0,29775.49,20137.03,11259.74,2026-03-17,378.69,F,1971-09-27,Ministry of Health,Primary,100552,,10047.06,26,,,,30DD,553
8,Zagazig,2018-05-15,15000,A,NORM,Normal,0,2026-03-21,Gold Credit Card,100,500,7574.95,7217.95,4266.11,2026-03-09,189.49,F,1961-08-12,Ministry of Health,Primary,100553,,0.0,95,,,,NORM,554
7,Luxor,2021-12-15,30000,A,NORM,Normal,0,2026-03-22,Cashback Card,0,150,22542.57,7045.63,4786.59,2026-03-04,278.99,F,1987-09-03,Edita Food Industries,Primary,100555,,0.0,52,,,,NORM,556
6,Assiut,2019-02-03,75000,A,NORM,Normal,0,2026-03-29,Classic Credit Card,100,150,58936.16,15762.07,21760.68,2026-03-09,1632.74,M,1977-01-26,IBM Egypt,Primary,100556,,0.0,87,,,,NORM,557
6,Assiut,2019-02-03,75000,A,NORM,Normal,0,2026-03-19,Titanium Credit Card,100,150,707.99,73829.26,18426.03,2026-03-21,952.65,M,1977-01-26,IBM Egypt,Primary,100556,,0.0,87,,,,NORM,557
6,Assiut,2019-02-03,75000,A,NORM,Normal,0,2026-03-19,Platinum Credit Card,100,150,10787.6,63780.1,1677.77,2026-03-17,573.7,M,1977-01-26,IBM Egypt,Primary,100556,,0.0,87,,,,NORM,557
2,Giza,2021-06-02,10000,A,NORM,Normal,0,2026-04-01,Cashback Card,200,0,9428.46,247.04,180.85,2026-03-18,1941.11,F,1998-12-23,Edita Food Industries,Primary,100557,,0.0,58,,,,NORM,558
9,Ismailia,2020-12-28,5000,A,NEW,New,0,2026-03-25,Business Credit Card,200,500,2146.03,2749.21,101.57,2026-03-13,518.35,F,1978-11-22,Self Employed,Primary,100558,,0.0,64,,,,NEW,559
2,Giza,2020-04-23,50000,A,NORM,Normal,0,2026-03-31,Business Credit Card,200,150,-1822.05,47798.25,4800.57,2026-03-18,497.25,F,1990-12-28,Self Employed,Primary,100559,,0.0,72,,,,NORM,560
8,Zagazig,2018-11-05,150000,A,30DD,30 Days Delinquent,30,2026-03-26,World Elite Card,200,1000,102582.27,46967.76,30966.78,2026-03-04,1554.85,F,1988-07-03,El Sewedy Electric,Secondary,100560,,34225.6,90,,,,30DD,561
10,Suez,2024-08-21,50000,A,30DD,30 Days Delinquent,30,2026-03-22,Titanium Credit Card,500,150,7821.02,41867.15,2076.1,2026-03-07,904.14,F,1964-04-01,Talaat Moustafa Group,Primary,100561,,26629.24,19,,,,30DD,562
5,Tanta,2024-01-21,50000,A,NORM,Normal,0,2026-03-28,Titanium Credit Card,500,1000,11631.6,37928.08,5058.65,2026-03-16,804.86,M,1979-06-02,El Sewedy Electric,Secondary,100562,,0.0,26,,,,NORM,563
10,Suez,2020-05-22,100000,A,NEW,New,0,2026-03-28,Business Credit Card,0,1000,-9206.59,90473.49,24122.95,2026-03-23,927.97,M,1982-05-23,Talaat Moustafa Group,Primary,100563,,0.0,71,,,,NEW,564
10,Suez,2020-05-22,100000,A,NORM,Normal,0,2026-03-20,Travel Rewards Card,0,1000,59834.72,39791.56,11690.51,2026-03-26,1160.01,M,1982-05-23,Talaat Moustafa Group,Primary,100563,,0.0,71,,,,NORM,564
10,Suez,2020-05-22,100000,A,NORM,Normal,0,2026-03-26,Platinum Credit Card,0,1000,67262.84,32496.46,21700.17,2026-03-26,1265.19,M,1982-05-23,Talaat Moustafa Group,Primary,100563,,0.0,71,,,,NORM,564
3,Alexandria,2021-05-14,75000,A,NORM,Normal,0,2026-03-18,Platinum Credit Card,100,500,46406.72,28421.01,22355.47,2026-03-16,1504.2,F,1993-06-25,Amazon Egypt,Secondary,100564,,0.0,59,,,,NORM,565
10,Suez,2022-07-21,20000,A,90DA,90 Days Delinquent,90,2026-03-28,Classic Credit Card,100,300,6677.37,13274.64,1135.26,2026-03-28,357.71,F,1970-08-04,CIB,Primary,100565,,11895.09,45,,,,90DA,566
1,Cairo Main,2019-10-15,30000,A,30DD,30 Days Delinquent,30,2026-03-25,Gold Credit Card,100,0,5836.31,23777.74,1581.31,2026-03-09,279.0,F,1969-01-22,Banque Misr,Primary,100566,,12972.68,78,,,,30DD,567
6,Assiut,2021-05-05,10000,A,NORM,Normal,0,2026-03-21,Cashback Card,0,500,6689.62,2854.66,1081.59,2026-03-21,556.41,M,1986-12-26,Amazon Egypt,Primary,100567,,0.0,59,,,,NORM,568
10,Suez,2022-05-17,20000,A,NORM,Normal,0,2026-03-27,Classic Credit Card,100,150,16701.35,3125.07,1347.95,2026-03-25,1010.17,F,1993-01-25,Amazon Egypt,Primary,100569,,0.0,47,,,,NORM,570
1,Cairo Main,2023-12-26,50000,A,NORM,Normal,0,2026-03-23,Titanium Credit Card,500,150,5016.16,44649.97,13066.18,2026-03-31,1967.71,F,1981-12-30,CIB,Secondary,100570,,0.0,27,,,,NORM,571
8,Zagazig,2022-02-15,30000,A,30DD,30 Days Delinquent,30,2026-03-19,Cashback Card,0,0,20782.78,8741.61,902.36,2026-03-05,1308.49,M,1992-02-07,Vodafone Egypt,Primary,100571,,6805.07,50,,,,30DD,572
6,Assiut,2019-05-15,150000,A,NORM,Normal,0,2026-03-19,Travel Rewards Card,500,300,8272.06,141358.37,16500.87,2026-03-15,345.24,F,1996-06-07,Elsewedy Capital,Primary,100572,,0.0,83,,,,NORM,573
6,Assiut,2019-05-15,150000,A,NEW,New,0,2026-03-26,Platinum Credit Card,500,300,127887.63,21955.51,13147.75,2026-03-11,596.11,F,1996-06-07,Elsewedy Capital,Primary,100572,,0.0,83,,,,NEW,573
4,Mansoura,2019-10-19,100000,A,NORM,Normal,0,2026-03-27,Travel Rewards Card,200,0,61948.36,37789.71,26196.8,2026-03-14,421.8,F,1998-07-20,Edita Food Industries,Primary,100573,,0.0,78,,,,NORM,574
4,Mansoura,2019-10-19,100000,A,30DD,30 Days Delinquent,30,2026-03-23,Platinum Credit Card,200,0,79359.02,20368.79,17939.55,2026-03-11,790.12,F,1998-07-20,Edita Food Industries,Primary,100573,,11037.05,78,,,,30DD,574
3,Alexandria,2022-12-22,15000,A,NEW,New,0,2026-03-28,Cashback Card,200,300,4602.26,10346.18,709.64,2026-03-19,1028.3,M,1988-04-07,Vodafone Egypt,Primary,100575,,0.0,39,,,,NEW,576
3,Alexandria,2024-08-30,75000,A,NORM,Normal,0,2026-03-31,Platinum Credit Card,200,150,66893.72,7755.78,9117.58,2026-03-12,1031.13,F,1997-12-28,Edita Food Industries,Primary,100576,,0.0,19,,,,NORM,577
7,Luxor,2020-01-16,75000,A,NORM,Normal,0,2026-03-25,Travel Rewards Card,100,0,43844.83,31043.89,22437.57,2026-03-30,1885.57,F,1976-06-27,Microsoft Egypt,Primary,100577,,0.0,75,,,,NORM,578
7,Luxor,2020-01-16,75000,A,NORM,Normal,0,2026-03-20,Platinum Credit Card,100,0,67371.52,7579.52,9271.09,2026-03-07,863.07,F,1976-06-27,Microsoft Egypt,Primary,100577,,0.0,75,,,,NORM,578
8,Zagazig,2023-07-18,10000,A,30DD,30 Days Delinquent,30,2026-03-19,Classic Credit Card,200,300,-202.5,9378.73,1534.35,2026-03-15,159.6,F,1997-02-08,Elsewedy Capital,Primary,100579,,3986.2,32,,,,30DD,580
10,Suez,2021-03-05,20000,A,NORM,Normal,0,2026-03-31,Classic Credit Card,0,300,18631.01,1161.7,262.56,2026-03-10,365.31,F,1969-09-01,Amazon Egypt,Primary,100580,,0.0,61,,,,NORM,581
6,Assiut,2023-02-20,10000,A,NORM,Normal,0,2026-03-18,Gold Credit Card,500,150,-935.66,8854.92,52.76,2026-03-28,523.69,F,1986-02-23,Vodafone Egypt,Primary,100581,,0.0,37,,,,NORM,582
2,Giza,2024-03-31,5000,A,60DA,60 Days Delinquent,60,2026-03-20,Classic Credit Card,500,300,546.07,4039.27,1363.52,2026-03-08,1782.42,M,1964-04-10,Orange Egypt,Primary,100582,,2060.65,24,,,,60DA,583
7,Luxor,2022-06-05,50000,A,NORM,Normal,0,2026-03-17,Titanium Credit Card,100,1000,11393.84,38569.86,358.58,2026-03-19,1091.38,F,1973-07-27,Banque Misr,Secondary,100583,,0.0,46,,,,NORM,584
7,Luxor,2022-06-05,50000,A,NORM,Normal,0,2026-03-28,Travel Rewards Card,100,1000,46804.44,2758.74,3312.73,2026-03-05,1818.36,F,1973-07-27,Banque Misr,Secondary,100583,,0.0,46,,,,NORM,584
7,Luxor,2022-06-05,50000,A,NORM,Normal,0,2026-03-26,Platinum Credit Card,100,1000,-2061.14,47850.01,10249.42,2026-03-27,1548.37,F,1973-07-27,Banque Misr,Secondary,100583,,0.0,46,,,,NORM,584
2,Giza,2023-12-13,75000,A,30DD,30 Days Delinquent,30,2026-03-30,Titanium Credit Card,0,150,19790.43,54838.3,314.68,2026-03-29,1284.48,F,1974-03-26,Banque Misr,Secondary,100584,,38197.63,28,,,,30DD,585
7,Luxor,2020-12-14,200000,A,NORM,Normal,0,2026-03-27,Platinum Credit Card,100,300,77451.5,122462.73,30948.59,2026-03-31,487.77,F,1972-09-09,Talaat Moustafa Group,Primary,100585,,0.0,64,,,,NORM,586
8,Zagazig,2020-02-13,15000,A,60DA,60 Days Delinquent,60,2026-03-18,Classic Credit Card,500,300,14099.9,580.75,3782.4,2026-03-18,188.57,M,1962-05-21,Orange Egypt,Primary,100586,,6866.75,74,,,,60DA,587
8,Zagazig,2022-12-14,50000,A,NEW,New,0,2026-03-17,Titanium Credit Card,0,150,7284.21,42604.6,2988.01,2026-03-28,1527.92,M,1961-10-30,Ministry of Health,Primary,100587,,0.0,40,,,,NEW,588
3,Alexandria,2019-11-21,150000,A,NORM,Normal,0,2026-03-30,World Elite Card,0,1000,75548.48,74293.13,11496.05,2026-03-06,341.41,M,1997-06-14,Talaat Moustafa Group,Primary,100588,,0.0,77,,,,NORM,589
2,Giza,2020-05-02,15000,A,NORM,Normal,0,2026-03-30,Gold Credit Card,100,0,2090.58,12553.19,1253.51,2026-03-02,463.37,F,1960-12-02,Microsoft Egypt,Primary,100592,,0.0,72,,,,NORM,593
2,Giza,2020-05-02,15000,A,30DD,30 Days Delinquent,30,2026-03-31,Cashback Card,100,0,2258.1,12618.37,3376.81,2026-03-20,1483.74,F,1960-12-02,Microsoft Egypt,Primary,100592,,8695.82,72,,,,30DD,593
10,Suez,2022-01-10,10000,A,NORM,Normal,0,2026-03-25,Gold Credit Card,500,500,1631.33,8169.95,455.88,2026-03-24,1011.66,F,1965-11-21,IBM Egypt,Primary,100593,,0.0,51,,,,NORM,594
2,Giza,2022-09-27,50000,A,NORM,Normal,0,2026-03-25,Titanium Credit Card,0,0,-2518.17,47025.53,14232.12,2026-03-10,963.66,F,1993-12-07,Military,Secondary,100594,,0.0,42,,,,NORM,595
8,Zagazig,2023-11-20,10000,A,NORM,Normal,0,2026-03-21,Classic Credit Card,500,300,1697.35,8004.59,1775.61,2026-03-27,1474.75,M,1983-08-26,Juhayna,Secondary,100595,,0.0,28,,,,NORM,596
9,Ismailia,2021-04-25,200000,A,NORM,Normal,0,2026-03-29,World Elite Card,0,1000,27200.55,172786.3,24653.21,2026-03-23,574.96,F,1979-03-09,Orange Egypt,Primary,100596,,0.0,60,,,,NORM,597
5,Tanta,2020-11-09,200000,A,NORM,Normal,0,2026-03-22,Travel Rewards Card,500,150,31616.32,168319.66,38930.97,2026-03-15,1624.28,M,1975-12-11,National Bank of Egypt,Secondary,100597,,0.0,65,,,,NORM,598
5,Tanta,2020-11-09,200000,A,NORM,Normal,0,2026-03-17,World Elite Card,500,150,-7982.51,191602.55,56241.23,2026-03-15,1321.58,M,1975-12-11,National Bank of Egypt,Secondary,100597,,0.0,65,,,,NORM,598
7,Luxor,2021-05-04,50000,A,NORM,Normal,0,2026-03-26,Titanium Credit Card,200,300,-3544.08,46298.44,8356.41,2026-03-02,933.25,M,1999-04-30,Cairo University,Primary,100598,,0.0,59,,,,NORM,599
7,Luxor,2021-05-04,50000,A,NORM,Normal,0,2026-03-17,Cashback Card,200,300,-1883.92,48090.09,3797.02,2026-03-23,1144.78,M,1999-04-30,Cairo University,Primary,100598,,0.0,59,,,,NORM,599
5,Tanta,2019-03-12,75000,A,NORM,Normal,0,2026-04-01,Titanium Credit Card,0,0,943.7,74020.44,2809.67,2026-03-23,59.13,M,1999-02-05,Ministry of Health,Primary,100599,,0.0,85,,,,NORM,600
10,Suez,2023-06-17,30000,A,90DA,90 Days Delinquent,90,2026-03-20,Platinum Credit Card,500,300,8231.16,21504.9,6190.25,2026-03-02,659.11,M,1992-07-24,Military,Primary,100600,,16069.13,33,,,,90DA,601
8,Zagazig,2023-01-16,200000,A,30DD,30 Days Delinquent,30,2026-03-23,Platinum Credit Card,0,300,85224.84,114698.23,7965.52,2026-03-14,9.49,M,1960-11-17,Elsewedy Capital,Primary,100603,,100903.18,39,,,,30DD,604
8,Zagazig,2024-06-28,200000,A,NORM,Normal,0,2026-03-20,Titanium Credit Card,500,150,31884.0,167933.49,24129.23,2026-03-27,1215.4,M,1993-01-23,Ministry of Health,Primary,100604,,0.0,21,,,,NORM,605
8,Zagazig,2024-06-28,200000,A,90DA,90 Days Delinquent,90,2026-03-23,Travel Rewards Card,500,150,81461.75,118317.67,55081.87,2026-03-18,1894.3,M,1993-01-23,Ministry of Health,Primary,100604,,16321.64,21,,,,90DA,605
6,Assiut,2018-09-18,30000,A,NORM,Normal,0,2026-03-22,Classic Credit Card,200,500,1708.29,27874.6,4981.28,2026-03-24,488.21,F,1984-10-25,Amazon Egypt,Primary,100605,,0.0,91,,,,NORM,606
6,Assiut,2018-09-18,30000,A,NORM,Normal,0,2026-03-25,Cashback Card,200,500,5430.41,24264.68,7912.69,2026-03-15,1511.73,F,1984-10-25,Amazon Egypt,Primary,100605,,0.0,91,,,,NORM,606
8,Zagazig,2022-11-30,20000,A,NORM,Normal,0,2026-03-21,Cashback Card,200,1000,2393.05,17294.89,5868.47,2026-03-24,271.3,F,1975-06-04,Government,Primary,100606,,0.0,40,,,,NORM,607
7,Luxor,2022-01-15,100000,A,90DA,90 Days Delinquent,90,2026-03-27,Platinum Credit Card,0,500,79172.77,20806.35,29450.54,2026-03-25,1200.18,M,1997-05-15,Orascom,Primary,100607,,39381.07,51,,,,90DA,608
8,Zagazig,2022-08-31,100000,A,30DD,30 Days Delinquent,30,2026-03-24,World Elite Card,0,300,39138.81,60742.82,905.86,2026-03-29,1238.8,F,1964-07-11,Juhayna,Primary,100608,,42436.55,43,,,,30DD,609
9,Ismailia,2018-09-18,50000,A,30DD,30 Days Delinquent,30,2026-03-26,Platinum Credit Card,0,1000,38877.79,10969.92,4085.02,2026-03-16,1343.92,M,1961-06-07,Amazon Egypt,Primary,100609,,29359.1,91,,,,30DD,610
1,Cairo Main,2024-03-31,30000,A,60DA,60 Days Delinquent,60,2026-03-19,Cashback Card,0,0,23970.74,6010.79,8574.88,2026-03-30,917.64,F,1994-07-18,Banque Misr,Primary,100610,,13814.89,24,,,,60DA,611
1,Cairo Main,2024-03-31,30000,A,NORM,Normal,0,2026-03-22,World Elite Card,0,0,6765.95,22822.61,3504.23,2026-03-04,1149.93,F,1994-07-18,Banque Misr,Primary,100610,,0.0,24,,,,NORM,611
9,Ismailia,2019-02-11,15000,A,NORM,Normal,0,2026-03-29,Classic Credit Card,0,150,3904.19,10993.01,4036.58,2026-03-14,1845.03,F,1982-05-10,IBM Egypt,Secondary,100612,,0.0,86,,,,NORM,613
8,Zagazig,2021-03-20,150000,A,NEW,New,0,2026-03-17,Platinum Credit Card,500,300,102466.38,47386.95,4927.74,2026-03-10,1932.75,M,1975-04-24,Orascom,Primary,100613,,0.0,61,,,,NEW,614
4,Mansoura,2022-10-23,75000,A,NORM,Normal,0,2026-03-27,Classic Credit Card,500,150,41710.84,33150.2,4827.98,2026-03-16,1610.23,M,1966-03-10,Amazon Egypt,Primary,100614,,0.0,41,,,,NORM,615
7,Luxor,2024-03-17,30000,A,NORM,Normal,0,2026-03-22,Classic Credit Card,100,500,21040.72,8899.92,2373.21,2026-03-04,879.31,F,1978-01-12,Edita Food Industries,Primary,100616,,0.0,24,,,,NORM,617
7,Luxor,2024-03-17,30000,A,30DD,30 Days Delinquent,30,2026-03-22,Travel Rewards Card,100,500,19487.1,10288.27,8468.0,2026-03-19,1618.43,F,1978-01-12,Edita Food Industries,Primary,100616,,16475.93,24,,,,30DD,617
7,Luxor,2024-03-17,30000,A,90DA,90 Days Delinquent,90,2026-03-29,Cashback Card,100,500,14300.33,15666.33,7569.15,2026-03-13,332.49,F,1978-01-12,Edita Food Industries,Primary,100616,,17453.98,24,,,,90DA,617
10,Suez,2022-12-17,50000,A,NORM,Normal,0,2026-03-27,Classic Credit Card,0,1000,24516.15,25163.18,8010.42,2026-03-20,516.51,F,1989-03-31,Microsoft Egypt,Primary,100617,,0.0,40,,,,NORM,618
9,Ismailia,2020-05-25,10000,A,90DA,90 Days Delinquent,90,2026-03-25,Cashback Card,200,150,6112.57,3607.3,1103.73,2026-03-17,123.42,M,1972-09-25,Government,Primary,100618,,2341.04,71,,,,90DA,619
5,Tanta,2018-01-22,100000,A,90DA,90 Days Delinquent,90,2026-03-24,Platinum Credit Card,100,500,78976.46,20888.05,143.34,2026-03-08,72.42,M,1985-09-04,Edita Food Industries,Primary,100620,,18672.83,99,,,,90DA,621
5,Tanta,2018-01-22,100000,A,NORM,Normal,0,2026-03-31,World Elite Card,100,500,33081.23,66844.27,23226.76,2026-03-28,1453.17,M,1985-09-04,Edita Food Industries,Primary,100620,,0.0,99,,,,NORM,621
4,Mansoura,2022-01-19,100000,A,NORM,Normal,0,2026-03-27,Platinum Credit Card,500,0,71427.69,28350.04,29755.53,2026-03-16,1168.62,M,1996-11-28,CIB,Primary,100621,,0.0,51,,,,NORM,622
4,Mansoura,2018-11-16,50000,A,NEW,New,0,2026-03-22,Titanium Credit Card,200,1000,3469.75,46163.76,7549.54,2026-03-03,1498.32,F,1980-01-05,Government,Primary,100622,,0.0,89,,,,NEW,623
7,Luxor,2019-10-30,15000,A,NORM,Normal,0,2026-03-17,Cashback Card,500,150,5641.87,9255.06,1203.2,2026-03-13,1151.45,M,1996-12-14,Government,Primary,100623,,0.0,78,,,,NORM,624
1,Cairo Main,2019-10-05,150000,A,NEW,New,0,2026-03-25,World Elite Card,0,0,116640.38,32941.46,31601.09,2026-03-10,1909.5,F,1993-06-26,IBM Egypt,Primary,100624,,0.0,79,,,,NEW,625
3,Alexandria,2022-03-02,30000,A,NORM,Normal,0,2026-03-28,Gold Credit Card,0,150,-891.81,29078.27,6307.66,2026-03-25,709.21,M,1965-04-13,IBM Egypt,Primary,100625,,0.0,49,,,,NORM,626
5,Tanta,2021-03-07,20000,A,90DA,90 Days Delinquent,90,2026-03-22,Gold Credit Card,200,0,-841.99,18942.93,2757.54,2026-03-14,390.08,M,1999-11-18,Orascom,Primary,100626,,9775.72,61,,,,90DA,627
5,Tanta,2021-03-07,20000,A,NORM,Normal,0,2026-04-01,Cashback Card,200,0,14124.86,5821.73,1736.85,2026-03-24,514.37,M,1999-11-18,Orascom,Primary,100626,,0.0,61,,,,NORM,627
6,Assiut,2024-12-29,75000,A,NORM,Normal,0,2026-03-18,Titanium Credit Card,200,1000,70510.74,4048.59,12952.2,2026-03-09,205.17,M,1964-01-03,Microsoft Egypt,Secondary,100628,,0.0,15,,,,NORM,629
2,Giza,2019-11-10,5000,A,NORM,Normal,0,2026-03-23,Cashback Card,200,1000,3391.77,1445.33,615.65,2026-03-06,356.9,M,1998-11-04,Cairo University,Primary,100629,,0.0,77,,,,NORM,630
10,Suez,2024-06-20,5000,A,90DA,90 Days Delinquent,90,2026-03-29,Gold Credit Card,0,0,325.74,4313.91,1031.33,2026-03-25,974.16,M,1984-04-21,Cairo University,Secondary,100630,,2791.94,21,,,,90DA,631
4,Mansoura,2024-07-01,100000,A,90DA,90 Days Delinquent,90,2026-03-31,Travel Rewards Card,0,500,38494.77,61437.48,25445.58,2026-03-17,287.67,M,1997-03-20,National Bank of Egypt,Primary,100631,,51944.24,21,,,,90DA,632
4,Mansoura,2024-07-01,100000,A,NORM,Normal,0,2026-03-30,Platinum Credit Card,0,500,15890.34,84073.73,19210.49,2026-03-24,637.13,M,1997-03-20,National Bank of Egypt,Primary,100631,,0.0,21,,,,NORM,632
1,Cairo Main,2023-12-03,50000,A,NORM,Normal,0,2026-03-31,Platinum Credit Card,0,1000,17102.91,32454.19,1891.66,2026-03-18,1652.32,M,1998-07-24,Microsoft Egypt,Primary,100632,,0.0,28,,,,NORM,633
2,Giza,2021-06-10,75000,A,NORM,Normal,0,2026-03-31,Titanium Credit Card,100,0,29307.21,45247.12,3545.44,2026-03-11,1364.11,M,1966-12-01,Orascom,Primary,100633,,0.0,58,,,,NORM,634
3,Alexandria,2021-08-20,30000,A,NORM,Normal,0,2026-03-21,Platinum Credit Card,100,500,-2324.56,27328.59,967.49,2026-03-09,65.63,F,1978-07-08,Microsoft Egypt,Secondary,100634,,0.0,56,,,,NORM,635
3,Alexandria,2021-08-20,30000,A,NORM,Normal,0,2026-03-19,Cashback Card,100,500,21978.34,7685.65,7339.84,2026-03-09,767.76,F,1978-07-08,Microsoft Egypt,Secondary,100634,,0.0,56,,,,NORM,635
6,Assiut,2024-03-15,75000,A,NORM,Normal,0,2026-03-27,Titanium Credit Card,100,0,68898.61,5958.15,95.73,2026-03-24,555.43,F,1980-11-06,National Bank of Egypt,Primary,100635,,0.0,24,,,,NORM,636
4,Mansoura,2024-03-22,15000,A,30DD,30 Days Delinquent,30,2026-03-22,Gold Credit Card,0,1000,8767.89,5886.31,2543.39,2026-03-24,447.33,M,1994-03-23,Juhayna,Primary,100636,,4000.93,24,,,,30DD,637
9,Ismailia,2020-10-01,150000,A,NORM,Normal,0,2026-04-01,Travel Rewards Card,200,150,137195.0,12432.29,41106.94,2026-03-17,731.39,M,1967-07-18,Amazon Egypt,Primary,100637,,0.0,66,,,,NORM,638
9,Ismailia,2020-10-01,150000,A,NORM,Normal,0,2026-03-20,World Elite Card,200,150,107183.24,42594.97,25106.5,2026-03-02,593.23,M,1967-07-18,Amazon Egypt,Primary,100637,,0.0,66,,,,NORM,638
10,Suez,2022-04-07,50000,A,NORM,Normal,0,2026-03-18,Titanium Credit Card,0,150,14545.21,35250.41,4729.54,2026-03-31,22.27,M,1971-04-03,El Sewedy Electric,Primary,100638,,0.0,48,,,,NORM,639
4,Mansoura,2021-08-10,50000,A,NORM,Normal,0,2026-03-26,Titanium Credit Card,0,150,20867.38,28733.7,4339.41,2026-03-27,687.35,M,1989-09-15,El Sewedy Electric,Primary,100640,,0.0,56,,,,NORM,641
3,Alexandria,2024-03-26,100000,A,60DA,60 Days Delinquent,60,2026-03-27,World Elite Card,0,500,51166.59,48407.98,17679.8,2026-03-11,1865.56,M,1978-07-14,Microsoft Egypt,Primary,100641,,42070.19,24,,,,60DA,642
6,Assiut,2019-12-27,5000,A,NORM,Normal,0,2026-03-19,Classic Credit Card,500,0,1585.02,3339.75,598.75,2026-03-21,49.91,M,1977-05-07,CIB,Primary,100642,,0.0,76,,,,NORM,643
4,Mansoura,2024-11-17,30000,A,NORM,Normal,0,2026-03-17,Gold Credit Card,200,0,2893.22,26774.02,566.18,2026-03-29,1600.68,F,1964-01-14,Elsewedy Capital,Primary,100643,,0.0,16,,,,NORM,644
10,Suez,2018-09-25,200000,A,NEW,New,0,2026-03-18,Travel Rewards Card,100,1000,103471.93,96419.13,50106.66,2026-03-26,1605.23,F,1967-11-15,Banque Misr,Primary,100645,,0.0,91,,,,NEW,646
10,Suez,2018-09-25,200000,A,NORM,Normal,0,2026-04-01,World Elite Card,100,1000,162343.4,37252.98,20053.84,2026-03-11,1338.08,F,1967-11-15,Banque Misr,Primary,100645,,0.0,91,,,,NORM,646
10,Suez,2024-04-13,100000,A,30DD,30 Days Delinquent,30,2026-03-30,Cashback Card,500,300,41713.87,57942.27,28137.52,2026-03-18,793.42,M,1971-05-06,Vodafone Egypt,Primary,100646,,7163.91,23,,,,30DD,647
10,Suez,2024-04-13,100000,A,90DA,90 Days Delinquent,90,2026-03-22,Platinum Credit Card,500,300,-1920.76,98004.89,27478.27,2026-03-07,496.52,M,1971-05-06,Vodafone Egypt,Primary,100646,,42144.8,23,,,,90DA,647
6,Assiut,2018-06-28,20000,A,NEW,New,0,2026-03-29,Gold Credit Card,500,300,18584.72,1414.07,1618.63,2026-03-09,335.65,M,1983-03-15,Orange Egypt,Primary,100647,,0.0,94,,,,NEW,648
10,Suez,2018-04-14,20000,A,90DA,90 Days Delinquent,90,2026-03-24,Titanium Credit Card,200,0,-481.66,19239.15,4646.36,2026-03-14,492.52,M,1996-03-24,Amazon Egypt,Primary,100648,,3633.4,96,,,,90DA,649
10,Suez,2018-04-14,20000,A,NORM,Normal,0,2026-04-01,Cashback Card,200,0,309.28,19313.68,3608.84,2026-03-31,1042.39,M,1996-03-24,Amazon Egypt,Primary,100648,,0.0,96,,,,NORM,649
10,Suez,2021-10-01,30000,A,NORM,Normal,0,2026-03-22,Classic Credit Card,200,0,13222.03,16374.76,5472.23,2026-03-31,1705.53,F,1995-10-05,Elsewedy Capital,Primary,100649,,0.0,54,,,,NORM,650
1,Cairo Main,2022-12-16,5000,A,NORM,Normal,0,2026-03-31,Gold Credit Card,0,0,4718.34,5.23,1111.61,2026-03-09,678.21,M,1995-12-29,Juhayna,Primary,100651,,0.0,40,,,,NORM,652
7,Luxor,2024-12-03,75000,A,30DD,30 Days Delinquent,30,2026-03-29,Platinum Credit Card,500,500,-4504.63,70403.18,5308.06,2026-03-29,821.86,M,1964-04-19,Elsewedy Capital,Primary,100652,,5201.93,16,,,,30DD,653
9,Ismailia,2024-08-04,20000,A,NORM,Normal,0,2026-03-30,Cashback Card,0,1000,4372.67,15616.31,822.58,2026-03-11,321.53,M,1974-09-21,CIB,Secondary,100653,,0.0,20,,,,NORM,654
9,Ismailia,2022-01-05,30000,A,NORM,Normal,0,2026-03-26,Classic Credit Card,200,1000,19228.06,10409.9,3120.45,2026-03-15,793.08,F,1989-03-26,Cairo University,Primary,100655,,0.0,51,,,,NORM,656
9,Ismailia,2022-01-05,30000,A,NORM,Normal,0,2026-03-24,Cashback Card,200,1000,11396.67,18198.97,5597.05,2026-03-05,1169.58,F,1989-03-26,Cairo University,Primary,100655,,0.0,51,,,,NORM,656
10,Suez,2019-08-16,5000,A,90DA,90 Days Delinquent,90,2026-03-28,Cashback Card,0,500,1185.42,3777.15,6.75,2026-03-13,0.98,F,1989-07-02,Elsewedy Capital,Primary,100656,,930.41,80,,,,90DA,657
2,Giza,2020-02-15,100000,A,NORM,Normal,0,2026-03-21,Platinum Credit Card,200,1000,66019.34,33850.8,12982.06,2026-03-18,990.87,F,1975-04-27,Freelancer,Primary,100657,,0.0,74,,,,NORM,658
8,Zagazig,2018-06-22,100000,A,NORM,Normal,0,2026-03-22,World Elite Card,100,150,18420.35,81559.92,11568.58,2026-03-03,380.06,F,1999-04-20,Elsewedy Capital,Primary,100658,,0.0,94,,,,NORM,659
4,Mansoura,2020-03-13,5000,A,NORM,Normal,0,2026-03-20,Classic Credit Card,100,500,3908.86,701.5,735.01,2026-03-21,237.14,M,1968-01-04,Orascom,Primary,100661,,0.0,73,,,,NORM,662
8,Zagazig,2022-02-23,50000,A,NORM,Normal,0,2026-03-17,Classic Credit Card,0,150,28258.19,21279.06,12605.99,2026-03-10,1029.92,M,1970-10-09,Orascom,Primary,100662,,0.0,49,,,,NORM,663
8,Zagazig,2022-02-23,50000,A,NORM,Normal,0,2026-03-19,Titanium Credit Card,0,150,23650.6,26094.43,8842.67,2026-03-31,1223.83,M,1970-10-09,Orascom,Primary,100662,,0.0,49,,,,NORM,663
8,Zagazig,2022-02-23,50000,A,NORM,Normal,0,2026-03-19,Travel Rewards Card,0,150,27194.3,22716.81,9964.56,2026-03-12,1620.47,M,1970-10-09,Orascom,Primary,100662,,0.0,49,,,,NORM,663
6,Assiut,2018-08-07,30000,A,NORM,Normal,0,2026-03-21,Titanium Credit Card,100,0,7724.37,21822.74,1104.89,2026-03-25,1930.5,F,1971-02-01,Banque Misr,Primary,100664,,0.0,93,,,,NORM,665
6,Assiut,2018-08-07,30000,A,60DA,60 Days Delinquent,60,2026-03-28,Cashback Card,100,0,11814.43,17905.06,8558.69,2026-03-26,1788.03,F,1971-02-01,Banque Misr,Primary,100664,,13596.98,93,,,,60DA,665
3,Alexandria,2022-05-09,150000,A,NORM,Normal,0,2026-03-19,Platinum Credit Card,100,300,120590.75,29160.68,30507.48,2026-03-31,259.89,F,1982-10-25,IBM Egypt,Primary,100665,,0.0,47,,,,NORM,666
8,Zagazig,2024-07-08,75000,A,NORM,Normal,0,2026-03-23,Platinum Credit Card,100,150,60819.32,14171.81,16850.26,2026-03-10,534.91,F,1972-01-14,Cairo University,Secondary,100666,,0.0,21,,,,NORM,667
5,Tanta,2022-03-25,200000,A,NORM,Normal,0,2026-03-23,Classic Credit Card,100,0,56598.41,143294.82,5728.94,2026-03-03,1393.03,F,1979-01-24,Orascom,Primary,100667,,0.0,48,,,,NORM,668
5,Tanta,2022-03-25,200000,A,30DD,30 Days Delinquent,30,2026-03-19,Travel Rewards Card,100,0,-13563.34,186328.18,44157.36,2026-03-28,1675.96,F,1979-01-24,Orascom,Primary,100667,,113998.77,48,,,,30DD,668
10,Suez,2023-03-21,150000,A,NORM,Normal,0,2026-03-29,Platinum Credit Card,500,500,60926.08,88756.55,33802.01,2026-03-09,158.95,F,1961-11-05,Military,Primary,100668,,0.0,36,,,,NORM,669
9,Ismailia,2018-11-17,30000,A,NORM,Normal,0,2026-03-17,Classic Credit Card,200,0,21959.19,7719.6,4022.69,2026-03-09,1571.7,M,1988-11-14,Elsewedy Capital,Primary,100670,,0.0,89,,,,NORM,671
5,Tanta,2021-01-29,20000,A,30DD,30 Days Delinquent,30,2026-03-17,Cashback Card,200,0,17764.69,2170.47,2160.5,2026-03-07,953.79,F,1993-06-05,Military,Primary,100671,,3532.29,62,,,,30DD,672
7,Luxor,2024-07-03,5000,A,NEW,New,0,2026-03-23,Business Credit Card,100,500,1307.44,3645.94,1403.53,2026-03-22,863.95,M,1996-11-12,Self Employed,Primary,100672,,0.0,21,,,,NEW,673
4,Mansoura,2024-08-01,150000,A,NORM,Normal,0,2026-03-20,Travel Rewards Card,0,300,96978.63,52926.57,10363.18,2026-03-05,1423.01,M,1983-02-20,Freelancer,Primary,100673,,0.0,20,,,,NORM,674
4,Mansoura,2024-08-01,150000,A,NEW,New,0,2026-04-01,Platinum Credit Card,0,300,70368.16,79379.09,13397.96,2026-03-06,1516.24,M,1983-02-20,Freelancer,Primary,100673,,0.0,20,,,,NEW,674
10,Suez,2024-06-08,75000,A,NEW,New,0,2026-03-22,Titanium Credit Card,0,1000,11506.08,63171.31,1227.84,2026-03-02,620.97,F,1987-04-07,Microsoft Egypt,Primary,100676,,0.0,22,,,,NEW,677
10,Suez,2021-06-01,10000,A,NORM,Normal,0,2026-03-23,Cashback Card,100,0,3406.71,6260.71,1936.22,2026-03-13,823.02,F,1980-04-02,Orascom,Primary,100677,,0.0,58,,,,NORM,678
7,Luxor,2019-10-06,10000,A,NORM,Normal,0,2026-03-23,Gold Credit Card,0,500,8654.83,908.62,2609.18,2026-03-21,1560.54,M,1977-07-17,Banque Misr,Primary,100679,,0.0,78,,,,NORM,680
7,Luxor,2023-04-29,15000,A,NORM,Normal,0,2026-03-22,Gold Credit Card,100,1000,10866.65,4065.82,4375.63,2026-03-28,1496.65,F,1996-09-08,Military,Primary,100680,,0.0,35,,,,NORM,681
8,Zagazig,2022-06-24,200000,A,NORM,Normal,0,2026-03-24,Platinum Credit Card,500,500,180099.38,19734.53,37821.87,2026-03-29,921.25,M,1962-11-14,Elsewedy Capital,Primary,100681,,0.0,45,,,,NORM,682
6,Assiut,2021-05-03,75000,A,NORM,Normal,0,2026-03-20,Travel Rewards Card,100,1000,37462.1,37469.08,15180.38,2026-03-15,1766.68,F,1991-05-31,Military,Primary,100682,,0.0,59,,,,NORM,683
6,Assiut,2021-05-03,75000,A,NORM,Normal,0,2026-03-18,Platinum Credit Card,100,1000,52805.98,21912.66,14001.35,2026-03-16,1140.38,F,1991-05-31,Military,Primary,100682,,0.0,59,,,,NORM,683
2,Giza,2018-06-28,20000,A,90DA,90 Days Delinquent,90,2026-03-31,Cashback Card,200,0,9633.06,10051.11,4765.79,2026-03-31,1100.28,M,1977-08-26,Orascom,Secondary,100683,,9816.04,94,,,,90DA,684
2,Giza,2018-11-10,10000,A,60DA,60 Days Delinquent,60,2026-03-19,Gold Credit Card,100,300,-755.97,9228.95,533.72,2026-03-05,1335.61,M,1976-07-16,Government,Primary,100684,,4582.95,89,,,,60DA,685
2,Giza,2018-11-10,10000,A,30DD,30 Days Delinquent,30,2026-03-29,Cashback Card,100,300,3148.68,6691.45,970.09,2026-03-21,506.72,M,1976-07-16,Government,Primary,100684,,2269.96,89,,,,30DD,685
2,Giza,2023-03-07,75000,A,30DD,30 Days Delinquent,30,2026-04-01,Travel Rewards Card,0,300,51937.0,23041.63,10019.36,2026-03-11,1327.6,M,1988-08-28,Edita Food Industries,Primary,100685,,31618.17,37,,,,30DD,686
2,Giza,2023-03-07,75000,A,NORM,Normal,0,2026-03-17,Platinum Credit Card,0,300,48662.35,26022.07,7943.35,2026-03-09,1800.42,M,1988-08-28,Edita Food Industries,Primary,100685,,0.0,37,,,,NORM,686
8,Zagazig,2023-03-05,10000,A,NORM,Normal,0,2026-03-23,Classic Credit Card,500,150,5919.06,3839.05,2020.16,2026-03-11,1753.14,F,1981-09-29,National Bank of Egypt,Secondary,100686,,0.0,37,,,,NORM,687
1,Cairo Main,2019-02-16,15000,A,90DA,90 Days Delinquent,90,2026-03-23,Cashback Card,500,150,7778.56,7024.4,2966.54,2026-03-12,1632.22,M,1987-03-24,Juhayna,Primary,100687,,3471.35,86,,,,90DA,688
3,Alexandria,2022-01-06,15000,A,NORM,Normal,0,2026-03-18,Cashback Card,100,500,-793.24,13709.71,517.35,2026-03-28,310.58,M,1979-10-07,El Sewedy Electric,Secondary,100688,,0.0,51,,,,NORM,689
3,Alexandria,2022-01-06,15000,A,NORM,Normal,0,2026-03-25,World Elite Card,100,500,1335.65,13555.78,4095.38,2026-03-25,655.09,M,1979-10-07,El Sewedy Electric,Secondary,100688,,0.0,51,,,,NORM,689
1,Cairo Main,2023-10-01,10000,A,NORM,Normal,0,2026-03-18,Cashback Card,100,1000,1171.58,8793.62,898.67,2026-03-11,1198.53,M,1978-08-24,Edita Food Industries,Secondary,100691,,0.0,30,,,,NORM,692
2,Giza,2020-05-25,10000,A,NORM,Normal,0,2026-03-27,Classic Credit Card,500,300,3938.28,5823.03,1888.64,2026-03-10,1734.9,M,1970-06-04,IBM Egypt,Primary,100692,,0.0,71,,,,NORM,693
2,Giza,2021-02-14,200000,A,NORM,Normal,0,2026-03-31,World Elite Card,500,300,145582.48,54374.85,39621.72,2026-03-13,962.74,F,1989-07-07,IBM Egypt,Secondary,100693,,0.0,62,,,,NORM,694
10,Suez,2020-10-28,10000,A,NORM,Normal,0,2026-03-17,Cashback Card,500,150,3140.44,6415.87,2938.04,2026-03-12,1665.05,F,1967-09-10,Military,Primary,100694,,0.0,66,,,,NORM,695
2,Giza,2018-03-14,200000,A,NORM,Normal,0,2026-03-18,World Elite Card,0,150,11827.8,187749.86,54996.78,2026-03-29,239.41,M,1975-01-12,Cairo University,Primary,100695,,0.0,98,,,,NORM,696
1,Cairo Main,2023-07-07,10000,A,NORM,Normal,0,2026-03-17,Classic Credit Card,100,150,9180.65,439.71,2238.35,2026-03-10,351.72,M,1962-11-24,El Sewedy Electric,Primary,100699,,0.0,33,,,,NORM,700
4,Mansoura,2018-11-17,75000,A,90DA,90 Days Delinquent,90,2026-03-19,Platinum Credit Card,100,500,43881.12,30970.11,8685.16,2026-03-08,1498.33,M,1982-10-05,Freelancer,Primary,100700,,21025.7,89,,,,90DA,701
9,Ismailia,2022-11-11,15000,A,60DA,60 Days Delinquent,60,2026-03-18,Business Credit Card,500,500,2225.43,12389.1,3872.85,2026-03-02,667.49,M,1987-05-03,Self Employed,Primary,100702,,3856.31,41,,,,60DA,703
9,Ismailia,2024-03-14,15000,A,90DA,90 Days Delinquent,90,2026-03-22,Gold Credit Card,500,300,2526.75,12183.2,2623.81,2026-03-29,786.5,F,1966-11-08,Talaat Moustafa Group,Primary,100703,,6977.45,24,,,,90DA,704
6,Assiut,2023-04-07,20000,A,NEW,New,0,2026-03-31,Cashback Card,200,500,16272.67,3244.8,4858.89,2026-03-04,1742.19,F,1966-02-16,Banque Misr,Secondary,100704,,0.0,36,,,,NEW,705
3,Alexandria,2024-10-15,100000,A,30DD,30 Days Delinquent,30,2026-03-18,World Elite Card,0,0,7134.77,92464.32,22478.97,2026-03-19,921.62,M,1971-09-21,Banque Misr,Primary,100707,,19355.72,17,,,,30DD,708
10,Suez,2023-10-25,20000,A,90DA,90 Days Delinquent,90,2026-03-17,Gold Credit Card,200,300,5027.42,14823.48,4285.36,2026-03-30,178.34,F,1963-08-09,Amazon Egypt,Primary,100708,,7316.33,29,,,,90DA,709
2,Giza,2024-06-03,50000,A,NORM,Normal,0,2026-03-29,Platinum Credit Card,500,300,25860.31,23837.11,9134.76,2026-03-12,651.32,M,1988-07-15,Banque Misr,Secondary,100709,,0.0,22,,,,NORM,710
2,Giza,2022-09-08,150000,A,90DA,90 Days Delinquent,90,2026-03-25,Platinum Credit Card,100,150,13835.22,135753.73,2233.17,2026-03-27,433.78,F,1963-02-18,Amazon Egypt,Primary,100710,,43304.1,43,,,,90DA,711
8,Zagazig,2023-08-21,10000,A,90DA,90 Days Delinquent,90,2026-03-24,Classic Credit Card,100,150,101.13,9408.57,1715.79,2026-03-16,841.38,M,1968-02-29,Freelancer,Primary,100711,,2651.02,31,,,,90DA,712
7,Luxor,2019-03-24,15000,A,NORM,Normal,0,2026-03-30,Gold Credit Card,0,300,2432.99,12188.09,3799.38,2026-03-22,719.41,M,1979-10-08,National Bank of Egypt,Primary,100712,,0.0,85,,,,NORM,713
8,Zagazig,2019-02-17,5000,A,NORM,Normal,0,2026-03-24,Classic Credit Card,0,0,3139.24,1489.84,1486.24,2026-03-15,345.56,M,1981-10-06,Orange Egypt,Primary,100713,,0.0,86,,,,NORM,714
10,Suez,2020-12-24,100000,A,30DD,30 Days Delinquent,30,2026-03-17,Business Credit Card,500,300,29313.06,70325.72,12410.28,2026-03-29,871.47,F,1983-04-30,Self Employed,Primary,100714,,21515.01,64,,,,30DD,715
4,Mansoura,2022-06-21,75000,A,NORM,Normal,0,2026-03-19,Titanium Credit Card,200,0,35560.15,39161.66,15034.07,2026-03-04,389.92,M,1976-03-15,Military,Primary,100715,,0.0,46,,,,NORM,716
1,Cairo Main,2019-05-19,150000,A,NORM,Normal,0,2026-03-27,World Elite Card,500,1000,111445.77,38254.92,18447.33,2026-03-16,821.08,F,1986-12-31,Talaat Moustafa Group,Primary,100716,,0.0,83,,,,NORM,717
1,Cairo Main,2022-01-15,5000,A,60DA,60 Days Delinquent,60,2026-03-31,Classic Credit Card,500,500,3965.09,785.49,1013.83,2026-03-21,909.71,M,1988-06-05,Edita Food Industries,Primary,100717,,1530.9,51,,,,60DA,718
7,Luxor,2024-10-22,20000,A,NORM,Normal,0,2026-03-21,Business Credit Card,0,150,8918.34,11030.31,58.85,2026-03-28,1451.95,F,1973-03-07,Banque Misr,Primary,100718,,0.0,17,,,,NORM,719
7,Luxor,2024-10-22,20000,A,NORM,Normal,0,2026-03-23,Cashback Card,0,150,9472.95,10059.74,2881.1,2026-03-19,1637.65,F,1973-03-07,Banque Misr,Primary,100718,,0.0,17,,,,NORM,719
7,Luxor,2018-04-30,15000,A,NORM,Normal,0,2026-03-19,Titanium Credit Card,500,0,-1476.24,13071.52,2502.26,2026-03-10,972.96,M,1992-02-09,Edita Food Industries,Secondary,100720,,0.0,96,,,,NORM,721
7,Luxor,2018-04-30,15000,A,NORM,Normal,0,2026-03-26,Gold Credit Card,500,0,13717.64,1155.54,1958.59,2026-03-13,893.07,M,1992-02-09,Edita Food Industries,Secondary,100720,,0.0,96,,,,NORM,721
6,Assiut,2020-07-05,200000,A,NORM,Normal,0,2026-03-18,Platinum Credit Card,500,500,49403.79,150128.2,14038.22,2026-03-05,885.37,F,1999-02-10,Military,Secondary,100721,,0.0,69,,,,NORM,722
10,Suez,2020-06-28,10000,A,NORM,Normal,0,2026-03-23,Gold Credit Card,200,150,2046.78,7678.51,1916.45,2026-03-24,1973.89,F,1986-07-02,Microsoft Egypt,Secondary,100724,,0.0,70,,,,NORM,725
3,Alexandria,2021-03-06,15000,A,NORM,Normal,0,2026-04-01,Gold Credit Card,0,300,13677.18,1265.17,1304.07,2026-03-21,505.0,F,1986-12-24,Orange Egypt,Primary,100725,,0.0,61,,,,NORM,726
5,Tanta,2022-03-23,5000,A,NORM,Normal,0,2026-03-19,Cashback Card,100,150,1687.72,3000.12,1296.45,2026-03-11,327.69,M,1991-08-02,Edita Food Industries,Secondary,100726,,0.0,49,,,,NORM,727
7,Luxor,2019-10-15,5000,A,NORM,Normal,0,2026-03-20,Gold Credit Card,500,300,1365.86,3340.39,676.35,2026-03-18,32.15,F,1973-06-01,Ministry of Health,Primary,100727,,0.0,78,,,,NORM,728
5,Tanta,2020-03-10,150000,A,NEW,New,0,2026-03-30,Platinum Credit Card,0,300,101783.57,48057.89,5168.32,2026-03-14,878.17,F,1991-03-28,Microsoft Egypt,Primary,100728,,0.0,73,,,,NEW,729
8,Zagazig,2023-05-31,30000,A,NORM,Normal,0,2026-03-18,Cashback Card,100,0,27774.98,2109.1,3922.53,2026-03-25,1291.09,F,1991-03-21,Banque Misr,Primary,100729,,0.0,34,,,,NORM,730
3,Alexandria,2022-10-16,15000,A,NEW,New,0,2026-03-21,Gold Credit Card,100,0,6752.57,7844.31,2276.84,2026-03-12,1806.32,M,1976-11-21,Orange Egypt,Secondary,100730,,0.0,42,,,,NEW,731
1,Cairo Main,2024-06-04,200000,A,NORM,Normal,0,2026-03-25,Business Credit Card,0,1000,51178.97,148695.54,28603.84,2026-03-23,877.18,M,1986-04-28,Self Employed,Primary,100733,,0.0,22,,,,NORM,734
10,Suez,2019-02-12,50000,A,NORM,Normal,0,2026-03-21,Travel Rewards Card,0,500,2434.17,47312.04,7728.2,2026-03-17,766.98,F,1965-08-13,National Bank of Egypt,Primary,100734,,0.0,86,,,,NORM,735
2,Giza,2020-04-29,10000,A,30DD,30 Days Delinquent,30,2026-03-31,Gold Credit Card,0,1000,6022.54,3553.29,2191.41,2026-03-05,1278.5,F,1993-10-19,Orascom,Secondary,100735,,1715.18,72,,,,30DD,736
2,Giza,2020-04-29,10000,A,NORM,Normal,0,2026-03-29,Cashback Card,0,1000,-372.77,9332.63,959.07,2026-03-20,876.3,F,1993-10-19,Orascom,Secondary,100735,,0.0,72,,,,NORM,736
3,Alexandria,2020-04-24,15000,A,NORM,Normal,0,2026-03-30,Classic Credit Card,0,0,7170.83,7686.98,1451.34,2026-03-13,1143.31,F,1985-10-18,National Bank of Egypt,Primary,100736,,0.0,72,,,,NORM,737
7,Luxor,2018-01-01,20000,A,NORM,Normal,0,2026-03-17,Cashback Card,200,1000,17436.72,2418.06,754.11,2026-03-10,206.3,F,1989-07-10,Juhayna,Primary,100737,,0.0,100,,,,NORM,738
9,Ismailia,2024-10-18,150000,A,NORM,Normal,0,2026-03-19,World Elite Card,0,150,81085.66,68790.86,39750.56,2026-03-30,672.47,M,1975-10-18,Government,Primary,100738,,0.0,17,,,,NORM,739
3,Alexandria,2024-03-11,20000,A,NORM,Normal,0,2026-03-17,Classic Credit Card,500,0,16422.92,3479.71,4282.08,2026-03-12,627.54,F,1987-01-04,Cairo University,Primary,100739,,0.0,25,,,,NORM,740
3,Alexandria,2019-09-21,50000,A,90DA,90 Days Delinquent,90,2026-03-22,Platinum Credit Card,0,300,26206.59,23335.3,8402.1,2026-03-07,1265.79,M,1978-10-29,Amazon Egypt,Primary,100741,,15997.74,79,,,,90DA,742
2,Giza,2018-12-31,50000,A,NEW,New,0,2026-03-26,Gold Credit Card,200,0,40127.11,9799.74,10523.4,2026-03-16,930.14,M,1974-10-10,Edita Food Industries,Primary,100742,,0.0,88,,,,NEW,743
5,Tanta,2019-02-10,5000,A,30DD,30 Days Delinquent,30,2026-04-01,Gold Credit Card,100,300,324.66,4370.44,1484.38,2026-03-07,1372.54,F,1987-04-01,Orascom,Primary,100744,,2932.54,86,,,,30DD,745
1,Cairo Main,2023-10-05,15000,A,NORM,Normal,0,2026-03-20,Cashback Card,200,0,5452.73,9431.61,818.85,2026-03-27,711.38,F,1990-10-20,Banque Misr,Primary,100745,,0.0,30,,,,NORM,746
7,Luxor,2023-02-19,15000,A,NORM,Normal,0,2026-03-23,Titanium Credit Card,500,1000,993.83,13861.35,1069.21,2026-03-21,1341.42,M,1991-09-14,Freelancer,Primary,100746,,0.0,37,,,,NORM,747
7,Luxor,2021-07-04,10000,A,60DA,60 Days Delinquent,60,2026-04-01,Classic Credit Card,0,150,2193.66,7558.92,2294.44,2026-03-09,729.13,M,1994-07-26,National Bank of Egypt,Primary,100747,,4415.12,57,,,,60DA,748
8,Zagazig,2018-02-13,75000,A,NORM,Normal,0,2026-03-31,Travel Rewards Card,0,500,47484.4,27503.58,1846.6,2026-03-25,817.49,M,1996-04-04,Government,Primary,100748,,0.0,98,,,,NORM,749
8,Zagazig,2018-02-13,75000,A,NORM,Normal,0,2026-03-20,Platinum Credit Card,0,500,6806.72,67803.54,12031.41,2026-03-21,1095.02,M,1996-04-04,Government,Primary,100748,,0.0,98,,,,NORM,749
9,Ismailia,2021-11-14,20000,A,NEW,New,0,2026-03-22,Classic Credit Card,500,150,14409.14,5176.89,1098.97,2026-03-04,448.79,M,1993-08-17,Government,Primary,100749,,0.0,53,,,,NEW,750
9,Ismailia,2018-07-28,75000,A,30DD,30 Days Delinquent,30,2026-03-27,Business Credit Card,200,0,56619.99,17994.56,22016.79,2026-03-08,620.36,F,1975-11-06,Self Employed,Secondary,100750,,5467.94,93,,,,30DD,751
2,Giza,2021-05-10,100000,A,NORM,Normal,0,2026-03-26,World Elite Card,500,150,859.62,99019.71,26123.88,2026-03-18,1132.72,F,1973-01-04,Juhayna,Secondary,100751,,0.0,59,,,,NORM,752
7,Luxor,2018-02-06,10000,A,NORM,Normal,0,2026-03-29,Classic Credit Card,100,500,8033.7,1577.12,2288.88,2026-03-02,846.77,M,1975-11-26,Amazon Egypt,Secondary,100753,,0.0,99,,,,NORM,754
5,Tanta,2023-04-12,75000,A,NORM,Normal,0,2026-03-20,Titanium Credit Card,100,1000,34688.75,40098.47,15000.94,2026-03-30,949.61,F,1970-02-21,IBM Egypt,Primary,100754,,0.0,36,,,,NORM,755
3,Alexandria,2021-12-19,75000,A,NORM,Normal,0,2026-03-22,Platinum Credit Card,0,150,66055.19,8662.75,10100.3,2026-03-24,581.22,F,1966-04-10,Vodafone Egypt,Primary,100755,,0.0,52,,,,NORM,756
6,Assiut,2019-10-19,20000,A,NORM,Normal,0,2026-03-30,Classic Credit Card,500,500,18521.63,1331.54,1073.01,2026-03-09,51.58,F,1961-06-01,Self Employed,Primary,100756,,0.0,78,,,,NORM,757
6,Assiut,2019-10-19,20000,A,NEW,New,0,2026-03-22,Platinum Credit Card,500,500,4723.29,15114.04,2685.32,2026-03-25,968.86,F,1961-06-01,Self Employed,Primary,100756,,0.0,78,,,,NEW,757
7,Luxor,2022-05-12,15000,A,NORM,Normal,0,2026-04-01,Titanium Credit Card,0,150,4166.68,10597.0,670.4,2026-03-15,305.83,M,1982-07-06,CIB,Primary,100757,,0.0,47,,,,NORM,758
10,Suez,2018-02-02,75000,A,60DA,60 Days Delinquent,60,2026-03-30,Business Credit Card,500,0,1523.22,73305.14,8604.15,2026-03-18,461.92,F,1993-01-29,Self Employed,Primary,100758,,16819.22,99,,,,60DA,759
3,Alexandria,2021-02-25,10000,A,NORM,Normal,0,2026-03-31,Classic Credit Card,100,500,6398.59,3381.18,1963.21,2026-03-30,82.86,M,1971-03-11,Talaat Moustafa Group,Primary,100759,,0.0,62,,,,NORM,760
3,Alexandria,2021-02-25,10000,A,NORM,Normal,0,2026-03-20,World Elite Card,100,500,8178.47,1536.19,2045.31,2026-03-02,620.34,M,1971-03-11,Talaat Moustafa Group,Primary,100759,,0.0,62,,,,NORM,760
6,Assiut,2019-04-02,10000,A,60DA,60 Days Delinquent,60,2026-04-01,Classic Credit Card,200,300,-630.21,9349.48,1070.9,2026-03-13,546.45,F,1973-08-26,Vodafone Egypt,Primary,100764,,691.76,85,,,,60DA,765
8,Zagazig,2018-11-03,150000,A,NORM,Normal,0,2026-03-29,Platinum Credit Card,100,1000,34797.97,115051.23,30934.11,2026-03-19,1477.48,M,1964-06-04,Military,Primary,100766,,0.0,90,,,,NORM,767
9,Ismailia,2020-10-31,150000,A,NORM,Normal,0,2026-04-01,Travel Rewards Card,0,500,76279.06,73248.33,9484.05,2026-03-16,1904.82,M,1991-12-02,IBM Egypt,Primary,100767,,0.0,65,,,,NORM,768
9,Ismailia,2020-10-31,150000,A,NEW,New,0,2026-03-29,Platinum Credit Card,0,500,3223.73,146577.27,18282.84,2026-03-14,445.76,M,1991-12-02,IBM Egypt,Primary,100767,,0.0,65,,,,NEW,768
1,Cairo Main,2024-09-20,30000,A,NORM,Normal,0,2026-03-27,Cashback Card,0,150,24024.82,5702.39,3417.55,2026-03-28,1099.03,F,1967-06-28,Banque Misr,Primary,100768,,0.0,18,,,,NORM,769
2,Giza,2022-11-29,150000,A,NORM,Normal,0,2026-03-20,Platinum Credit Card,500,1000,930.79,148943.02,11749.91,2026-03-18,1990.66,F,1967-06-04,Microsoft Egypt,Primary,100769,,0.0,40,,,,NORM,770
10,Suez,2024-08-22,5000,A,NORM,Normal,0,2026-03-29,Cashback Card,200,300,716.08,4206.53,523.77,2026-03-18,254.46,M,1969-10-08,Government,Primary,100770,,0.0,19,,,,NORM,771
2,Giza,2020-07-06,5000,A,NORM,Normal,0,2026-03-21,Classic Credit Card,100,300,2128.04,2674.63,1155.42,2026-03-26,1855.76,M,1967-09-04,Ministry of Health,Primary,100771,,0.0,69,,,,NORM,772
5,Tanta,2018-08-23,5000,A,NEW,New,0,2026-03-25,Gold Credit Card,100,300,3614.13,1326.0,1355.61,2026-03-11,179.1,M,1974-07-24,IBM Egypt,Primary,100773,,0.0,92,,,,NEW,774
7,Luxor,2020-11-20,200000,A,NORM,Normal,0,2026-03-27,Platinum Credit Card,100,300,84167.54,115366.04,2209.37,2026-03-23,765.31,F,1989-04-30,Ministry of Health,Primary,100774,,0.0,65,,,,NORM,775
8,Zagazig,2022-11-13,50000,A,NORM,Normal,0,2026-03-19,Platinum Credit Card,100,150,39528.62,10340.13,1571.83,2026-03-26,522.47,M,1970-05-24,Banque Misr,Primary,100775,,0.0,41,,,,NORM,776
1,Cairo Main,2019-10-30,15000,A,NORM,Normal,0,2026-03-29,Classic Credit Card,0,150,14029.88,841.64,2969.37,2026-03-05,1670.45,M,1973-11-29,Microsoft Egypt,Primary,100776,,0.0,78,,,,NORM,777
4,Mansoura,2018-12-09,30000,A,NORM,Normal,0,2026-03-25,Classic Credit Card,0,1000,15992.62,13602.09,7271.77,2026-03-17,1188.46,F,1994-07-18,Banque Misr,Secondary,100778,,0.0,89,,,,NORM,779
3,Alexandria,2024-04-24,100000,A,NORM,Normal,0,2026-03-21,Platinum Credit Card,100,150,3017.29,96806.56,8472.45,2026-03-21,682.97,M,1981-07-20,Orascom,Primary,100779,,0.0,23,,,,NORM,780
2,Giza,2018-07-02,10000,A,NORM,Normal,0,2026-03-30,Cashback Card,500,150,1073.3,8518.07,1290.73,2026-03-27,415.64,M,1960-12-13,Ministry of Health,Secondary,100780,,0.0,94,,,,NORM,781
7,Luxor,2019-08-27,50000,A,NORM,Normal,0,2026-04-01,Titanium Credit Card,0,500,1451.25,48204.78,5170.16,2026-03-05,1151.28,M,1977-04-15,Juhayna,Secondary,100781,,0.0,80,,,,NORM,782
5,Tanta,2018-11-09,200000,A,NORM,Normal,0,2026-03-28,World Elite Card,0,1000,175243.97,24320.66,37705.77,2026-03-07,1732.54,M,1976-01-11,Edita Food Industries,Primary,100782,,0.0,90,,,,NORM,783
10,Suez,2022-10-08,15000,A,NORM,Normal,0,2026-03-24,Gold Credit Card,200,0,4292.71,10255.98,2264.93,2026-03-30,1294.46,F,1968-02-19,Juhayna,Secondary,100783,,0.0,42,,,,NORM,784
2,Giza,2018-01-09,15000,A,NEW,New,0,2026-03-28,Gold Credit Card,500,500,1207.79,13785.59,703.59,2026-03-29,782.58,M,1995-05-21,Banque Misr,Primary,100784,,0.0,100,,,,NEW,785
3,Alexandria,2021-08-16,15000,A,NORM,Normal,0,2026-03-17,Gold Credit Card,500,500,-986.25,13681.77,2954.59,2026-03-25,1059.0,F,1964-01-21,Orascom,Primary,100785,,0.0,56,,,,NORM,786
3,Alexandria,2021-08-16,15000,A,NORM,Normal,0,2026-03-25,Cashback Card,500,500,10832.5,4091.78,2114.38,2026-03-17,487.69,F,1964-01-21,Orascom,Primary,100785,,0.0,56,,,,NORM,786
9,Ismailia,2020-06-17,10000,A,NORM,Normal,0,2026-03-23,Classic Credit Card,0,300,4319.4,5426.25,370.86,2026-03-11,1524.63,F,1985-12-02,Elsewedy Capital,Secondary,100787,,0.0,70,,,,NORM,788
6,Assiut,2019-07-25,30000,A,NEW,New,0,2026-03-28,Cashback Card,500,150,11060.0,18586.81,6773.07,2026-03-13,1951.26,M,1976-03-09,Freelancer,Secondary,100788,,0.0,81,,,,NEW,789
2,Giza,2019-08-10,75000,A,NORM,Normal,0,2026-03-17,Titanium Credit Card,200,0,40308.89,34594.17,1640.78,2026-03-18,693.16,M,1991-03-18,Vodafone Egypt,Primary,100789,,0.0,80,,,,NORM,790
3,Alexandria,2019-07-28,150000,A,90DA,90 Days Delinquent,90,2026-03-19,Platinum Credit Card,500,0,80057.29,69504.38,14865.04,2026-03-19,1795.13,F,1981-01-26,Juhayna,Primary,100791,,81929.32,81,,,,90DA,792
10,Suez,2019-12-12,150000,A,60DA,60 Days Delinquent,60,2026-03-26,Platinum Credit Card,500,1000,17954.88,131951.76,17857.46,2026-03-03,1748.59,F,1993-09-10,Orascom,Secondary,100792,,17629.37,76,,,,60DA,793
4,Mansoura,2019-10-05,30000,A,NORM,Normal,0,2026-03-26,Classic Credit Card,100,500,15801.5,14027.73,2721.66,2026-03-02,1109.16,M,1979-01-02,National Bank of Egypt,Primary,100793,,0.0,79,,,,NORM,794
10,Suez,2018-11-13,100000,A,NEW,New,0,2026-03-29,Business Credit Card,500,500,9888.22,90060.88,9566.94,2026-03-10,1024.18,M,1997-10-03,Self Employed,Primary,100794,,0.0,89,,,,NEW,795
4,Mansoura,2019-03-21,10000,A,NORM,Normal,0,2026-03-19,Gold Credit Card,0,150,3229.56,6500.16,33.99,2026-03-24,270.34,F,1972-02-09,National Bank of Egypt,Primary,100795,,0.0,85,,,,NORM,796
4,Mansoura,2018-02-14,30000,A,NORM,Normal,0,2026-03-21,Cashback Card,0,150,755.87,28945.63,4506.6,2026-03-05,1910.07,F,1986-10-14,El Sewedy Electric,Primary,100796,,0.0,98,,,,NORM,797
1,Cairo Main,2023-06-05,5000,A,NORM,Normal,0,2026-03-17,Gold Credit Card,0,300,1356.46,3256.09,1002.23,2026-03-24,1088.35,F,1985-04-15,Orange Egypt,Secondary,100797,,0.0,34,,,,NORM,798
6,Assiut,2022-05-20,50000,A,NORM,Normal,0,2026-03-30,Travel Rewards Card,0,1000,20446.08,29423.87,1298.8,2026-03-21,42.98,M,1993-09-22,Banque Misr,Primary,100798,,0.0,47,,,,NORM,799
6,Assiut,2022-05-20,50000,A,NORM,Normal,0,2026-03-20,Platinum Credit Card,0,1000,17381.12,32368.83,12690.48,2026-03-24,706.43,M,1993-09-22,Banque Misr,Primary,100798,,0.0,47,,,,NORM,799
10,Suez,2018-06-03,30000,A,NORM,Normal,0,2026-03-27,Gold Credit Card,0,0,-1806.99,28122.44,8215.64,2026-03-11,1619.48,M,1998-12-21,Orascom,Secondary,100799,,0.0,95,,,,NORM,800
9,Ismailia,2024-10-29,150000,A,NORM,Normal,0,2026-03-22,World Elite Card,200,300,134925.41,14798.49,27230.61,2026-03-27,209.53,F,1983-02-28,Edita Food Industries,Primary,100800,,0.0,17,,,,NORM,801
2,Giza,2019-01-21,100000,A,NORM,Normal,0,2026-03-23,Platinum Credit Card,100,0,-5473.23,94318.86,1951.79,2026-03-15,66.33,F,1982-05-19,Edita Food Industries,Primary,100802,,0.0,87,,,,NORM,803
2,Giza,2023-03-03,30000,A,NORM,Normal,0,2026-04-01,Business Credit Card,100,0,12122.13,17571.1,5237.41,2026-03-02,789.37,F,1968-01-14,Self Employed,Primary,100803,,0.0,37,,,,NORM,804
2,Giza,2023-03-03,30000,A,90DA,90 Days Delinquent,90,2026-03-21,Titanium Credit Card,100,0,24854.66,5113.19,5506.08,2026-03-11,367.87,F,1968-01-14,Self Employed,Primary,100803,,10375.8,37,,,,90DA,804
7,Luxor,2024-12-13,15000,A,NORM,Normal,0,2026-03-29,Cashback Card,200,300,4663.5,9871.51,3031.28,2026-03-26,581.82,M,1998-06-11,Freelancer,Primary,100804,,0.0,15,,,,NORM,805
5,Tanta,2018-06-24,200000,A,NORM,Normal,0,2026-03-18,Travel Rewards Card,0,150,27467.44,172039.74,3235.01,2026-03-10,165.51,M,1999-05-11,Orange Egypt,Primary,100805,,0.0,94,,,,NORM,806
5,Tanta,2018-06-24,200000,A,NORM,Normal,0,2026-03-28,World Elite Card,0,150,21513.47,178477.58,37147.25,2026-03-12,52.33,M,1999-05-11,Orange Egypt,Primary,100805,,0.0,94,,,,NORM,806
7,Luxor,2018-10-26,20000,A,NORM,Normal,0,2026-03-31,Classic Credit Card,200,500,15755.9,3874.63,2346.91,2026-03-19,964.75,F,1998-04-20,Microsoft Egypt,Primary,100806,,0.0,90,,,,NORM,807
7,Luxor,2018-10-26,20000,A,30DD,30 Days Delinquent,30,2026-03-18,Cashback Card,200,500,18683.9,848.23,3082.0,2026-03-21,1247.4,F,1998-04-20,Microsoft Egypt,Primary,100806,,6163.03,90,,,,30DD,807
2,Giza,2019-03-20,75000,A,90DA,90 Days Delinquent,90,2026-03-29,Titanium Credit Card,0,300,58895.43,15796.55,3785.36,2026-03-24,1779.52,F,1968-02-01,Amazon Egypt,Secondary,100807,,3308.44,85,,,,90DA,808
1,Cairo Main,2022-01-20,75000,A,NORM,Normal,0,2026-03-25,Business Credit Card,100,0,53204.81,21667.23,2523.01,2026-03-13,1101.34,F,1996-04-08,Self Employed,Primary,100809,,0.0,51,,,,NORM,810
1,Cairo Main,2022-10-22,50000,A,NEW,New,0,2026-03-31,Titanium Credit Card,500,500,16095.47,33748.89,9002.31,2026-03-17,114.86,F,1964-02-23,Juhayna,Primary,100811,,0.0,41,,,,NEW,812
10,Suez,2018-05-30,20000,A,NORM,Normal,0,2026-03-31,Cashback Card,100,1000,17280.39,2447.53,3237.98,2026-03-20,27.22,F,1964-05-15,El Sewedy Electric,Primary,100814,,0.0,95,,,,NORM,815
9,Ismailia,2023-11-13,50000,A,NORM,Normal,0,2026-04-01,Titanium Credit Card,100,1000,28082.84,21878.26,3405.32,2026-03-20,565.51,M,1979-02-07,CIB,Primary,100816,,0.0,29,,,,NORM,817
9,Ismailia,2023-11-13,50000,A,NORM,Normal,0,2026-03-19,Platinum Credit Card,100,1000,774.54,48846.78,10099.94,2026-03-13,529.28,M,1979-02-07,CIB,Primary,100816,,0.0,29,,,,NORM,817
9,Ismailia,2023-11-13,50000,A,NORM,Normal,0,2026-03-26,World Elite Card,100,1000,-621.7,49175.45,1359.53,2026-03-12,1977.97,M,1979-02-07,CIB,Primary,100816,,0.0,29,,,,NORM,817
7,Luxor,2021-03-06,200000,A,NORM,Normal,0,2026-03-28,Travel Rewards Card,500,0,99079.85,100881.52,23264.3,2026-03-23,1521.07,F,1988-06-11,CIB,Primary,100817,,0.0,61,,,,NORM,818
7,Luxor,2021-03-06,200000,A,NORM,Normal,0,2026-03-31,World Elite Card,500,0,176744.37,23140.08,22748.41,2026-03-22,1808.28,F,1988-06-11,CIB,Primary,100817,,0.0,61,,,,NORM,818
6,Assiut,2023-03-16,75000,A,60DA,60 Days Delinquent,60,2026-04-01,Titanium Credit Card,100,1000,37596.76,37388.82,20159.71,2026-03-31,1683.01,F,1995-08-09,Microsoft Egypt,Primary,100819,,3775.32,37,,,,60DA,820
6,Assiut,2019-10-11,75000,A,NORM,Normal,0,2026-03-20,Platinum Credit Card,0,1000,11384.89,63142.49,3376.63,2026-03-26,957.87,F,1983-03-16,Elsewedy Capital,Secondary,100822,,0.0,78,,,,NORM,823
3,Alexandria,2020-04-14,10000,A,NORM,Normal,0,2026-03-23,Classic Credit Card,100,0,3166.95,6669.78,1270.29,2026-03-26,1162.24,M,1974-06-18,National Bank of Egypt,Primary,100823,,0.0,72,,,,NORM,824
1,Cairo Main,2018-12-06,15000,A,NORM,Normal,0,2026-03-17,Cashback Card,0,0,-154.16,14677.27,680.21,2026-03-09,1727.49,F,1972-05-02,Vodafone Egypt,Secondary,100825,,0.0,89,,,,NORM,826
3,Alexandria,2020-12-09,15000,A,30DD,30 Days Delinquent,30,2026-03-27,Gold Credit Card,100,500,8235.66,6346.37,3049.6,2026-03-20,787.53,M,1972-09-01,National Bank of Egypt,Primary,100826,,6399.83,64,,,,30DD,827
2,Giza,2018-11-09,20000,A,NORM,Normal,0,2026-03-29,Gold Credit Card,500,150,9065.39,10462.67,3135.83,2026-03-09,802.09,M,1981-10-28,Amazon Egypt,Primary,100827,,0.0,90,,,,NORM,828
10,Suez,2018-05-09,10000,A,NORM,Normal,0,2026-03-23,Cashback Card,0,150,1762.49,8158.9,2105.16,2026-03-15,1988.0,F,1998-05-06,Edita Food Industries,Secondary,100828,,0.0,96,,,,NORM,829
1,Cairo Main,2018-04-05,150000,A,NORM,Normal,0,2026-03-21,World Elite Card,100,0,35585.29,113962.36,14286.56,2026-03-30,951.17,F,1984-01-16,Government,Primary,100829,,0.0,97,,,,NORM,830
8,Zagazig,2024-09-08,30000,A,NORM,Normal,0,2026-03-30,Cashback Card,500,500,3716.34,26172.83,814.27,2026-03-15,910.15,M,1979-01-03,Edita Food Industries,Primary,100832,,0.0,19,,,,NORM,833
8,Zagazig,2018-05-19,150000,A,NORM,Normal,0,2026-03-19,Platinum Credit Card,200,500,23491.53,126349.52,26420.91,2026-03-20,519.06,M,1967-07-03,Talaat Moustafa Group,Primary,100833,,0.0,95,,,,NORM,834
3,Alexandria,2020-10-01,10000,A,NORM,Normal,0,2026-03-22,Gold Credit Card,100,300,4982.23,4684.92,2556.26,2026-03-02,581.54,M,1976-01-18,El Sewedy Electric,Primary,100834,,0.0,66,,,,NORM,835
4,Mansoura,2024-05-13,50000,A,NORM,Normal,0,2026-03-28,Titanium Credit Card,200,1000,15937.57,34033.8,13415.15,2026-03-17,1703.6,M,1980-11-15,Elsewedy Capital,Primary,100835,,0.0,22,,,,NORM,836
5,Tanta,2024-10-25,10000,A,NORM,Normal,0,2026-03-27,Gold Credit Card,500,300,3422.03,6437.89,813.7,2026-03-09,605.91,F,1992-02-17,Cairo University,Primary,100836,,0.0,17,,,,NORM,837
5,Tanta,2024-10-25,10000,A,60DA,60 Days Delinquent,60,2026-03-22,Cashback Card,500,300,9360.63,604.51,2635.6,2026-03-16,1755.3,F,1992-02-17,Cairo University,Primary,100836,,1171.58,17,,,,60DA,837
8,Zagazig,2021-01-29,75000,A,60DA,60 Days Delinquent,60,2026-03-25,Platinum Credit Card,200,1000,66732.02,8195.73,11883.81,2026-03-27,1904.66,F,1962-02-05,CIB,Primary,100837,,40976.03,62,,,,60DA,838
1,Cairo Main,2024-06-16,5000,A,NORM,Normal,0,2026-03-30,Gold Credit Card,0,1000,1733.5,2770.11,440.78,2026-03-08,1593.19,M,1988-11-14,Freelancer,Primary,100838,,0.0,21,,,,NORM,839
8,Zagazig,2022-08-28,30000,A,NORM,Normal,0,2026-03-21,Gold Credit Card,500,0,13103.22,16696.61,2018.84,2026-03-06,195.59,F,1964-04-07,Talaat Moustafa Group,Primary,100839,,0.0,43,,,,NORM,840
5,Tanta,2023-02-05,100000,A,90DA,90 Days Delinquent,90,2026-03-28,Travel Rewards Card,0,0,54405.07,45475.9,12677.08,2026-03-21,129.26,M,1991-03-29,CIB,Primary,100840,,55201.32,38,,,,90DA,841
4,Mansoura,2018-12-27,20000,A,NORM,Normal,0,2026-03-23,Classic Credit Card,0,300,14642.72,5352.51,202.4,2026-03-21,206.8,M,1967-08-20,IBM Egypt,Primary,100841,,0.0,88,,,,NORM,842
4,Mansoura,2018-12-27,20000,A,90DA,90 Days Delinquent,90,2026-03-23,Cashback Card,0,300,2477.09,17032.71,625.35,2026-03-24,1281.53,M,1967-08-20,IBM Egypt,Primary,100841,,11177.17,88,,,,90DA,842
7,Luxor,2023-01-05,10000,A,NEW,New,0,2026-03-20,Cashback Card,500,500,5054.33,4603.42,963.69,2026-03-08,107.03,F,1988-07-27,Government,Primary,100843,,0.0,39,,,,NEW,844
2,Giza,2021-04-28,10000,A,30DD,30 Days Delinquent,30,2026-03-22,Classic Credit Card,100,0,7042.6,2843.69,319.43,2026-03-10,1268.0,M,1971-11-01,IBM Egypt,Secondary,100844,,575.3,59,,,,30DD,845
3,Alexandria,2023-08-29,10000,A,NORM,Normal,0,2026-03-25,Gold Credit Card,500,500,9350.16,234.95,2569.66,2026-03-16,864.04,M,1998-01-11,Banque Misr,Primary,100846,,0.0,31,,,,NORM,847
5,Tanta,2019-11-04,30000,A,30DD,30 Days Delinquent,30,2026-03-21,Classic Credit Card,500,0,-1915.51,27752.06,3242.26,2026-03-05,1673.37,M,1978-12-23,Cairo University,Primary,100847,,9284.35,78,,,,30DD,848
5,Tanta,2023-05-05,150000,A,NORM,Normal,0,2026-03-31,World Elite Card,0,300,112362.47,37286.34,35865.84,2026-03-21,508.23,F,1961-04-13,Freelancer,Primary,100848,,0.0,35,,,,NORM,849
7,Luxor,2021-09-28,5000,A,NORM,Normal,0,2026-03-29,Classic Credit Card,0,500,2458.42,2304.7,123.91,2026-03-08,1036.68,F,1982-10-13,Freelancer,Primary,100849,,0.0,54,,,,NORM,850
3,Alexandria,2021-02-04,150000,A,30DD,30 Days Delinquent,30,2026-03-21,Platinum Credit Card,0,0,72728.89,76922.84,803.23,2026-03-12,338.3,M,1986-08-24,Military,Secondary,100850,,24545.57,62,,,,30DD,851
1,Cairo Main,2024-06-14,30000,A,NORM,Normal,0,2026-03-21,Classic Credit Card,200,150,19814.18,9857.22,3188.78,2026-03-12,966.19,F,1961-08-07,Elsewedy Capital,Primary,100851,,0.0,21,,,,NORM,852
5,Tanta,2020-04-22,15000,A,30DD,30 Days Delinquent,30,2026-03-31,Gold Credit Card,200,0,6409.5,8325.18,689.94,2026-03-19,793.46,M,1982-03-18,El Sewedy Electric,Primary,100852,,4298.76,72,,,,30DD,853
5,Tanta,2020-09-04,15000,A,NORM,Normal,0,2026-03-30,Classic Credit Card,100,300,12340.53,2356.67,4012.82,2026-03-22,852.04,F,1998-03-30,Edita Food Industries,Primary,100853,,0.0,67,,,,NORM,854
7,Luxor,2018-03-27,15000,A,60DA,60 Days Delinquent,60,2026-03-20,Classic Credit Card,0,1000,-76.43,14750.41,3656.24,2026-03-08,355.0,F,1974-12-26,Talaat Moustafa Group,Secondary,100854,,2789.97,97,,,,60DA,855
7,Luxor,2018-03-27,15000,A,NORM,Normal,0,2026-03-31,Cashback Card,0,1000,8675.77,5878.0,116.68,2026-03-14,787.51,F,1974-12-26,Talaat Moustafa Group,Secondary,100854,,0.0,97,,,,NORM,855
5,Tanta,2021-10-06,100000,A,NORM,Normal,0,2026-03-27,Business Credit Card,200,500,4652.16,95070.63,23355.21,2026-03-03,419.33,F,1996-01-22,Self Employed,Primary,100856,,0.0,54,,,,NORM,857
5,Tanta,2021-09-28,150000,A,90DA,90 Days Delinquent,90,2026-03-19,Platinum Credit Card,0,150,18734.86,130839.48,40136.39,2026-03-28,349.73,F,1991-11-09,Military,Secondary,100857,,84887.3,54,,,,90DA,858
8,Zagazig,2020-09-27,200000,A,NORM,Normal,0,2026-03-27,World Elite Card,100,500,4386.71,195130.83,5515.74,2026-03-23,993.61,M,1961-05-21,Amazon Egypt,Secondary,100858,,0.0,67,,,,NORM,859
9,Ismailia,2020-12-22,50000,A,90DA,90 Days Delinquent,90,2026-03-24,Titanium Credit Card,200,300,4903.02,44996.2,3487.85,2026-03-16,359.8,M,1967-11-06,Edita Food Industries,Primary,100859,,19691.46,64,,,,90DA,860
9,Ismailia,2018-12-19,30000,A,NORM,Normal,0,2026-03-31,Cashback Card,200,150,-2074.5,27761.41,3356.6,2026-03-07,356.24,M,1966-12-15,Banque Misr,Primary,100863,,0.0,88,,,,NORM,864
7,Luxor,2022-06-23,10000,A,NORM,Normal,0,2026-03-23,Platinum Credit Card,500,300,9230.63,629.91,1575.81,2026-03-07,1422.93,M,1978-12-15,Talaat Moustafa Group,Primary,100864,,0.0,45,,,,NORM,865
7,Luxor,2022-06-23,10000,A,NORM,Normal,0,2026-03-17,Cashback Card,500,300,4083.01,5792.35,2257.83,2026-03-03,118.47,M,1978-12-15,Talaat Moustafa Group,Primary,100864,,0.0,45,,,,NORM,865
3,Alexandria,2022-12-16,50000,A,NORM,Normal,0,2026-03-30,World Elite Card,500,500,-4657.5,44844.74,8940.86,2026-03-17,744.75,F,1983-08-15,Government,Secondary,100866,,0.0,40,,,,NORM,867
9,Ismailia,2022-09-21,10000,A,30DD,30 Days Delinquent,30,2026-03-25,Gold Credit Card,100,1000,-217.61,9557.82,809.87,2026-03-12,1080.62,F,1961-03-08,Banque Misr,Primary,100867,,3489.01,42,,,,30DD,868
5,Tanta,2022-05-28,15000,A,NORM,Normal,0,2026-03-25,Gold Credit Card,500,0,8547.7,5960.0,1969.52,2026-03-08,1087.46,M,1962-05-27,Microsoft Egypt,Primary,100868,,0.0,46,,,,NORM,869
10,Suez,2021-04-05,200000,A,NORM,Normal,0,2026-03-24,Business Credit Card,0,0,146523.86,53253.45,40268.6,2026-03-13,791.38,M,1964-05-14,Self Employed,Primary,100869,,0.0,60,,,,NORM,870
9,Ismailia,2023-07-22,15000,A,NORM,Normal,0,2026-04-01,Business Credit Card,100,300,4268.36,10577.35,1978.3,2026-03-16,31.03,F,1993-03-19,Elsewedy Capital,Primary,100870,,0.0,32,,,,NORM,871
10,Suez,2020-04-02,10000,A,NORM,Normal,0,2026-03-27,Cashback Card,0,1000,6597.2,3069.23,2337.16,2026-03-31,1129.3,M,1990-11-07,National Bank of Egypt,Primary,100871,,0.0,73,,,,NORM,872
5,Tanta,2024-11-14,100000,A,30DD,30 Days Delinquent,30,2026-03-25,World Elite Card,0,150,48100.02,51816.99,14589.83,2026-03-20,928.99,M,1996-11-09,Military,Secondary,100873,,20766.37,16,,,,30DD,874
7,Luxor,2019-03-16,100000,A,NORM,Normal,0,2026-03-17,Travel Rewards Card,500,0,71039.6,28769.74,12482.78,2026-03-03,121.71,F,1991-04-18,Amazon Egypt,Primary,100875,,0.0,85,,,,NORM,876
10,Suez,2018-06-24,50000,A,90DA,90 Days Delinquent,90,2026-03-25,Titanium Credit Card,200,0,31590.5,17910.05,8854.24,2026-03-21,51.12,M,1979-12-09,Banque Misr,Primary,100876,,29681.65,94,,,,90DA,877
6,Assiut,2023-11-21,75000,A,NORM,Normal,0,2026-03-31,Platinum Credit Card,200,1000,8687.98,66254.98,4282.04,2026-03-10,460.73,F,1991-09-05,Government,Primary,100877,,0.0,28,,,,NORM,878
5,Tanta,2018-10-07,100000,A,NORM,Normal,0,2026-03-17,Travel Rewards Card,200,150,-1896.72,97870.02,23218.71,2026-03-25,1144.47,F,1977-09-02,Microsoft Egypt,Primary,100878,,0.0,91,,,,NORM,879
5,Tanta,2018-10-07,100000,A,60DA,60 Days Delinquent,60,2026-04-01,Cashback Card,200,150,-7114.44,92836.8,4113.79,2026-03-30,573.59,F,1977-09-02,Microsoft Egypt,Primary,100878,,32537.91,91,,,,60DA,879
10,Suez,2022-07-12,10000,A,NORM,Normal,0,2026-03-17,Cashback Card,100,150,6274.11,3662.4,1294.8,2026-03-23,487.67,M,1987-09-12,Orange Egypt,Primary,100879,,0.0,45,,,,NORM,880
6,Assiut,2020-08-06,20000,A,NORM,Normal,0,2026-03-28,Classic Credit Card,500,0,14576.15,5263.22,4606.63,2026-03-21,1151.07,M,1994-02-01,CIB,Primary,100880,,0.0,68,,,,NORM,881
6,Assiut,2020-08-06,20000,A,30DD,30 Days Delinquent,30,2026-03-29,World Elite Card,500,0,5041.06,14513.39,5491.16,2026-03-17,258.77,M,1994-02-01,CIB,Primary,100880,,4922.78,68,,,,30DD,881
2,Giza,2022-03-14,200000,A,60DA,60 Days Delinquent,60,2026-04-01,Platinum Credit Card,500,150,107121.2,92455.25,58518.22,2026-03-21,1840.79,M,1979-10-22,Vodafone Egypt,Primary,100881,,37996.28,49,,,,60DA,882
2,Giza,2022-03-14,200000,A,NEW,New,0,2026-03-19,World Elite Card,500,150,99357.75,100265.49,47377.58,2026-03-04,1079.21,M,1979-10-22,Vodafone Egypt,Primary,100881,,0.0,49,,,,NEW,882
5,Tanta,2020-04-04,15000,A,90DA,90 Days Delinquent,90,2026-03-31,Cashback Card,0,0,6983.41,7976.87,1185.93,2026-03-26,1939.47,M,1970-02-11,Amazon Egypt,Primary,100882,,6697.74,72,,,,90DA,883
6,Assiut,2022-07-30,200000,A,NORM,Normal,0,2026-03-21,Travel Rewards Card,500,150,174574.91,25107.17,54251.04,2026-03-03,1846.48,M,1994-09-26,Ministry of Health,Primary,100883,,0.0,44,,,,NORM,884
6,Assiut,2022-07-30,200000,A,60DA,60 Days Delinquent,60,2026-03-31,Platinum Credit Card,500,150,68163.72,131437.5,33838.59,2026-03-26,234.09,M,1994-09-26,Ministry of Health,Primary,100883,,34032.68,44,,,,60DA,884
6,Assiut,2024-12-08,150000,A,NORM,Normal,0,2026-03-25,Travel Rewards Card,500,0,63500.28,86341.74,33134.5,2026-03-10,70.87,M,1975-12-28,Banque Misr,Primary,100884,,0.0,15,,,,NORM,885
2,Giza,2023-08-05,20000,A,NORM,Normal,0,2026-03-30,Gold Credit Card,0,150,11212.08,8761.84,3780.47,2026-03-31,1685.81,F,1965-04-16,Orange Egypt,Secondary,100885,,0.0,32,,,,NORM,886
8,Zagazig,2018-05-03,5000,A,NORM,Normal,0,2026-03-18,Classic Credit Card,200,0,1037.67,3756.16,1273.88,2026-03-23,770.09,M,1971-10-19,Edita Food Industries,Primary,100887,,0.0,96,,,,NORM,888
4,Mansoura,2018-10-26,200000,A,NEW,New,0,2026-03-22,World Elite Card,0,500,107052.42,92517.74,23778.92,2026-03-27,886.97,M,1982-02-20,Military,Secondary,100888,,0.0,90,,,,NEW,889
5,Tanta,2018-06-20,10000,A,NORM,Normal,0,2026-03-22,Classic Credit Card,200,500,9144.99,589.84,2090.04,2026-03-12,1476.96,F,1992-06-12,Orange Egypt,Primary,100889,,0.0,94,,,,NORM,890
1,Cairo Main,2020-03-14,150000,A,NORM,Normal,0,2026-03-20,Travel Rewards Card,0,500,64874.98,85039.7,40160.31,2026-03-06,705.81,F,1961-03-07,Military,Primary,100890,,0.0,73,,,,NORM,891
1,Cairo Main,2020-03-14,150000,A,60DA,60 Days Delinquent,60,2026-04-01,World Elite Card,0,500,43726.34,105995.22,25476.49,2026-03-12,616.55,F,1961-03-07,Military,Primary,100890,,11016.4,73,,,,60DA,891
9,Ismailia,2019-04-19,100000,A,NORM,Normal,0,2026-03-30,Travel Rewards Card,200,500,88708.74,11071.66,25145.43,2026-03-04,1551.77,M,1966-03-07,CIB,Primary,100891,,0.0,84,,,,NORM,892
9,Ismailia,2019-04-19,100000,A,NORM,Normal,0,2026-03-17,Platinum Credit Card,200,500,56355.12,43303.0,14430.82,2026-03-06,1713.51,M,1966-03-07,CIB,Primary,100891,,0.0,84,,,,NORM,892
5,Tanta,2021-07-10,50000,A,90DA,90 Days Delinquent,90,2026-03-18,Platinum Credit Card,200,150,41867.46,7744.09,3712.57,2026-03-13,804.0,F,1961-12-17,Military,Primary,100893,,5111.14,57,,,,90DA,894
2,Giza,2024-02-05,20000,A,NORM,Normal,0,2026-03-24,Business Credit Card,200,150,5606.65,13911.65,597.84,2026-03-15,1841.26,F,1971-03-23,Self Employed,Primary,100894,,0.0,26,,,,NORM,895
2,Giza,2024-02-05,20000,A,NORM,Normal,0,2026-03-27,Travel Rewards Card,200,150,10468.0,9390.57,4566.48,2026-03-11,502.59,F,1971-03-23,Self Employed,Primary,100894,,0.0,26,,,,NORM,895
5,Tanta,2020-09-27,150000,A,NORM,Normal,0,2026-03-30,World Elite Card,0,300,133282.17,16446.71,8334.92,2026-03-03,1733.62,F,1998-12-24,Talaat Moustafa Group,Primary,100895,,0.0,67,,,,NORM,896
4,Mansoura,2022-12-09,100000,A,90DA,90 Days Delinquent,90,2026-03-30,World Elite Card,200,300,75787.18,24134.26,22444.99,2026-03-21,1435.17,F,1991-04-29,CIB,Primary,100897,,34907.45,40,,,,90DA,898
5,Tanta,2024-11-02,75000,A,NORM,Normal,0,2026-03-23,Business Credit Card,500,500,58210.79,16303.51,20463.5,2026-03-13,40.03,F,1998-05-02,Self Employed,Primary,100898,,0.0,17,,,,NORM,899
3,Alexandria,2022-11-01,150000,A,NORM,Normal,0,2026-03-24,World Elite Card,200,0,89036.56,60771.2,38283.1,2026-03-04,1794.08,F,1989-08-08,Orange Egypt,Secondary,100899,,0.0,41,,,,NORM,900
4,Mansoura,2018-04-23,50000,A,NORM,Normal,0,2026-03-17,Titanium Credit Card,0,0,45950.55,3759.43,9665.41,2026-03-22,1120.3,F,1993-12-19,Military,Secondary,100900,,0.0,96,,,,NORM,901
8,Zagazig,2024-06-03,200000,A,60DA,60 Days Delinquent,60,2026-03-17,Platinum Credit Card,500,150,80084.08,119793.97,38315.98,2026-03-06,836.12,M,1979-01-05,Government,Secondary,100901,,47977.02,22,,,,60DA,902
2,Giza,2024-02-02,30000,A,NORM,Normal,0,2026-03-22,Classic Credit Card,200,300,15023.33,14514.05,4074.88,2026-03-30,496.46,F,1971-03-18,Edita Food Industries,Primary,100902,,0.0,26,,,,NORM,903
2,Giza,2024-05-17,50000,A,NEW,New,0,2026-03-19,World Elite Card,0,500,18434.26,31344.97,12100.97,2026-03-18,1388.4,M,1973-10-07,Talaat Moustafa Group,Primary,100903,,0.0,22,,,,NEW,904
9,Ismailia,2022-08-01,5000,A,NORM,Normal,0,2026-03-26,Titanium Credit Card,0,500,-198.8,4495.89,882.49,2026-03-12,1788.26,M,1969-10-09,Cairo University,Primary,100904,,0.0,44,,,,NORM,905
9,Ismailia,2022-08-01,5000,A,NORM,Normal,0,2026-03-26,Gold Credit Card,0,500,3902.67,1034.24,865.3,2026-03-11,226.45,M,1969-10-09,Cairo University,Primary,100904,,0.0,44,,,,NORM,905
9,Ismailia,2022-08-01,5000,A,NORM,Normal,0,2026-03-21,Cashback Card,0,500,2541.7,2035.57,1270.25,2026-03-15,840.92,M,1969-10-09,Cairo University,Primary,100904,,0.0,44,,,,NORM,905
2,Giza,2022-10-13,30000,A,NORM,Normal,0,2026-03-23,Cashback Card,200,300,-305.12,29510.62,2538.89,2026-03-12,71.56,F,1988-10-16,Banque Misr,Secondary,100908,,0.0,42,,,,NORM,909
4,Mansoura,2020-09-22,50000,A,NORM,Normal,0,2026-03-22,Platinum Credit Card,100,500,27813.95,21838.29,2143.66,2026-03-19,1344.5,F,1974-09-29,Elsewedy Capital,Primary,100912,,0.0,67,,,,NORM,913
10,Suez,2019-07-20,200000,A,NORM,Normal,0,2026-03-27,Platinum Credit Card,0,500,77583.61,122075.72,18373.92,2026-03-14,1282.85,F,1989-11-14,Talaat Moustafa Group,Primary,100914,,0.0,81,,,,NORM,915
5,Tanta,2021-10-11,50000,A,NORM,Normal,0,2026-03-29,Platinum Credit Card,0,0,20776.06,29013.9,4318.9,2026-03-29,779.18,F,1965-05-04,Cairo University,Secondary,100917,,0.0,54,,,,NORM,918
7,Luxor,2023-05-09,15000,A,NORM,Normal,0,2026-03-21,Cashback Card,0,150,1270.93,13711.03,1746.89,2026-03-29,854.18,M,1972-12-22,Orascom,Primary,100918,,0.0,35,,,,NORM,919
7,Luxor,2022-12-02,15000,A,NORM,Normal,0,2026-03-17,Classic Credit Card,100,300,-523.84,14163.72,638.66,2026-03-30,1339.78,F,1974-05-17,Government,Primary,100919,,0.0,40,,,,NORM,920
7,Luxor,2022-12-02,15000,A,NORM,Normal,0,2026-04-01,Gold Credit Card,100,300,-502.83,14389.29,3824.85,2026-03-22,282.84,F,1974-05-17,Government,Primary,100919,,0.0,40,,,,NORM,920
9,Ismailia,2024-06-13,200000,A,NORM,Normal,0,2026-03-21,Platinum Credit Card,100,0,39095.4,160628.5,5417.22,2026-03-19,1815.25,F,1972-06-24,Edita Food Industries,Primary,100921,,0.0,21,,,,NORM,922
3,Alexandria,2020-11-28,200000,A,30DD,30 Days Delinquent,30,2026-03-24,Gold Credit Card,100,0,4776.56,194876.31,18031.64,2026-03-03,78.85,M,1972-12-09,CIB,Secondary,100922,,68897.39,65,,,,30DD,923
3,Alexandria,2020-11-28,200000,A,NORM,Normal,0,2026-03-29,Travel Rewards Card,100,0,2465.55,197456.61,27728.85,2026-03-12,526.34,M,1972-12-09,CIB,Secondary,100922,,0.0,65,,,,NORM,923
4,Mansoura,2023-06-24,5000,A,NORM,Normal,0,2026-03-20,Cashback Card,500,500,3771.41,853.92,89.34,2026-03-20,1967.73,M,1960-04-19,IBM Egypt,Secondary,100923,,0.0,33,,,,NORM,924
2,Giza,2022-11-06,100000,A,60DA,60 Days Delinquent,60,2026-03-26,World Elite Card,200,0,57861.86,42011.24,28423.37,2026-03-22,1115.25,F,1979-12-08,Talaat Moustafa Group,Secondary,100924,,13402.15,41,,,,60DA,925
6,Assiut,2023-09-08,50000,A,NORM,Normal,0,2026-03-23,Platinum Credit Card,200,0,20287.74,29271.99,10139.04,2026-03-03,1773.23,F,1967-01-11,Talaat Moustafa Group,Primary,100925,,0.0,31,,,,NORM,926
4,Mansoura,2024-04-05,5000,A,NEW,New,0,2026-03-23,Cashback Card,500,150,1074.53,3804.3,1079.26,2026-03-24,1255.62,M,1997-09-29,Vodafone Egypt,Primary,100926,,0.0,24,,,,NEW,927
3,Alexandria,2023-07-28,30000,A,30DD,30 Days Delinquent,30,2026-03-18,Classic Credit Card,100,0,7221.86,22410.58,8830.18,2026-03-26,949.8,F,1992-11-26,Banque Misr,Primary,100927,,670.25,32,,,,30DD,928
4,Mansoura,2019-12-31,5000,A,NORM,Normal,0,2026-03-30,Cashback Card,500,1000,3662.67,839.61,863.18,2026-03-05,802.06,M,1991-11-06,Amazon Egypt,Primary,100928,,0.0,76,,,,NORM,929
3,Alexandria,2021-05-14,20000,A,NORM,Normal,0,2026-03-18,Gold Credit Card,500,1000,17924.58,1910.42,1187.21,2026-03-18,1234.78,F,1999-05-19,Juhayna,Primary,100929,,0.0,59,,,,NORM,930
4,Mansoura,2021-03-22,75000,A,NORM,Normal,0,2026-03-25,Titanium Credit Card,0,150,60375.81,14296.87,6867.73,2026-03-07,1381.95,F,1965-01-15,Freelancer,Secondary,100930,,0.0,61,,,,NORM,931
7,Luxor,2019-06-09,100000,A,NORM,Normal,0,2026-03-25,Business Credit Card,100,0,90187.77,9452.88,22868.89,2026-03-16,1467.6,F,1991-08-13,Self Employed,Primary,100931,,0.0,82,,,,NORM,932
4,Mansoura,2018-07-06,30000,A,NORM,Normal,0,2026-03-20,Cashback Card,100,1000,12952.4,16807.54,4480.77,2026-03-14,1838.65,M,1975-03-30,Freelancer,Primary,100933,,0.0,94,,,,NORM,934
10,Suez,2019-06-14,200000,A,NORM,Normal,0,2026-03-27,World Elite Card,500,0,41858.45,157919.99,42297.59,2026-03-04,1193.62,F,1974-10-15,Ministry of Health,Secondary,100934,,0.0,82,,,,NORM,935
7,Luxor,2024-03-14,20000,A,NORM,Normal,0,2026-04-01,Classic Credit Card,0,1000,-439.52,19303.58,844.35,2026-03-22,527.75,F,1969-09-02,Vodafone Egypt,Primary,100936,,0.0,24,,,,NORM,937
5,Tanta,2018-04-10,20000,A,90DA,90 Days Delinquent,90,2026-03-24,Cashback Card,0,500,-1833.02,17764.14,807.91,2026-03-07,498.7,F,1973-07-10,Elsewedy Capital,Primary,100937,,7017.96,97,,,,90DA,938
2,Giza,2023-08-29,75000,A,90DA,90 Days Delinquent,90,2026-03-29,Platinum Credit Card,0,1000,28440.78,46065.03,8199.29,2026-03-15,582.21,F,1963-04-25,Vodafone Egypt,Primary,100938,,8511.44,31,,,,90DA,939
6,Assiut,2023-09-30,5000,A,NORM,Normal,0,2026-03-21,Classic Credit Card,0,300,3701.91,1139.16,118.42,2026-03-25,418.05,F,1979-01-26,Juhayna,Primary,100939,,0.0,30,,,,NORM,940
4,Mansoura,2024-04-16,30000,A,NORM,Normal,0,2026-03-23,Business Credit Card,100,500,-497.01,29061.86,6473.48,2026-03-15,738.76,M,1978-03-24,Self Employed,Secondary,100940,,0.0,23,,,,NORM,941
9,Ismailia,2019-03-20,100000,A,NORM,Normal,0,2026-03-31,World Elite Card,500,150,13651.05,85911.31,24378.37,2026-03-16,1388.81,F,1992-01-20,Elsewedy Capital,Primary,100941,,0.0,85,,,,NORM,942
8,Zagazig,2024-05-09,20000,A,NORM,Normal,0,2026-04-01,Gold Credit Card,200,150,6711.91,13274.21,2998.01,2026-03-24,369.77,M,1983-06-24,Orange Egypt,Primary,100943,,0.0,23,,,,NORM,944
8,Zagazig,2024-05-09,20000,A,NORM,Normal,0,2026-03-26,Cashback Card,200,150,17598.03,1902.86,5099.74,2026-03-17,906.29,M,1983-06-24,Orange Egypt,Primary,100943,,0.0,23,,,,NORM,944
7,Luxor,2018-01-23,30000,A,NORM,Normal,0,2026-04-01,Gold Credit Card,200,150,15760.29,13834.07,5930.69,2026-03-29,195.41,F,1999-02-02,El Sewedy Electric,Primary,100944,,0.0,99,,,,NORM,945
4,Mansoura,2019-04-11,5000,A,NORM,Normal,0,2026-03-31,Cashback Card,500,150,917.1,3736.67,639.53,2026-03-19,342.14,F,1979-08-18,Amazon Egypt,Primary,100946,,0.0,84,,,,NORM,947
7,Luxor,2021-01-15,150000,A,60DA,60 Days Delinquent,60,2026-03-31,Platinum Credit Card,100,150,119689.68,29822.4,15362.62,2026-03-08,1669.08,F,1973-03-13,Edita Food Industries,Primary,100947,,24740.67,63,,,,60DA,948
6,Assiut,2020-01-05,15000,A,NORM,Normal,0,2026-03-29,Business Credit Card,0,300,12583.41,2043.41,4152.26,2026-03-09,1144.35,M,1978-09-03,Self Employed,Primary,100949,,0.0,75,,,,NORM,950
8,Zagazig,2019-01-23,5000,A,NORM,Normal,0,2026-03-19,Classic Credit Card,0,300,4576.78,0.0,1381.5,2026-03-11,116.24,M,1974-11-06,Military,Primary,100950,,0.0,87,,,,NORM,951
4,Mansoura,2018-01-11,20000,A,NEW,New,0,2026-04-01,Cashback Card,100,150,16709.98,3102.01,1900.95,2026-03-20,1674.79,M,1967-07-17,El Sewedy Electric,Primary,100953,,0.0,100,,,,NEW,954
2,Giza,2019-07-16,150000,A,NORM,Normal,0,2026-03-24,Platinum Credit Card,200,300,33764.41,115803.13,34070.48,2026-03-19,1325.85,M,1962-05-05,Freelancer,Primary,100954,,0.0,81,,,,NORM,955
7,Luxor,2023-04-28,50000,A,90DA,90 Days Delinquent,90,2026-03-24,Titanium Credit Card,0,1000,16789.13,33156.06,7380.4,2026-03-04,1759.62,M,1991-09-06,Juhayna,Secondary,100955,,22002.8,35,,,,90DA,956
7,Luxor,2022-12-14,100000,A,NORM,Normal,0,2026-03-22,Platinum Credit Card,200,150,48415.55,51110.82,17025.67,2026-03-10,708.24,M,1985-02-21,Talaat Moustafa Group,Secondary,100956,,0.0,40,,,,NORM,957
7,Luxor,2024-12-02,150000,A,NORM,Normal,0,2026-03-22,World Elite Card,0,150,72673.61,77125.64,33210.76,2026-03-19,1775.17,F,1969-08-03,El Sewedy Electric,Primary,100957,,0.0,16,,,,NORM,958
10,Suez,2021-09-07,10000,A,NORM,Normal,0,2026-03-28,Classic Credit Card,200,0,6708.28,3246.02,897.0,2026-03-23,1248.26,F,1973-12-03,IBM Egypt,Primary,100958,,0.0,55,,,,NORM,959
10,Suez,2021-09-07,10000,A,NORM,Normal,0,2026-03-25,Cashback Card,200,0,2638.76,7339.43,985.22,2026-03-28,876.51,F,1973-12-03,IBM Egypt,Primary,100958,,0.0,55,,,,NORM,959
5,Tanta,2018-08-23,200000,A,NEW,New,0,2026-03-24,Travel Rewards Card,500,500,67160.7,132453.85,10606.75,2026-03-15,1755.53,M,1972-04-19,Vodafone Egypt,Primary,100959,,0.0,92,,,,NEW,960
1,Cairo Main,2018-04-29,200000,A,NORM,Normal,0,2026-03-17,World Elite Card,0,500,92323.7,107225.46,13197.79,2026-03-20,308.32,M,1976-07-29,Banque Misr,Primary,100960,,0.0,96,,,,NORM,961
6,Assiut,2018-02-28,75000,A,NORM,Normal,0,2026-04-01,Travel Rewards Card,100,300,2068.04,72702.47,1879.66,2026-03-30,1593.07,M,1983-02-28,Amazon Egypt,Primary,100962,,0.0,98,,,,NORM,963
6,Assiut,2018-02-28,75000,A,NORM,Normal,0,2026-03-29,Platinum Credit Card,100,300,-1174.18,73409.96,10285.97,2026-03-07,1420.72,M,1983-02-28,Amazon Egypt,Primary,100962,,0.0,98,,,,NORM,963
10,Suez,2023-09-02,75000,A,NEW,New,0,2026-03-24,Platinum Credit Card,200,300,-7030.13,67520.31,20533.26,2026-03-14,358.04,F,1968-11-29,Orascom,Primary,100963,,0.0,31,,,,NEW,964
2,Giza,2023-03-12,10000,A,NORM,Normal,0,2026-03-19,Classic Credit Card,0,150,2861.09,6910.63,307.94,2026-03-11,1841.95,M,1985-05-25,CIB,Primary,100964,,0.0,37,,,,NORM,965
2,Giza,2023-03-12,10000,A,NORM,Normal,0,2026-03-27,Platinum Credit Card,0,150,-519.72,9266.35,393.68,2026-03-29,1596.76,M,1985-05-25,CIB,Primary,100964,,0.0,37,,,,NORM,965
2,Giza,2023-03-12,10000,A,NORM,Normal,0,2026-03-26,World Elite Card,0,150,6977.09,2873.21,2592.4,2026-03-23,21.35,M,1985-05-25,CIB,Primary,100964,,0.0,37,,,,NORM,965
2,Giza,2020-10-07,30000,A,60DA,60 Days Delinquent,60,2026-03-21,Gold Credit Card,200,0,22059.84,7884.79,8568.49,2026-03-08,1244.32,F,1999-05-08,El Sewedy Electric,Primary,100965,,3272.71,66,,,,60DA,966
2,Giza,2020-10-07,30000,A,NEW,New,0,2026-03-31,Cashback Card,200,0,3182.79,26340.34,4174.8,2026-03-23,1790.61,F,1999-05-08,El Sewedy Electric,Primary,100965,,0.0,66,,,,NEW,966
3,Alexandria,2021-07-16,75000,A,60DA,60 Days Delinquent,60,2026-03-24,Titanium Credit Card,100,300,552.83,74103.68,13342.69,2026-03-06,1616.27,F,1985-05-06,Elsewedy Capital,Primary,100966,,2499.78,57,,,,60DA,967
3,Alexandria,2021-07-16,75000,A,90DA,90 Days Delinquent,90,2026-04-01,Gold Credit Card,100,300,41958.94,32654.43,19065.75,2026-03-04,181.21,F,1985-05-06,Elsewedy Capital,Primary,100966,,26794.94,57,,,,90DA,967
8,Zagazig,2024-06-28,50000,A,60DA,60 Days Delinquent,60,2026-03-19,Business Credit Card,100,0,3671.53,45950.8,912.42,2026-03-25,192.07,F,1975-12-06,IBM Egypt,Primary,100967,,24029.12,21,,,,60DA,968
8,Zagazig,2024-06-28,50000,A,NORM,Normal,0,2026-03-31,Titanium Credit Card,100,0,24366.01,25614.84,5365.14,2026-03-05,1584.25,F,1975-12-06,IBM Egypt,Primary,100967,,0.0,21,,,,NORM,968
1,Cairo Main,2023-10-19,15000,A,NORM,Normal,0,2026-03-29,Business Credit Card,200,300,12699.08,1837.38,2785.75,2026-03-03,636.08,F,1965-03-04,Self Employed,Primary,100969,,0.0,29,,,,NORM,970
2,Giza,2022-01-09,5000,A,NORM,Normal,0,2026-03-28,Gold Credit Card,200,0,4219.81,403.55,653.39,2026-03-18,1965.13,M,1988-03-27,Orascom,Secondary,100970,,0.0,51,,,,NORM,971
8,Zagazig,2020-02-02,5000,A,NORM,Normal,0,2026-03-26,Gold Credit Card,500,500,3727.29,1099.1,1289.48,2026-03-02,771.52,F,1984-07-11,Freelancer,Secondary,100971,,0.0,75,,,,NORM,972
10,Suez,2023-05-31,75000,A,NORM,Normal,0,2026-03-21,Platinum Credit Card,0,500,-2726.71,72199.2,7340.11,2026-03-23,92.0,F,1975-02-26,Juhayna,Primary,100972,,0.0,34,,,,NORM,973
10,Suez,2019-11-03,150000,A,NEW,New,0,2026-03-18,Gold Credit Card,100,300,133874.93,16115.26,27650.0,2026-03-31,1118.3,M,1961-04-12,Orascom,Secondary,100973,,0.0,78,,,,NEW,974
6,Assiut,2022-06-10,15000,A,60DA,60 Days Delinquent,60,2026-03-25,Classic Credit Card,100,150,5383.03,9455.66,1292.38,2026-03-24,1909.31,F,1980-07-29,Freelancer,Primary,100974,,2989.42,46,,,,60DA,975
7,Luxor,2020-05-20,100000,A,NEW,New,0,2026-03-20,Travel Rewards Card,0,500,63112.84,36411.29,14894.97,2026-03-30,551.84,M,1991-05-06,Microsoft Egypt,Primary,100976,,0.0,71,,,,NEW,977
6,Assiut,2022-10-06,200000,A,30DD,30 Days Delinquent,30,2026-03-31,Platinum Credit Card,500,1000,-9302.84,190281.99,33267.04,2026-03-24,525.61,M,1972-09-13,Microsoft Egypt,Primary,100977,,38128.29,42,,,,30DD,978
4,Mansoura,2022-01-23,50000,A,NORM,Normal,0,2026-03-18,Classic Credit Card,100,150,20650.1,29085.02,354.01,2026-03-04,850.91,F,1976-07-22,Government,Primary,100978,,0.0,50,,,,NORM,979
4,Mansoura,2022-01-23,50000,A,NORM,Normal,0,2026-03-22,Titanium Credit Card,100,150,47383.84,2613.97,14160.75,2026-03-30,1842.26,F,1976-07-22,Government,Primary,100978,,0.0,50,,,,NORM,979
3,Alexandria,2023-10-21,10000,A,NORM,Normal,0,2026-03-23,Gold Credit Card,0,500,1202.38,8526.56,2324.4,2026-03-14,359.9,M,1977-11-11,Freelancer,Primary,100980,,0.0,29,,,,NORM,981
3,Alexandria,2023-10-21,10000,A,NORM,Normal,0,2026-04-01,Cashback Card,0,500,3019.49,6725.25,1504.12,2026-03-06,888.82,M,1977-11-11,Freelancer,Primary,100980,,0.0,29,,,,NORM,981
9,Ismailia,2023-02-06,5000,A,NORM,Normal,0,2026-03-21,Business Credit Card,500,500,674.4,4319.03,1040.2,2026-03-14,145.93,M,1977-03-23,Self Employed,Primary,100981,,0.0,38,,,,NORM,982
10,Suez,2023-01-19,150000,A,NORM,Normal,0,2026-04-01,Platinum Credit Card,0,150,65347.8,84315.96,44113.31,2026-03-20,1439.11,F,1996-03-15,IBM Egypt,Primary,100982,,0.0,38,,,,NORM,983
3,Alexandria,2021-10-12,200000,A,NORM,Normal,0,2026-03-24,Platinum Credit Card,500,0,186511.05,13177.77,41497.64,2026-03-03,175.59,F,1960-04-23,Talaat Moustafa Group,Primary,100983,,0.0,54,,,,NORM,984
8,Zagazig,2018-07-25,200000,A,NORM,Normal,0,2026-04-01,Platinum Credit Card,200,0,137218.08,62371.06,6109.71,2026-03-31,985.23,F,1976-06-19,IBM Egypt,Primary,100984,,0.0,93,,,,NORM,985
1,Cairo Main,2021-08-22,30000,A,30DD,30 Days Delinquent,30,2026-03-26,Gold Credit Card,0,1000,-1685.99,28176.59,609.71,2026-03-18,432.54,F,1980-01-15,Orange Egypt,Primary,100985,,17604.77,56,,,,30DD,986
2,Giza,2019-08-16,100000,A,NORM,Normal,0,2026-03-21,Platinum Credit Card,100,1000,54233.94,45745.04,28070.19,2026-03-10,356.33,F,1965-08-27,Amazon Egypt,Primary,100986,,0.0,80,,,,NORM,987
1,Cairo Main,2024-10-31,10000,A,NORM,Normal,0,2026-03-19,Cashback Card,0,300,-491.41,9019.21,1100.9,2026-03-25,1622.4,F,1966-08-01,Microsoft Egypt,Primary,100987,,0.0,17,,,,NORM,988
5,Tanta,2018-11-21,75000,A,NORM,Normal,0,2026-03-17,Titanium Credit Card,100,0,4211.07,70374.21,19072.26,2026-03-25,410.37,F,1992-05-14,CIB,Primary,100988,,0.0,89,,,,NORM,989
5,Tanta,2020-01-31,30000,A,NORM,Normal,0,2026-03-19,Cashback Card,500,150,15225.98,14339.2,3876.11,2026-03-25,699.89,F,1993-07-02,Government,Primary,100989,,0.0,75,,,,NORM,990
1,Cairo Main,2022-08-25,15000,A,90DA,90 Days Delinquent,90,2026-03-24,Cashback Card,200,0,-176.4,14670.48,1418.03,2026-03-12,745.67,M,1995-01-30,Talaat Moustafa Group,Primary,100990,,6783.52,43,,,,90DA,991
2,Giza,2021-03-24,200000,A,NORM,Normal,0,2026-03-22,Platinum Credit Card,500,500,139732.22,60083.7,45248.85,2026-03-13,1984.47,M,1987-06-04,Freelancer,Primary,100991,,0.0,61,,,,NORM,992
8,Zagazig,2021-11-15,10000,A,NORM,Normal,0,2026-03-31,Platinum Credit Card,200,300,3313.94,6571.93,2927.19,2026-03-07,257.46,F,1985-03-06,El Sewedy Electric,Primary,100993,,0.0,53,,,,NORM,994
8,Zagazig,2021-11-15,10000,A,NORM,Normal,0,2026-03-25,Cashback Card,200,300,634.37,8953.28,722.03,2026-03-24,207.29,F,1985-03-06,El Sewedy Electric,Primary,100993,,0.0,53,,,,NORM,994
3,Alexandria,2024-07-23,15000,A,30DD,30 Days Delinquent,30,2026-03-28,Gold Credit Card,500,0,-1435.94,13491.47,3268.27,2026-03-10,991.32,F,1988-01-11,Military,Primary,100994,,730.3,20,,,,30DD,995
7,Luxor,2019-06-24,75000,A,NORM,Normal,0,2026-03-19,Gold Credit Card,100,0,-5590.25,69254.58,17432.61,2026-03-14,1857.75,F,1984-02-11,Military,Primary,100995,,0.0,82,,,,NORM,996
7,Luxor,2019-06-24,75000,A,NORM,Normal,0,2026-03-20,Travel Rewards Card,100,0,16377.98,58601.97,11242.0,2026-03-27,85.65,F,1984-02-11,Military,Primary,100995,,0.0,82,,,,NORM,996
7,Luxor,2019-06-24,75000,A,NORM,Normal,0,2026-03-26,Platinum Credit Card,100,0,17265.16,57367.99,13634.44,2026-03-18,826.65,F,1984-02-11,Military,Primary,100995,,0.0,82,,,,NORM,996
9,Ismailia,2021-12-12,20000,A,NORM,Normal,0,2026-03-28,Titanium Credit Card,0,300,2308.34,17193.88,1161.19,2026-03-30,402.49,F,1978-04-29,Amazon Egypt,Primary,100996,,0.0,52,,,,NORM,997
9,Ismailia,2021-12-12,20000,A,NORM,Normal,0,2026-03-20,Cashback Card,0,300,12435.87,7383.16,3141.83,2026-03-02,277.22,F,1978-04-29,Amazon Egypt,Primary,100996,,0.0,52,,,,NORM,997
8,Zagazig,2023-01-15,15000,A,NORM,Normal,0,2026-03-19,Classic Credit Card,200,500,6485.39,8201.94,3582.33,2026-03-05,1678.99,M,1972-11-03,Orascom,Primary,100997,,0.0,39,,,,NORM,998
10,Suez,2022-09-09,75000,A,NORM,Normal,0,2026-03-30,Platinum Credit Card,100,150,34032.88,40474.52,3912.01,2026-03-11,1758.72,M,1989-04-18,Amazon Egypt,Primary,100998,,0.0,43,,,,NORM,999
6,Assiut,2020-10-20,15000,A,NEW,New,0,2026-03-20,Cashback Card,0,300,7540.19,7454.17,1702.81,2026-03-03,1707.04,M,1987-05-10,Cairo University,Primary,100999,,0.0,66,,,,NEW,1000
