RIMNO,CUSTOMER_ID,PRODUCT_NAME,PROBABILITY,THRESHOLD,MODEL
100000,1,Cashback_Card,21.66,5.0,CBF
100000,1,Travel_Rewards_Card,18.39,5.0,CBF
100000,1,Platinum_Credit_Card,16.62,5.0,CBF
100000,1,World_Elite_Card,16.54,5.0,CBF
100000,1,Gold_Credit_Card,11.62,5.0,CBF
100000,1,Classic_Credit_Card,10.99,5.0,CBF
100000,1,Cashback_Card,66.55,15.0,XGBoost
100000,1,Classic_Credit_Card,63.09,30.0,XGBoost
100000,1,Gold_Credit_Card,62.33,30.0,XGBoost
100001,2,Cashback_Card,29.76,5.0,CBF
100001,2,Travel_Rewards_Card,12.68,5.0,CBF
100001,2,Titanium_Credit_Card,10.99,5.0,CBF
100001,2,World_Elite_Card,10.35,5.0,CBF
100001,2,Platinum_Credit_Card,8.18,5.0,CBF
100001,2,Gold_Credit_Card,7.69,5.0,CBF
100001,2,Travel_Rewards_Card,86.63,60.0,XGBoost
100001,2,World_Elite_Card,84.48,35.0,XGBoost
100001,2,Platinum_Credit_Card,65.76,25.0,XGBoost
100002,3,Travel_Rewards_Card,34.1,5.0,CBF
100002,3,Titanium_Credit_Card,16.54,5.0,CBF
100002,3,Cashback_Card,11.77,5.0,CBF
100002,3,Classic_Credit_Card,10.35,5.0,CBF
100002,3,Gold_Credit_Card,9.98,5.0,CBF
100002,3,Platinum_Credit_Card,6.87,5.0,CBF
100002,3,Titanium_Credit_Card,88.03,40.0,XGBoost
100002,3,Platinum_Credit_Card,74.78,25.0,XGBoost
100003,4,Cashback_Card,77.59,15.0,XGBoost
100003,4,Gold_Credit_Card,67.53,30.0,XGBoost
100003,4,Classic_Credit_Card,60.48,30.0,XGBoost
100004,5,Cashback_Card,21.66,5.0,CBF
100004,5,Travel_Rewards_Card,18.39,5.0,CBF
100004,5,Platinum_Credit_Card,16.62,5.0,CBF
100004,5,World_Elite_Card,16.54,5.0,CBF
100004,5,Gold_Credit_Card,11.62,5.0,CBF
100004,5,Classic_Credit_Card,10.99,5.0,CBF
100004,5,Cashback_Card,77.59,15.0,XGBoost
100004,5,Gold_Credit_Card,67.53,30.0,XGBoost
100004,5,Classic_Credit_Card,60.48,30.0,XGBoost
100005,6,Travel_Rewards_Card,34.1,5.0,CBF
100005,6,Titanium_Credit_Card,16.54,5.0,CBF
100005,6,Cashback_Card,11.77,5.0,CBF
100005,6,Classic_Credit_Card,10.35,5.0,CBF
100005,6,Gold_Credit_Card,9.98,5.0,CBF
100005,6,Platinum_Credit_Card,6.87,5.0,CBF
100005,6,Cashback_Card,66.55,15.0,XGBoost
100005,6,Classic_Credit_Card,63.09,30.0,XGBoost
100005,6,Gold_Credit_Card,62.33,30.0,XGBoost
100006,7,Classic_Credit_Card,29.76,5.0,CBF
100006,7,Gold_Credit_Card,26.67,5.0,CBF
100006,7,Titanium_Credit_Card,21.66,5.0,CBF
100006,7,Travel_Rewards_Card,12.68,5.0,CBF
100006,7,World_Elite_Card,11.77,5.0,CBF
100006,7,Platinum_Credit_Card,9.26,5.0,CBF
100006,7,Cashback_Card,66.55,15.0,XGBoost
100006,7,Classic_Credit_Card,63.09,30.0,XGBoost
100006,7,Gold_Credit_Card,62.33,30.0,XGBoost
100007,8,Cashback_Card,66.55,15.0,XGBoost
100007,8,Classic_Credit_Card,63.09,30.0,XGBoost
100007,8,Gold_Credit_Card,62.33,30.0,XGBoost
100008,9,Platinum_Credit_Card,39.63,5.0,CBF
100008,9,World_Elite_Card,34.1,5.0,CBF
100008,9,Titanium_Credit_Card,18.39,5.0,CBF
100008,9,Cashback_Card,12.68,5.0,CBF
100008,9,Classic_Credit_Card,12.68,5.0,CBF
100008,9,Gold_Credit_Card,10.76,5.0,CBF
100008,9,Titanium_Credit_Card,83.97,40.0,XGBoost
100008,9,Platinum_Credit_Card,82.01,25.0,XGBoost
100009,10,Cashback_Card,26.67,5.0,CBF
100009,10,Titanium_Credit_Card,11.62,5.0,CBF
100009,10,Travel_Rewards_Card,10.76,5.0,CBF
100009,10,World_Elite_Card,9.98,5.0,CBF
100009,10,Platinum_Credit_Card,9.91,5.0,CBF
100009,10,Classic_Credit_Card,7.69,5.0,CBF
100009,10,Titanium_Credit_Card,83.97,40.0,XGBoost
100009,10,Platinum_Credit_Card,82.01,25.0,XGBoost
100010,11,Classic_Credit_Card,29.76,5.0,CBF
100010,11,Gold_Credit_Card,26.67,5.0,CBF
100010,11,Titanium_Credit_Card,21.66,5.0,CBF
100010,11,Travel_Rewards_Card,12.68,5.0,CBF
100010,11,World_Elite_Card,11.77,5.0,CBF
100010,11,Platinum_Credit_Card,9.26,5.0,CBF
100010,11,Classic_Credit_Card,73.82,30.0,XGBoost
100010,11,Cashback_Card,69.96,15.0,XGBoost
100010,11,Gold_Credit_Card,64.92,30.0,XGBoost
100011,12,Cashback_Card,21.66,5.0,CBF
100011,12,Travel_Rewards_Card,18.39,5.0,CBF
100011,12,Platinum_Credit_Card,16.62,5.0,CBF
100011,12,World_Elite_Card,16.54,5.0,CBF
100011,12,Gold_Credit_Card,11.62,5.0,CBF
100011,12,Classic_Credit_Card,10.99,5.0,CBF
100011,12,Classic_Credit_Card,73.82,30.0,XGBoost
100011,12,Cashback_Card,69.96,15.0,XGBoost
100011,12,Gold_Credit_Card,64.92,30.0,XGBoost
100012,13,Cashback_Card,26.67,5.0,CBF
100012,13,Titanium_Credit_Card,11.62,5.0,CBF
100012,13,Travel_Rewards_Card,10.76,5.0,CBF
100012,13,World_Elite_Card,9.98,5.0,CBF
100012,13,Platinum_Credit_Card,9.91,5.0,CBF
100012,13,Classic_Credit_Card,7.69,5.0,CBF
100012,13,Cashback_Card,77.59,15.0,XGBoost
100012,13,Gold_Credit_Card,67.53,30.0,XGBoost
100012,13,Classic_Credit_Card,60.48,30.0,XGBoost
100013,14,Travel_Rewards_Card,39.63,5.0,CBF
100013,14,Titanium_Credit_Card,16.62,5.0,CBF
100013,14,Gold_Credit_Card,9.91,5.0,CBF
100013,14,Cashback_Card,9.26,5.0,CBF
100013,14,Classic_Credit_Card,8.18,5.0,CBF
100013,14,World_Elite_Card,6.87,5.0,CBF
100013,14,Cashback_Card,79.08,15.0,XGBoost
100013,14,Gold_Credit_Card,65.13,30.0,XGBoost
100013,14,Classic_Credit_Card,64.16,30.0,XGBoost
100014,15,Platinum_Credit_Card,39.63,5.0,CBF
100014,15,World_Elite_Card,34.1,5.0,CBF
100014,15,Titanium_Credit_Card,18.39,5.0,CBF
100014,15,Cashback_Card,12.68,5.0,CBF
100014,15,Classic_Credit_Card,12.68,5.0,CBF
100014,15,Gold_Credit_Card,10.76,5.0,CBF
100014,15,Classic_Credit_Card,73.82,30.0,XGBoost
100014,15,Cashback_Card,69.96,15.0,XGBoost
100014,15,Gold_Credit_Card,64.92,30.0,XGBoost
100015,16,Cashback_Card,21.66,5.0,CBF
100015,16,Travel_Rewards_Card,18.39,5.0,CBF
100015,16,Platinum_Credit_Card,16.62,5.0,CBF
100015,16,World_Elite_Card,16.54,5.0,CBF
100015,16,Gold_Credit_Card,11.62,5.0,CBF
100015,16,Classic_Credit_Card,10.99,5.0,CBF
100015,16,Cashback_Card,66.55,15.0,XGBoost
100015,16,Classic_Credit_Card,63.09,30.0,XGBoost
100015,16,Gold_Credit_Card,62.33,30.0,XGBoost
100016,17,Classic_Credit_Card,73.82,30.0,XGBoost
100016,17,Cashback_Card,69.96,15.0,XGBoost
100016,17,Gold_Credit_Card,64.92,30.0,XGBoost
100017,18,Platinum_Credit_Card,39.63,5.0,CBF
100017,18,World_Elite_Card,34.1,5.0,CBF
100017,18,Titanium_Credit_Card,18.39,5.0,CBF
100017,18,Cashback_Card,12.68,5.0,CBF
100017,18,Classic_Credit_Card,12.68,5.0,CBF
100017,18,Gold_Credit_Card,10.76,5.0,CBF
100017,18,Cashback_Card,79.08,15.0,XGBoost
100017,18,Gold_Credit_Card,65.13,30.0,XGBoost
100017,18,Classic_Credit_Card,64.16,30.0,XGBoost
100018,19,Cashback_Card,21.66,5.0,CBF
100018,19,Travel_Rewards_Card,18.39,5.0,CBF
100018,19,Platinum_Credit_Card,16.62,5.0,CBF
100018,19,World_Elite_Card,16.54,5.0,CBF
100018,19,Gold_Credit_Card,11.62,5.0,CBF
100018,19,Classic_Credit_Card,10.99,5.0,CBF
100018,19,Cashback_Card,79.08,15.0,XGBoost
100018,19,Gold_Credit_Card,65.13,30.0,XGBoost
100018,19,Classic_Credit_Card,64.16,30.0,XGBoost
100019,20,Cashback_Card,26.67,5.0,CBF
100019,20,Titanium_Credit_Card,11.62,5.0,CBF
100019,20,Travel_Rewards_Card,10.76,5.0,CBF
100019,20,World_Elite_Card,9.98,5.0,CBF
100019,20,Platinum_Credit_Card,9.91,5.0,CBF
100019,20,Classic_Credit_Card,7.69,5.0,CBF
100019,20,World_Elite_Card,85.27,35.0,XGBoost
100019,20,Platinum_Credit_Card,70.69,25.0,XGBoost
100019,20,Travel_Rewards_Card,66.58,60.0,XGBoost
100020,21,Platinum_Credit_Card,39.63,5.0,CBF
100020,21,World_Elite_Card,34.1,5.0,CBF
100020,21,Titanium_Credit_Card,18.39,5.0,CBF
100020,21,Cashback_Card,12.68,5.0,CBF
100020,21,Classic_Credit_Card,12.68,5.0,CBF
100020,21,Gold_Credit_Card,10.76,5.0,CBF
100020,21,Cashback_Card,66.55,15.0,XGBoost
100020,21,Classic_Credit_Card,63.09,30.0,XGBoost
100020,21,Gold_Credit_Card,62.33,30.0,XGBoost
100021,22,Travel_Rewards_Card,39.63,5.0,CBF
100021,22,Titanium_Credit_Card,16.62,5.0,CBF
100021,22,Gold_Credit_Card,9.91,5.0,CBF
100021,22,Cashback_Card,9.26,5.0,CBF
100021,22,Classic_Credit_Card,8.18,5.0,CBF
100021,22,World_Elite_Card,6.87,5.0,CBF
100021,22,World_Elite_Card,85.27,35.0,XGBoost
100021,22,Platinum_Credit_Card,70.69,25.0,XGBoost
100021,22,Travel_Rewards_Card,66.58,60.0,XGBoost
100022,23,Travel_Rewards_Card,86.63,60.0,XGBoost
100022,23,World_Elite_Card,84.48,35.0,XGBoost
100022,23,Platinum_Credit_Card,65.76,25.0,XGBoost
100023,24,Cashback_Card,29.76,5.0,CBF
100023,24,Travel_Rewards_Card,12.68,5.0,CBF
100023,24,Titanium_Credit_Card,10.99,5.0,CBF
100023,24,World_Elite_Card,10.35,5.0,CBF
100023,24,Platinum_Credit_Card,8.18,5.0,CBF
100023,24,Gold_Credit_Card,7.69,5.0,CBF
100023,24,Cashback_Card,66.55,15.0,XGBoost
100023,24,Classic_Credit_Card,63.09,30.0,XGBoost
100023,24,Gold_Credit_Card,62.33,30.0,XGBoost
100024,25,Classic_Credit_Card,73.82,30.0,XGBoost
100024,25,Cashback_Card,69.96,15.0,XGBoost
100024,25,Gold_Credit_Card,64.92,30.0,XGBoost
100025,26,Travel_Rewards_Card,34.1,5.0,CBF
100025,26,Titanium_Credit_Card,16.54,5.0,CBF
100025,26,Cashback_Card,11.77,5.0,CBF
100025,26,Classic_Credit_Card,10.35,5.0,CBF
100025,26,Gold_Credit_Card,9.98,5.0,CBF
100025,26,Platinum_Credit_Card,6.87,5.0,CBF
100025,26,World_Elite_Card,77.53,35.0,XGBoost
100025,26,Platinum_Credit_Card,73.58,25.0,XGBoost
100025,26,Travel_Rewards_Card,70.69,60.0,XGBoost
100026,27,Cashback_Card,29.76,5.0,CBF
100026,27,Travel_Rewards_Card,12.68,5.0,CBF
100026,27,Titanium_Credit_Card,10.99,5.0,CBF
100026,27,World_Elite_Card,10.35,5.0,CBF
100026,27,Platinum_Credit_Card,8.18,5.0,CBF
100026,27,Gold_Credit_Card,7.69,5.0,CBF
100026,27,Travel_Rewards_Card,86.63,60.0,XGBoost
100026,27,World_Elite_Card,84.48,35.0,XGBoost
100026,27,Platinum_Credit_Card,65.76,25.0,XGBoost
100027,28,Cashback_Card,21.66,5.0,CBF
100027,28,Travel_Rewards_Card,18.39,5.0,CBF
100027,28,Platinum_Credit_Card,16.62,5.0,CBF
100027,28,World_Elite_Card,16.54,5.0,CBF
100027,28,Gold_Credit_Card,11.62,5.0,CBF
100027,28,Classic_Credit_Card,10.99,5.0,CBF
100027,28,Travel_Rewards_Card,86.63,60.0,XGBoost
100027,28,World_Elite_Card,84.48,35.0,XGBoost
100027,28,Platinum_Credit_Card,65.76,25.0,XGBoost
100028,29,Cashback_Card,29.76,5.0,CBF
100028,29,Travel_Rewards_Card,12.68,5.0,CBF
100028,29,Titanium_Credit_Card,10.99,5.0,CBF
100028,29,World_Elite_Card,10.35,5.0,CBF
100028,29,Platinum_Credit_Card,8.18,5.0,CBF
100028,29,Gold_Credit_Card,7.69,5.0,CBF
100028,29,Cashback_Card,77.59,15.0,XGBoost
100028,29,Gold_Credit_Card,67.53,30.0,XGBoost
100028,29,Classic_Credit_Card,60.48,30.0,XGBoost
100029,30,Travel_Rewards_Card,39.63,5.0,CBF
100029,30,Titanium_Credit_Card,16.62,5.0,CBF
100029,30,Gold_Credit_Card,9.91,5.0,CBF
100029,30,Cashback_Card,9.26,5.0,CBF
100029,30,Classic_Credit_Card,8.18,5.0,CBF
100029,30,World_Elite_Card,6.87,5.0,CBF
100029,30,Cashback_Card,79.08,15.0,XGBoost
100029,30,Gold_Credit_Card,65.13,30.0,XGBoost
100029,30,Classic_Credit_Card,64.16,30.0,XGBoost
100030,31,Cashback_Card,26.67,5.0,CBF
100030,31,Titanium_Credit_Card,11.62,5.0,CBF
100030,31,Travel_Rewards_Card,10.76,5.0,CBF
100030,31,World_Elite_Card,9.98,5.0,CBF
100030,31,Platinum_Credit_Card,9.91,5.0,CBF
100030,31,Classic_Credit_Card,7.69,5.0,CBF
100030,31,Cashback_Card,66.55,15.0,XGBoost
100030,31,Classic_Credit_Card,63.09,30.0,XGBoost
100030,31,Gold_Credit_Card,62.33,30.0,XGBoost
100031,32,Travel_Rewards_Card,39.63,5.0,CBF
100031,32,Titanium_Credit_Card,16.62,5.0,CBF
100031,32,Gold_Credit_Card,9.91,5.0,CBF
100031,32,Cashback_Card,9.26,5.0,CBF
100031,32,Classic_Credit_Card,8.18,5.0,CBF
100031,32,World_Elite_Card,6.87,5.0,CBF
100031,32,Cashback_Card,77.59,15.0,XGBoost
100031,32,Gold_Credit_Card,67.53,30.0,XGBoost
100031,32,Classic_Credit_Card,60.48,30.0,XGBoost
100032,33,Cashback_Card,21.66,5.0,CBF
100032,33,Travel_Rewards_Card,18.39,5.0,CBF
100032,33,Platinum_Credit_Card,16.62,5.0,CBF
100032,33,World_Elite_Card,16.54,5.0,CBF
100032,33,Gold_Credit_Card,11.62,5.0,CBF
100032,33,Classic_Credit_Card,10.99,5.0,CBF
100032,33,Cashback_Card,66.55,15.0,XGBoost
100032,33,Classic_Credit_Card,63.09,30.0,XGBoost
100032,33,Gold_Credit_Card,62.33,30.0,XGBoost
100033,34,Classic_Credit_Card,29.76,5.0,CBF
100033,34,Gold_Credit_Card,26.67,5.0,CBF
100033,34,Titanium_Credit_Card,21.66,5.0,CBF
100033,34,Travel_Rewards_Card,12.68,5.0,CBF
100033,34,World_Elite_Card,11.77,5.0,CBF
100033,34,Platinum_Credit_Card,9.26,5.0,CBF
100033,34,Classic_Credit_Card,73.82,30.0,XGBoost
100033,34,Cashback_Card,69.96,15.0,XGBoost
100033,34,Gold_Credit_Card,64.92,30.0,XGBoost
100034,35,Platinum_Credit_Card,39.63,5.0,CBF
100034,35,World_Elite_Card,34.1,5.0,CBF
100034,35,Titanium_Credit_Card,18.39,5.0,CBF
100034,35,Cashback_Card,12.68,5.0,CBF
100034,35,Classic_Credit_Card,12.68,5.0,CBF
100034,35,Gold_Credit_Card,10.76,5.0,CBF
100034,35,Cashback_Card,79.08,15.0,XGBoost
100034,35,Gold_Credit_Card,65.13,30.0,XGBoost
100034,35,Classic_Credit_Card,64.16,30.0,XGBoost
100035,36,Platinum_Credit_Card,39.63,5.0,CBF
100035,36,World_Elite_Card,34.1,5.0,CBF
100035,36,Titanium_Credit_Card,18.39,5.0,CBF
100035,36,Cashback_Card,12.68,5.0,CBF
100035,36,Classic_Credit_Card,12.68,5.0,CBF
100035,36,Gold_Credit_Card,10.76,5.0,CBF
100035,36,Cashback_Card,77.59,15.0,XGBoost
100035,36,Gold_Credit_Card,67.53,30.0,XGBoost
100035,36,Classic_Credit_Card,60.48,30.0,XGBoost
100036,37,Travel_Rewards_Card,34.1,5.0,CBF
100036,37,Titanium_Credit_Card,16.54,5.0,CBF
100036,37,Cashback_Card,11.77,5.0,CBF
100036,37,Classic_Credit_Card,10.35,5.0,CBF
100036,37,Gold_Credit_Card,9.98,5.0,CBF
100036,37,Platinum_Credit_Card,6.87,5.0,CBF
100036,37,Classic_Credit_Card,73.82,30.0,XGBoost
100036,37,Cashback_Card,69.96,15.0,XGBoost
100036,37,Gold_Credit_Card,64.92,30.0,XGBoost
100037,38,Travel_Rewards_Card,34.1,5.0,CBF
100037,38,Titanium_Credit_Card,16.54,5.0,CBF
100037,38,Cashback_Card,11.77,5.0,CBF
100037,38,Classic_Credit_Card,10.35,5.0,CBF
100037,38,Gold_Credit_Card,9.98,5.0,CBF
100037,38,Platinum_Credit_Card,6.87,5.0,CBF
100037,38,Travel_Rewards_Card,86.63,60.0,XGBoost
100037,38,World_Elite_Card,84.48,35.0,XGBoost
100037,38,Platinum_Credit_Card,65.76,25.0,XGBoost
100038,39,World_Elite_Card,85.27,35.0,XGBoost
100038,39,Platinum_Credit_Card,70.69,25.0,XGBoost
100038,39,Travel_Rewards_Card,66.58,60.0,XGBoost
100039,40,Travel_Rewards_Card,34.1,5.0,CBF
100039,40,Titanium_Credit_Card,16.54,5.0,CBF
100039,40,Cashback_Card,11.77,5.0,CBF
100039,40,Classic_Credit_Card,10.35,5.0,CBF
100039,40,Gold_Credit_Card,9.98,5.0,CBF
100039,40,Platinum_Credit_Card,6.87,5.0,CBF
100039,40,Cashback_Card,66.55,15.0,XGBoost
100039,40,Classic_Credit_Card,63.09,30.0,XGBoost
100039,40,Gold_Credit_Card,62.33,30.0,XGBoost
100040,41,Cashback_Card,21.66,5.0,CBF
100040,41,Travel_Rewards_Card,18.39,5.0,CBF
100040,41,Platinum_Credit_Card,16.62,5.0,CBF
100040,41,World_Elite_Card,16.54,5.0,CBF
100040,41,Gold_Credit_Card,11.62,5.0,CBF
100040,41,Classic_Credit_Card,10.99,5.0,CBF
100040,41,Travel_Rewards_Card,86.63,60.0,XGBoost
100040,41,World_Elite_Card,84.48,35.0,XGBoost
100040,41,Platinum_Credit_Card,65.76,25.0,XGBoost
100041,42,World_Elite_Card,77.53,35.0,XGBoost
100041,42,Platinum_Credit_Card,73.58,25.0,XGBoost
100041,42,Travel_Rewards_Card,70.69,60.0,XGBoost
100042,43,Platinum_Credit_Card,39.63,5.0,CBF
100042,43,World_Elite_Card,34.1,5.0,CBF
100042,43,Titanium_Credit_Card,18.39,5.0,CBF
100042,43,Cashback_Card,12.68,5.0,CBF
100042,43,Classic_Credit_Card,12.68,5.0,CBF
100042,43,Gold_Credit_Card,10.76,5.0,CBF
100042,43,World_Elite_Card,85.27,35.0,XGBoost
100042,43,Platinum_Credit_Card,70.69,25.0,XGBoost
100042,43,Travel_Rewards_Card,66.58,60.0,XGBoost
100043,44,Classic_Credit_Card,73.82,30.0,XGBoost
100043,44,Cashback_Card,69.96,15.0,XGBoost
100043,44,Gold_Credit_Card,64.92,30.0,XGBoost
100044,45,Travel_Rewards_Card,39.63,5.0,CBF
100044,45,Titanium_Credit_Card,16.62,5.0,CBF
100044,45,Gold_Credit_Card,9.91,5.0,CBF
100044,45,Cashback_Card,9.26,5.0,CBF
100044,45,Classic_Credit_Card,8.18,5.0,CBF
100044,45,World_Elite_Card,6.87,5.0,CBF
100044,45,Titanium_Credit_Card,83.97,40.0,XGBoost
100044,45,Platinum_Credit_Card,82.01,25.0,XGBoost
100045,46,Cashback_Card,29.76,5.0,CBF
100045,46,Travel_Rewards_Card,12.68,5.0,CBF
100045,46,Titanium_Credit_Card,10.99,5.0,CBF
100045,46,World_Elite_Card,10.35,5.0,CBF
100045,46,Platinum_Credit_Card,8.18,5.0,CBF
100045,46,Gold_Credit_Card,7.69,5.0,CBF
100045,46,Titanium_Credit_Card,83.97,40.0,XGBoost
100045,46,Platinum_Credit_Card,82.01,25.0,XGBoost
100046,47,Cashback_Card,21.66,5.0,CBF
100046,47,Travel_Rewards_Card,18.39,5.0,CBF
100046,47,Platinum_Credit_Card,16.62,5.0,CBF
100046,47,World_Elite_Card,16.54,5.0,CBF
100046,47,Gold_Credit_Card,11.62,5.0,CBF
100046,47,Classic_Credit_Card,10.99,5.0,CBF
100046,47,Travel_Rewards_Card,86.63,60.0,XGBoost
100046,47,World_Elite_Card,84.48,35.0,XGBoost
100046,47,Platinum_Credit_Card,65.76,25.0,XGBoost
100047,48,Travel_Rewards_Card,39.63,5.0,CBF
100047,48,Titanium_Credit_Card,16.62,5.0,CBF
100047,48,Gold_Credit_Card,9.91,5.0,CBF
100047,48,Cashback_Card,9.26,5.0,CBF
100047,48,Classic_Credit_Card,8.18,5.0,CBF
100047,48,World_Elite_Card,6.87,5.0,CBF
100047,48,World_Elite_Card,85.27,35.0,XGBoost
100047,48,Platinum_Credit_Card,70.69,25.0,XGBoost
100047,48,Travel_Rewards_Card,66.58,60.0,XGBoost
100048,49,Classic_Credit_Card,29.76,5.0,CBF
100048,49,Gold_Credit_Card,26.67,5.0,CBF
100048,49,Titanium_Credit_Card,21.66,5.0,CBF
100048,49,Travel_Rewards_Card,12.68,5.0,CBF
100048,49,World_Elite_Card,11.77,5.0,CBF
100048,49,Platinum_Credit_Card,9.26,5.0,CBF
100048,49,Titanium_Credit_Card,83.97,40.0,XGBoost
100048,49,Platinum_Credit_Card,82.01,25.0,XGBoost
100049,50,Cashback_Card,29.76,5.0,CBF
100049,50,Travel_Rewards_Card,12.68,5.0,CBF
100049,50,Titanium_Credit_Card,10.99,5.0,CBF
100049,50,World_Elite_Card,10.35,5.0,CBF
100049,50,Platinum_Credit_Card,8.18,5.0,CBF
100049,50,Gold_Credit_Card,7.69,5.0,CBF
100049,50,World_Elite_Card,85.27,35.0,XGBoost
100049,50,Platinum_Credit_Card,70.69,25.0,XGBoost
100049,50,Travel_Rewards_Card,66.58,60.0,XGBoost
100050,51,Travel_Rewards_Card,39.63,5.0,CBF
100050,51,Titanium_Credit_Card,16.62,5.0,CBF
100050,51,Gold_Credit_Card,9.91,5.0,CBF
100050,51,Cashback_Card,9.26,5.0,CBF
100050,51,Classic_Credit_Card,8.18,5.0,CBF
100050,51,World_Elite_Card,6.87,5.0,CBF
100050,51,Travel_Rewards_Card,86.63,60.0,XGBoost
100050,51,World_Elite_Card,84.48,35.0,XGBoost
100050,51,Platinum_Credit_Card,65.76,25.0,XGBoost
100051,52,Cashback_Card,26.67,5.0,CBF
100051,52,Titanium_Credit_Card,11.62,5.0,CBF
100051,52,Travel_Rewards_Card,10.76,5.0,CBF
100051,52,World_Elite_Card,9.98,5.0,CBF
100051,52,Platinum_Credit_Card,9.91,5.0,CBF
100051,52,Classic_Credit_Card,7.69,5.0,CBF
100051,52,Gold_Credit_Card,71.42,30.0,XGBoost
100051,52,Cashback_Card,70.57,15.0,XGBoost
100051,52,Classic_Credit_Card,66.04,30.0,XGBoost
100052,53,Cashback_Card,21.66,5.0,CBF
100052,53,Travel_Rewards_Card,18.39,5.0,CBF
100052,53,Platinum_Credit_Card,16.62,5.0,CBF
100052,53,World_Elite_Card,16.54,5.0,CBF
100052,53,Gold_Credit_Card,11.62,5.0,CBF
100052,53,Classic_Credit_Card,10.99,5.0,CBF
100052,53,Cashback_Card,79.08,15.0,XGBoost
100052,53,Gold_Credit_Card,65.13,30.0,XGBoost
100052,53,Classic_Credit_Card,64.16,30.0,XGBoost
100053,54,Classic_Credit_Card,29.76,5.0,CBF
100053,54,Gold_Credit_Card,26.67,5.0,CBF
100053,54,Titanium_Credit_Card,21.66,5.0,CBF
100053,54,Travel_Rewards_Card,12.68,5.0,CBF
100053,54,World_Elite_Card,11.77,5.0,CBF
100053,54,Platinum_Credit_Card,9.26,5.0,CBF
100053,54,Cashback_Card,79.08,15.0,XGBoost
100053,54,Gold_Credit_Card,65.13,30.0,XGBoost
100053,54,Classic_Credit_Card,64.16,30.0,XGBoost
100054,55,Travel_Rewards_Card,34.1,5.0,CBF
100054,55,Titanium_Credit_Card,16.54,5.0,CBF
100054,55,Cashback_Card,11.77,5.0,CBF
100054,55,Classic_Credit_Card,10.35,5.0,CBF
100054,55,Gold_Credit_Card,9.98,5.0,CBF
100054,55,Platinum_Credit_Card,6.87,5.0,CBF
100054,55,World_Elite_Card,77.53,35.0,XGBoost
100054,55,Platinum_Credit_Card,73.58,25.0,XGBoost
100054,55,Travel_Rewards_Card,70.69,60.0,XGBoost
100055,56,Cashback_Card,66.55,15.0,XGBoost
100055,56,Classic_Credit_Card,63.09,30.0,XGBoost
100055,56,Gold_Credit_Card,62.33,30.0,XGBoost
100056,57,Travel_Rewards_Card,34.1,5.0,CBF
100056,57,Titanium_Credit_Card,16.54,5.0,CBF
100056,57,Cashback_Card,11.77,5.0,CBF
100056,57,Classic_Credit_Card,10.35,5.0,CBF
100056,57,Gold_Credit_Card,9.98,5.0,CBF
100056,57,Platinum_Credit_Card,6.87,5.0,CBF
100056,57,Titanium_Credit_Card,88.03,40.0,XGBoost
100056,57,Platinum_Credit_Card,74.78,25.0,XGBoost
100057,58,Cashback_Card,66.55,15.0,XGBoost
100057,58,Classic_Credit_Card,63.09,30.0,XGBoost
100057,58,Gold_Credit_Card,62.33,30.0,XGBoost
100058,59,Titanium_Credit_Card,88.03,40.0,XGBoost
100058,59,Platinum_Credit_Card,74.78,25.0,XGBoost
100059,60,Classic_Credit_Card,29.76,5.0,CBF
100059,60,Gold_Credit_Card,26.67,5.0,CBF
100059,60,Titanium_Credit_Card,21.66,5.0,CBF
100059,60,Travel_Rewards_Card,12.68,5.0,CBF
100059,60,World_Elite_Card,11.77,5.0,CBF
100059,60,Platinum_Credit_Card,9.26,5.0,CBF
100059,60,Cashback_Card,66.55,15.0,XGBoost
100059,60,Classic_Credit_Card,63.09,30.0,XGBoost
100059,60,Gold_Credit_Card,62.33,30.0,XGBoost
100060,61,Travel_Rewards_Card,34.1,5.0,CBF
100060,61,Titanium_Credit_Card,16.54,5.0,CBF
100060,61,Cashback_Card,11.77,5.0,CBF
100060,61,Classic_Credit_Card,10.35,5.0,CBF
100060,61,Gold_Credit_Card,9.98,5.0,CBF
100060,61,Platinum_Credit_Card,6.87,5.0,CBF
100060,61,Travel_Rewards_Card,86.63,60.0,XGBoost
100060,61,World_Elite_Card,84.48,35.0,XGBoost
100060,61,Platinum_Credit_Card,65.76,25.0,XGBoost
100061,62,Cashback_Card,29.76,5.0,CBF
100061,62,Travel_Rewards_Card,12.68,5.0,CBF
100061,62,Titanium_Credit_Card,10.99,5.0,CBF
100061,62,World_Elite_Card,10.35,5.0,CBF
100061,62,Platinum_Credit_Card,8.18,5.0,CBF
100061,62,Gold_Credit_Card,7.69,5.0,CBF
100061,62,Cashback_Card,77.59,15.0,XGBoost
100061,62,Gold_Credit_Card,67.53,30.0,XGBoost
100061,62,Classic_Credit_Card,60.48,30.0,XGBoost
100062,63,Travel_Rewards_Card,39.63,5.0,CBF
100062,63,Titanium_Credit_Card,16.62,5.0,CBF
100062,63,Gold_Credit_Card,9.91,5.0,CBF
100062,63,Cashback_Card,9.26,5.0,CBF
100062,63,Classic_Credit_Card,8.18,5.0,CBF
100062,63,World_Elite_Card,6.87,5.0,CBF
100062,63,Titanium_Credit_Card,88.03,40.0,XGBoost
100062,63,Platinum_Credit_Card,74.78,25.0,XGBoost
100063,64,Travel_Rewards_Card,39.63,5.0,CBF
100063,64,Titanium_Credit_Card,16.62,5.0,CBF
100063,64,Gold_Credit_Card,9.91,5.0,CBF
100063,64,Cashback_Card,9.26,5.0,CBF
100063,64,Classic_Credit_Card,8.18,5.0,CBF
100063,64,World_Elite_Card,6.87,5.0,CBF
100063,64,Gold_Credit_Card,71.42,30.0,XGBoost
100063,64,Cashback_Card,70.57,15.0,XGBoost
100063,64,Classic_Credit_Card,66.04,30.0,XGBoost
100064,65,Platinum_Credit_Card,39.63,5.0,CBF
100064,65,World_Elite_Card,34.1,5.0,CBF
100064,65,Titanium_Credit_Card,18.39,5.0,CBF
100064,65,Cashback_Card,12.68,5.0,CBF
100064,65,Classic_Credit_Card,12.68,5.0,CBF
100064,65,Gold_Credit_Card,10.76,5.0,CBF
100064,65,Cashback_Card,66.55,15.0,XGBoost
100064,65,Classic_Credit_Card,63.09,30.0,XGBoost
100064,65,Gold_Credit_Card,62.33,30.0,XGBoost
100065,66,Cashback_Card,21.66,5.0,CBF
100065,66,Travel_Rewards_Card,18.39,5.0,CBF
100065,66,Platinum_Credit_Card,16.62,5.0,CBF
100065,66,World_Elite_Card,16.54,5.0,CBF
100065,66,Gold_Credit_Card,11.62,5.0,CBF
100065,66,Classic_Credit_Card,10.99,5.0,CBF
100065,66,Cashback_Card,79.08,15.0,XGBoost
100065,66,Gold_Credit_Card,65.13,30.0,XGBoost
100065,66,Classic_Credit_Card,64.16,30.0,XGBoost
100066,67,World_Elite_Card,85.27,35.0,XGBoost
100066,67,Platinum_Credit_Card,70.69,25.0,XGBoost
100066,67,Travel_Rewards_Card,66.58,60.0,XGBoost
100067,68,Platinum_Credit_Card,39.63,5.0,CBF
100067,68,World_Elite_Card,34.1,5.0,CBF
100067,68,Titanium_Credit_Card,18.39,5.0,CBF
100067,68,Cashback_Card,12.68,5.0,CBF
100067,68,Classic_Credit_Card,12.68,5.0,CBF
100067,68,Gold_Credit_Card,10.76,5.0,CBF
100067,68,Cashback_Card,66.55,15.0,XGBoost
100067,68,Classic_Credit_Card,63.09,30.0,XGBoost
100067,68,Gold_Credit_Card,62.33,30.0,XGBoost
100068,69,Travel_Rewards_Card,34.1,5.0,CBF
100068,69,Titanium_Credit_Card,16.54,5.0,CBF
100068,69,Cashback_Card,11.77,5.0,CBF
100068,69,Classic_Credit_Card,10.35,5.0,CBF
100068,69,Gold_Credit_Card,9.98,5.0,CBF
100068,69,Platinum_Credit_Card,6.87,5.0,CBF
100068,69,Travel_Rewards_Card,86.63,60.0,XGBoost
100068,69,World_Elite_Card,84.48,35.0,XGBoost
100068,69,Platinum_Credit_Card,65.76,25.0,XGBoost
100069,70,Cashback_Card,29.76,5.0,CBF
100069,70,Travel_Rewards_Card,12.68,5.0,CBF
100069,70,Titanium_Credit_Card,10.99,5.0,CBF
100069,70,World_Elite_Card,10.35,5.0,CBF
100069,70,Platinum_Credit_Card,8.18,5.0,CBF
100069,70,Gold_Credit_Card,7.69,5.0,CBF
100069,70,Cashback_Card,79.08,15.0,XGBoost
100069,70,Gold_Credit_Card,65.13,30.0,XGBoost
100069,70,Classic_Credit_Card,64.16,30.0,XGBoost
100070,71,Cashback_Card,29.76,5.0,CBF
100070,71,Travel_Rewards_Card,12.68,5.0,CBF
100070,71,Titanium_Credit_Card,10.99,5.0,CBF
100070,71,World_Elite_Card,10.35,5.0,CBF
100070,71,Platinum_Credit_Card,8.18,5.0,CBF
100070,71,Gold_Credit_Card,7.69,5.0,CBF
100070,71,Travel_Rewards_Card,86.63,60.0,XGBoost
100070,71,World_Elite_Card,84.48,35.0,XGBoost
100070,71,Platinum_Credit_Card,65.76,25.0,XGBoost
100071,72,Platinum_Credit_Card,39.63,5.0,CBF
100071,72,World_Elite_Card,34.1,5.0,CBF
100071,72,Titanium_Credit_Card,18.39,5.0,CBF
100071,72,Cashback_Card,12.68,5.0,CBF
100071,72,Classic_Credit_Card,12.68,5.0,CBF
100071,72,Gold_Credit_Card,10.76,5.0,CBF
100071,72,Titanium_Credit_Card,88.03,40.0,XGBoost
100071,72,Platinum_Credit_Card,74.78,25.0,XGBoost
100072,73,Cashback_Card,77.59,15.0,XGBoost
100072,73,Gold_Credit_Card,67.53,30.0,XGBoost
100072,73,Classic_Credit_Card,60.48,30.0,XGBoost
100073,74,Platinum_Credit_Card,39.63,5.0,CBF
100073,74,World_Elite_Card,34.1,5.0,CBF
100073,74,Titanium_Credit_Card,18.39,5.0,CBF
100073,74,Cashback_Card,12.68,5.0,CBF
100073,74,Classic_Credit_Card,12.68,5.0,CBF
100073,74,Gold_Credit_Card,10.76,5.0,CBF
100073,74,World_Elite_Card,85.27,35.0,XGBoost
100073,74,Platinum_Credit_Card,70.69,25.0,XGBoost
100073,74,Travel_Rewards_Card,66.58,60.0,XGBoost
100074,75,Travel_Rewards_Card,34.1,5.0,CBF
100074,75,Titanium_Credit_Card,16.54,5.0,CBF
100074,75,Cashback_Card,11.77,5.0,CBF
100074,75,Classic_Credit_Card,10.35,5.0,CBF
100074,75,Gold_Credit_Card,9.98,5.0,CBF
100074,75,Platinum_Credit_Card,6.87,5.0,CBF
100074,75,Gold_Credit_Card,71.42,30.0,XGBoost
100074,75,Cashback_Card,70.57,15.0,XGBoost
100074,75,Classic_Credit_Card,66.04,30.0,XGBoost
100075,76,Platinum_Credit_Card,39.63,5.0,CBF
100075,76,World_Elite_Card,34.1,5.0,CBF
100075,76,Titanium_Credit_Card,18.39,5.0,CBF
100075,76,Cashback_Card,12.68,5.0,CBF
100075,76,Classic_Credit_Card,12.68,5.0,CBF
100075,76,Gold_Credit_Card,10.76,5.0,CBF
100075,76,Cashback_Card,77.59,15.0,XGBoost
100075,76,Gold_Credit_Card,67.53,30.0,XGBoost
100075,76,Classic_Credit_Card,60.48,30.0,XGBoost
100076,77,Titanium_Credit_Card,83.97,40.0,XGBoost
100076,77,Platinum_Credit_Card,82.01,25.0,XGBoost
100077,78,Travel_Rewards_Card,34.1,5.0,CBF
100077,78,Titanium_Credit_Card,16.54,5.0,CBF
100077,78,Cashback_Card,11.77,5.0,CBF
100077,78,Classic_Credit_Card,10.35,5.0,CBF
100077,78,Gold_Credit_Card,9.98,5.0,CBF
100077,78,Platinum_Credit_Card,6.87,5.0,CBF
100077,78,Cashback_Card,79.08,15.0,XGBoost
100077,78,Gold_Credit_Card,65.13,30.0,XGBoost
100077,78,Classic_Credit_Card,64.16,30.0,XGBoost
100078,79,Gold_Credit_Card,71.42,30.0,XGBoost
100078,79,Cashback_Card,70.57,15.0,XGBoost
100078,79,Classic_Credit_Card,66.04,30.0,XGBoost
100079,80,Platinum_Credit_Card,39.63,5.0,CBF
100079,80,World_Elite_Card,34.1,5.0,CBF
100079,80,Titanium_Credit_Card,18.39,5.0,CBF
100079,80,Cashback_Card,12.68,5.0,CBF
100079,80,Classic_Credit_Card,12.68,5.0,CBF
100079,80,Gold_Credit_Card,10.76,5.0,CBF
100079,80,Cashback_Card,66.55,15.0,XGBoost
100079,80,Classic_Credit_Card,63.09,30.0,XGBoost
100079,80,Gold_Credit_Card,62.33,30.0,XGBoost
100080,81,Classic_Credit_Card,29.76,5.0,CBF
100080,81,Gold_Credit_Card,26.67,5.0,CBF
100080,81,Titanium_Credit_Card,21.66,5.0,CBF
100080,81,Travel_Rewards_Card,12.68,5.0,CBF
100080,81,World_Elite_Card,11.77,5.0,CBF
100080,81,Platinum_Credit_Card,9.26,5.0,CBF
100080,81,Gold_Credit_Card,71.42,30.0,XGBoost
100080,81,Cashback_Card,70.57,15.0,XGBoost
100080,81,Classic_Credit_Card,66.04,30.0,XGBoost
100081,82,Cashback_Card,79.08,15.0,XGBoost
100081,82,Gold_Credit_Card,65.13,30.0,XGBoost
100081,82,Classic_Credit_Card,64.16,30.0,XGBoost
100082,83,Cashback_Card,29.76,5.0,CBF
100082,83,Travel_Rewards_Card,12.68,5.0,CBF
100082,83,Titanium_Credit_Card,10.99,5.0,CBF
100082,83,World_Elite_Card,10.35,5.0,CBF
100082,83,Platinum_Credit_Card,8.18,5.0,CBF
100082,83,Gold_Credit_Card,7.69,5.0,CBF
100082,83,World_Elite_Card,77.53,35.0,XGBoost
100082,83,Platinum_Credit_Card,73.58,25.0,XGBoost
100082,83,Travel_Rewards_Card,70.69,60.0,XGBoost
100083,84,Cashback_Card,29.76,5.0,CBF
100083,84,Travel_Rewards_Card,12.68,5.0,CBF
100083,84,Titanium_Credit_Card,10.99,5.0,CBF
100083,84,World_Elite_Card,10.35,5.0,CBF
100083,84,Platinum_Credit_Card,8.18,5.0,CBF
100083,84,Gold_Credit_Card,7.69,5.0,CBF
100083,84,Classic_Credit_Card,73.82,30.0,XGBoost
100083,84,Cashback_Card,69.96,15.0,XGBoost
100083,84,Gold_Credit_Card,64.92,30.0,XGBoost
100084,85,Travel_Rewards_Card,39.63,5.0,CBF
100084,85,Titanium_Credit_Card,16.62,5.0,CBF
100084,85,Gold_Credit_Card,9.91,5.0,CBF
100084,85,Cashback_Card,9.26,5.0,CBF
100084,85,Classic_Credit_Card,8.18,5.0,CBF
100084,85,World_Elite_Card,6.87,5.0,CBF
100084,85,Travel_Rewards_Card,86.63,60.0,XGBoost
100084,85,World_Elite_Card,84.48,35.0,XGBoost
100084,85,Platinum_Credit_Card,65.76,25.0,XGBoost
100085,86,Cashback_Card,66.55,15.0,XGBoost
100085,86,Classic_Credit_Card,63.09,30.0,XGBoost
100085,86,Gold_Credit_Card,62.33,30.0,XGBoost
100086,87,Classic_Credit_Card,29.76,5.0,CBF
100086,87,Gold_Credit_Card,26.67,5.0,CBF
100086,87,Titanium_Credit_Card,21.66,5.0,CBF
100086,87,Travel_Rewards_Card,12.68,5.0,CBF
100086,87,World_Elite_Card,11.77,5.0,CBF
100086,87,Platinum_Credit_Card,9.26,5.0,CBF
100086,87,World_Elite_Card,85.27,35.0,XGBoost
100086,87,Platinum_Credit_Card,70.69,25.0,XGBoost
100086,87,Travel_Rewards_Card,66.58,60.0,XGBoost
100087,88,Classic_Credit_Card,29.76,5.0,CBF
100087,88,Gold_Credit_Card,26.67,5.0,CBF
100087,88,Titanium_Credit_Card,21.66,5.0,CBF
100087,88,Travel_Rewards_Card,12.68,5.0,CBF
100087,88,World_Elite_Card,11.77,5.0,CBF
100087,88,Platinum_Credit_Card,9.26,5.0,CBF
100087,88,Titanium_Credit_Card,83.97,40.0,XGBoost
100087,88,Platinum_Credit_Card,82.01,25.0,XGBoost
100088,89,Cashback_Card,21.66,5.0,CBF
100088,89,Travel_Rewards_Card,18.39,5.0,CBF
100088,89,Platinum_Credit_Card,16.62,5.0,CBF
100088,89,World_Elite_Card,16.54,5.0,CBF
100088,89,Gold_Credit_Card,11.62,5.0,CBF
100088,89,Classic_Credit_Card,10.99,5.0,CBF
100088,89,Classic_Credit_Card,73.82,30.0,XGBoost
100088,89,Cashback_Card,69.96,15.0,XGBoost
100088,89,Gold_Credit_Card,64.92,30.0,XGBoost
100089,90,Classic_Credit_Card,29.76,5.0,CBF
100089,90,Gold_Credit_Card,26.67,5.0,CBF
100089,90,Titanium_Credit_Card,21.66,5.0,CBF
100089,90,Travel_Rewards_Card,12.68,5.0,CBF
100089,90,World_Elite_Card,11.77,5.0,CBF
100089,90,Platinum_Credit_Card,9.26,5.0,CBF
100089,90,Cashback_Card,77.59,15.0,XGBoost
100089,90,Gold_Credit_Card,67.53,30.0,XGBoost
100089,90,Classic_Credit_Card,60.48,30.0,XGBoost
100090,91,Travel_Rewards_Card,34.1,5.0,CBF
100090,91,Titanium_Credit_Card,16.54,5.0,CBF
100090,91,Cashback_Card,11.77,5.0,CBF
100090,91,Classic_Credit_Card,10.35,5.0,CBF
100090,91,Gold_Credit_Card,9.98,5.0,CBF
100090,91,Platinum_Credit_Card,6.87,5.0,CBF
100090,91,Titanium_Credit_Card,88.03,40.0,XGBoost
100090,91,Platinum_Credit_Card,74.78,25.0,XGBoost
100091,92,Platinum_Credit_Card,39.63,5.0,CBF
100091,92,World_Elite_Card,34.1,5.0,CBF
100091,92,Titanium_Credit_Card,18.39,5.0,CBF
100091,92,Cashback_Card,12.68,5.0,CBF
100091,92,Classic_Credit_Card,12.68,5.0,CBF
100091,92,Gold_Credit_Card,10.76,5.0,CBF
100091,92,Cashback_Card,66.55,15.0,XGBoost
100091,92,Classic_Credit_Card,63.09,30.0,XGBoost
100091,92,Gold_Credit_Card,62.33,30.0,XGBoost
100092,93,Platinum_Credit_Card,39.63,5.0,CBF
100092,93,World_Elite_Card,34.1,5.0,CBF
100092,93,Titanium_Credit_Card,18.39,5.0,CBF
100092,93,Cashback_Card,12.68,5.0,CBF
100092,93,Classic_Credit_Card,12.68,5.0,CBF
100092,93,Gold_Credit_Card,10.76,5.0,CBF
100092,93,Travel_Rewards_Card,86.63,60.0,XGBoost
100092,93,World_Elite_Card,84.48,35.0,XGBoost
100092,93,Platinum_Credit_Card,65.76,25.0,XGBoost
100093,94,Travel_Rewards_Card,34.1,5.0,CBF
100093,94,Titanium_Credit_Card,16.54,5.0,CBF
100093,94,Cashback_Card,11.77,5.0,CBF
100093,94,Classic_Credit_Card,10.35,5.0,CBF
100093,94,Gold_Credit_Card,9.98,5.0,CBF
100093,94,Platinum_Credit_Card,6.87,5.0,CBF
100093,94,World_Elite_Card,85.27,35.0,XGBoost
100093,94,Platinum_Credit_Card,70.69,25.0,XGBoost
100093,94,Travel_Rewards_Card,66.58,60.0,XGBoost
100094,95,Travel_Rewards_Card,39.63,5.0,CBF
100094,95,Titanium_Credit_Card,16.62,5.0,CBF
100094,95,Gold_Credit_Card,9.91,5.0,CBF
100094,95,Cashback_Card,9.26,5.0,CBF
100094,95,Classic_Credit_Card,8.18,5.0,CBF
100094,95,World_Elite_Card,6.87,5.0,CBF
100094,95,World_Elite_Card,77.53,35.0,XGBoost
100094,95,Platinum_Credit_Card,73.58,25.0,XGBoost
100094,95,Travel_Rewards_Card,70.69,60.0,XGBoost
100095,96,Platinum_Credit_Card,39.63,5.0,CBF
100095,96,World_Elite_Card,34.1,5.0,CBF
100095,96,Titanium_Credit_Card,18.39,5.0,CBF
100095,96,Cashback_Card,12.68,5.0,CBF
100095,96,Classic_Credit_Card,12.68,5.0,CBF
100095,96,Gold_Credit_Card,10.76,5.0,CBF
100095,96,Travel_Rewards_Card,86.63,60.0,XGBoost
100095,96,World_Elite_Card,84.48,35.0,XGBoost
100095,96,Platinum_Credit_Card,65.76,25.0,XGBoost
100096,97,Classic_Credit_Card,29.76,5.0,CBF
100096,97,Gold_Credit_Card,26.67,5.0,CBF
100096,97,Titanium_Credit_Card,21.66,5.0,CBF
100096,97,Travel_Rewards_Card,12.68,5.0,CBF
100096,97,World_Elite_Card,11.77,5.0,CBF
100096,97,Platinum_Credit_Card,9.26,5.0,CBF
100096,97,World_Elite_Card,77.53,35.0,XGBoost
100096,97,Platinum_Credit_Card,73.58,25.0,XGBoost
100096,97,Travel_Rewards_Card,70.69,60.0,XGBoost
100097,98,Cashback_Card,29.76,5.0,CBF
100097,98,Travel_Rewards_Card,12.68,5.0,CBF
100097,98,Titanium_Credit_Card,10.99,5.0,CBF
100097,98,World_Elite_Card,10.35,5.0,CBF
100097,98,Platinum_Credit_Card,8.18,5.0,CBF
100097,98,Gold_Credit_Card,7.69,5.0,CBF
100097,98,Cashback_Card,77.59,15.0,XGBoost
100097,98,Gold_Credit_Card,67.53,30.0,XGBoost
100097,98,Classic_Credit_Card,60.48,30.0,XGBoost
100098,99,Travel_Rewards_Card,39.63,5.0,CBF
100098,99,Titanium_Credit_Card,16.62,5.0,CBF
100098,99,Gold_Credit_Card,9.91,5.0,CBF
100098,99,Cashback_Card,9.26,5.0,CBF
100098,99,Classic_Credit_Card,8.18,5.0,CBF
100098,99,World_Elite_Card,6.87,5.0,CBF
100098,99,Titanium_Credit_Card,88.03,40.0,XGBoost
100098,99,Platinum_Credit_Card,74.78,25.0,XGBoost
100099,100,Cashback_Card,21.66,5.0,CBF
100099,100,Travel_Rewards_Card,18.39,5.0,CBF
100099,100,Platinum_Credit_Card,16.62,5.0,CBF
100099,100,World_Elite_Card,16.54,5.0,CBF
100099,100,Gold_Credit_Card,11.62,5.0,CBF
100099,100,Classic_Credit_Card,10.99,5.0,CBF
100099,100,Titanium_Credit_Card,88.03,40.0,XGBoost
100099,100,Platinum_Credit_Card,74.78,25.0,XGBoost
100100,101,World_Elite_Card,85.27,35.0,XGBoost
100100,101,Platinum_Credit_Card,70.69,25.0,XGBoost
100100,101,Travel_Rewards_Card,66.58,60.0,XGBoost
100101,102,Cashback_Card,29.76,5.0,CBF
100101,102,Travel_Rewards_Card,12.68,5.0,CBF
100101,102,Titanium_Credit_Card,10.99,5.0,CBF
100101,102,World_Elite_Card,10.35,5.0,CBF
100101,102,Platinum_Credit_Card,8.18,5.0,CBF
100101,102,Gold_Credit_Card,7.69,5.0,CBF
100101,102,Cashback_Card,77.59,15.0,XGBoost
100101,102,Gold_Credit_Card,67.53,30.0,XGBoost
100101,102,Classic_Credit_Card,60.48,30.0,XGBoost
100102,103,Cashback_Card,26.67,5.0,CBF
100102,103,Titanium_Credit_Card,11.62,5.0,CBF
100102,103,Travel_Rewards_Card,10.76,5.0,CBF
100102,103,World_Elite_Card,9.98,5.0,CBF
100102,103,Platinum_Credit_Card,9.91,5.0,CBF
100102,103,Classic_Credit_Card,7.69,5.0,CBF
100102,103,Gold_Credit_Card,71.42,30.0,XGBoost
100102,103,Cashback_Card,70.57,15.0,XGBoost
100102,103,Classic_Credit_Card,66.04,30.0,XGBoost
100103,104,Cashback_Card,26.67,5.0,CBF
100103,104,Titanium_Credit_Card,11.62,5.0,CBF
100103,104,Travel_Rewards_Card,10.76,5.0,CBF
100103,104,World_Elite_Card,9.98,5.0,CBF
100103,104,Platinum_Credit_Card,9.91,5.0,CBF
100103,104,Classic_Credit_Card,7.69,5.0,CBF
100103,104,Titanium_Credit_Card,83.97,40.0,XGBoost
100103,104,Platinum_Credit_Card,82.01,25.0,XGBoost
100104,105,Platinum_Credit_Card,39.63,5.0,CBF
100104,105,World_Elite_Card,34.1,5.0,CBF
100104,105,Titanium_Credit_Card,18.39,5.0,CBF
100104,105,Cashback_Card,12.68,5.0,CBF
100104,105,Classic_Credit_Card,12.68,5.0,CBF
100104,105,Gold_Credit_Card,10.76,5.0,CBF
100104,105,Titanium_Credit_Card,83.97,40.0,XGBoost
100104,105,Platinum_Credit_Card,82.01,25.0,XGBoost
100105,106,Cashback_Card,26.67,5.0,CBF
100105,106,Titanium_Credit_Card,11.62,5.0,CBF
100105,106,Travel_Rewards_Card,10.76,5.0,CBF
100105,106,World_Elite_Card,9.98,5.0,CBF
100105,106,Platinum_Credit_Card,9.91,5.0,CBF
100105,106,Classic_Credit_Card,7.69,5.0,CBF
100105,106,Cashback_Card,79.08,15.0,XGBoost
100105,106,Gold_Credit_Card,65.13,30.0,XGBoost
100105,106,Classic_Credit_Card,64.16,30.0,XGBoost
100106,107,Classic_Credit_Card,29.76,5.0,CBF
100106,107,Gold_Credit_Card,26.67,5.0,CBF
100106,107,Titanium_Credit_Card,21.66,5.0,CBF
100106,107,Travel_Rewards_Card,12.68,5.0,CBF
100106,107,World_Elite_Card,11.77,5.0,CBF
100106,107,Platinum_Credit_Card,9.26,5.0,CBF
100106,107,Titanium_Credit_Card,83.97,40.0,XGBoost
100106,107,Platinum_Credit_Card,82.01,25.0,XGBoost
100107,108,Cashback_Card,21.66,5.0,CBF
100107,108,Travel_Rewards_Card,18.39,5.0,CBF
100107,108,Platinum_Credit_Card,16.62,5.0,CBF
100107,108,World_Elite_Card,16.54,5.0,CBF
100107,108,Gold_Credit_Card,11.62,5.0,CBF
100107,108,Classic_Credit_Card,10.99,5.0,CBF
100107,108,World_Elite_Card,85.27,35.0,XGBoost
100107,108,Platinum_Credit_Card,70.69,25.0,XGBoost
100107,108,Travel_Rewards_Card,66.58,60.0,XGBoost
100108,109,Cashback_Card,29.76,5.0,CBF
100108,109,Travel_Rewards_Card,12.68,5.0,CBF
100108,109,Titanium_Credit_Card,10.99,5.0,CBF
100108,109,World_Elite_Card,10.35,5.0,CBF
100108,109,Platinum_Credit_Card,8.18,5.0,CBF
100108,109,Gold_Credit_Card,7.69,5.0,CBF
100108,109,Travel_Rewards_Card,86.63,60.0,XGBoost
100108,109,World_Elite_Card,84.48,35.0,XGBoost
100108,109,Platinum_Credit_Card,65.76,25.0,XGBoost
100109,110,Platinum_Credit_Card,39.63,5.0,CBF
100109,110,World_Elite_Card,34.1,5.0,CBF
100109,110,Titanium_Credit_Card,18.39,5.0,CBF
100109,110,Cashback_Card,12.68,5.0,CBF
100109,110,Classic_Credit_Card,12.68,5.0,CBF
100109,110,Gold_Credit_Card,10.76,5.0,CBF
100109,110,Gold_Credit_Card,71.42,30.0,XGBoost
100109,110,Cashback_Card,70.57,15.0,XGBoost
100109,110,Classic_Credit_Card,66.04,30.0,XGBoost
100110,111,Classic_Credit_Card,29.76,5.0,CBF
100110,111,Gold_Credit_Card,26.67,5.0,CBF
100110,111,Titanium_Credit_Card,21.66,5.0,CBF
100110,111,Travel_Rewards_Card,12.68,5.0,CBF
100110,111,World_Elite_Card,11.77,5.0,CBF
100110,111,Platinum_Credit_Card,9.26,5.0,CBF
100110,111,Gold_Credit_Card,71.42,30.0,XGBoost
100110,111,Cashback_Card,70.57,15.0,XGBoost
100110,111,Classic_Credit_Card,66.04,30.0,XGBoost
100111,112,Titanium_Credit_Card,83.97,40.0,XGBoost
100111,112,Platinum_Credit_Card,82.01,25.0,XGBoost
100112,113,Travel_Rewards_Card,86.63,60.0,XGBoost
100112,113,World_Elite_Card,84.48,35.0,XGBoost
100112,113,Platinum_Credit_Card,65.76,25.0,XGBoost
100113,114,Travel_Rewards_Card,34.1,5.0,CBF
100113,114,Titanium_Credit_Card,16.54,5.0,CBF
100113,114,Cashback_Card,11.77,5.0,CBF
100113,114,Classic_Credit_Card,10.35,5.0,CBF
100113,114,Gold_Credit_Card,9.98,5.0,CBF
100113,114,Platinum_Credit_Card,6.87,5.0,CBF
100113,114,Gold_Credit_Card,71.42,30.0,XGBoost
100113,114,Cashback_Card,70.57,15.0,XGBoost
100113,114,Classic_Credit_Card,66.04,30.0,XGBoost
100114,115,Classic_Credit_Card,29.76,5.0,CBF
100114,115,Gold_Credit_Card,26.67,5.0,CBF
100114,115,Titanium_Credit_Card,21.66,5.0,CBF
100114,115,Travel_Rewards_Card,12.68,5.0,CBF
100114,115,World_Elite_Card,11.77,5.0,CBF
100114,115,Platinum_Credit_Card,9.26,5.0,CBF
100114,115,Cashback_Card,66.55,15.0,XGBoost
100114,115,Classic_Credit_Card,63.09,30.0,XGBoost
100114,115,Gold_Credit_Card,62.33,30.0,XGBoost
100115,116,Platinum_Credit_Card,39.63,5.0,CBF
100115,116,World_Elite_Card,34.1,5.0,CBF
100115,116,Titanium_Credit_Card,18.39,5.0,CBF
100115,116,Cashback_Card,12.68,5.0,CBF
100115,116,Classic_Credit_Card,12.68,5.0,CBF
100115,116,Gold_Credit_Card,10.76,5.0,CBF
100115,116,Titanium_Credit_Card,83.97,40.0,XGBoost
100115,116,Platinum_Credit_Card,82.01,25.0,XGBoost
100116,117,Platinum_Credit_Card,39.63,5.0,CBF
100116,117,World_Elite_Card,34.1,5.0,CBF
100116,117,Titanium_Credit_Card,18.39,5.0,CBF
100116,117,Cashback_Card,12.68,5.0,CBF
100116,117,Classic_Credit_Card,12.68,5.0,CBF
100116,117,Gold_Credit_Card,10.76,5.0,CBF
100116,117,Cashback_Card,79.08,15.0,XGBoost
100116,117,Gold_Credit_Card,65.13,30.0,XGBoost
100116,117,Classic_Credit_Card,64.16,30.0,XGBoost
100117,118,Classic_Credit_Card,29.76,5.0,CBF
100117,118,Gold_Credit_Card,26.67,5.0,CBF
100117,118,Titanium_Credit_Card,21.66,5.0,CBF
100117,118,Travel_Rewards_Card,12.68,5.0,CBF
100117,118,World_Elite_Card,11.77,5.0,CBF
100117,118,Platinum_Credit_Card,9.26,5.0,CBF
100117,118,Cashback_Card,66.55,15.0,XGBoost
100117,118,Classic_Credit_Card,63.09,30.0,XGBoost
100117,118,Gold_Credit_Card,62.33,30.0,XGBoost
100118,119,Travel_Rewards_Card,34.1,5.0,CBF
100118,119,Titanium_Credit_Card,16.54,5.0,CBF
100118,119,Cashback_Card,11.77,5.0,CBF
100118,119,Classic_Credit_Card,10.35,5.0,CBF
100118,119,Gold_Credit_Card,9.98,5.0,CBF
100118,119,Platinum_Credit_Card,6.87,5.0,CBF
100118,119,Gold_Credit_Card,71.42,30.0,XGBoost
100118,119,Cashback_Card,70.57,15.0,XGBoost
100118,119,Classic_Credit_Card,66.04,30.0,XGBoost
100119,120,Classic_Credit_Card,29.76,5.0,CBF
100119,120,Gold_Credit_Card,26.67,5.0,CBF
100119,120,Titanium_Credit_Card,21.66,5.0,CBF
100119,120,Travel_Rewards_Card,12.68,5.0,CBF
100119,120,World_Elite_Card,11.77,5.0,CBF
100119,120,Platinum_Credit_Card,9.26,5.0,CBF
100119,120,World_Elite_Card,85.27,35.0,XGBoost
100119,120,Platinum_Credit_Card,70.69,25.0,XGBoost
100119,120,Travel_Rewards_Card,66.58,60.0,XGBoost
100120,121,Cashback_Card,26.67,5.0,CBF
100120,121,Titanium_Credit_Card,11.62,5.0,CBF
100120,121,Travel_Rewards_Card,10.76,5.0,CBF
100120,121,World_Elite_Card,9.98,5.0,CBF
100120,121,Platinum_Credit_Card,9.91,5.0,CBF
100120,121,Classic_Credit_Card,7.69,5.0,CBF
100120,121,World_Elite_Card,77.53,35.0,XGBoost
100120,121,Platinum_Credit_Card,73.58,25.0,XGBoost
100120,121,Travel_Rewards_Card,70.69,60.0,XGBoost
100121,122,Platinum_Credit_Card,39.63,5.0,CBF
100121,122,World_Elite_Card,34.1,5.0,CBF
100121,122,Titanium_Credit_Card,18.39,5.0,CBF
100121,122,Cashback_Card,12.68,5.0,CBF
100121,122,Classic_Credit_Card,12.68,5.0,CBF
100121,122,Gold_Credit_Card,10.76,5.0,CBF
100121,122,World_Elite_Card,77.53,35.0,XGBoost
100121,122,Platinum_Credit_Card,73.58,25.0,XGBoost
100121,122,Travel_Rewards_Card,70.69,60.0,XGBoost
100122,123,Travel_Rewards_Card,39.63,5.0,CBF
100122,123,Titanium_Credit_Card,16.62,5.0,CBF
100122,123,Gold_Credit_Card,9.91,5.0,CBF
100122,123,Cashback_Card,9.26,5.0,CBF
100122,123,Classic_Credit_Card,8.18,5.0,CBF
100122,123,World_Elite_Card,6.87,5.0,CBF
100122,123,World_Elite_Card,77.53,35.0,XGBoost
100122,123,Platinum_Credit_Card,73.58,25.0,XGBoost
100122,123,Travel_Rewards_Card,70.69,60.0,XGBoost
100123,124,World_Elite_Card,85.27,35.0,XGBoost
100123,124,Platinum_Credit_Card,70.69,25.0,XGBoost
100123,124,Travel_Rewards_Card,66.58,60.0,XGBoost
100124,125,Classic_Credit_Card,29.76,5.0,CBF
100124,125,Gold_Credit_Card,26.67,5.0,CBF
100124,125,Titanium_Credit_Card,21.66,5.0,CBF
100124,125,Travel_Rewards_Card,12.68,5.0,CBF
100124,125,World_Elite_Card,11.77,5.0,CBF
100124,125,Platinum_Credit_Card,9.26,5.0,CBF
100124,125,Cashback_Card,79.08,15.0,XGBoost
100124,125,Gold_Credit_Card,65.13,30.0,XGBoost
100124,125,Classic_Credit_Card,64.16,30.0,XGBoost
100125,126,Classic_Credit_Card,29.76,5.0,CBF
100125,126,Gold_Credit_Card,26.67,5.0,CBF
100125,126,Titanium_Credit_Card,21.66,5.0,CBF
100125,126,Travel_Rewards_Card,12.68,5.0,CBF
100125,126,World_Elite_Card,11.77,5.0,CBF
100125,126,Platinum_Credit_Card,9.26,5.0,CBF
100125,126,Gold_Credit_Card,71.42,30.0,XGBoost
100125,126,Cashback_Card,70.57,15.0,XGBoost
100125,126,Classic_Credit_Card,66.04,30.0,XGBoost
100126,127,Cashback_Card,26.67,5.0,CBF
100126,127,Titanium_Credit_Card,11.62,5.0,CBF
100126,127,Travel_Rewards_Card,10.76,5.0,CBF
100126,127,World_Elite_Card,9.98,5.0,CBF
100126,127,Platinum_Credit_Card,9.91,5.0,CBF
100126,127,Classic_Credit_Card,7.69,5.0,CBF
100126,127,Gold_Credit_Card,71.42,30.0,XGBoost
100126,127,Cashback_Card,70.57,15.0,XGBoost
100126,127,Classic_Credit_Card,66.04,30.0,XGBoost
100127,128,Cashback_Card,21.66,5.0,CBF
100127,128,Travel_Rewards_Card,18.39,5.0,CBF
100127,128,Platinum_Credit_Card,16.62,5.0,CBF
100127,128,World_Elite_Card,16.54,5.0,CBF
100127,128,Gold_Credit_Card,11.62,5.0,CBF
100127,128,Classic_Credit_Card,10.99,5.0,CBF
100127,128,Cashback_Card,66.55,15.0,XGBoost
100127,128,Classic_Credit_Card,63.09,30.0,XGBoost
100127,128,Gold_Credit_Card,62.33,30.0,XGBoost
100128,129,Classic_Credit_Card,29.76,5.0,CBF
100128,129,Gold_Credit_Card,26.67,5.0,CBF
100128,129,Titanium_Credit_Card,21.66,5.0,CBF
100128,129,Travel_Rewards_Card,12.68,5.0,CBF
100128,129,World_Elite_Card,11.77,5.0,CBF
100128,129,Platinum_Credit_Card,9.26,5.0,CBF
100128,129,Cashback_Card,77.59,15.0,XGBoost
100128,129,Gold_Credit_Card,67.53,30.0,XGBoost
100128,129,Classic_Credit_Card,60.48,30.0,XGBoost
100129,130,Cashback_Card,21.66,5.0,CBF
100129,130,Travel_Rewards_Card,18.39,5.0,CBF
100129,130,Platinum_Credit_Card,16.62,5.0,CBF
100129,130,World_Elite_Card,16.54,5.0,CBF
100129,130,Gold_Credit_Card,11.62,5.0,CBF
100129,130,Classic_Credit_Card,10.99,5.0,CBF
100129,130,Titanium_Credit_Card,88.03,40.0,XGBoost
100129,130,Platinum_Credit_Card,74.78,25.0,XGBoost
100130,131,Titanium_Credit_Card,88.03,40.0,XGBoost
100130,131,Platinum_Credit_Card,74.78,25.0,XGBoost
100131,132,Cashback_Card,77.59,15.0,XGBoost
100131,132,Gold_Credit_Card,67.53,30.0,XGBoost
100131,132,Classic_Credit_Card,60.48,30.0,XGBoost
100132,133,Travel_Rewards_Card,39.63,5.0,CBF
100132,133,Titanium_Credit_Card,16.62,5.0,CBF
100132,133,Gold_Credit_Card,9.91,5.0,CBF
100132,133,Cashback_Card,9.26,5.0,CBF
100132,133,Classic_Credit_Card,8.18,5.0,CBF
100132,133,World_Elite_Card,6.87,5.0,CBF
100132,133,World_Elite_Card,77.53,35.0,XGBoost
100132,133,Platinum_Credit_Card,73.58,25.0,XGBoost
100132,133,Travel_Rewards_Card,70.69,60.0,XGBoost
100133,134,Cashback_Card,21.66,5.0,CBF
100133,134,Travel_Rewards_Card,18.39,5.0,CBF
100133,134,Platinum_Credit_Card,16.62,5.0,CBF
100133,134,World_Elite_Card,16.54,5.0,CBF
100133,134,Gold_Credit_Card,11.62,5.0,CBF
100133,134,Classic_Credit_Card,10.99,5.0,CBF
100133,134,Titanium_Credit_Card,88.03,40.0,XGBoost
100133,134,Platinum_Credit_Card,74.78,25.0,XGBoost
100134,135,Classic_Credit_Card,73.82,30.0,XGBoost
100134,135,Cashback_Card,69.96,15.0,XGBoost
100134,135,Gold_Credit_Card,64.92,30.0,XGBoost
100135,136,Platinum_Credit_Card,39.63,5.0,CBF
100135,136,World_Elite_Card,34.1,5.0,CBF
100135,136,Titanium_Credit_Card,18.39,5.0,CBF
100135,136,Cashback_Card,12.68,5.0,CBF
100135,136,Classic_Credit_Card,12.68,5.0,CBF
100135,136,Gold_Credit_Card,10.76,5.0,CBF
100135,136,World_Elite_Card,77.53,35.0,XGBoost
100135,136,Platinum_Credit_Card,73.58,25.0,XGBoost
100135,136,Travel_Rewards_Card,70.69,60.0,XGBoost
100136,137,Cashback_Card,79.08,15.0,XGBoost
100136,137,Gold_Credit_Card,65.13,30.0,XGBoost
100136,137,Classic_Credit_Card,64.16,30.0,XGBoost
100137,138,Travel_Rewards_Card,39.63,5.0,CBF
100137,138,Titanium_Credit_Card,16.62,5.0,CBF
100137,138,Gold_Credit_Card,9.91,5.0,CBF
100137,138,Cashback_Card,9.26,5.0,CBF
100137,138,Classic_Credit_Card,8.18,5.0,CBF
100137,138,World_Elite_Card,6.87,5.0,CBF
100137,138,Titanium_Credit_Card,83.97,40.0,XGBoost
100137,138,Platinum_Credit_Card,82.01,25.0,XGBoost
100138,139,Titanium_Credit_Card,83.97,40.0,XGBoost
100138,139,Platinum_Credit_Card,82.01,25.0,XGBoost
100139,140,Classic_Credit_Card,29.76,5.0,CBF
100139,140,Gold_Credit_Card,26.67,5.0,CBF
100139,140,Titanium_Credit_Card,21.66,5.0,CBF
100139,140,Travel_Rewards_Card,12.68,5.0,CBF
100139,140,World_Elite_Card,11.77,5.0,CBF
100139,140,Platinum_Credit_Card,9.26,5.0,CBF
100139,140,Travel_Rewards_Card,86.63,60.0,XGBoost
100139,140,World_Elite_Card,84.48,35.0,XGBoost
100139,140,Platinum_Credit_Card,65.76,25.0,XGBoost
100140,141,Cashback_Card,26.67,5.0,CBF
100140,141,Titanium_Credit_Card,11.62,5.0,CBF
100140,141,Travel_Rewards_Card,10.76,5.0,CBF
100140,141,World_Elite_Card,9.98,5.0,CBF
100140,141,Platinum_Credit_Card,9.91,5.0,CBF
100140,141,Classic_Credit_Card,7.69,5.0,CBF
100140,141,Gold_Credit_Card,71.42,30.0,XGBoost
100140,141,Cashback_Card,70.57,15.0,XGBoost
100140,141,Classic_Credit_Card,66.04,30.0,XGBoost
100141,142,Titanium_Credit_Card,83.97,40.0,XGBoost
100141,142,Platinum_Credit_Card,82.01,25.0,XGBoost
100142,143,Platinum_Credit_Card,39.63,5.0,CBF
100142,143,World_Elite_Card,34.1,5.0,CBF
100142,143,Titanium_Credit_Card,18.39,5.0,CBF
100142,143,Cashback_Card,12.68,5.0,CBF
100142,143,Classic_Credit_Card,12.68,5.0,CBF
100142,143,Gold_Credit_Card,10.76,5.0,CBF
100142,143,Titanium_Credit_Card,83.97,40.0,XGBoost
100142,143,Platinum_Credit_Card,82.01,25.0,XGBoost
100143,144,Cashback_Card,26.67,5.0,CBF
100143,144,Titanium_Credit_Card,11.62,5.0,CBF
100143,144,Travel_Rewards_Card,10.76,5.0,CBF
100143,144,World_Elite_Card,9.98,5.0,CBF
100143,144,Platinum_Credit_Card,9.91,5.0,CBF
100143,144,Classic_Credit_Card,7.69,5.0,CBF
100143,144,Titanium_Credit_Card,83.97,40.0,XGBoost
100143,144,Platinum_Credit_Card,82.01,25.0,XGBoost
100144,145,Classic_Credit_Card,73.82,30.0,XGBoost
100144,145,Cashback_Card,69.96,15.0,XGBoost
100144,145,Gold_Credit_Card,64.92,30.0,XGBoost
100145,146,Platinum_Credit_Card,39.63,5.0,CBF
100145,146,World_Elite_Card,34.1,5.0,CBF
100145,146,Titanium_Credit_Card,18.39,5.0,CBF
100145,146,Cashback_Card,12.68,5.0,CBF
100145,146,Classic_Credit_Card,12.68,5.0,CBF
100145,146,Gold_Credit_Card,10.76,5.0,CBF
100145,146,Cashback_Card,79.08,15.0,XGBoost
100145,146,Gold_Credit_Card,65.13,30.0,XGBoost
100145,146,Classic_Credit_Card,64.16,30.0,XGBoost
100146,147,Classic_Credit_Card,29.76,5.0,CBF
100146,147,Gold_Credit_Card,26.67,5.0,CBF
100146,147,Titanium_Credit_Card,21.66,5.0,CBF
100146,147,Travel_Rewards_Card,12.68,5.0,CBF
100146,147,World_Elite_Card,11.77,5.0,CBF
100146,147,Platinum_Credit_Card,9.26,5.0,CBF
100146,147,Cashback_Card,66.55,15.0,XGBoost
100146,147,Classic_Credit_Card,63.09,30.0,XGBoost
100146,147,Gold_Credit_Card,62.33,30.0,XGBoost
100147,148,Travel_Rewards_Card,39.63,5.0,CBF
100147,148,Titanium_Credit_Card,16.62,5.0,CBF
100147,148,Gold_Credit_Card,9.91,5.0,CBF
100147,148,Cashback_Card,9.26,5.0,CBF
100147,148,Classic_Credit_Card,8.18,5.0,CBF
100147,148,World_Elite_Card,6.87,5.0,CBF
100147,148,Travel_Rewards_Card,86.63,60.0,XGBoost
100147,148,World_Elite_Card,84.48,35.0,XGBoost
100147,148,Platinum_Credit_Card,65.76,25.0,XGBoost
100148,149,Cashback_Card,26.67,5.0,CBF
100148,149,Titanium_Credit_Card,11.62,5.0,CBF
100148,149,Travel_Rewards_Card,10.76,5.0,CBF
100148,149,World_Elite_Card,9.98,5.0,CBF
100148,149,Platinum_Credit_Card,9.91,5.0,CBF
100148,149,Classic_Credit_Card,7.69,5.0,CBF
100148,149,Titanium_Credit_Card,83.97,40.0,XGBoost
100148,149,Platinum_Credit_Card,82.01,25.0,XGBoost
100149,150,Cashback_Card,79.08,15.0,XGBoost
100149,150,Gold_Credit_Card,65.13,30.0,XGBoost
100149,150,Classic_Credit_Card,64.16,30.0,XGBoost
100150,151,Travel_Rewards_Card,39.63,5.0,CBF
100150,151,Titanium_Credit_Card,16.62,5.0,CBF
100150,151,Gold_Credit_Card,9.91,5.0,CBF
100150,151,Cashback_Card,9.26,5.0,CBF
100150,151,Classic_Credit_Card,8.18,5.0,CBF
100150,151,World_Elite_Card,6.87,5.0,CBF
100150,151,Gold_Credit_Card,71.42,30.0,XGBoost
100150,151,Cashback_Card,70.57,15.0,XGBoost
100150,151,Classic_Credit_Card,66.04,30.0,XGBoost
100151,152,Classic_Credit_Card,29.76,5.0,CBF
100151,152,Gold_Credit_Card,26.67,5.0,CBF
100151,152,Titanium_Credit_Card,21.66,5.0,CBF
100151,152,Travel_Rewards_Card,12.68,5.0,CBF
100151,152,World_Elite_Card,11.77,5.0,CBF
100151,152,Platinum_Credit_Card,9.26,5.0,CBF
100151,152,World_Elite_Card,77.53,35.0,XGBoost
100151,152,Platinum_Credit_Card,73.58,25.0,XGBoost
100151,152,Travel_Rewards_Card,70.69,60.0,XGBoost
100152,153,Platinum_Credit_Card,39.63,5.0,CBF
100152,153,World_Elite_Card,34.1,5.0,CBF
100152,153,Titanium_Credit_Card,18.39,5.0,CBF
100152,153,Cashback_Card,12.68,5.0,CBF
100152,153,Classic_Credit_Card,12.68,5.0,CBF
100152,153,Gold_Credit_Card,10.76,5.0,CBF
100152,153,World_Elite_Card,77.53,35.0,XGBoost
100152,153,Platinum_Credit_Card,73.58,25.0,XGBoost
100152,153,Travel_Rewards_Card,70.69,60.0,XGBoost
100153,154,Travel_Rewards_Card,39.63,5.0,CBF
100153,154,Titanium_Credit_Card,16.62,5.0,CBF
100153,154,Gold_Credit_Card,9.91,5.0,CBF
100153,154,Cashback_Card,9.26,5.0,CBF
100153,154,Classic_Credit_Card,8.18,5.0,CBF
100153,154,World_Elite_Card,6.87,5.0,CBF
100153,154,Titanium_Credit_Card,88.03,40.0,XGBoost
100153,154,Platinum_Credit_Card,74.78,25.0,XGBoost
100154,155,Travel_Rewards_Card,39.63,5.0,CBF
100154,155,Titanium_Credit_Card,16.62,5.0,CBF
100154,155,Gold_Credit_Card,9.91,5.0,CBF
100154,155,Cashback_Card,9.26,5.0,CBF
100154,155,Classic_Credit_Card,8.18,5.0,CBF
100154,155,World_Elite_Card,6.87,5.0,CBF
100154,155,Gold_Credit_Card,71.42,30.0,XGBoost
100154,155,Cashback_Card,70.57,15.0,XGBoost
100154,155,Classic_Credit_Card,66.04,30.0,XGBoost
100155,156,Travel_Rewards_Card,39.63,5.0,CBF
100155,156,Titanium_Credit_Card,16.62,5.0,CBF
100155,156,Gold_Credit_Card,9.91,5.0,CBF
100155,156,Cashback_Card,9.26,5.0,CBF
100155,156,Classic_Credit_Card,8.18,5.0,CBF
100155,156,World_Elite_Card,6.87,5.0,CBF
100155,156,Classic_Credit_Card,73.82,30.0,XGBoost
100155,156,Cashback_Card,69.96,15.0,XGBoost
100155,156,Gold_Credit_Card,64.92,30.0,XGBoost
100156,157,Cashback_Card,29.76,5.0,CBF
100156,157,Travel_Rewards_Card,12.68,5.0,CBF
100156,157,Titanium_Credit_Card,10.99,5.0,CBF
100156,157,World_Elite_Card,10.35,5.0,CBF
100156,157,Platinum_Credit_Card,8.18,5.0,CBF
100156,157,Gold_Credit_Card,7.69,5.0,CBF
100156,157,Titanium_Credit_Card,88.03,40.0,XGBoost
100156,157,Platinum_Credit_Card,74.78,25.0,XGBoost
100157,158,Travel_Rewards_Card,34.1,5.0,CBF
100157,158,Titanium_Credit_Card,16.54,5.0,CBF
100157,158,Cashback_Card,11.77,5.0,CBF
100157,158,Classic_Credit_Card,10.35,5.0,CBF
100157,158,Gold_Credit_Card,9.98,5.0,CBF
100157,158,Platinum_Credit_Card,6.87,5.0,CBF
100157,158,World_Elite_Card,85.27,35.0,XGBoost
100157,158,Platinum_Credit_Card,70.69,25.0,XGBoost
100157,158,Travel_Rewards_Card,66.58,60.0,XGBoost
100158,159,World_Elite_Card,85.27,35.0,XGBoost
100158,159,Platinum_Credit_Card,70.69,25.0,XGBoost
100158,159,Travel_Rewards_Card,66.58,60.0,XGBoost
100159,160,Cashback_Card,26.67,5.0,CBF
100159,160,Titanium_Credit_Card,11.62,5.0,CBF
100159,160,Travel_Rewards_Card,10.76,5.0,CBF
100159,160,World_Elite_Card,9.98,5.0,CBF
100159,160,Platinum_Credit_Card,9.91,5.0,CBF
100159,160,Classic_Credit_Card,7.69,5.0,CBF
100159,160,World_Elite_Card,77.53,35.0,XGBoost
100159,160,Platinum_Credit_Card,73.58,25.0,XGBoost
100159,160,Travel_Rewards_Card,70.69,60.0,XGBoost
100160,161,Platinum_Credit_Card,39.63,5.0,CBF
100160,161,World_Elite_Card,34.1,5.0,CBF
100160,161,Titanium_Credit_Card,18.39,5.0,CBF
100160,161,Cashback_Card,12.68,5.0,CBF
100160,161,Classic_Credit_Card,12.68,5.0,CBF
100160,161,Gold_Credit_Card,10.76,5.0,CBF
100160,161,Titanium_Credit_Card,83.97,40.0,XGBoost
100160,161,Platinum_Credit_Card,82.01,25.0,XGBoost
100161,162,Travel_Rewards_Card,34.1,5.0,CBF
100161,162,Titanium_Credit_Card,16.54,5.0,CBF
100161,162,Cashback_Card,11.77,5.0,CBF
100161,162,Classic_Credit_Card,10.35,5.0,CBF
100161,162,Gold_Credit_Card,9.98,5.0,CBF
100161,162,Platinum_Credit_Card,6.87,5.0,CBF
100161,162,World_Elite_Card,85.27,35.0,XGBoost
100161,162,Platinum_Credit_Card,70.69,25.0,XGBoost
100161,162,Travel_Rewards_Card,66.58,60.0,XGBoost
100162,163,Travel_Rewards_Card,34.1,5.0,CBF
100162,163,Titanium_Credit_Card,16.54,5.0,CBF
100162,163,Cashback_Card,11.77,5.0,CBF
100162,163,Classic_Credit_Card,10.35,5.0,CBF
100162,163,Gold_Credit_Card,9.98,5.0,CBF
100162,163,Platinum_Credit_Card,6.87,5.0,CBF
100162,163,Cashback_Card,77.59,15.0,XGBoost
100162,163,Gold_Credit_Card,67.53,30.0,XGBoost
100162,163,Classic_Credit_Card,60.48,30.0,XGBoost
100163,164,Platinum_Credit_Card,39.63,5.0,CBF
100163,164,World_Elite_Card,34.1,5.0,CBF
100163,164,Titanium_Credit_Card,18.39,5.0,CBF
100163,164,Cashback_Card,12.68,5.0,CBF
100163,164,Classic_Credit_Card,12.68,5.0,CBF
100163,164,Gold_Credit_Card,10.76,5.0,CBF
100163,164,Titanium_Credit_Card,88.03,40.0,XGBoost
100163,164,Platinum_Credit_Card,74.78,25.0,XGBoost
100164,165,Titanium_Credit_Card,83.97,40.0,XGBoost
100164,165,Platinum_Credit_Card,82.01,25.0,XGBoost
100165,166,Cashback_Card,21.66,5.0,CBF
100165,166,Travel_Rewards_Card,18.39,5.0,CBF
100165,166,Platinum_Credit_Card,16.62,5.0,CBF
100165,166,World_Elite_Card,16.54,5.0,CBF
100165,166,Gold_Credit_Card,11.62,5.0,CBF
100165,166,Classic_Credit_Card,10.99,5.0,CBF
100165,166,Gold_Credit_Card,71.42,30.0,XGBoost
100165,166,Cashback_Card,70.57,15.0,XGBoost
100165,166,Classic_Credit_Card,66.04,30.0,XGBoost
100166,167,Travel_Rewards_Card,39.63,5.0,CBF
100166,167,Titanium_Credit_Card,16.62,5.0,CBF
100166,167,Gold_Credit_Card,9.91,5.0,CBF
100166,167,Cashback_Card,9.26,5.0,CBF
100166,167,Classic_Credit_Card,8.18,5.0,CBF
100166,167,World_Elite_Card,6.87,5.0,CBF
100166,167,Travel_Rewards_Card,86.63,60.0,XGBoost
100166,167,World_Elite_Card,84.48,35.0,XGBoost
100166,167,Platinum_Credit_Card,65.76,25.0,XGBoost
100167,168,World_Elite_Card,77.53,35.0,XGBoost
100167,168,Platinum_Credit_Card,73.58,25.0,XGBoost
100167,168,Travel_Rewards_Card,70.69,60.0,XGBoost
100168,169,Travel_Rewards_Card,86.63,60.0,XGBoost
100168,169,World_Elite_Card,84.48,35.0,XGBoost
100168,169,Platinum_Credit_Card,65.76,25.0,XGBoost
100169,170,Cashback_Card,21.66,5.0,CBF
100169,170,Travel_Rewards_Card,18.39,5.0,CBF
100169,170,Platinum_Credit_Card,16.62,5.0,CBF
100169,170,World_Elite_Card,16.54,5.0,CBF
100169,170,Gold_Credit_Card,11.62,5.0,CBF
100169,170,Classic_Credit_Card,10.99,5.0,CBF
100169,170,Gold_Credit_Card,71.42,30.0,XGBoost
100169,170,Cashback_Card,70.57,15.0,XGBoost
100169,170,Classic_Credit_Card,66.04,30.0,XGBoost
100170,171,Titanium_Credit_Card,83.97,40.0,XGBoost
100170,171,Platinum_Credit_Card,82.01,25.0,XGBoost
100171,172,Classic_Credit_Card,29.76,5.0,CBF
100171,172,Gold_Credit_Card,26.67,5.0,CBF
100171,172,Titanium_Credit_Card,21.66,5.0,CBF
100171,172,Travel_Rewards_Card,12.68,5.0,CBF
100171,172,World_Elite_Card,11.77,5.0,CBF
100171,172,Platinum_Credit_Card,9.26,5.0,CBF
100171,172,World_Elite_Card,85.27,35.0,XGBoost
100171,172,Platinum_Credit_Card,70.69,25.0,XGBoost
100171,172,Travel_Rewards_Card,66.58,60.0,XGBoost
100172,173,Cashback_Card,21.66,5.0,CBF
100172,173,Travel_Rewards_Card,18.39,5.0,CBF
100172,173,Platinum_Credit_Card,16.62,5.0,CBF
100172,173,World_Elite_Card,16.54,5.0,CBF
100172,173,Gold_Credit_Card,11.62,5.0,CBF
100172,173,Classic_Credit_Card,10.99,5.0,CBF
100172,173,Classic_Credit_Card,73.82,30.0,XGBoost
100172,173,Cashback_Card,69.96,15.0,XGBoost
100172,173,Gold_Credit_Card,64.92,30.0,XGBoost
100173,174,Platinum_Credit_Card,39.63,5.0,CBF
100173,174,World_Elite_Card,34.1,5.0,CBF
100173,174,Titanium_Credit_Card,18.39,5.0,CBF
100173,174,Cashback_Card,12.68,5.0,CBF
100173,174,Classic_Credit_Card,12.68,5.0,CBF
100173,174,Gold_Credit_Card,10.76,5.0,CBF
100173,174,Titanium_Credit_Card,83.97,40.0,XGBoost
100173,174,Platinum_Credit_Card,82.01,25.0,XGBoost
100174,175,Cashback_Card,21.66,5.0,CBF
100174,175,Travel_Rewards_Card,18.39,5.0,CBF
100174,175,Platinum_Credit_Card,16.62,5.0,CBF
100174,175,World_Elite_Card,16.54,5.0,CBF
100174,175,Gold_Credit_Card,11.62,5.0,CBF
100174,175,Classic_Credit_Card,10.99,5.0,CBF
100174,175,World_Elite_Card,85.27,35.0,XGBoost
100174,175,Platinum_Credit_Card,70.69,25.0,XGBoost
100174,175,Travel_Rewards_Card,66.58,60.0,XGBoost
100175,176,Cashback_Card,21.66,5.0,CBF
100175,176,Travel_Rewards_Card,18.39,5.0,CBF
100175,176,Platinum_Credit_Card,16.62,5.0,CBF
100175,176,World_Elite_Card,16.54,5.0,CBF
100175,176,Gold_Credit_Card,11.62,5.0,CBF
100175,176,Classic_Credit_Card,10.99,5.0,CBF
100175,176,Cashback_Card,66.55,15.0,XGBoost
100175,176,Classic_Credit_Card,63.09,30.0,XGBoost
100175,176,Gold_Credit_Card,62.33,30.0,XGBoost
100176,177,Travel_Rewards_Card,39.63,5.0,CBF
100176,177,Titanium_Credit_Card,16.62,5.0,CBF
100176,177,Gold_Credit_Card,9.91,5.0,CBF
100176,177,Cashback_Card,9.26,5.0,CBF
100176,177,Classic_Credit_Card,8.18,5.0,CBF
100176,177,World_Elite_Card,6.87,5.0,CBF
100176,177,Cashback_Card,77.59,15.0,XGBoost
100176,177,Gold_Credit_Card,67.53,30.0,XGBoost
100176,177,Classic_Credit_Card,60.48,30.0,XGBoost
100177,178,Cashback_Card,21.66,5.0,CBF
100177,178,Travel_Rewards_Card,18.39,5.0,CBF
100177,178,Platinum_Credit_Card,16.62,5.0,CBF
100177,178,World_Elite_Card,16.54,5.0,CBF
100177,178,Gold_Credit_Card,11.62,5.0,CBF
100177,178,Classic_Credit_Card,10.99,5.0,CBF
100177,178,Cashback_Card,79.08,15.0,XGBoost
100177,178,Gold_Credit_Card,65.13,30.0,XGBoost
100177,178,Classic_Credit_Card,64.16,30.0,XGBoost
100178,179,Cashback_Card,29.76,5.0,CBF
100178,179,Travel_Rewards_Card,12.68,5.0,CBF
100178,179,Titanium_Credit_Card,10.99,5.0,CBF
100178,179,World_Elite_Card,10.35,5.0,CBF
100178,179,Platinum_Credit_Card,8.18,5.0,CBF
100178,179,Gold_Credit_Card,7.69,5.0,CBF
100178,179,Cashback_Card,77.59,15.0,XGBoost
100178,179,Gold_Credit_Card,67.53,30.0,XGBoost
100178,179,Classic_Credit_Card,60.48,30.0,XGBoost
100179,180,World_Elite_Card,77.53,35.0,XGBoost
100179,180,Platinum_Credit_Card,73.58,25.0,XGBoost
100179,180,Travel_Rewards_Card,70.69,60.0,XGBoost
100180,181,Cashback_Card,21.66,5.0,CBF
100180,181,Travel_Rewards_Card,18.39,5.0,CBF
100180,181,Platinum_Credit_Card,16.62,5.0,CBF
100180,181,World_Elite_Card,16.54,5.0,CBF
100180,181,Gold_Credit_Card,11.62,5.0,CBF
100180,181,Classic_Credit_Card,10.99,5.0,CBF
100180,181,Classic_Credit_Card,73.82,30.0,XGBoost
100180,181,Cashback_Card,69.96,15.0,XGBoost
100180,181,Gold_Credit_Card,64.92,30.0,XGBoost
100181,182,Classic_Credit_Card,29.76,5.0,CBF
100181,182,Gold_Credit_Card,26.67,5.0,CBF
100181,182,Titanium_Credit_Card,21.66,5.0,CBF
100181,182,Travel_Rewards_Card,12.68,5.0,CBF
100181,182,World_Elite_Card,11.77,5.0,CBF
100181,182,Platinum_Credit_Card,9.26,5.0,CBF
100181,182,World_Elite_Card,85.27,35.0,XGBoost
100181,182,Platinum_Credit_Card,70.69,25.0,XGBoost
100181,182,Travel_Rewards_Card,66.58,60.0,XGBoost
100182,183,Travel_Rewards_Card,34.1,5.0,CBF
100182,183,Titanium_Credit_Card,16.54,5.0,CBF
100182,183,Cashback_Card,11.77,5.0,CBF
100182,183,Classic_Credit_Card,10.35,5.0,CBF
100182,183,Gold_Credit_Card,9.98,5.0,CBF
100182,183,Platinum_Credit_Card,6.87,5.0,CBF
100182,183,Cashback_Card,77.59,15.0,XGBoost
100182,183,Gold_Credit_Card,67.53,30.0,XGBoost
100182,183,Classic_Credit_Card,60.48,30.0,XGBoost
100183,184,Travel_Rewards_Card,34.1,5.0,CBF
100183,184,Titanium_Credit_Card,16.54,5.0,CBF
100183,184,Cashback_Card,11.77,5.0,CBF
100183,184,Classic_Credit_Card,10.35,5.0,CBF
100183,184,Gold_Credit_Card,9.98,5.0,CBF
100183,184,Platinum_Credit_Card,6.87,5.0,CBF
100183,184,Cashback_Card,79.08,15.0,XGBoost
100183,184,Gold_Credit_Card,65.13,30.0,XGBoost
100183,184,Classic_Credit_Card,64.16,30.0,XGBoost
100184,185,Platinum_Credit_Card,39.63,5.0,CBF
100184,185,World_Elite_Card,34.1,5.0,CBF
100184,185,Titanium_Credit_Card,18.39,5.0,CBF
100184,185,Cashback_Card,12.68,5.0,CBF
100184,185,Classic_Credit_Card,12.68,5.0,CBF
100184,185,Gold_Credit_Card,10.76,5.0,CBF
100184,185,Titanium_Credit_Card,88.03,40.0,XGBoost
100184,185,Platinum_Credit_Card,74.78,25.0,XGBoost
100185,186,Cashback_Card,26.67,5.0,CBF
100185,186,Titanium_Credit_Card,11.62,5.0,CBF
100185,186,Travel_Rewards_Card,10.76,5.0,CBF
100185,186,World_Elite_Card,9.98,5.0,CBF
100185,186,Platinum_Credit_Card,9.91,5.0,CBF
100185,186,Classic_Credit_Card,7.69,5.0,CBF
100185,186,Titanium_Credit_Card,88.03,40.0,XGBoost
100185,186,Platinum_Credit_Card,74.78,25.0,XGBoost
100186,187,Cashback_Card,66.55,15.0,XGBoost
100186,187,Classic_Credit_Card,63.09,30.0,XGBoost
100186,187,Gold_Credit_Card,62.33,30.0,XGBoost
100187,188,World_Elite_Card,77.53,35.0,XGBoost
100187,188,Platinum_Credit_Card,73.58,25.0,XGBoost
100187,188,Travel_Rewards_Card,70.69,60.0,XGBoost
100188,189,Cashback_Card,26.67,5.0,CBF
100188,189,Titanium_Credit_Card,11.62,5.0,CBF
100188,189,Travel_Rewards_Card,10.76,5.0,CBF
100188,189,World_Elite_Card,9.98,5.0,CBF
100188,189,Platinum_Credit_Card,9.91,5.0,CBF
100188,189,Classic_Credit_Card,7.69,5.0,CBF
100188,189,Titanium_Credit_Card,88.03,40.0,XGBoost
100188,189,Platinum_Credit_Card,74.78,25.0,XGBoost
100189,190,Platinum_Credit_Card,39.63,5.0,CBF
100189,190,World_Elite_Card,34.1,5.0,CBF
100189,190,Titanium_Credit_Card,18.39,5.0,CBF
100189,190,Cashback_Card,12.68,5.0,CBF
100189,190,Classic_Credit_Card,12.68,5.0,CBF
100189,190,Gold_Credit_Card,10.76,5.0,CBF
100189,190,World_Elite_Card,85.27,35.0,XGBoost
100189,190,Platinum_Credit_Card,70.69,25.0,XGBoost
100189,190,Travel_Rewards_Card,66.58,60.0,XGBoost
100190,191,Cashback_Card,29.76,5.0,CBF
100190,191,Travel_Rewards_Card,12.68,5.0,CBF
100190,191,Titanium_Credit_Card,10.99,5.0,CBF
100190,191,World_Elite_Card,10.35,5.0,CBF
100190,191,Platinum_Credit_Card,8.18,5.0,CBF
100190,191,Gold_Credit_Card,7.69,5.0,CBF
100190,191,Cashback_Card,77.59,15.0,XGBoost
100190,191,Gold_Credit_Card,67.53,30.0,XGBoost
100190,191,Classic_Credit_Card,60.48,30.0,XGBoost
100191,192,Cashback_Card,21.66,5.0,CBF
100191,192,Travel_Rewards_Card,18.39,5.0,CBF
100191,192,Platinum_Credit_Card,16.62,5.0,CBF
100191,192,World_Elite_Card,16.54,5.0,CBF
100191,192,Gold_Credit_Card,11.62,5.0,CBF
100191,192,Classic_Credit_Card,10.99,5.0,CBF
100191,192,Classic_Credit_Card,73.82,30.0,XGBoost
100191,192,Cashback_Card,69.96,15.0,XGBoost
100191,192,Gold_Credit_Card,64.92,30.0,XGBoost
100192,193,Cashback_Card,29.76,5.0,CBF
100192,193,Travel_Rewards_Card,12.68,5.0,CBF
100192,193,Titanium_Credit_Card,10.99,5.0,CBF
100192,193,World_Elite_Card,10.35,5.0,CBF
100192,193,Platinum_Credit_Card,8.18,5.0,CBF
100192,193,Gold_Credit_Card,7.69,5.0,CBF
100192,193,Travel_Rewards_Card,86.63,60.0,XGBoost
100192,193,World_Elite_Card,84.48,35.0,XGBoost
100192,193,Platinum_Credit_Card,65.76,25.0,XGBoost
100193,194,Travel_Rewards_Card,39.63,5.0,CBF
100193,194,Titanium_Credit_Card,16.62,5.0,CBF
100193,194,Gold_Credit_Card,9.91,5.0,CBF
100193,194,Cashback_Card,9.26,5.0,CBF
100193,194,Classic_Credit_Card,8.18,5.0,CBF
100193,194,World_Elite_Card,6.87,5.0,CBF
100193,194,Cashback_Card,77.59,15.0,XGBoost
100193,194,Gold_Credit_Card,67.53,30.0,XGBoost
100193,194,Classic_Credit_Card,60.48,30.0,XGBoost
100194,195,Cashback_Card,21.66,5.0,CBF
100194,195,Travel_Rewards_Card,18.39,5.0,CBF
100194,195,Platinum_Credit_Card,16.62,5.0,CBF
100194,195,World_Elite_Card,16.54,5.0,CBF
100194,195,Gold_Credit_Card,11.62,5.0,CBF
100194,195,Classic_Credit_Card,10.99,5.0,CBF
100194,195,World_Elite_Card,77.53,35.0,XGBoost
100194,195,Platinum_Credit_Card,73.58,25.0,XGBoost
100194,195,Travel_Rewards_Card,70.69,60.0,XGBoost
100195,196,Classic_Credit_Card,29.76,5.0,CBF
100195,196,Gold_Credit_Card,26.67,5.0,CBF
100195,196,Titanium_Credit_Card,21.66,5.0,CBF
100195,196,Travel_Rewards_Card,12.68,5.0,CBF
100195,196,World_Elite_Card,11.77,5.0,CBF
100195,196,Platinum_Credit_Card,9.26,5.0,CBF
100195,196,Cashback_Card,77.59,15.0,XGBoost
100195,196,Gold_Credit_Card,67.53,30.0,XGBoost
100195,196,Classic_Credit_Card,60.48,30.0,XGBoost
100196,197,Cashback_Card,21.66,5.0,CBF
100196,197,Travel_Rewards_Card,18.39,5.0,CBF
100196,197,Platinum_Credit_Card,16.62,5.0,CBF
100196,197,World_Elite_Card,16.54,5.0,CBF
100196,197,Gold_Credit_Card,11.62,5.0,CBF
100196,197,Classic_Credit_Card,10.99,5.0,CBF
100196,197,World_Elite_Card,85.27,35.0,XGBoost
100196,197,Platinum_Credit_Card,70.69,25.0,XGBoost
100196,197,Travel_Rewards_Card,66.58,60.0,XGBoost
100197,198,Platinum_Credit_Card,39.63,5.0,CBF
100197,198,World_Elite_Card,34.1,5.0,CBF
100197,198,Titanium_Credit_Card,18.39,5.0,CBF
100197,198,Cashback_Card,12.68,5.0,CBF
100197,198,Classic_Credit_Card,12.68,5.0,CBF
100197,198,Gold_Credit_Card,10.76,5.0,CBF
100197,198,Gold_Credit_Card,71.42,30.0,XGBoost
100197,198,Cashback_Card,70.57,15.0,XGBoost
100197,198,Classic_Credit_Card,66.04,30.0,XGBoost
100198,199,Travel_Rewards_Card,34.1,5.0,CBF
100198,199,Titanium_Credit_Card,16.54,5.0,CBF
100198,199,Cashback_Card,11.77,5.0,CBF
100198,199,Classic_Credit_Card,10.35,5.0,CBF
100198,199,Gold_Credit_Card,9.98,5.0,CBF
100198,199,Platinum_Credit_Card,6.87,5.0,CBF
100198,199,Cashback_Card,77.59,15.0,XGBoost
100198,199,Gold_Credit_Card,67.53,30.0,XGBoost
100198,199,Classic_Credit_Card,60.48,30.0,XGBoost
100199,200,Travel_Rewards_Card,34.1,5.0,CBF
100199,200,Titanium_Credit_Card,16.54,5.0,CBF
100199,200,Cashback_Card,11.77,5.0,CBF
100199,200,Classic_Credit_Card,10.35,5.0,CBF
100199,200,Gold_Credit_Card,9.98,5.0,CBF
100199,200,Platinum_Credit_Card,6.87,5.0,CBF
100199,200,Titanium_Credit_Card,88.03,40.0,XGBoost
100199,200,Platinum_Credit_Card,74.78,25.0,XGBoost
100200,201,Cashback_Card,21.66,5.0,CBF
100200,201,Travel_Rewards_Card,18.39,5.0,CBF
100200,201,Platinum_Credit_Card,16.62,5.0,CBF
100200,201,World_Elite_Card,16.54,5.0,CBF
100200,201,Gold_Credit_Card,11.62,5.0,CBF
100200,201,Classic_Credit_Card,10.99,5.0,CBF
100200,201,Titanium_Credit_Card,83.97,40.0,XGBoost
100200,201,Platinum_Credit_Card,82.01,25.0,XGBoost
100201,202,World_Elite_Card,85.27,35.0,XGBoost
100201,202,Platinum_Credit_Card,70.69,25.0,XGBoost
100201,202,Travel_Rewards_Card,66.58,60.0,XGBoost
100202,203,Cashback_Card,29.76,5.0,CBF
100202,203,Travel_Rewards_Card,12.68,5.0,CBF
100202,203,Titanium_Credit_Card,10.99,5.0,CBF
100202,203,World_Elite_Card,10.35,5.0,CBF
100202,203,Platinum_Credit_Card,8.18,5.0,CBF
100202,203,Gold_Credit_Card,7.69,5.0,CBF
100202,203,Gold_Credit_Card,71.42,30.0,XGBoost
100202,203,Cashback_Card,70.57,15.0,XGBoost
100202,203,Classic_Credit_Card,66.04,30.0,XGBoost
100203,204,Classic_Credit_Card,29.76,5.0,CBF
100203,204,Gold_Credit_Card,26.67,5.0,CBF
100203,204,Titanium_Credit_Card,21.66,5.0,CBF
100203,204,Travel_Rewards_Card,12.68,5.0,CBF
100203,204,World_Elite_Card,11.77,5.0,CBF
100203,204,Platinum_Credit_Card,9.26,5.0,CBF
100203,204,World_Elite_Card,85.27,35.0,XGBoost
100203,204,Platinum_Credit_Card,70.69,25.0,XGBoost
100203,204,Travel_Rewards_Card,66.58,60.0,XGBoost
100204,205,Travel_Rewards_Card,39.63,5.0,CBF
100204,205,Titanium_Credit_Card,16.62,5.0,CBF
100204,205,Gold_Credit_Card,9.91,5.0,CBF
100204,205,Cashback_Card,9.26,5.0,CBF
100204,205,Classic_Credit_Card,8.18,5.0,CBF
100204,205,World_Elite_Card,6.87,5.0,CBF
100204,205,World_Elite_Card,85.27,35.0,XGBoost
100204,205,Platinum_Credit_Card,70.69,25.0,XGBoost
100204,205,Travel_Rewards_Card,66.58,60.0,XGBoost
100205,206,Travel_Rewards_Card,39.63,5.0,CBF
100205,206,Titanium_Credit_Card,16.62,5.0,CBF
100205,206,Gold_Credit_Card,9.91,5.0,CBF
100205,206,Cashback_Card,9.26,5.0,CBF
100205,206,Classic_Credit_Card,8.18,5.0,CBF
100205,206,World_Elite_Card,6.87,5.0,CBF
100205,206,Cashback_Card,79.08,15.0,XGBoost
100205,206,Gold_Credit_Card,65.13,30.0,XGBoost
100205,206,Classic_Credit_Card,64.16,30.0,XGBoost
100206,207,Platinum_Credit_Card,39.63,5.0,CBF
100206,207,World_Elite_Card,34.1,5.0,CBF
100206,207,Titanium_Credit_Card,18.39,5.0,CBF
100206,207,Cashback_Card,12.68,5.0,CBF
100206,207,Classic_Credit_Card,12.68,5.0,CBF
100206,207,Gold_Credit_Card,10.76,5.0,CBF
100206,207,World_Elite_Card,77.53,35.0,XGBoost
100206,207,Platinum_Credit_Card,73.58,25.0,XGBoost
100206,207,Travel_Rewards_Card,70.69,60.0,XGBoost
100207,208,Cashback_Card,26.67,5.0,CBF
100207,208,Titanium_Credit_Card,11.62,5.0,CBF
100207,208,Travel_Rewards_Card,10.76,5.0,CBF
100207,208,World_Elite_Card,9.98,5.0,CBF
100207,208,Platinum_Credit_Card,9.91,5.0,CBF
100207,208,Classic_Credit_Card,7.69,5.0,CBF
100207,208,Cashback_Card,79.08,15.0,XGBoost
100207,208,Gold_Credit_Card,65.13,30.0,XGBoost
100207,208,Classic_Credit_Card,64.16,30.0,XGBoost
100208,209,Titanium_Credit_Card,83.97,40.0,XGBoost
100208,209,Platinum_Credit_Card,82.01,25.0,XGBoost
100209,210,World_Elite_Card,77.53,35.0,XGBoost
100209,210,Platinum_Credit_Card,73.58,25.0,XGBoost
100209,210,Travel_Rewards_Card,70.69,60.0,XGBoost
100210,211,Cashback_Card,29.76,5.0,CBF
100210,211,Travel_Rewards_Card,12.68,5.0,CBF
100210,211,Titanium_Credit_Card,10.99,5.0,CBF
100210,211,World_Elite_Card,10.35,5.0,CBF
100210,211,Platinum_Credit_Card,8.18,5.0,CBF
100210,211,Gold_Credit_Card,7.69,5.0,CBF
100210,211,World_Elite_Card,77.53,35.0,XGBoost
100210,211,Platinum_Credit_Card,73.58,25.0,XGBoost
100210,211,Travel_Rewards_Card,70.69,60.0,XGBoost
100211,212,Classic_Credit_Card,29.76,5.0,CBF
100211,212,Gold_Credit_Card,26.67,5.0,CBF
100211,212,Titanium_Credit_Card,21.66,5.0,CBF
100211,212,Travel_Rewards_Card,12.68,5.0,CBF
100211,212,World_Elite_Card,11.77,5.0,CBF
100211,212,Platinum_Credit_Card,9.26,5.0,CBF
100211,212,Gold_Credit_Card,71.42,30.0,XGBoost
100211,212,Cashback_Card,70.57,15.0,XGBoost
100211,212,Classic_Credit_Card,66.04,30.0,XGBoost
100212,213,Classic_Credit_Card,29.76,5.0,CBF
100212,213,Gold_Credit_Card,26.67,5.0,CBF
100212,213,Titanium_Credit_Card,21.66,5.0,CBF
100212,213,Travel_Rewards_Card,12.68,5.0,CBF
100212,213,World_Elite_Card,11.77,5.0,CBF
100212,213,Platinum_Credit_Card,9.26,5.0,CBF
100212,213,Titanium_Credit_Card,83.97,40.0,XGBoost
100212,213,Platinum_Credit_Card,82.01,25.0,XGBoost
100213,214,Classic_Credit_Card,29.76,5.0,CBF
100213,214,Gold_Credit_Card,26.67,5.0,CBF
100213,214,Titanium_Credit_Card,21.66,5.0,CBF
100213,214,Travel_Rewards_Card,12.68,5.0,CBF
100213,214,World_Elite_Card,11.77,5.0,CBF
100213,214,Platinum_Credit_Card,9.26,5.0,CBF
100213,214,Cashback_Card,79.08,15.0,XGBoost
100213,214,Gold_Credit_Card,65.13,30.0,XGBoost
100213,214,Classic_Credit_Card,64.16,30.0,XGBoost
100214,215,Platinum_Credit_Card,39.63,5.0,CBF
100214,215,World_Elite_Card,34.1,5.0,CBF
100214,215,Titanium_Credit_Card,18.39,5.0,CBF
100214,215,Cashback_Card,12.68,5.0,CBF
100214,215,Classic_Credit_Card,12.68,5.0,CBF
100214,215,Gold_Credit_Card,10.76,5.0,CBF
100214,215,Titanium_Credit_Card,83.97,40.0,XGBoost
100214,215,Platinum_Credit_Card,82.01,25.0,XGBoost
100215,216,Platinum_Credit_Card,39.63,5.0,CBF
100215,216,World_Elite_Card,34.1,5.0,CBF
100215,216,Titanium_Credit_Card,18.39,5.0,CBF
100215,216,Cashback_Card,12.68,5.0,CBF
100215,216,Classic_Credit_Card,12.68,5.0,CBF
100215,216,Gold_Credit_Card,10.76,5.0,CBF
100215,216,Gold_Credit_Card,71.42,30.0,XGBoost
100215,216,Cashback_Card,70.57,15.0,XGBoost
100215,216,Classic_Credit_Card,66.04,30.0,XGBoost
100216,217,Travel_Rewards_Card,39.63,5.0,CBF
100216,217,Titanium_Credit_Card,16.62,5.0,CBF
100216,217,Gold_Credit_Card,9.91,5.0,CBF
100216,217,Cashback_Card,9.26,5.0,CBF
100216,217,Classic_Credit_Card,8.18,5.0,CBF
100216,217,World_Elite_Card,6.87,5.0,CBF
100216,217,Cashback_Card,79.08,15.0,XGBoost
100216,217,Gold_Credit_Card,65.13,30.0,XGBoost
100216,217,Classic_Credit_Card,64.16,30.0,XGBoost
100217,218,Cashback_Card,26.67,5.0,CBF
100217,218,Titanium_Credit_Card,11.62,5.0,CBF
100217,218,Travel_Rewards_Card,10.76,5.0,CBF
100217,218,World_Elite_Card,9.98,5.0,CBF
100217,218,Platinum_Credit_Card,9.91,5.0,CBF
100217,218,Classic_Credit_Card,7.69,5.0,CBF
100217,218,Titanium_Credit_Card,88.03,40.0,XGBoost
100217,218,Platinum_Credit_Card,74.78,25.0,XGBoost
100218,219,Platinum_Credit_Card,39.63,5.0,CBF
100218,219,World_Elite_Card,34.1,5.0,CBF
100218,219,Titanium_Credit_Card,18.39,5.0,CBF
100218,219,Cashback_Card,12.68,5.0,CBF
100218,219,Classic_Credit_Card,12.68,5.0,CBF
100218,219,Gold_Credit_Card,10.76,5.0,CBF
100218,219,Gold_Credit_Card,71.42,30.0,XGBoost
100218,219,Cashback_Card,70.57,15.0,XGBoost
100218,219,Classic_Credit_Card,66.04,30.0,XGBoost
100219,220,Travel_Rewards_Card,34.1,5.0,CBF
100219,220,Titanium_Credit_Card,16.54,5.0,CBF
100219,220,Cashback_Card,11.77,5.0,CBF
100219,220,Classic_Credit_Card,10.35,5.0,CBF
100219,220,Gold_Credit_Card,9.98,5.0,CBF
100219,220,Platinum_Credit_Card,6.87,5.0,CBF
100219,220,Titanium_Credit_Card,83.97,40.0,XGBoost
100219,220,Platinum_Credit_Card,82.01,25.0,XGBoost
100220,221,Travel_Rewards_Card,39.63,5.0,CBF
100220,221,Titanium_Credit_Card,16.62,5.0,CBF
100220,221,Gold_Credit_Card,9.91,5.0,CBF
100220,221,Cashback_Card,9.26,5.0,CBF
100220,221,Classic_Credit_Card,8.18,5.0,CBF
100220,221,World_Elite_Card,6.87,5.0,CBF
100220,221,Cashback_Card,79.08,15.0,XGBoost
100220,221,Gold_Credit_Card,65.13,30.0,XGBoost
100220,221,Classic_Credit_Card,64.16,30.0,XGBoost
100221,222,Travel_Rewards_Card,39.63,5.0,CBF
100221,222,Titanium_Credit_Card,16.62,5.0,CBF
100221,222,Gold_Credit_Card,9.91,5.0,CBF
100221,222,Cashback_Card,9.26,5.0,CBF
100221,222,Classic_Credit_Card,8.18,5.0,CBF
100221,222,World_Elite_Card,6.87,5.0,CBF
100221,222,Travel_Rewards_Card,86.63,60.0,XGBoost
100221,222,World_Elite_Card,84.48,35.0,XGBoost
100221,222,Platinum_Credit_Card,65.76,25.0,XGBoost
100222,223,Cashback_Card,21.66,5.0,CBF
100222,223,Travel_Rewards_Card,18.39,5.0,CBF
100222,223,Platinum_Credit_Card,16.62,5.0,CBF
100222,223,World_Elite_Card,16.54,5.0,CBF
100222,223,Gold_Credit_Card,11.62,5.0,CBF
100222,223,Classic_Credit_Card,10.99,5.0,CBF
100222,223,Travel_Rewards_Card,86.63,60.0,XGBoost
100222,223,World_Elite_Card,84.48,35.0,XGBoost
100222,223,Platinum_Credit_Card,65.76,25.0,XGBoost
100223,224,Cashback_Card,29.76,5.0,CBF
100223,224,Travel_Rewards_Card,12.68,5.0,CBF
100223,224,Titanium_Credit_Card,10.99,5.0,CBF
100223,224,World_Elite_Card,10.35,5.0,CBF
100223,224,Platinum_Credit_Card,8.18,5.0,CBF
100223,224,Gold_Credit_Card,7.69,5.0,CBF
100223,224,World_Elite_Card,77.53,35.0,XGBoost
100223,224,Platinum_Credit_Card,73.58,25.0,XGBoost
100223,224,Travel_Rewards_Card,70.69,60.0,XGBoost
100224,225,Travel_Rewards_Card,34.1,5.0,CBF
100224,225,Titanium_Credit_Card,16.54,5.0,CBF
100224,225,Cashback_Card,11.77,5.0,CBF
100224,225,Classic_Credit_Card,10.35,5.0,CBF
100224,225,Gold_Credit_Card,9.98,5.0,CBF
100224,225,Platinum_Credit_Card,6.87,5.0,CBF
100224,225,Cashback_Card,66.55,15.0,XGBoost
100224,225,Classic_Credit_Card,63.09,30.0,XGBoost
100224,225,Gold_Credit_Card,62.33,30.0,XGBoost
100225,226,Platinum_Credit_Card,39.63,5.0,CBF
100225,226,World_Elite_Card,34.1,5.0,CBF
100225,226,Titanium_Credit_Card,18.39,5.0,CBF
100225,226,Cashback_Card,12.68,5.0,CBF
100225,226,Classic_Credit_Card,12.68,5.0,CBF
100225,226,Gold_Credit_Card,10.76,5.0,CBF
100225,226,World_Elite_Card,77.53,35.0,XGBoost
100225,226,Platinum_Credit_Card,73.58,25.0,XGBoost
100225,226,Travel_Rewards_Card,70.69,60.0,XGBoost
100226,227,Classic_Credit_Card,29.76,5.0,CBF
100226,227,Gold_Credit_Card,26.67,5.0,CBF
100226,227,Titanium_Credit_Card,21.66,5.0,CBF
100226,227,Travel_Rewards_Card,12.68,5.0,CBF
100226,227,World_Elite_Card,11.77,5.0,CBF
100226,227,Platinum_Credit_Card,9.26,5.0,CBF
100226,227,Titanium_Credit_Card,83.97,40.0,XGBoost
100226,227,Platinum_Credit_Card,82.01,25.0,XGBoost
100227,228,Cashback_Card,66.55,15.0,XGBoost
100227,228,Classic_Credit_Card,63.09,30.0,XGBoost
100227,228,Gold_Credit_Card,62.33,30.0,XGBoost
100228,229,Platinum_Credit_Card,39.63,5.0,CBF
100228,229,World_Elite_Card,34.1,5.0,CBF
100228,229,Titanium_Credit_Card,18.39,5.0,CBF
100228,229,Cashback_Card,12.68,5.0,CBF
100228,229,Classic_Credit_Card,12.68,5.0,CBF
100228,229,Gold_Credit_Card,10.76,5.0,CBF
100228,229,Classic_Credit_Card,73.82,30.0,XGBoost
100228,229,Cashback_Card,69.96,15.0,XGBoost
100228,229,Gold_Credit_Card,64.92,30.0,XGBoost
100229,230,Cashback_Card,26.67,5.0,CBF
100229,230,Titanium_Credit_Card,11.62,5.0,CBF
100229,230,Travel_Rewards_Card,10.76,5.0,CBF
100229,230,World_Elite_Card,9.98,5.0,CBF
100229,230,Platinum_Credit_Card,9.91,5.0,CBF
100229,230,Classic_Credit_Card,7.69,5.0,CBF
100229,230,World_Elite_Card,85.27,35.0,XGBoost
100229,230,Platinum_Credit_Card,70.69,25.0,XGBoost
100229,230,Travel_Rewards_Card,66.58,60.0,XGBoost
100230,231,Cashback_Card,21.66,5.0,CBF
100230,231,Travel_Rewards_Card,18.39,5.0,CBF
100230,231,Platinum_Credit_Card,16.62,5.0,CBF
100230,231,World_Elite_Card,16.54,5.0,CBF
100230,231,Gold_Credit_Card,11.62,5.0,CBF
100230,231,Classic_Credit_Card,10.99,5.0,CBF
100230,231,Gold_Credit_Card,71.42,30.0,XGBoost
100230,231,Cashback_Card,70.57,15.0,XGBoost
100230,231,Classic_Credit_Card,66.04,30.0,XGBoost
100231,232,Platinum_Credit_Card,39.63,5.0,CBF
100231,232,World_Elite_Card,34.1,5.0,CBF
100231,232,Titanium_Credit_Card,18.39,5.0,CBF
100231,232,Cashback_Card,12.68,5.0,CBF
100231,232,Classic_Credit_Card,12.68,5.0,CBF
100231,232,Gold_Credit_Card,10.76,5.0,CBF
100231,232,Gold_Credit_Card,71.42,30.0,XGBoost
100231,232,Cashback_Card,70.57,15.0,XGBoost
100231,232,Classic_Credit_Card,66.04,30.0,XGBoost
100232,233,Cashback_Card,26.67,5.0,CBF
100232,233,Titanium_Credit_Card,11.62,5.0,CBF
100232,233,Travel_Rewards_Card,10.76,5.0,CBF
100232,233,World_Elite_Card,9.98,5.0,CBF
100232,233,Platinum_Credit_Card,9.91,5.0,CBF
100232,233,Classic_Credit_Card,7.69,5.0,CBF
100232,233,Cashback_Card,79.08,15.0,XGBoost
100232,233,Gold_Credit_Card,65.13,30.0,XGBoost
100232,233,Classic_Credit_Card,64.16,30.0,XGBoost
100233,234,Platinum_Credit_Card,39.63,5.0,CBF
100233,234,World_Elite_Card,34.1,5.0,CBF
100233,234,Titanium_Credit_Card,18.39,5.0,CBF
100233,234,Cashback_Card,12.68,5.0,CBF
100233,234,Classic_Credit_Card,12.68,5.0,CBF
100233,234,Gold_Credit_Card,10.76,5.0,CBF
100233,234,Travel_Rewards_Card,86.63,60.0,XGBoost
100233,234,World_Elite_Card,84.48,35.0,XGBoost
100233,234,Platinum_Credit_Card,65.76,25.0,XGBoost
100234,235,Cashback_Card,26.67,5.0,CBF
100234,235,Titanium_Credit_Card,11.62,5.0,CBF
100234,235,Travel_Rewards_Card,10.76,5.0,CBF
100234,235,World_Elite_Card,9.98,5.0,CBF
100234,235,Platinum_Credit_Card,9.91,5.0,CBF
100234,235,Classic_Credit_Card,7.69,5.0,CBF
100234,235,Travel_Rewards_Card,86.63,60.0,XGBoost
100234,235,World_Elite_Card,84.48,35.0,XGBoost
100234,235,Platinum_Credit_Card,65.76,25.0,XGBoost
100235,236,Travel_Rewards_Card,39.63,5.0,CBF
100235,236,Titanium_Credit_Card,16.62,5.0,CBF
100235,236,Gold_Credit_Card,9.91,5.0,CBF
100235,236,Cashback_Card,9.26,5.0,CBF
100235,236,Classic_Credit_Card,8.18,5.0,CBF
100235,236,World_Elite_Card,6.87,5.0,CBF
100235,236,Titanium_Credit_Card,83.97,40.0,XGBoost
100235,236,Platinum_Credit_Card,82.01,25.0,XGBoost
100236,237,Travel_Rewards_Card,39.63,5.0,CBF
100236,237,Titanium_Credit_Card,16.62,5.0,CBF
100236,237,Gold_Credit_Card,9.91,5.0,CBF
100236,237,Cashback_Card,9.26,5.0,CBF
100236,237,Classic_Credit_Card,8.18,5.0,CBF
100236,237,World_Elite_Card,6.87,5.0,CBF
100236,237,Gold_Credit_Card,71.42,30.0,XGBoost
100236,237,Cashback_Card,70.57,15.0,XGBoost
100236,237,Classic_Credit_Card,66.04,30.0,XGBoost
100237,238,World_Elite_Card,77.53,35.0,XGBoost
100237,238,Platinum_Credit_Card,73.58,25.0,XGBoost
100237,238,Travel_Rewards_Card,70.69,60.0,XGBoost
100238,239,Cashback_Card,29.76,5.0,CBF
100238,239,Travel_Rewards_Card,12.68,5.0,CBF
100238,239,Titanium_Credit_Card,10.99,5.0,CBF
100238,239,World_Elite_Card,10.35,5.0,CBF
100238,239,Platinum_Credit_Card,8.18,5.0,CBF
100238,239,Gold_Credit_Card,7.69,5.0,CBF
100238,239,Classic_Credit_Card,73.82,30.0,XGBoost
100238,239,Cashback_Card,69.96,15.0,XGBoost
100238,239,Gold_Credit_Card,64.92,30.0,XGBoost
100239,240,Cashback_Card,26.67,5.0,CBF
100239,240,Titanium_Credit_Card,11.62,5.0,CBF
100239,240,Travel_Rewards_Card,10.76,5.0,CBF
100239,240,World_Elite_Card,9.98,5.0,CBF
100239,240,Platinum_Credit_Card,9.91,5.0,CBF
100239,240,Classic_Credit_Card,7.69,5.0,CBF
100239,240,Travel_Rewards_Card,86.63,60.0,XGBoost
100239,240,World_Elite_Card,84.48,35.0,XGBoost
100239,240,Platinum_Credit_Card,65.76,25.0,XGBoost
100240,241,Cashback_Card,21.66,5.0,CBF
100240,241,Travel_Rewards_Card,18.39,5.0,CBF
100240,241,Platinum_Credit_Card,16.62,5.0,CBF
100240,241,World_Elite_Card,16.54,5.0,CBF
100240,241,Gold_Credit_Card,11.62,5.0,CBF
100240,241,Classic_Credit_Card,10.99,5.0,CBF
100240,241,Cashback_Card,79.08,15.0,XGBoost
100240,241,Gold_Credit_Card,65.13,30.0,XGBoost
100240,241,Classic_Credit_Card,64.16,30.0,XGBoost
100241,242,Classic_Credit_Card,29.76,5.0,CBF
100241,242,Gold_Credit_Card,26.67,5.0,CBF
100241,242,Titanium_Credit_Card,21.66,5.0,CBF
100241,242,Travel_Rewards_Card,12.68,5.0,CBF
100241,242,World_Elite_Card,11.77,5.0,CBF
100241,242,Platinum_Credit_Card,9.26,5.0,CBF
100241,242,Cashback_Card,66.55,15.0,XGBoost
100241,242,Classic_Credit_Card,63.09,30.0,XGBoost
100241,242,Gold_Credit_Card,62.33,30.0,XGBoost
100242,243,Travel_Rewards_Card,39.63,5.0,CBF
100242,243,Titanium_Credit_Card,16.62,5.0,CBF
100242,243,Gold_Credit_Card,9.91,5.0,CBF
100242,243,Cashback_Card,9.26,5.0,CBF
100242,243,Classic_Credit_Card,8.18,5.0,CBF
100242,243,World_Elite_Card,6.87,5.0,CBF
100242,243,Travel_Rewards_Card,86.63,60.0,XGBoost
100242,243,World_Elite_Card,84.48,35.0,XGBoost
100242,243,Platinum_Credit_Card,65.76,25.0,XGBoost
100243,244,Travel_Rewards_Card,34.1,5.0,CBF
100243,244,Titanium_Credit_Card,16.54,5.0,CBF
100243,244,Cashback_Card,11.77,5.0,CBF
100243,244,Classic_Credit_Card,10.35,5.0,CBF
100243,244,Gold_Credit_Card,9.98,5.0,CBF
100243,244,Platinum_Credit_Card,6.87,5.0,CBF
100243,244,Cashback_Card,77.59,15.0,XGBoost
100243,244,Gold_Credit_Card,67.53,30.0,XGBoost
100243,244,Classic_Credit_Card,60.48,30.0,XGBoost
100244,245,Platinum_Credit_Card,39.63,5.0,CBF
100244,245,World_Elite_Card,34.1,5.0,CBF
100244,245,Titanium_Credit_Card,18.39,5.0,CBF
100244,245,Cashback_Card,12.68,5.0,CBF
100244,245,Classic_Credit_Card,12.68,5.0,CBF
100244,245,Gold_Credit_Card,10.76,5.0,CBF
100244,245,Classic_Credit_Card,73.82,30.0,XGBoost
100244,245,Cashback_Card,69.96,15.0,XGBoost
100244,245,Gold_Credit_Card,64.92,30.0,XGBoost
100245,246,Cashback_Card,29.76,5.0,CBF
100245,246,Travel_Rewards_Card,12.68,5.0,CBF
100245,246,Titanium_Credit_Card,10.99,5.0,CBF
100245,246,World_Elite_Card,10.35,5.0,CBF
100245,246,Platinum_Credit_Card,8.18,5.0,CBF
100245,246,Gold_Credit_Card,7.69,5.0,CBF
100245,246,Travel_Rewards_Card,86.63,60.0,XGBoost
100245,246,World_Elite_Card,84.48,35.0,XGBoost
100245,246,Platinum_Credit_Card,65.76,25.0,XGBoost
100246,247,Travel_Rewards_Card,34.1,5.0,CBF
100246,247,Titanium_Credit_Card,16.54,5.0,CBF
100246,247,Cashback_Card,11.77,5.0,CBF
100246,247,Classic_Credit_Card,10.35,5.0,CBF
100246,247,Gold_Credit_Card,9.98,5.0,CBF
100246,247,Platinum_Credit_Card,6.87,5.0,CBF
100246,247,World_Elite_Card,85.27,35.0,XGBoost
100246,247,Platinum_Credit_Card,70.69,25.0,XGBoost
100246,247,Travel_Rewards_Card,66.58,60.0,XGBoost
100247,248,Cashback_Card,26.67,5.0,CBF
100247,248,Titanium_Credit_Card,11.62,5.0,CBF
100247,248,Travel_Rewards_Card,10.76,5.0,CBF
100247,248,World_Elite_Card,9.98,5.0,CBF
100247,248,Platinum_Credit_Card,9.91,5.0,CBF
100247,248,Classic_Credit_Card,7.69,5.0,CBF
100247,248,Cashback_Card,77.59,15.0,XGBoost
100247,248,Gold_Credit_Card,67.53,30.0,XGBoost
100247,248,Classic_Credit_Card,60.48,30.0,XGBoost
100248,249,Travel_Rewards_Card,39.63,5.0,CBF
100248,249,Titanium_Credit_Card,16.62,5.0,CBF
100248,249,Gold_Credit_Card,9.91,5.0,CBF
100248,249,Cashback_Card,9.26,5.0,CBF
100248,249,Classic_Credit_Card,8.18,5.0,CBF
100248,249,World_Elite_Card,6.87,5.0,CBF
100248,249,Classic_Credit_Card,73.82,30.0,XGBoost
100248,249,Cashback_Card,69.96,15.0,XGBoost
100248,249,Gold_Credit_Card,64.92,30.0,XGBoost
100249,250,Platinum_Credit_Card,39.63,5.0,CBF
100249,250,World_Elite_Card,34.1,5.0,CBF
100249,250,Titanium_Credit_Card,18.39,5.0,CBF
100249,250,Cashback_Card,12.68,5.0,CBF
100249,250,Classic_Credit_Card,12.68,5.0,CBF
100249,250,Gold_Credit_Card,10.76,5.0,CBF
100249,250,Cashback_Card,66.55,15.0,XGBoost
100249,250,Classic_Credit_Card,63.09,30.0,XGBoost
100249,250,Gold_Credit_Card,62.33,30.0,XGBoost
100250,251,Cashback_Card,29.76,5.0,CBF
100250,251,Travel_Rewards_Card,12.68,5.0,CBF
100250,251,Titanium_Credit_Card,10.99,5.0,CBF
100250,251,World_Elite_Card,10.35,5.0,CBF
100250,251,Platinum_Credit_Card,8.18,5.0,CBF
100250,251,Gold_Credit_Card,7.69,5.0,CBF
100250,251,Cashback_Card,77.59,15.0,XGBoost
100250,251,Gold_Credit_Card,67.53,30.0,XGBoost
100250,251,Classic_Credit_Card,60.48,30.0,XGBoost
100251,252,Classic_Credit_Card,29.76,5.0,CBF
100251,252,Gold_Credit_Card,26.67,5.0,CBF
100251,252,Titanium_Credit_Card,21.66,5.0,CBF
100251,252,Travel_Rewards_Card,12.68,5.0,CBF
100251,252,World_Elite_Card,11.77,5.0,CBF
100251,252,Platinum_Credit_Card,9.26,5.0,CBF
100251,252,Cashback_Card,79.08,15.0,XGBoost
100251,252,Gold_Credit_Card,65.13,30.0,XGBoost
100251,252,Classic_Credit_Card,64.16,30.0,XGBoost
100252,253,Travel_Rewards_Card,39.63,5.0,CBF
100252,253,Titanium_Credit_Card,16.62,5.0,CBF
100252,253,Gold_Credit_Card,9.91,5.0,CBF
100252,253,Cashback_Card,9.26,5.0,CBF
100252,253,Classic_Credit_Card,8.18,5.0,CBF
100252,253,World_Elite_Card,6.87,5.0,CBF
100252,253,Cashback_Card,77.59,15.0,XGBoost
100252,253,Gold_Credit_Card,67.53,30.0,XGBoost
100252,253,Classic_Credit_Card,60.48,30.0,XGBoost
100253,254,Cashback_Card,26.67,5.0,CBF
100253,254,Titanium_Credit_Card,11.62,5.0,CBF
100253,254,Travel_Rewards_Card,10.76,5.0,CBF
100253,254,World_Elite_Card,9.98,5.0,CBF
100253,254,Platinum_Credit_Card,9.91,5.0,CBF
100253,254,Classic_Credit_Card,7.69,5.0,CBF
100253,254,Gold_Credit_Card,71.42,30.0,XGBoost
100253,254,Cashback_Card,70.57,15.0,XGBoost
100253,254,Classic_Credit_Card,66.04,30.0,XGBoost
100254,255,Travel_Rewards_Card,34.1,5.0,CBF
100254,255,Titanium_Credit_Card,16.54,5.0,CBF
100254,255,Cashback_Card,11.77,5.0,CBF
100254,255,Classic_Credit_Card,10.35,5.0,CBF
100254,255,Gold_Credit_Card,9.98,5.0,CBF
100254,255,Platinum_Credit_Card,6.87,5.0,CBF
100254,255,Travel_Rewards_Card,86.63,60.0,XGBoost
100254,255,World_Elite_Card,84.48,35.0,XGBoost
100254,255,Platinum_Credit_Card,65.76,25.0,XGBoost
100255,256,Cashback_Card,66.55,15.0,XGBoost
100255,256,Classic_Credit_Card,63.09,30.0,XGBoost
100255,256,Gold_Credit_Card,62.33,30.0,XGBoost
100256,257,Platinum_Credit_Card,39.63,5.0,CBF
100256,257,World_Elite_Card,34.1,5.0,CBF
100256,257,Titanium_Credit_Card,18.39,5.0,CBF
100256,257,Cashback_Card,12.68,5.0,CBF
100256,257,Classic_Credit_Card,12.68,5.0,CBF
100256,257,Gold_Credit_Card,10.76,5.0,CBF
100256,257,Gold_Credit_Card,71.42,30.0,XGBoost
100256,257,Cashback_Card,70.57,15.0,XGBoost
100256,257,Classic_Credit_Card,66.04,30.0,XGBoost
100257,258,Cashback_Card,21.66,5.0,CBF
100257,258,Travel_Rewards_Card,18.39,5.0,CBF
100257,258,Platinum_Credit_Card,16.62,5.0,CBF
100257,258,World_Elite_Card,16.54,5.0,CBF
100257,258,Gold_Credit_Card,11.62,5.0,CBF
100257,258,Classic_Credit_Card,10.99,5.0,CBF
100257,258,Classic_Credit_Card,73.82,30.0,XGBoost
100257,258,Cashback_Card,69.96,15.0,XGBoost
100257,258,Gold_Credit_Card,64.92,30.0,XGBoost
100258,259,Travel_Rewards_Card,39.63,5.0,CBF
100258,259,Titanium_Credit_Card,16.62,5.0,CBF
100258,259,Gold_Credit_Card,9.91,5.0,CBF
100258,259,Cashback_Card,9.26,5.0,CBF
100258,259,Classic_Credit_Card,8.18,5.0,CBF
100258,259,World_Elite_Card,6.87,5.0,CBF
100258,259,Cashback_Card,79.08,15.0,XGBoost
100258,259,Gold_Credit_Card,65.13,30.0,XGBoost
100258,259,Classic_Credit_Card,64.16,30.0,XGBoost
100259,260,Cashback_Card,26.67,5.0,CBF
100259,260,Titanium_Credit_Card,11.62,5.0,CBF
100259,260,Travel_Rewards_Card,10.76,5.0,CBF
100259,260,World_Elite_Card,9.98,5.0,CBF
100259,260,Platinum_Credit_Card,9.91,5.0,CBF
100259,260,Classic_Credit_Card,7.69,5.0,CBF
100259,260,Travel_Rewards_Card,86.63,60.0,XGBoost
100259,260,World_Elite_Card,84.48,35.0,XGBoost
100259,260,Platinum_Credit_Card,65.76,25.0,XGBoost
100260,261,Travel_Rewards_Card,34.1,5.0,CBF
100260,261,Titanium_Credit_Card,16.54,5.0,CBF
100260,261,Cashback_Card,11.77,5.0,CBF
100260,261,Classic_Credit_Card,10.35,5.0,CBF
100260,261,Gold_Credit_Card,9.98,5.0,CBF
100260,261,Platinum_Credit_Card,6.87,5.0,CBF
100260,261,Cashback_Card,77.59,15.0,XGBoost
100260,261,Gold_Credit_Card,67.53,30.0,XGBoost
100260,261,Classic_Credit_Card,60.48,30.0,XGBoost
100261,262,Travel_Rewards_Card,39.63,5.0,CBF
100261,262,Titanium_Credit_Card,16.62,5.0,CBF
100261,262,Gold_Credit_Card,9.91,5.0,CBF
100261,262,Cashback_Card,9.26,5.0,CBF
100261,262,Classic_Credit_Card,8.18,5.0,CBF
100261,262,World_Elite_Card,6.87,5.0,CBF
100261,262,Classic_Credit_Card,73.82,30.0,XGBoost
100261,262,Cashback_Card,69.96,15.0,XGBoost
100261,262,Gold_Credit_Card,64.92,30.0,XGBoost
100262,263,Travel_Rewards_Card,34.1,5.0,CBF
100262,263,Titanium_Credit_Card,16.54,5.0,CBF
100262,263,Cashback_Card,11.77,5.0,CBF
100262,263,Classic_Credit_Card,10.35,5.0,CBF
100262,263,Gold_Credit_Card,9.98,5.0,CBF
100262,263,Platinum_Credit_Card,6.87,5.0,CBF
100262,263,Cashback_Card,79.08,15.0,XGBoost
100262,263,Gold_Credit_Card,65.13,30.0,XGBoost
100262,263,Classic_Credit_Card,64.16,30.0,XGBoost
100263,264,Cashback_Card,26.67,5.0,CBF
100263,264,Titanium_Credit_Card,11.62,5.0,CBF
100263,264,Travel_Rewards_Card,10.76,5.0,CBF
100263,264,World_Elite_Card,9.98,5.0,CBF
100263,264,Platinum_Credit_Card,9.91,5.0,CBF
100263,264,Classic_Credit_Card,7.69,5.0,CBF
100263,264,Classic_Credit_Card,73.82,30.0,XGBoost
100263,264,Cashback_Card,69.96,15.0,XGBoost
100263,264,Gold_Credit_Card,64.92,30.0,XGBoost
100264,265,Travel_Rewards_Card,39.63,5.0,CBF
100264,265,Titanium_Credit_Card,16.62,5.0,CBF
100264,265,Gold_Credit_Card,9.91,5.0,CBF
100264,265,Cashback_Card,9.26,5.0,CBF
100264,265,Classic_Credit_Card,8.18,5.0,CBF
100264,265,World_Elite_Card,6.87,5.0,CBF
100264,265,Titanium_Credit_Card,83.97,40.0,XGBoost
100264,265,Platinum_Credit_Card,82.01,25.0,XGBoost
100265,266,Classic_Credit_Card,29.76,5.0,CBF
100265,266,Gold_Credit_Card,26.67,5.0,CBF
100265,266,Titanium_Credit_Card,21.66,5.0,CBF
100265,266,Travel_Rewards_Card,12.68,5.0,CBF
100265,266,World_Elite_Card,11.77,5.0,CBF
100265,266,Platinum_Credit_Card,9.26,5.0,CBF
100265,266,Travel_Rewards_Card,86.63,60.0,XGBoost
100265,266,World_Elite_Card,84.48,35.0,XGBoost
100265,266,Platinum_Credit_Card,65.76,25.0,XGBoost
100266,267,Travel_Rewards_Card,34.1,5.0,CBF
100266,267,Titanium_Credit_Card,16.54,5.0,CBF
100266,267,Cashback_Card,11.77,5.0,CBF
100266,267,Classic_Credit_Card,10.35,5.0,CBF
100266,267,Gold_Credit_Card,9.98,5.0,CBF
100266,267,Platinum_Credit_Card,6.87,5.0,CBF
100266,267,Classic_Credit_Card,73.82,30.0,XGBoost
100266,267,Cashback_Card,69.96,15.0,XGBoost
100266,267,Gold_Credit_Card,64.92,30.0,XGBoost
100267,268,Cashback_Card,66.55,15.0,XGBoost
100267,268,Classic_Credit_Card,63.09,30.0,XGBoost
100267,268,Gold_Credit_Card,62.33,30.0,XGBoost
100268,269,Cashback_Card,21.66,5.0,CBF
100268,269,Travel_Rewards_Card,18.39,5.0,CBF
100268,269,Platinum_Credit_Card,16.62,5.0,CBF
100268,269,World_Elite_Card,16.54,5.0,CBF
100268,269,Gold_Credit_Card,11.62,5.0,CBF
100268,269,Classic_Credit_Card,10.99,5.0,CBF
100268,269,Cashback_Card,77.59,15.0,XGBoost
100268,269,Gold_Credit_Card,67.53,30.0,XGBoost
100268,269,Classic_Credit_Card,60.48,30.0,XGBoost
100269,270,Platinum_Credit_Card,39.63,5.0,CBF
100269,270,World_Elite_Card,34.1,5.0,CBF
100269,270,Titanium_Credit_Card,18.39,5.0,CBF
100269,270,Cashback_Card,12.68,5.0,CBF
100269,270,Classic_Credit_Card,12.68,5.0,CBF
100269,270,Gold_Credit_Card,10.76,5.0,CBF
100269,270,Cashback_Card,66.55,15.0,XGBoost
100269,270,Classic_Credit_Card,63.09,30.0,XGBoost
100269,270,Gold_Credit_Card,62.33,30.0,XGBoost
100270,271,Cashback_Card,26.67,5.0,CBF
100270,271,Titanium_Credit_Card,11.62,5.0,CBF
100270,271,Travel_Rewards_Card,10.76,5.0,CBF
100270,271,World_Elite_Card,9.98,5.0,CBF
100270,271,Platinum_Credit_Card,9.91,5.0,CBF
100270,271,Classic_Credit_Card,7.69,5.0,CBF
100270,271,World_Elite_Card,85.27,35.0,XGBoost
100270,271,Platinum_Credit_Card,70.69,25.0,XGBoost
100270,271,Travel_Rewards_Card,66.58,60.0,XGBoost
100271,272,Travel_Rewards_Card,34.1,5.0,CBF
100271,272,Titanium_Credit_Card,16.54,5.0,CBF
100271,272,Cashback_Card,11.77,5.0,CBF
100271,272,Classic_Credit_Card,10.35,5.0,CBF
100271,272,Gold_Credit_Card,9.98,5.0,CBF
100271,272,Platinum_Credit_Card,6.87,5.0,CBF
100271,272,Cashback_Card,66.55,15.0,XGBoost
100271,272,Classic_Credit_Card,63.09,30.0,XGBoost
100271,272,Gold_Credit_Card,62.33,30.0,XGBoost
100272,273,Cashback_Card,26.67,5.0,CBF
100272,273,Titanium_Credit_Card,11.62,5.0,CBF
100272,273,Travel_Rewards_Card,10.76,5.0,CBF
100272,273,World_Elite_Card,9.98,5.0,CBF
100272,273,Platinum_Credit_Card,9.91,5.0,CBF
100272,273,Classic_Credit_Card,7.69,5.0,CBF
100272,273,Travel_Rewards_Card,86.63,60.0,XGBoost
100272,273,World_Elite_Card,84.48,35.0,XGBoost
100272,273,Platinum_Credit_Card,65.76,25.0,XGBoost
100273,274,Travel_Rewards_Card,34.1,5.0,CBF
100273,274,Titanium_Credit_Card,16.54,5.0,CBF
100273,274,Cashback_Card,11.77,5.0,CBF
100273,274,Classic_Credit_Card,10.35,5.0,CBF
100273,274,Gold_Credit_Card,9.98,5.0,CBF
100273,274,Platinum_Credit_Card,6.87,5.0,CBF
100273,274,World_Elite_Card,85.27,35.0,XGBoost
100273,274,Platinum_Credit_Card,70.69,25.0,XGBoost
100273,274,Travel_Rewards_Card,66.58,60.0,XGBoost
100274,275,Cashback_Card,26.67,5.0,CBF
100274,275,Titanium_Credit_Card,11.62,5.0,CBF
100274,275,Travel_Rewards_Card,10.76,5.0,CBF
100274,275,World_Elite_Card,9.98,5.0,CBF
100274,275,Platinum_Credit_Card,9.91,5.0,CBF
100274,275,Classic_Credit_Card,7.69,5.0,CBF
100274,275,Gold_Credit_Card,71.42,30.0,XGBoost
100274,275,Cashback_Card,70.57,15.0,XGBoost
100274,275,Classic_Credit_Card,66.04,30.0,XGBoost
100275,276,Cashback_Card,21.66,5.0,CBF
100275,276,Travel_Rewards_Card,18.39,5.0,CBF
100275,276,Platinum_Credit_Card,16.62,5.0,CBF
100275,276,World_Elite_Card,16.54,5.0,CBF
100275,276,Gold_Credit_Card,11.62,5.0,CBF
100275,276,Classic_Credit_Card,10.99,5.0,CBF
100275,276,World_Elite_Card,85.27,35.0,XGBoost
100275,276,Platinum_Credit_Card,70.69,25.0,XGBoost
100275,276,Travel_Rewards_Card,66.58,60.0,XGBoost
100276,277,Cashback_Card,26.67,5.0,CBF
100276,277,Titanium_Credit_Card,11.62,5.0,CBF
100276,277,Travel_Rewards_Card,10.76,5.0,CBF
100276,277,World_Elite_Card,9.98,5.0,CBF
100276,277,Platinum_Credit_Card,9.91,5.0,CBF
100276,277,Classic_Credit_Card,7.69,5.0,CBF
100276,277,Titanium_Credit_Card,88.03,40.0,XGBoost
100276,277,Platinum_Credit_Card,74.78,25.0,XGBoost
100277,278,Cashback_Card,29.76,5.0,CBF
100277,278,Travel_Rewards_Card,12.68,5.0,CBF
100277,278,Titanium_Credit_Card,10.99,5.0,CBF
100277,278,World_Elite_Card,10.35,5.0,CBF
100277,278,Platinum_Credit_Card,8.18,5.0,CBF
100277,278,Gold_Credit_Card,7.69,5.0,CBF
100277,278,Cashback_Card,79.08,15.0,XGBoost
100277,278,Gold_Credit_Card,65.13,30.0,XGBoost
100277,278,Classic_Credit_Card,64.16,30.0,XGBoost
100278,279,Classic_Credit_Card,29.76,5.0,CBF
100278,279,Gold_Credit_Card,26.67,5.0,CBF
100278,279,Titanium_Credit_Card,21.66,5.0,CBF
100278,279,Travel_Rewards_Card,12.68,5.0,CBF
100278,279,World_Elite_Card,11.77,5.0,CBF
100278,279,Platinum_Credit_Card,9.26,5.0,CBF
100278,279,Gold_Credit_Card,71.42,30.0,XGBoost
100278,279,Cashback_Card,70.57,15.0,XGBoost
100278,279,Classic_Credit_Card,66.04,30.0,XGBoost
100279,280,Travel_Rewards_Card,34.1,5.0,CBF
100279,280,Titanium_Credit_Card,16.54,5.0,CBF
100279,280,Cashback_Card,11.77,5.0,CBF
100279,280,Classic_Credit_Card,10.35,5.0,CBF
100279,280,Gold_Credit_Card,9.98,5.0,CBF
100279,280,Platinum_Credit_Card,6.87,5.0,CBF
100279,280,Cashback_Card,66.55,15.0,XGBoost
100279,280,Classic_Credit_Card,63.09,30.0,XGBoost
100279,280,Gold_Credit_Card,62.33,30.0,XGBoost
100280,281,Cashback_Card,29.76,5.0,CBF
100280,281,Travel_Rewards_Card,12.68,5.0,CBF
100280,281,Titanium_Credit_Card,10.99,5.0,CBF
100280,281,World_Elite_Card,10.35,5.0,CBF
100280,281,Platinum_Credit_Card,8.18,5.0,CBF
100280,281,Gold_Credit_Card,7.69,5.0,CBF
100280,281,Cashback_Card,66.55,15.0,XGBoost
100280,281,Classic_Credit_Card,63.09,30.0,XGBoost
100280,281,Gold_Credit_Card,62.33,30.0,XGBoost
100281,282,Travel_Rewards_Card,39.63,5.0,CBF
100281,282,Titanium_Credit_Card,16.62,5.0,CBF
100281,282,Gold_Credit_Card,9.91,5.0,CBF
100281,282,Cashback_Card,9.26,5.0,CBF
100281,282,Classic_Credit_Card,8.18,5.0,CBF
100281,282,World_Elite_Card,6.87,5.0,CBF
100281,282,Classic_Credit_Card,73.82,30.0,XGBoost
100281,282,Cashback_Card,69.96,15.0,XGBoost
100281,282,Gold_Credit_Card,64.92,30.0,XGBoost
100282,283,Cashback_Card,21.66,5.0,CBF
100282,283,Travel_Rewards_Card,18.39,5.0,CBF
100282,283,Platinum_Credit_Card,16.62,5.0,CBF
100282,283,World_Elite_Card,16.54,5.0,CBF
100282,283,Gold_Credit_Card,11.62,5.0,CBF
100282,283,Classic_Credit_Card,10.99,5.0,CBF
100282,283,Travel_Rewards_Card,86.63,60.0,XGBoost
100282,283,World_Elite_Card,84.48,35.0,XGBoost
100282,283,Platinum_Credit_Card,65.76,25.0,XGBoost
100283,284,Travel_Rewards_Card,39.63,5.0,CBF
100283,284,Titanium_Credit_Card,16.62,5.0,CBF
100283,284,Gold_Credit_Card,9.91,5.0,CBF
100283,284,Cashback_Card,9.26,5.0,CBF
100283,284,Classic_Credit_Card,8.18,5.0,CBF
100283,284,World_Elite_Card,6.87,5.0,CBF
100283,284,Titanium_Credit_Card,88.03,40.0,XGBoost
100283,284,Platinum_Credit_Card,74.78,25.0,XGBoost
100284,285,Cashback_Card,21.66,5.0,CBF
100284,285,Travel_Rewards_Card,18.39,5.0,CBF
100284,285,Platinum_Credit_Card,16.62,5.0,CBF
100284,285,World_Elite_Card,16.54,5.0,CBF
100284,285,Gold_Credit_Card,11.62,5.0,CBF
100284,285,Classic_Credit_Card,10.99,5.0,CBF
100284,285,Travel_Rewards_Card,86.63,60.0,XGBoost
100284,285,World_Elite_Card,84.48,35.0,XGBoost
100284,285,Platinum_Credit_Card,65.76,25.0,XGBoost
100285,286,Cashback_Card,77.59,15.0,XGBoost
100285,286,Gold_Credit_Card,67.53,30.0,XGBoost
100285,286,Classic_Credit_Card,60.48,30.0,XGBoost
100286,287,Travel_Rewards_Card,39.63,5.0,CBF
100286,287,Titanium_Credit_Card,16.62,5.0,CBF
100286,287,Gold_Credit_Card,9.91,5.0,CBF
100286,287,Cashback_Card,9.26,5.0,CBF
100286,287,Classic_Credit_Card,8.18,5.0,CBF
100286,287,World_Elite_Card,6.87,5.0,CBF
100286,287,Travel_Rewards_Card,86.63,60.0,XGBoost
100286,287,World_Elite_Card,84.48,35.0,XGBoost
100286,287,Platinum_Credit_Card,65.76,25.0,XGBoost
100287,288,Travel_Rewards_Card,39.63,5.0,CBF
100287,288,Titanium_Credit_Card,16.62,5.0,CBF
100287,288,Gold_Credit_Card,9.91,5.0,CBF
100287,288,Cashback_Card,9.26,5.0,CBF
100287,288,Classic_Credit_Card,8.18,5.0,CBF
100287,288,World_Elite_Card,6.87,5.0,CBF
100287,288,Titanium_Credit_Card,88.03,40.0,XGBoost
100287,288,Platinum_Credit_Card,74.78,25.0,XGBoost
100288,289,Platinum_Credit_Card,39.63,5.0,CBF
100288,289,World_Elite_Card,34.1,5.0,CBF
100288,289,Titanium_Credit_Card,18.39,5.0,CBF
100288,289,Cashback_Card,12.68,5.0,CBF
100288,289,Classic_Credit_Card,12.68,5.0,CBF
100288,289,Gold_Credit_Card,10.76,5.0,CBF
100288,289,Gold_Credit_Card,71.42,30.0,XGBoost
100288,289,Cashback_Card,70.57,15.0,XGBoost
100288,289,Classic_Credit_Card,66.04,30.0,XGBoost
100289,290,Classic_Credit_Card,29.76,5.0,CBF
100289,290,Gold_Credit_Card,26.67,5.0,CBF
100289,290,Titanium_Credit_Card,21.66,5.0,CBF
100289,290,Travel_Rewards_Card,12.68,5.0,CBF
100289,290,World_Elite_Card,11.77,5.0,CBF
100289,290,Platinum_Credit_Card,9.26,5.0,CBF
100289,290,Travel_Rewards_Card,86.63,60.0,XGBoost
100289,290,World_Elite_Card,84.48,35.0,XGBoost
100289,290,Platinum_Credit_Card,65.76,25.0,XGBoost
100290,291,Classic_Credit_Card,29.76,5.0,CBF
100290,291,Gold_Credit_Card,26.67,5.0,CBF
100290,291,Titanium_Credit_Card,21.66,5.0,CBF
100290,291,Travel_Rewards_Card,12.68,5.0,CBF
100290,291,World_Elite_Card,11.77,5.0,CBF
100290,291,Platinum_Credit_Card,9.26,5.0,CBF
100290,291,Cashback_Card,79.08,15.0,XGBoost
100290,291,Gold_Credit_Card,65.13,30.0,XGBoost
100290,291,Classic_Credit_Card,64.16,30.0,XGBoost
100291,292,Cashback_Card,29.76,5.0,CBF
100291,292,Travel_Rewards_Card,12.68,5.0,CBF
100291,292,Titanium_Credit_Card,10.99,5.0,CBF
100291,292,World_Elite_Card,10.35,5.0,CBF
100291,292,Platinum_Credit_Card,8.18,5.0,CBF
100291,292,Gold_Credit_Card,7.69,5.0,CBF
100291,292,Cashback_Card,77.59,15.0,XGBoost
100291,292,Gold_Credit_Card,67.53,30.0,XGBoost
100291,292,Classic_Credit_Card,60.48,30.0,XGBoost
100292,293,Cashback_Card,79.08,15.0,XGBoost
100292,293,Gold_Credit_Card,65.13,30.0,XGBoost
100292,293,Classic_Credit_Card,64.16,30.0,XGBoost
100293,294,Cashback_Card,26.67,5.0,CBF
100293,294,Titanium_Credit_Card,11.62,5.0,CBF
100293,294,Travel_Rewards_Card,10.76,5.0,CBF
100293,294,World_Elite_Card,9.98,5.0,CBF
100293,294,Platinum_Credit_Card,9.91,5.0,CBF
100293,294,Classic_Credit_Card,7.69,5.0,CBF
100293,294,Cashback_Card,79.08,15.0,XGBoost
100293,294,Gold_Credit_Card,65.13,30.0,XGBoost
100293,294,Classic_Credit_Card,64.16,30.0,XGBoost
100294,295,Cashback_Card,29.76,5.0,CBF
100294,295,Travel_Rewards_Card,12.68,5.0,CBF
100294,295,Titanium_Credit_Card,10.99,5.0,CBF
100294,295,World_Elite_Card,10.35,5.0,CBF
100294,295,Platinum_Credit_Card,8.18,5.0,CBF
100294,295,Gold_Credit_Card,7.69,5.0,CBF
100294,295,World_Elite_Card,85.27,35.0,XGBoost
100294,295,Platinum_Credit_Card,70.69,25.0,XGBoost
100294,295,Travel_Rewards_Card,66.58,60.0,XGBoost
100295,296,Travel_Rewards_Card,34.1,5.0,CBF
100295,296,Titanium_Credit_Card,16.54,5.0,CBF
100295,296,Cashback_Card,11.77,5.0,CBF
100295,296,Classic_Credit_Card,10.35,5.0,CBF
100295,296,Gold_Credit_Card,9.98,5.0,CBF
100295,296,Platinum_Credit_Card,6.87,5.0,CBF
100295,296,World_Elite_Card,77.53,35.0,XGBoost
100295,296,Platinum_Credit_Card,73.58,25.0,XGBoost
100295,296,Travel_Rewards_Card,70.69,60.0,XGBoost
100296,297,Cashback_Card,29.76,5.0,CBF
100296,297,Travel_Rewards_Card,12.68,5.0,CBF
100296,297,Titanium_Credit_Card,10.99,5.0,CBF
100296,297,World_Elite_Card,10.35,5.0,CBF
100296,297,Platinum_Credit_Card,8.18,5.0,CBF
100296,297,Gold_Credit_Card,7.69,5.0,CBF
100296,297,Titanium_Credit_Card,88.03,40.0,XGBoost
100296,297,Platinum_Credit_Card,74.78,25.0,XGBoost
100297,298,Cashback_Card,79.08,15.0,XGBoost
100297,298,Gold_Credit_Card,65.13,30.0,XGBoost
100297,298,Classic_Credit_Card,64.16,30.0,XGBoost
100298,299,Platinum_Credit_Card,39.63,5.0,CBF
100298,299,World_Elite_Card,34.1,5.0,CBF
100298,299,Titanium_Credit_Card,18.39,5.0,CBF
100298,299,Cashback_Card,12.68,5.0,CBF
100298,299,Classic_Credit_Card,12.68,5.0,CBF
100298,299,Gold_Credit_Card,10.76,5.0,CBF
100298,299,Titanium_Credit_Card,88.03,40.0,XGBoost
100298,299,Platinum_Credit_Card,74.78,25.0,XGBoost
100299,300,Cashback_Card,29.76,5.0,CBF
100299,300,Travel_Rewards_Card,12.68,5.0,CBF
100299,300,Titanium_Credit_Card,10.99,5.0,CBF
100299,300,World_Elite_Card,10.35,5.0,CBF
100299,300,Platinum_Credit_Card,8.18,5.0,CBF
100299,300,Gold_Credit_Card,7.69,5.0,CBF
100299,300,Travel_Rewards_Card,86.63,60.0,XGBoost
100299,300,World_Elite_Card,84.48,35.0,XGBoost
100299,300,Platinum_Credit_Card,65.76,25.0,XGBoost
100300,301,Platinum_Credit_Card,39.63,5.0,CBF
100300,301,World_Elite_Card,34.1,5.0,CBF
100300,301,Titanium_Credit_Card,18.39,5.0,CBF
100300,301,Cashback_Card,12.68,5.0,CBF
100300,301,Classic_Credit_Card,12.68,5.0,CBF
100300,301,Gold_Credit_Card,10.76,5.0,CBF
100300,301,Titanium_Credit_Card,83.97,40.0,XGBoost
100300,301,Platinum_Credit_Card,82.01,25.0,XGBoost
100301,302,Travel_Rewards_Card,39.63,5.0,CBF
100301,302,Titanium_Credit_Card,16.62,5.0,CBF
100301,302,Gold_Credit_Card,9.91,5.0,CBF
100301,302,Cashback_Card,9.26,5.0,CBF
100301,302,Classic_Credit_Card,8.18,5.0,CBF
100301,302,World_Elite_Card,6.87,5.0,CBF
100301,302,Travel_Rewards_Card,86.63,60.0,XGBoost
100301,302,World_Elite_Card,84.48,35.0,XGBoost
100301,302,Platinum_Credit_Card,65.76,25.0,XGBoost
100302,303,Cashback_Card,21.66,5.0,CBF
100302,303,Travel_Rewards_Card,18.39,5.0,CBF
100302,303,Platinum_Credit_Card,16.62,5.0,CBF
100302,303,World_Elite_Card,16.54,5.0,CBF
100302,303,Gold_Credit_Card,11.62,5.0,CBF
100302,303,Classic_Credit_Card,10.99,5.0,CBF
100302,303,Titanium_Credit_Card,83.97,40.0,XGBoost
100302,303,Platinum_Credit_Card,82.01,25.0,XGBoost
100303,304,Classic_Credit_Card,29.76,5.0,CBF
100303,304,Gold_Credit_Card,26.67,5.0,CBF
100303,304,Titanium_Credit_Card,21.66,5.0,CBF
100303,304,Travel_Rewards_Card,12.68,5.0,CBF
100303,304,World_Elite_Card,11.77,5.0,CBF
100303,304,Platinum_Credit_Card,9.26,5.0,CBF
100303,304,World_Elite_Card,77.53,35.0,XGBoost
100303,304,Platinum_Credit_Card,73.58,25.0,XGBoost
100303,304,Travel_Rewards_Card,70.69,60.0,XGBoost
100304,305,Platinum_Credit_Card,39.63,5.0,CBF
100304,305,World_Elite_Card,34.1,5.0,CBF
100304,305,Titanium_Credit_Card,18.39,5.0,CBF
100304,305,Cashback_Card,12.68,5.0,CBF
100304,305,Classic_Credit_Card,12.68,5.0,CBF
100304,305,Gold_Credit_Card,10.76,5.0,CBF
100304,305,Cashback_Card,79.08,15.0,XGBoost
100304,305,Gold_Credit_Card,65.13,30.0,XGBoost
100304,305,Classic_Credit_Card,64.16,30.0,XGBoost
100305,306,Travel_Rewards_Card,34.1,5.0,CBF
100305,306,Titanium_Credit_Card,16.54,5.0,CBF
100305,306,Cashback_Card,11.77,5.0,CBF
100305,306,Classic_Credit_Card,10.35,5.0,CBF
100305,306,Gold_Credit_Card,9.98,5.0,CBF
100305,306,Platinum_Credit_Card,6.87,5.0,CBF
100305,306,Titanium_Credit_Card,83.97,40.0,XGBoost
100305,306,Platinum_Credit_Card,82.01,25.0,XGBoost
100306,307,Platinum_Credit_Card,39.63,5.0,CBF
100306,307,World_Elite_Card,34.1,5.0,CBF
100306,307,Titanium_Credit_Card,18.39,5.0,CBF
100306,307,Cashback_Card,12.68,5.0,CBF
100306,307,Classic_Credit_Card,12.68,5.0,CBF
100306,307,Gold_Credit_Card,10.76,5.0,CBF
100306,307,Cashback_Card,77.59,15.0,XGBoost
100306,307,Gold_Credit_Card,67.53,30.0,XGBoost
100306,307,Classic_Credit_Card,60.48,30.0,XGBoost
100307,308,Travel_Rewards_Card,34.1,5.0,CBF
100307,308,Titanium_Credit_Card,16.54,5.0,CBF
100307,308,Cashback_Card,11.77,5.0,CBF
100307,308,Classic_Credit_Card,10.35,5.0,CBF
100307,308,Gold_Credit_Card,9.98,5.0,CBF
100307,308,Platinum_Credit_Card,6.87,5.0,CBF
100307,308,Classic_Credit_Card,73.82,30.0,XGBoost
100307,308,Cashback_Card,69.96,15.0,XGBoost
100307,308,Gold_Credit_Card,64.92,30.0,XGBoost
100308,309,Cashback_Card,26.67,5.0,CBF
100308,309,Titanium_Credit_Card,11.62,5.0,CBF
100308,309,Travel_Rewards_Card,10.76,5.0,CBF
100308,309,World_Elite_Card,9.98,5.0,CBF
100308,309,Platinum_Credit_Card,9.91,5.0,CBF
100308,309,Classic_Credit_Card,7.69,5.0,CBF
100308,309,Travel_Rewards_Card,86.63,60.0,XGBoost
100308,309,World_Elite_Card,84.48,35.0,XGBoost
100308,309,Platinum_Credit_Card,65.76,25.0,XGBoost
100309,310,Travel_Rewards_Card,34.1,5.0,CBF
100309,310,Titanium_Credit_Card,16.54,5.0,CBF
100309,310,Cashback_Card,11.77,5.0,CBF
100309,310,Classic_Credit_Card,10.35,5.0,CBF
100309,310,Gold_Credit_Card,9.98,5.0,CBF
100309,310,Platinum_Credit_Card,6.87,5.0,CBF
100309,310,Cashback_Card,79.08,15.0,XGBoost
100309,310,Gold_Credit_Card,65.13,30.0,XGBoost
100309,310,Classic_Credit_Card,64.16,30.0,XGBoost
100310,311,Classic_Credit_Card,29.76,5.0,CBF
100310,311,Gold_Credit_Card,26.67,5.0,CBF
100310,311,Titanium_Credit_Card,21.66,5.0,CBF
100310,311,Travel_Rewards_Card,12.68,5.0,CBF
100310,311,World_Elite_Card,11.77,5.0,CBF
100310,311,Platinum_Credit_Card,9.26,5.0,CBF
100310,311,Cashback_Card,77.59,15.0,XGBoost
100310,311,Gold_Credit_Card,67.53,30.0,XGBoost
100310,311,Classic_Credit_Card,60.48,30.0,XGBoost
100311,312,Travel_Rewards_Card,86.63,60.0,XGBoost
100311,312,World_Elite_Card,84.48,35.0,XGBoost
100311,312,Platinum_Credit_Card,65.76,25.0,XGBoost
100312,313,Travel_Rewards_Card,39.63,5.0,CBF
100312,313,Titanium_Credit_Card,16.62,5.0,CBF
100312,313,Gold_Credit_Card,9.91,5.0,CBF
100312,313,Cashback_Card,9.26,5.0,CBF
100312,313,Classic_Credit_Card,8.18,5.0,CBF
100312,313,World_Elite_Card,6.87,5.0,CBF
100312,313,Cashback_Card,77.59,15.0,XGBoost
100312,313,Gold_Credit_Card,67.53,30.0,XGBoost
100312,313,Classic_Credit_Card,60.48,30.0,XGBoost
100313,314,Travel_Rewards_Card,39.63,5.0,CBF
100313,314,Titanium_Credit_Card,16.62,5.0,CBF
100313,314,Gold_Credit_Card,9.91,5.0,CBF
100313,314,Cashback_Card,9.26,5.0,CBF
100313,314,Classic_Credit_Card,8.18,5.0,CBF
100313,314,World_Elite_Card,6.87,5.0,CBF
100313,314,World_Elite_Card,85.27,35.0,XGBoost
100313,314,Platinum_Credit_Card,70.69,25.0,XGBoost
100313,314,Travel_Rewards_Card,66.58,60.0,XGBoost
100314,315,Travel_Rewards_Card,34.1,5.0,CBF
100314,315,Titanium_Credit_Card,16.54,5.0,CBF
100314,315,Cashback_Card,11.77,5.0,CBF
100314,315,Classic_Credit_Card,10.35,5.0,CBF
100314,315,Gold_Credit_Card,9.98,5.0,CBF
100314,315,Platinum_Credit_Card,6.87,5.0,CBF
100314,315,World_Elite_Card,85.27,35.0,XGBoost
100314,315,Platinum_Credit_Card,70.69,25.0,XGBoost
100314,315,Travel_Rewards_Card,66.58,60.0,XGBoost
100315,316,Travel_Rewards_Card,34.1,5.0,CBF
100315,316,Titanium_Credit_Card,16.54,5.0,CBF
100315,316,Cashback_Card,11.77,5.0,CBF
100315,316,Classic_Credit_Card,10.35,5.0,CBF
100315,316,Gold_Credit_Card,9.98,5.0,CBF
100315,316,Platinum_Credit_Card,6.87,5.0,CBF
100315,316,Titanium_Credit_Card,88.03,40.0,XGBoost
100315,316,Platinum_Credit_Card,74.78,25.0,XGBoost
100316,317,Travel_Rewards_Card,39.63,5.0,CBF
100316,317,Titanium_Credit_Card,16.62,5.0,CBF
100316,317,Gold_Credit_Card,9.91,5.0,CBF
100316,317,Cashback_Card,9.26,5.0,CBF
100316,317,Classic_Credit_Card,8.18,5.0,CBF
100316,317,World_Elite_Card,6.87,5.0,CBF
100316,317,Cashback_Card,66.55,15.0,XGBoost
100316,317,Classic_Credit_Card,63.09,30.0,XGBoost
100316,317,Gold_Credit_Card,62.33,30.0,XGBoost
100317,318,Platinum_Credit_Card,39.63,5.0,CBF
100317,318,World_Elite_Card,34.1,5.0,CBF
100317,318,Titanium_Credit_Card,18.39,5.0,CBF
100317,318,Cashback_Card,12.68,5.0,CBF
100317,318,Classic_Credit_Card,12.68,5.0,CBF
100317,318,Gold_Credit_Card,10.76,5.0,CBF
100317,318,Titanium_Credit_Card,83.97,40.0,XGBoost
100317,318,Platinum_Credit_Card,82.01,25.0,XGBoost
100318,319,Travel_Rewards_Card,34.1,5.0,CBF
100318,319,Titanium_Credit_Card,16.54,5.0,CBF
100318,319,Cashback_Card,11.77,5.0,CBF
100318,319,Classic_Credit_Card,10.35,5.0,CBF
100318,319,Gold_Credit_Card,9.98,5.0,CBF
100318,319,Platinum_Credit_Card,6.87,5.0,CBF
100318,319,World_Elite_Card,77.53,35.0,XGBoost
100318,319,Platinum_Credit_Card,73.58,25.0,XGBoost
100318,319,Travel_Rewards_Card,70.69,60.0,XGBoost
100319,320,Cashback_Card,26.67,5.0,CBF
100319,320,Titanium_Credit_Card,11.62,5.0,CBF
100319,320,Travel_Rewards_Card,10.76,5.0,CBF
100319,320,World_Elite_Card,9.98,5.0,CBF
100319,320,Platinum_Credit_Card,9.91,5.0,CBF
100319,320,Classic_Credit_Card,7.69,5.0,CBF
100319,320,Titanium_Credit_Card,88.03,40.0,XGBoost
100319,320,Platinum_Credit_Card,74.78,25.0,XGBoost
100320,321,Cashback_Card,26.67,5.0,CBF
100320,321,Titanium_Credit_Card,11.62,5.0,CBF
100320,321,Travel_Rewards_Card,10.76,5.0,CBF
100320,321,World_Elite_Card,9.98,5.0,CBF
100320,321,Platinum_Credit_Card,9.91,5.0,CBF
100320,321,Classic_Credit_Card,7.69,5.0,CBF
100320,321,World_Elite_Card,85.27,35.0,XGBoost
100320,321,Platinum_Credit_Card,70.69,25.0,XGBoost
100320,321,Travel_Rewards_Card,66.58,60.0,XGBoost
100321,322,Cashback_Card,29.76,5.0,CBF
100321,322,Travel_Rewards_Card,12.68,5.0,CBF
100321,322,Titanium_Credit_Card,10.99,5.0,CBF
100321,322,World_Elite_Card,10.35,5.0,CBF
100321,322,Platinum_Credit_Card,8.18,5.0,CBF
100321,322,Gold_Credit_Card,7.69,5.0,CBF
100321,322,Titanium_Credit_Card,83.97,40.0,XGBoost
100321,322,Platinum_Credit_Card,82.01,25.0,XGBoost
100322,323,Cashback_Card,79.08,15.0,XGBoost
100322,323,Gold_Credit_Card,65.13,30.0,XGBoost
100322,323,Classic_Credit_Card,64.16,30.0,XGBoost
100323,324,Cashback_Card,26.67,5.0,CBF
100323,324,Titanium_Credit_Card,11.62,5.0,CBF
100323,324,Travel_Rewards_Card,10.76,5.0,CBF
100323,324,World_Elite_Card,9.98,5.0,CBF
100323,324,Platinum_Credit_Card,9.91,5.0,CBF
100323,324,Classic_Credit_Card,7.69,5.0,CBF
100323,324,World_Elite_Card,85.27,35.0,XGBoost
100323,324,Platinum_Credit_Card,70.69,25.0,XGBoost
100323,324,Travel_Rewards_Card,66.58,60.0,XGBoost
100324,325,Classic_Credit_Card,29.76,5.0,CBF
100324,325,Gold_Credit_Card,26.67,5.0,CBF
100324,325,Titanium_Credit_Card,21.66,5.0,CBF
100324,325,Travel_Rewards_Card,12.68,5.0,CBF
100324,325,World_Elite_Card,11.77,5.0,CBF
100324,325,Platinum_Credit_Card,9.26,5.0,CBF
100324,325,Cashback_Card,66.55,15.0,XGBoost
100324,325,Classic_Credit_Card,63.09,30.0,XGBoost
100324,325,Gold_Credit_Card,62.33,30.0,XGBoost
100325,326,Platinum_Credit_Card,39.63,5.0,CBF
100325,326,World_Elite_Card,34.1,5.0,CBF
100325,326,Titanium_Credit_Card,18.39,5.0,CBF
100325,326,Cashback_Card,12.68,5.0,CBF
100325,326,Classic_Credit_Card,12.68,5.0,CBF
100325,326,Gold_Credit_Card,10.76,5.0,CBF
100325,326,Cashback_Card,79.08,15.0,XGBoost
100325,326,Gold_Credit_Card,65.13,30.0,XGBoost
100325,326,Classic_Credit_Card,64.16,30.0,XGBoost
100326,327,Platinum_Credit_Card,39.63,5.0,CBF
100326,327,World_Elite_Card,34.1,5.0,CBF
100326,327,Titanium_Credit_Card,18.39,5.0,CBF
100326,327,Cashback_Card,12.68,5.0,CBF
100326,327,Classic_Credit_Card,12.68,5.0,CBF
100326,327,Gold_Credit_Card,10.76,5.0,CBF
100326,327,Titanium_Credit_Card,88.03,40.0,XGBoost
100326,327,Platinum_Credit_Card,74.78,25.0,XGBoost
100327,328,Cashback_Card,21.66,5.0,CBF
100327,328,Travel_Rewards_Card,18.39,5.0,CBF
100327,328,Platinum_Credit_Card,16.62,5.0,CBF
100327,328,World_Elite_Card,16.54,5.0,CBF
100327,328,Gold_Credit_Card,11.62,5.0,CBF
100327,328,Classic_Credit_Card,10.99,5.0,CBF
100327,328,Gold_Credit_Card,71.42,30.0,XGBoost
100327,328,Cashback_Card,70.57,15.0,XGBoost
100327,328,Classic_Credit_Card,66.04,30.0,XGBoost
100328,329,Cashback_Card,29.76,5.0,CBF
100328,329,Travel_Rewards_Card,12.68,5.0,CBF
100328,329,Titanium_Credit_Card,10.99,5.0,CBF
100328,329,World_Elite_Card,10.35,5.0,CBF
100328,329,Platinum_Credit_Card,8.18,5.0,CBF
100328,329,Gold_Credit_Card,7.69,5.0,CBF
100328,329,Travel_Rewards_Card,86.63,60.0,XGBoost
100328,329,World_Elite_Card,84.48,35.0,XGBoost
100328,329,Platinum_Credit_Card,65.76,25.0,XGBoost
100329,330,Classic_Credit_Card,73.82,30.0,XGBoost
100329,330,Cashback_Card,69.96,15.0,XGBoost
100329,330,Gold_Credit_Card,64.92,30.0,XGBoost
100330,331,Platinum_Credit_Card,39.63,5.0,CBF
100330,331,World_Elite_Card,34.1,5.0,CBF
100330,331,Titanium_Credit_Card,18.39,5.0,CBF
100330,331,Cashback_Card,12.68,5.0,CBF
100330,331,Classic_Credit_Card,12.68,5.0,CBF
100330,331,Gold_Credit_Card,10.76,5.0,CBF
100330,331,Gold_Credit_Card,71.42,30.0,XGBoost
100330,331,Cashback_Card,70.57,15.0,XGBoost
100330,331,Classic_Credit_Card,66.04,30.0,XGBoost
100331,332,Cashback_Card,21.66,5.0,CBF
100331,332,Travel_Rewards_Card,18.39,5.0,CBF
100331,332,Platinum_Credit_Card,16.62,5.0,CBF
100331,332,World_Elite_Card,16.54,5.0,CBF
100331,332,Gold_Credit_Card,11.62,5.0,CBF
100331,332,Classic_Credit_Card,10.99,5.0,CBF
100331,332,Classic_Credit_Card,73.82,30.0,XGBoost
100331,332,Cashback_Card,69.96,15.0,XGBoost
100331,332,Gold_Credit_Card,64.92,30.0,XGBoost
100332,333,Cashback_Card,29.76,5.0,CBF
100332,333,Travel_Rewards_Card,12.68,5.0,CBF
100332,333,Titanium_Credit_Card,10.99,5.0,CBF
100332,333,World_Elite_Card,10.35,5.0,CBF
100332,333,Platinum_Credit_Card,8.18,5.0,CBF
100332,333,Gold_Credit_Card,7.69,5.0,CBF
100332,333,Cashback_Card,77.59,15.0,XGBoost
100332,333,Gold_Credit_Card,67.53,30.0,XGBoost
100332,333,Classic_Credit_Card,60.48,30.0,XGBoost
100333,334,Travel_Rewards_Card,34.1,5.0,CBF
100333,334,Titanium_Credit_Card,16.54,5.0,CBF
100333,334,Cashback_Card,11.77,5.0,CBF
100333,334,Classic_Credit_Card,10.35,5.0,CBF
100333,334,Gold_Credit_Card,9.98,5.0,CBF
100333,334,Platinum_Credit_Card,6.87,5.0,CBF
100333,334,World_Elite_Card,85.27,35.0,XGBoost
100333,334,Platinum_Credit_Card,70.69,25.0,XGBoost
100333,334,Travel_Rewards_Card,66.58,60.0,XGBoost
100334,335,Cashback_Card,26.67,5.0,CBF
100334,335,Titanium_Credit_Card,11.62,5.0,CBF
100334,335,Travel_Rewards_Card,10.76,5.0,CBF
100334,335,World_Elite_Card,9.98,5.0,CBF
100334,335,Platinum_Credit_Card,9.91,5.0,CBF
100334,335,Classic_Credit_Card,7.69,5.0,CBF
100334,335,Titanium_Credit_Card,83.97,40.0,XGBoost
100334,335,Platinum_Credit_Card,82.01,25.0,XGBoost
100335,336,Cashback_Card,26.67,5.0,CBF
100335,336,Titanium_Credit_Card,11.62,5.0,CBF
100335,336,Travel_Rewards_Card,10.76,5.0,CBF
100335,336,World_Elite_Card,9.98,5.0,CBF
100335,336,Platinum_Credit_Card,9.91,5.0,CBF
100335,336,Classic_Credit_Card,7.69,5.0,CBF
100335,336,Classic_Credit_Card,73.82,30.0,XGBoost
100335,336,Cashback_Card,69.96,15.0,XGBoost
100335,336,Gold_Credit_Card,64.92,30.0,XGBoost
100336,337,Travel_Rewards_Card,39.63,5.0,CBF
100336,337,Titanium_Credit_Card,16.62,5.0,CBF
100336,337,Gold_Credit_Card,9.91,5.0,CBF
100336,337,Cashback_Card,9.26,5.0,CBF
100336,337,Classic_Credit_Card,8.18,5.0,CBF
100336,337,World_Elite_Card,6.87,5.0,CBF
100336,337,Titanium_Credit_Card,83.97,40.0,XGBoost
100336,337,Platinum_Credit_Card,82.01,25.0,XGBoost
100337,338,Platinum_Credit_Card,39.63,5.0,CBF
100337,338,World_Elite_Card,34.1,5.0,CBF
100337,338,Titanium_Credit_Card,18.39,5.0,CBF
100337,338,Cashback_Card,12.68,5.0,CBF
100337,338,Classic_Credit_Card,12.68,5.0,CBF
100337,338,Gold_Credit_Card,10.76,5.0,CBF
100337,338,Gold_Credit_Card,71.42,30.0,XGBoost
100337,338,Cashback_Card,70.57,15.0,XGBoost
100337,338,Classic_Credit_Card,66.04,30.0,XGBoost
100338,339,Travel_Rewards_Card,34.1,5.0,CBF
100338,339,Titanium_Credit_Card,16.54,5.0,CBF
100338,339,Cashback_Card,11.77,5.0,CBF
100338,339,Classic_Credit_Card,10.35,5.0,CBF
100338,339,Gold_Credit_Card,9.98,5.0,CBF
100338,339,Platinum_Credit_Card,6.87,5.0,CBF
100338,339,Cashback_Card,79.08,15.0,XGBoost
100338,339,Gold_Credit_Card,65.13,30.0,XGBoost
100338,339,Classic_Credit_Card,64.16,30.0,XGBoost
100339,340,Classic_Credit_Card,29.76,5.0,CBF
100339,340,Gold_Credit_Card,26.67,5.0,CBF
100339,340,Titanium_Credit_Card,21.66,5.0,CBF
100339,340,Travel_Rewards_Card,12.68,5.0,CBF
100339,340,World_Elite_Card,11.77,5.0,CBF
100339,340,Platinum_Credit_Card,9.26,5.0,CBF
100339,340,World_Elite_Card,85.27,35.0,XGBoost
100339,340,Platinum_Credit_Card,70.69,25.0,XGBoost
100339,340,Travel_Rewards_Card,66.58,60.0,XGBoost
100340,341,Cashback_Card,26.67,5.0,CBF
100340,341,Titanium_Credit_Card,11.62,5.0,CBF
100340,341,Travel_Rewards_Card,10.76,5.0,CBF
100340,341,World_Elite_Card,9.98,5.0,CBF
100340,341,Platinum_Credit_Card,9.91,5.0,CBF
100340,341,Classic_Credit_Card,7.69,5.0,CBF
100340,341,Gold_Credit_Card,71.42,30.0,XGBoost
100340,341,Cashback_Card,70.57,15.0,XGBoost
100340,341,Classic_Credit_Card,66.04,30.0,XGBoost
100341,342,Cashback_Card,21.66,5.0,CBF
100341,342,Travel_Rewards_Card,18.39,5.0,CBF
100341,342,Platinum_Credit_Card,16.62,5.0,CBF
100341,342,World_Elite_Card,16.54,5.0,CBF
100341,342,Gold_Credit_Card,11.62,5.0,CBF
100341,342,Classic_Credit_Card,10.99,5.0,CBF
100341,342,Titanium_Credit_Card,83.97,40.0,XGBoost
100341,342,Platinum_Credit_Card,82.01,25.0,XGBoost
100342,343,Cashback_Card,26.67,5.0,CBF
100342,343,Titanium_Credit_Card,11.62,5.0,CBF
100342,343,Travel_Rewards_Card,10.76,5.0,CBF
100342,343,World_Elite_Card,9.98,5.0,CBF
100342,343,Platinum_Credit_Card,9.91,5.0,CBF
100342,343,Classic_Credit_Card,7.69,5.0,CBF
100342,343,Cashback_Card,77.59,15.0,XGBoost
100342,343,Gold_Credit_Card,67.53,30.0,XGBoost
100342,343,Classic_Credit_Card,60.48,30.0,XGBoost
100343,344,Cashback_Card,21.66,5.0,CBF
100343,344,Travel_Rewards_Card,18.39,5.0,CBF
100343,344,Platinum_Credit_Card,16.62,5.0,CBF
100343,344,World_Elite_Card,16.54,5.0,CBF
100343,344,Gold_Credit_Card,11.62,5.0,CBF
100343,344,Classic_Credit_Card,10.99,5.0,CBF
100343,344,World_Elite_Card,77.53,35.0,XGBoost
100343,344,Platinum_Credit_Card,73.58,25.0,XGBoost
100343,344,Travel_Rewards_Card,70.69,60.0,XGBoost
100344,345,Travel_Rewards_Card,86.63,60.0,XGBoost
100344,345,World_Elite_Card,84.48,35.0,XGBoost
100344,345,Platinum_Credit_Card,65.76,25.0,XGBoost
100345,346,Classic_Credit_Card,29.76,5.0,CBF
100345,346,Gold_Credit_Card,26.67,5.0,CBF
100345,346,Titanium_Credit_Card,21.66,5.0,CBF
100345,346,Travel_Rewards_Card,12.68,5.0,CBF
100345,346,World_Elite_Card,11.77,5.0,CBF
100345,346,Platinum_Credit_Card,9.26,5.0,CBF
100345,346,World_Elite_Card,77.53,35.0,XGBoost
100345,346,Platinum_Credit_Card,73.58,25.0,XGBoost
100345,346,Travel_Rewards_Card,70.69,60.0,XGBoost
100346,347,Cashback_Card,26.67,5.0,CBF
100346,347,Titanium_Credit_Card,11.62,5.0,CBF
100346,347,Travel_Rewards_Card,10.76,5.0,CBF
100346,347,World_Elite_Card,9.98,5.0,CBF
100346,347,Platinum_Credit_Card,9.91,5.0,CBF
100346,347,Classic_Credit_Card,7.69,5.0,CBF
100346,347,Cashback_Card,66.55,15.0,XGBoost
100346,347,Classic_Credit_Card,63.09,30.0,XGBoost
100346,347,Gold_Credit_Card,62.33,30.0,XGBoost
100347,348,Cashback_Card,79.08,15.0,XGBoost
100347,348,Gold_Credit_Card,65.13,30.0,XGBoost
100347,348,Classic_Credit_Card,64.16,30.0,XGBoost
100348,349,Travel_Rewards_Card,39.63,5.0,CBF
100348,349,Titanium_Credit_Card,16.62,5.0,CBF
100348,349,Gold_Credit_Card,9.91,5.0,CBF
100348,349,Cashback_Card,9.26,5.0,CBF
100348,349,Classic_Credit_Card,8.18,5.0,CBF
100348,349,World_Elite_Card,6.87,5.0,CBF
100348,349,World_Elite_Card,85.27,35.0,XGBoost
100348,349,Platinum_Credit_Card,70.69,25.0,XGBoost
100348,349,Travel_Rewards_Card,66.58,60.0,XGBoost
100349,350,Cashback_Card,21.66,5.0,CBF
100349,350,Travel_Rewards_Card,18.39,5.0,CBF
100349,350,Platinum_Credit_Card,16.62,5.0,CBF
100349,350,World_Elite_Card,16.54,5.0,CBF
100349,350,Gold_Credit_Card,11.62,5.0,CBF
100349,350,Classic_Credit_Card,10.99,5.0,CBF
100349,350,Titanium_Credit_Card,83.97,40.0,XGBoost
100349,350,Platinum_Credit_Card,82.01,25.0,XGBoost
100350,351,Classic_Credit_Card,29.76,5.0,CBF
100350,351,Gold_Credit_Card,26.67,5.0,CBF
100350,351,Titanium_Credit_Card,21.66,5.0,CBF
100350,351,Travel_Rewards_Card,12.68,5.0,CBF
100350,351,World_Elite_Card,11.77,5.0,CBF
100350,351,Platinum_Credit_Card,9.26,5.0,CBF
100350,351,Classic_Credit_Card,73.82,30.0,XGBoost
100350,351,Cashback_Card,69.96,15.0,XGBoost
100350,351,Gold_Credit_Card,64.92,30.0,XGBoost
100351,352,Cashback_Card,26.67,5.0,CBF
100351,352,Titanium_Credit_Card,11.62,5.0,CBF
100351,352,Travel_Rewards_Card,10.76,5.0,CBF
100351,352,World_Elite_Card,9.98,5.0,CBF
100351,352,Platinum_Credit_Card,9.91,5.0,CBF
100351,352,Classic_Credit_Card,7.69,5.0,CBF
100351,352,Titanium_Credit_Card,88.03,40.0,XGBoost
100351,352,Platinum_Credit_Card,74.78,25.0,XGBoost
100352,353,Cashback_Card,26.67,5.0,CBF
100352,353,Titanium_Credit_Card,11.62,5.0,CBF
100352,353,Travel_Rewards_Card,10.76,5.0,CBF
100352,353,World_Elite_Card,9.98,5.0,CBF
100352,353,Platinum_Credit_Card,9.91,5.0,CBF
100352,353,Classic_Credit_Card,7.69,5.0,CBF
100352,353,Cashback_Card,77.59,15.0,XGBoost
100352,353,Gold_Credit_Card,67.53,30.0,XGBoost
100352,353,Classic_Credit_Card,60.48,30.0,XGBoost
100353,354,Cashback_Card,29.76,5.0,CBF
100353,354,Travel_Rewards_Card,12.68,5.0,CBF
100353,354,Titanium_Credit_Card,10.99,5.0,CBF
100353,354,World_Elite_Card,10.35,5.0,CBF
100353,354,Platinum_Credit_Card,8.18,5.0,CBF
100353,354,Gold_Credit_Card,7.69,5.0,CBF
100353,354,Gold_Credit_Card,71.42,30.0,XGBoost
100353,354,Cashback_Card,70.57,15.0,XGBoost
100353,354,Classic_Credit_Card,66.04,30.0,XGBoost
100354,355,Platinum_Credit_Card,39.63,5.0,CBF
100354,355,World_Elite_Card,34.1,5.0,CBF
100354,355,Titanium_Credit_Card,18.39,5.0,CBF
100354,355,Cashback_Card,12.68,5.0,CBF
100354,355,Classic_Credit_Card,12.68,5.0,CBF
100354,355,Gold_Credit_Card,10.76,5.0,CBF
100354,355,World_Elite_Card,77.53,35.0,XGBoost
100354,355,Platinum_Credit_Card,73.58,25.0,XGBoost
100354,355,Travel_Rewards_Card,70.69,60.0,XGBoost
100355,356,Travel_Rewards_Card,34.1,5.0,CBF
100355,356,Titanium_Credit_Card,16.54,5.0,CBF
100355,356,Cashback_Card,11.77,5.0,CBF
100355,356,Classic_Credit_Card,10.35,5.0,CBF
100355,356,Gold_Credit_Card,9.98,5.0,CBF
100355,356,Platinum_Credit_Card,6.87,5.0,CBF
100355,356,Cashback_Card,77.59,15.0,XGBoost
100355,356,Gold_Credit_Card,67.53,30.0,XGBoost
100355,356,Classic_Credit_Card,60.48,30.0,XGBoost
100356,357,Cashback_Card,21.66,5.0,CBF
100356,357,Travel_Rewards_Card,18.39,5.0,CBF
100356,357,Platinum_Credit_Card,16.62,5.0,CBF
100356,357,World_Elite_Card,16.54,5.0,CBF
100356,357,Gold_Credit_Card,11.62,5.0,CBF
100356,357,Classic_Credit_Card,10.99,5.0,CBF
100356,357,Cashback_Card,66.55,15.0,XGBoost
100356,357,Classic_Credit_Card,63.09,30.0,XGBoost
100356,357,Gold_Credit_Card,62.33,30.0,XGBoost
100357,358,Travel_Rewards_Card,34.1,5.0,CBF
100357,358,Titanium_Credit_Card,16.54,5.0,CBF
100357,358,Cashback_Card,11.77,5.0,CBF
100357,358,Classic_Credit_Card,10.35,5.0,CBF
100357,358,Gold_Credit_Card,9.98,5.0,CBF
100357,358,Platinum_Credit_Card,6.87,5.0,CBF
100357,358,Titanium_Credit_Card,83.97,40.0,XGBoost
100357,358,Platinum_Credit_Card,82.01,25.0,XGBoost
100358,359,Travel_Rewards_Card,39.63,5.0,CBF
100358,359,Titanium_Credit_Card,16.62,5.0,CBF
100358,359,Gold_Credit_Card,9.91,5.0,CBF
100358,359,Cashback_Card,9.26,5.0,CBF
100358,359,Classic_Credit_Card,8.18,5.0,CBF
100358,359,World_Elite_Card,6.87,5.0,CBF
100358,359,Cashback_Card,77.59,15.0,XGBoost
100358,359,Gold_Credit_Card,67.53,30.0,XGBoost
100358,359,Classic_Credit_Card,60.48,30.0,XGBoost
100359,360,Classic_Credit_Card,29.76,5.0,CBF
100359,360,Gold_Credit_Card,26.67,5.0,CBF
100359,360,Titanium_Credit_Card,21.66,5.0,CBF
100359,360,Travel_Rewards_Card,12.68,5.0,CBF
100359,360,World_Elite_Card,11.77,5.0,CBF
100359,360,Platinum_Credit_Card,9.26,5.0,CBF
100359,360,Cashback_Card,79.08,15.0,XGBoost
100359,360,Gold_Credit_Card,65.13,30.0,XGBoost
100359,360,Classic_Credit_Card,64.16,30.0,XGBoost
100360,361,Cashback_Card,21.66,5.0,CBF
100360,361,Travel_Rewards_Card,18.39,5.0,CBF
100360,361,Platinum_Credit_Card,16.62,5.0,CBF
100360,361,World_Elite_Card,16.54,5.0,CBF
100360,361,Gold_Credit_Card,11.62,5.0,CBF
100360,361,Classic_Credit_Card,10.99,5.0,CBF
100360,361,Cashback_Card,66.55,15.0,XGBoost
100360,361,Classic_Credit_Card,63.09,30.0,XGBoost
100360,361,Gold_Credit_Card,62.33,30.0,XGBoost
100361,362,Classic_Credit_Card,29.76,5.0,CBF
100361,362,Gold_Credit_Card,26.67,5.0,CBF
100361,362,Titanium_Credit_Card,21.66,5.0,CBF
100361,362,Travel_Rewards_Card,12.68,5.0,CBF
100361,362,World_Elite_Card,11.77,5.0,CBF
100361,362,Platinum_Credit_Card,9.26,5.0,CBF
100361,362,Cashback_Card,79.08,15.0,XGBoost
100361,362,Gold_Credit_Card,65.13,30.0,XGBoost
100361,362,Classic_Credit_Card,64.16,30.0,XGBoost
100362,363,Travel_Rewards_Card,34.1,5.0,CBF
100362,363,Titanium_Credit_Card,16.54,5.0,CBF
100362,363,Cashback_Card,11.77,5.0,CBF
100362,363,Classic_Credit_Card,10.35,5.0,CBF
100362,363,Gold_Credit_Card,9.98,5.0,CBF
100362,363,Platinum_Credit_Card,6.87,5.0,CBF
100362,363,World_Elite_Card,77.53,35.0,XGBoost
100362,363,Platinum_Credit_Card,73.58,25.0,XGBoost
100362,363,Travel_Rewards_Card,70.69,60.0,XGBoost
100363,364,Cashback_Card,26.67,5.0,CBF
100363,364,Titanium_Credit_Card,11.62,5.0,CBF
100363,364,Travel_Rewards_Card,10.76,5.0,CBF
100363,364,World_Elite_Card,9.98,5.0,CBF
100363,364,Platinum_Credit_Card,9.91,5.0,CBF
100363,364,Classic_Credit_Card,7.69,5.0,CBF
100363,364,Titanium_Credit_Card,88.03,40.0,XGBoost
100363,364,Platinum_Credit_Card,74.78,25.0,XGBoost
100364,365,Cashback_Card,26.67,5.0,CBF
100364,365,Titanium_Credit_Card,11.62,5.0,CBF
100364,365,Travel_Rewards_Card,10.76,5.0,CBF
100364,365,World_Elite_Card,9.98,5.0,CBF
100364,365,Platinum_Credit_Card,9.91,5.0,CBF
100364,365,Classic_Credit_Card,7.69,5.0,CBF
100364,365,Titanium_Credit_Card,83.97,40.0,XGBoost
100364,365,Platinum_Credit_Card,82.01,25.0,XGBoost
100365,366,Cashback_Card,26.67,5.0,CBF
100365,366,Titanium_Credit_Card,11.62,5.0,CBF
100365,366,Travel_Rewards_Card,10.76,5.0,CBF
100365,366,World_Elite_Card,9.98,5.0,CBF
100365,366,Platinum_Credit_Card,9.91,5.0,CBF
100365,366,Classic_Credit_Card,7.69,5.0,CBF
100365,366,World_Elite_Card,77.53,35.0,XGBoost
100365,366,Platinum_Credit_Card,73.58,25.0,XGBoost
100365,366,Travel_Rewards_Card,70.69,60.0,XGBoost
100366,367,Cashback_Card,29.76,5.0,CBF
100366,367,Travel_Rewards_Card,12.68,5.0,CBF
100366,367,Titanium_Credit_Card,10.99,5.0,CBF
100366,367,World_Elite_Card,10.35,5.0,CBF
100366,367,Platinum_Credit_Card,8.18,5.0,CBF
100366,367,Gold_Credit_Card,7.69,5.0,CBF
100366,367,Cashback_Card,79.08,15.0,XGBoost
100366,367,Gold_Credit_Card,65.13,30.0,XGBoost
100366,367,Classic_Credit_Card,64.16,30.0,XGBoost
100367,368,Cashback_Card,26.67,5.0,CBF
100367,368,Titanium_Credit_Card,11.62,5.0,CBF
100367,368,Travel_Rewards_Card,10.76,5.0,CBF
100367,368,World_Elite_Card,9.98,5.0,CBF
100367,368,Platinum_Credit_Card,9.91,5.0,CBF
100367,368,Classic_Credit_Card,7.69,5.0,CBF
100367,368,Travel_Rewards_Card,86.63,60.0,XGBoost
100367,368,World_Elite_Card,84.48,35.0,XGBoost
100367,368,Platinum_Credit_Card,65.76,25.0,XGBoost
100368,369,Platinum_Credit_Card,39.63,5.0,CBF
100368,369,World_Elite_Card,34.1,5.0,CBF
100368,369,Titanium_Credit_Card,18.39,5.0,CBF
100368,369,Cashback_Card,12.68,5.0,CBF
100368,369,Classic_Credit_Card,12.68,5.0,CBF
100368,369,Gold_Credit_Card,10.76,5.0,CBF
100368,369,Gold_Credit_Card,71.42,30.0,XGBoost
100368,369,Cashback_Card,70.57,15.0,XGBoost
100368,369,Classic_Credit_Card,66.04,30.0,XGBoost
100369,370,Cashback_Card,29.76,5.0,CBF
100369,370,Travel_Rewards_Card,12.68,5.0,CBF
100369,370,Titanium_Credit_Card,10.99,5.0,CBF
100369,370,World_Elite_Card,10.35,5.0,CBF
100369,370,Platinum_Credit_Card,8.18,5.0,CBF
100369,370,Gold_Credit_Card,7.69,5.0,CBF
100369,370,Cashback_Card,77.59,15.0,XGBoost
100369,370,Gold_Credit_Card,67.53,30.0,XGBoost
100369,370,Classic_Credit_Card,60.48,30.0,XGBoost
100370,371,Travel_Rewards_Card,39.63,5.0,CBF
100370,371,Titanium_Credit_Card,16.62,5.0,CBF
100370,371,Gold_Credit_Card,9.91,5.0,CBF
100370,371,Cashback_Card,9.26,5.0,CBF
100370,371,Classic_Credit_Card,8.18,5.0,CBF
100370,371,World_Elite_Card,6.87,5.0,CBF
100370,371,Gold_Credit_Card,71.42,30.0,XGBoost
100370,371,Cashback_Card,70.57,15.0,XGBoost
100370,371,Classic_Credit_Card,66.04,30.0,XGBoost
100371,372,Travel_Rewards_Card,34.1,5.0,CBF
100371,372,Titanium_Credit_Card,16.54,5.0,CBF
100371,372,Cashback_Card,11.77,5.0,CBF
100371,372,Classic_Credit_Card,10.35,5.0,CBF
100371,372,Gold_Credit_Card,9.98,5.0,CBF
100371,372,Platinum_Credit_Card,6.87,5.0,CBF
100371,372,Cashback_Card,79.08,15.0,XGBoost
100371,372,Gold_Credit_Card,65.13,30.0,XGBoost
100371,372,Classic_Credit_Card,64.16,30.0,XGBoost
100372,373,Travel_Rewards_Card,34.1,5.0,CBF
100372,373,Titanium_Credit_Card,16.54,5.0,CBF
100372,373,Cashback_Card,11.77,5.0,CBF
100372,373,Classic_Credit_Card,10.35,5.0,CBF
100372,373,Gold_Credit_Card,9.98,5.0,CBF
100372,373,Platinum_Credit_Card,6.87,5.0,CBF
100372,373,Cashback_Card,79.08,15.0,XGBoost
100372,373,Gold_Credit_Card,65.13,30.0,XGBoost
100372,373,Classic_Credit_Card,64.16,30.0,XGBoost
100373,374,Classic_Credit_Card,29.76,5.0,CBF
100373,374,Gold_Credit_Card,26.67,5.0,CBF
100373,374,Titanium_Credit_Card,21.66,5.0,CBF
100373,374,Travel_Rewards_Card,12.68,5.0,CBF
100373,374,World_Elite_Card,11.77,5.0,CBF
100373,374,Platinum_Credit_Card,9.26,5.0,CBF
100373,374,Travel_Rewards_Card,86.63,60.0,XGBoost
100373,374,World_Elite_Card,84.48,35.0,XGBoost
100373,374,Platinum_Credit_Card,65.76,25.0,XGBoost
100374,375,Classic_Credit_Card,29.76,5.0,CBF
100374,375,Gold_Credit_Card,26.67,5.0,CBF
100374,375,Titanium_Credit_Card,21.66,5.0,CBF
100374,375,Travel_Rewards_Card,12.68,5.0,CBF
100374,375,World_Elite_Card,11.77,5.0,CBF
100374,375,Platinum_Credit_Card,9.26,5.0,CBF
100374,375,Gold_Credit_Card,71.42,30.0,XGBoost
100374,375,Cashback_Card,70.57,15.0,XGBoost
100374,375,Classic_Credit_Card,66.04,30.0,XGBoost
100375,376,Travel_Rewards_Card,34.1,5.0,CBF
100375,376,Titanium_Credit_Card,16.54,5.0,CBF
100375,376,Cashback_Card,11.77,5.0,CBF
100375,376,Classic_Credit_Card,10.35,5.0,CBF
100375,376,Gold_Credit_Card,9.98,5.0,CBF
100375,376,Platinum_Credit_Card,6.87,5.0,CBF
100375,376,Cashback_Card,79.08,15.0,XGBoost
100375,376,Gold_Credit_Card,65.13,30.0,XGBoost
100375,376,Classic_Credit_Card,64.16,30.0,XGBoost
100376,377,Platinum_Credit_Card,39.63,5.0,CBF
100376,377,World_Elite_Card,34.1,5.0,CBF
100376,377,Titanium_Credit_Card,18.39,5.0,CBF
100376,377,Cashback_Card,12.68,5.0,CBF
100376,377,Classic_Credit_Card,12.68,5.0,CBF
100376,377,Gold_Credit_Card,10.76,5.0,CBF
100376,377,Cashback_Card,77.59,15.0,XGBoost
100376,377,Gold_Credit_Card,67.53,30.0,XGBoost
100376,377,Classic_Credit_Card,60.48,30.0,XGBoost
100377,378,Travel_Rewards_Card,34.1,5.0,CBF
100377,378,Titanium_Credit_Card,16.54,5.0,CBF
100377,378,Cashback_Card,11.77,5.0,CBF
100377,378,Classic_Credit_Card,10.35,5.0,CBF
100377,378,Gold_Credit_Card,9.98,5.0,CBF
100377,378,Platinum_Credit_Card,6.87,5.0,CBF
100377,378,Cashback_Card,66.55,15.0,XGBoost
100377,378,Classic_Credit_Card,63.09,30.0,XGBoost
100377,378,Gold_Credit_Card,62.33,30.0,XGBoost
100378,379,Travel_Rewards_Card,39.63,5.0,CBF
100378,379,Titanium_Credit_Card,16.62,5.0,CBF
100378,379,Gold_Credit_Card,9.91,5.0,CBF
100378,379,Cashback_Card,9.26,5.0,CBF
100378,379,Classic_Credit_Card,8.18,5.0,CBF
100378,379,World_Elite_Card,6.87,5.0,CBF
100378,379,World_Elite_Card,77.53,35.0,XGBoost
100378,379,Platinum_Credit_Card,73.58,25.0,XGBoost
100378,379,Travel_Rewards_Card,70.69,60.0,XGBoost
100379,380,Cashback_Card,21.66,5.0,CBF
100379,380,Travel_Rewards_Card,18.39,5.0,CBF
100379,380,Platinum_Credit_Card,16.62,5.0,CBF
100379,380,World_Elite_Card,16.54,5.0,CBF
100379,380,Gold_Credit_Card,11.62,5.0,CBF
100379,380,Classic_Credit_Card,10.99,5.0,CBF
100379,380,World_Elite_Card,85.27,35.0,XGBoost
100379,380,Platinum_Credit_Card,70.69,25.0,XGBoost
100379,380,Travel_Rewards_Card,66.58,60.0,XGBoost
100380,381,Cashback_Card,29.76,5.0,CBF
100380,381,Travel_Rewards_Card,12.68,5.0,CBF
100380,381,Titanium_Credit_Card,10.99,5.0,CBF
100380,381,World_Elite_Card,10.35,5.0,CBF
100380,381,Platinum_Credit_Card,8.18,5.0,CBF
100380,381,Gold_Credit_Card,7.69,5.0,CBF
100380,381,World_Elite_Card,85.27,35.0,XGBoost
100380,381,Platinum_Credit_Card,70.69,25.0,XGBoost
100380,381,Travel_Rewards_Card,66.58,60.0,XGBoost
100381,382,Platinum_Credit_Card,39.63,5.0,CBF
100381,382,World_Elite_Card,34.1,5.0,CBF
100381,382,Titanium_Credit_Card,18.39,5.0,CBF
100381,382,Cashback_Card,12.68,5.0,CBF
100381,382,Classic_Credit_Card,12.68,5.0,CBF
100381,382,Gold_Credit_Card,10.76,5.0,CBF
100381,382,Gold_Credit_Card,71.42,30.0,XGBoost
100381,382,Cashback_Card,70.57,15.0,XGBoost
100381,382,Classic_Credit_Card,66.04,30.0,XGBoost
100382,383,World_Elite_Card,85.27,35.0,XGBoost
100382,383,Platinum_Credit_Card,70.69,25.0,XGBoost
100382,383,Travel_Rewards_Card,66.58,60.0,XGBoost
100383,384,Travel_Rewards_Card,39.63,5.0,CBF
100383,384,Titanium_Credit_Card,16.62,5.0,CBF
100383,384,Gold_Credit_Card,9.91,5.0,CBF
100383,384,Cashback_Card,9.26,5.0,CBF
100383,384,Classic_Credit_Card,8.18,5.0,CBF
100383,384,World_Elite_Card,6.87,5.0,CBF
100383,384,Gold_Credit_Card,71.42,30.0,XGBoost
100383,384,Cashback_Card,70.57,15.0,XGBoost
100383,384,Classic_Credit_Card,66.04,30.0,XGBoost
100384,385,Cashback_Card,21.66,5.0,CBF
100384,385,Travel_Rewards_Card,18.39,5.0,CBF
100384,385,Platinum_Credit_Card,16.62,5.0,CBF
100384,385,World_Elite_Card,16.54,5.0,CBF
100384,385,Gold_Credit_Card,11.62,5.0,CBF
100384,385,Classic_Credit_Card,10.99,5.0,CBF
100384,385,World_Elite_Card,85.27,35.0,XGBoost
100384,385,Platinum_Credit_Card,70.69,25.0,XGBoost
100384,385,Travel_Rewards_Card,66.58,60.0,XGBoost
100385,386,Travel_Rewards_Card,39.63,5.0,CBF
100385,386,Titanium_Credit_Card,16.62,5.0,CBF
100385,386,Gold_Credit_Card,9.91,5.0,CBF
100385,386,Cashback_Card,9.26,5.0,CBF
100385,386,Classic_Credit_Card,8.18,5.0,CBF
100385,386,World_Elite_Card,6.87,5.0,CBF
100385,386,Cashback_Card,77.59,15.0,XGBoost
100385,386,Gold_Credit_Card,67.53,30.0,XGBoost
100385,386,Classic_Credit_Card,60.48,30.0,XGBoost
100386,387,Cashback_Card,26.67,5.0,CBF
100386,387,Titanium_Credit_Card,11.62,5.0,CBF
100386,387,Travel_Rewards_Card,10.76,5.0,CBF
100386,387,World_Elite_Card,9.98,5.0,CBF
100386,387,Platinum_Credit_Card,9.91,5.0,CBF
100386,387,Classic_Credit_Card,7.69,5.0,CBF
100386,387,Classic_Credit_Card,73.82,30.0,XGBoost
100386,387,Cashback_Card,69.96,15.0,XGBoost
100386,387,Gold_Credit_Card,64.92,30.0,XGBoost
100387,388,Travel_Rewards_Card,34.1,5.0,CBF
100387,388,Titanium_Credit_Card,16.54,5.0,CBF
100387,388,Cashback_Card,11.77,5.0,CBF
100387,388,Classic_Credit_Card,10.35,5.0,CBF
100387,388,Gold_Credit_Card,9.98,5.0,CBF
100387,388,Platinum_Credit_Card,6.87,5.0,CBF
100387,388,Gold_Credit_Card,71.42,30.0,XGBoost
100387,388,Cashback_Card,70.57,15.0,XGBoost
100387,388,Classic_Credit_Card,66.04,30.0,XGBoost
100389,390,Cashback_Card,26.67,5.0,CBF
100389,390,Titanium_Credit_Card,11.62,5.0,CBF
100389,390,Travel_Rewards_Card,10.76,5.0,CBF
100389,390,World_Elite_Card,9.98,5.0,CBF
100389,390,Platinum_Credit_Card,9.91,5.0,CBF
100389,390,Classic_Credit_Card,7.69,5.0,CBF
100389,390,World_Elite_Card,77.53,35.0,XGBoost
100389,390,Platinum_Credit_Card,73.58,25.0,XGBoost
100389,390,Travel_Rewards_Card,70.69,60.0,XGBoost
100390,391,Platinum_Credit_Card,39.63,5.0,CBF
100390,391,World_Elite_Card,34.1,5.0,CBF
100390,391,Titanium_Credit_Card,18.39,5.0,CBF
100390,391,Cashback_Card,12.68,5.0,CBF
100390,391,Classic_Credit_Card,12.68,5.0,CBF
100390,391,Gold_Credit_Card,10.76,5.0,CBF
100390,391,Cashback_Card,77.59,15.0,XGBoost
100390,391,Gold_Credit_Card,67.53,30.0,XGBoost
100390,391,Classic_Credit_Card,60.48,30.0,XGBoost
100391,392,Cashback_Card,21.66,5.0,CBF
100391,392,Travel_Rewards_Card,18.39,5.0,CBF
100391,392,Platinum_Credit_Card,16.62,5.0,CBF
100391,392,World_Elite_Card,16.54,5.0,CBF
100391,392,Gold_Credit_Card,11.62,5.0,CBF
100391,392,Classic_Credit_Card,10.99,5.0,CBF
100391,392,World_Elite_Card,85.27,35.0,XGBoost
100391,392,Platinum_Credit_Card,70.69,25.0,XGBoost
100391,392,Travel_Rewards_Card,66.58,60.0,XGBoost
100392,393,Platinum_Credit_Card,39.63,5.0,CBF
100392,393,World_Elite_Card,34.1,5.0,CBF
100392,393,Titanium_Credit_Card,18.39,5.0,CBF
100392,393,Cashback_Card,12.68,5.0,CBF
100392,393,Classic_Credit_Card,12.68,5.0,CBF
100392,393,Gold_Credit_Card,10.76,5.0,CBF
100392,393,Cashback_Card,77.59,15.0,XGBoost
100392,393,Gold_Credit_Card,67.53,30.0,XGBoost
100392,393,Classic_Credit_Card,60.48,30.0,XGBoost
100393,394,Classic_Credit_Card,29.76,5.0,CBF
100393,394,Gold_Credit_Card,26.67,5.0,CBF
100393,394,Titanium_Credit_Card,21.66,5.0,CBF
100393,394,Travel_Rewards_Card,12.68,5.0,CBF
100393,394,World_Elite_Card,11.77,5.0,CBF
100393,394,Platinum_Credit_Card,9.26,5.0,CBF
100393,394,Titanium_Credit_Card,83.97,40.0,XGBoost
100393,394,Platinum_Credit_Card,82.01,25.0,XGBoost
100394,395,World_Elite_Card,77.53,35.0,XGBoost
100394,395,Platinum_Credit_Card,73.58,25.0,XGBoost
100394,395,Travel_Rewards_Card,70.69,60.0,XGBoost
100395,396,Cashback_Card,21.66,5.0,CBF
100395,396,Travel_Rewards_Card,18.39,5.0,CBF
100395,396,Platinum_Credit_Card,16.62,5.0,CBF
100395,396,World_Elite_Card,16.54,5.0,CBF
100395,396,Gold_Credit_Card,11.62,5.0,CBF
100395,396,Classic_Credit_Card,10.99,5.0,CBF
100395,396,Cashback_Card,79.08,15.0,XGBoost
100395,396,Gold_Credit_Card,65.13,30.0,XGBoost
100395,396,Classic_Credit_Card,64.16,30.0,XGBoost
100396,397,Cashback_Card,26.67,5.0,CBF
100396,397,Titanium_Credit_Card,11.62,5.0,CBF
100396,397,Travel_Rewards_Card,10.76,5.0,CBF
100396,397,World_Elite_Card,9.98,5.0,CBF
100396,397,Platinum_Credit_Card,9.91,5.0,CBF
100396,397,Classic_Credit_Card,7.69,5.0,CBF
100396,397,Titanium_Credit_Card,83.97,40.0,XGBoost
100396,397,Platinum_Credit_Card,82.01,25.0,XGBoost
100397,398,Cashback_Card,29.76,5.0,CBF
100397,398,Travel_Rewards_Card,12.68,5.0,CBF
100397,398,Titanium_Credit_Card,10.99,5.0,CBF
100397,398,World_Elite_Card,10.35,5.0,CBF
100397,398,Platinum_Credit_Card,8.18,5.0,CBF
100397,398,Gold_Credit_Card,7.69,5.0,CBF
100397,398,Classic_Credit_Card,73.82,30.0,XGBoost
100397,398,Cashback_Card,69.96,15.0,XGBoost
100397,398,Gold_Credit_Card,64.92,30.0,XGBoost
100398,399,Cashback_Card,21.66,5.0,CBF
100398,399,Travel_Rewards_Card,18.39,5.0,CBF
100398,399,Platinum_Credit_Card,16.62,5.0,CBF
100398,399,World_Elite_Card,16.54,5.0,CBF
100398,399,Gold_Credit_Card,11.62,5.0,CBF
100398,399,Classic_Credit_Card,10.99,5.0,CBF
100398,399,World_Elite_Card,77.53,35.0,XGBoost
100398,399,Platinum_Credit_Card,73.58,25.0,XGBoost
100398,399,Travel_Rewards_Card,70.69,60.0,XGBoost
100399,400,Platinum_Credit_Card,39.63,5.0,CBF
100399,400,World_Elite_Card,34.1,5.0,CBF
100399,400,Titanium_Credit_Card,18.39,5.0,CBF
100399,400,Cashback_Card,12.68,5.0,CBF
100399,400,Classic_Credit_Card,12.68,5.0,CBF
100399,400,Gold_Credit_Card,10.76,5.0,CBF
100399,400,Titanium_Credit_Card,88.03,40.0,XGBoost
100399,400,Platinum_Credit_Card,74.78,25.0,XGBoost
100400,401,Classic_Credit_Card,29.76,5.0,CBF
100400,401,Gold_Credit_Card,26.67,5.0,CBF
100400,401,Titanium_Credit_Card,21.66,5.0,CBF
100400,401,Travel_Rewards_Card,12.68,5.0,CBF
100400,401,World_Elite_Card,11.77,5.0,CBF
100400,401,Platinum_Credit_Card,9.26,5.0,CBF
100400,401,Travel_Rewards_Card,86.63,60.0,XGBoost
100400,401,World_Elite_Card,84.48,35.0,XGBoost
100400,401,Platinum_Credit_Card,65.76,25.0,XGBoost
100401,402,Platinum_Credit_Card,39.63,5.0,CBF
100401,402,World_Elite_Card,34.1,5.0,CBF
100401,402,Titanium_Credit_Card,18.39,5.0,CBF
100401,402,Cashback_Card,12.68,5.0,CBF
100401,402,Classic_Credit_Card,12.68,5.0,CBF
100401,402,Gold_Credit_Card,10.76,5.0,CBF
100401,402,Gold_Credit_Card,71.42,30.0,XGBoost
100401,402,Cashback_Card,70.57,15.0,XGBoost
100401,402,Classic_Credit_Card,66.04,30.0,XGBoost
100402,403,Travel_Rewards_Card,34.1,5.0,CBF
100402,403,Titanium_Credit_Card,16.54,5.0,CBF
100402,403,Cashback_Card,11.77,5.0,CBF
100402,403,Classic_Credit_Card,10.35,5.0,CBF
100402,403,Gold_Credit_Card,9.98,5.0,CBF
100402,403,Platinum_Credit_Card,6.87,5.0,CBF
100402,403,Travel_Rewards_Card,86.63,60.0,XGBoost
100402,403,World_Elite_Card,84.48,35.0,XGBoost
100402,403,Platinum_Credit_Card,65.76,25.0,XGBoost
100403,404,Cashback_Card,26.67,5.0,CBF
100403,404,Titanium_Credit_Card,11.62,5.0,CBF
100403,404,Travel_Rewards_Card,10.76,5.0,CBF
100403,404,World_Elite_Card,9.98,5.0,CBF
100403,404,Platinum_Credit_Card,9.91,5.0,CBF
100403,404,Classic_Credit_Card,7.69,5.0,CBF
100403,404,World_Elite_Card,85.27,35.0,XGBoost
100403,404,Platinum_Credit_Card,70.69,25.0,XGBoost
100403,404,Travel_Rewards_Card,66.58,60.0,XGBoost
100404,405,Cashback_Card,29.76,5.0,CBF
100404,405,Travel_Rewards_Card,12.68,5.0,CBF
100404,405,Titanium_Credit_Card,10.99,5.0,CBF
100404,405,World_Elite_Card,10.35,5.0,CBF
100404,405,Platinum_Credit_Card,8.18,5.0,CBF
100404,405,Gold_Credit_Card,7.69,5.0,CBF
100404,405,World_Elite_Card,77.53,35.0,XGBoost
100404,405,Platinum_Credit_Card,73.58,25.0,XGBoost
100404,405,Travel_Rewards_Card,70.69,60.0,XGBoost
100405,406,Classic_Credit_Card,29.76,5.0,CBF
100405,406,Gold_Credit_Card,26.67,5.0,CBF
100405,406,Titanium_Credit_Card,21.66,5.0,CBF
100405,406,Travel_Rewards_Card,12.68,5.0,CBF
100405,406,World_Elite_Card,11.77,5.0,CBF
100405,406,Platinum_Credit_Card,9.26,5.0,CBF
100405,406,Titanium_Credit_Card,88.03,40.0,XGBoost
100405,406,Platinum_Credit_Card,74.78,25.0,XGBoost
100406,407,Cashback_Card,21.66,5.0,CBF
100406,407,Travel_Rewards_Card,18.39,5.0,CBF
100406,407,Platinum_Credit_Card,16.62,5.0,CBF
100406,407,World_Elite_Card,16.54,5.0,CBF
100406,407,Gold_Credit_Card,11.62,5.0,CBF
100406,407,Classic_Credit_Card,10.99,5.0,CBF
100406,407,Classic_Credit_Card,73.82,30.0,XGBoost
100406,407,Cashback_Card,69.96,15.0,XGBoost
100406,407,Gold_Credit_Card,64.92,30.0,XGBoost
100407,408,Cashback_Card,29.76,5.0,CBF
100407,408,Travel_Rewards_Card,12.68,5.0,CBF
100407,408,Titanium_Credit_Card,10.99,5.0,CBF
100407,408,World_Elite_Card,10.35,5.0,CBF
100407,408,Platinum_Credit_Card,8.18,5.0,CBF
100407,408,Gold_Credit_Card,7.69,5.0,CBF
100407,408,Travel_Rewards_Card,86.63,60.0,XGBoost
100407,408,World_Elite_Card,84.48,35.0,XGBoost
100407,408,Platinum_Credit_Card,65.76,25.0,XGBoost
100408,409,Platinum_Credit_Card,39.63,5.0,CBF
100408,409,World_Elite_Card,34.1,5.0,CBF
100408,409,Titanium_Credit_Card,18.39,5.0,CBF
100408,409,Cashback_Card,12.68,5.0,CBF
100408,409,Classic_Credit_Card,12.68,5.0,CBF
100408,409,Gold_Credit_Card,10.76,5.0,CBF
100408,409,Classic_Credit_Card,73.82,30.0,XGBoost
100408,409,Cashback_Card,69.96,15.0,XGBoost
100408,409,Gold_Credit_Card,64.92,30.0,XGBoost
100409,410,Platinum_Credit_Card,39.63,5.0,CBF
100409,410,World_Elite_Card,34.1,5.0,CBF
100409,410,Titanium_Credit_Card,18.39,5.0,CBF
100409,410,Cashback_Card,12.68,5.0,CBF
100409,410,Classic_Credit_Card,12.68,5.0,CBF
100409,410,Gold_Credit_Card,10.76,5.0,CBF
100409,410,Titanium_Credit_Card,88.03,40.0,XGBoost
100409,410,Platinum_Credit_Card,74.78,25.0,XGBoost
100410,411,Classic_Credit_Card,29.76,5.0,CBF
100410,411,Gold_Credit_Card,26.67,5.0,CBF
100410,411,Titanium_Credit_Card,21.66,5.0,CBF
100410,411,Travel_Rewards_Card,12.68,5.0,CBF
100410,411,World_Elite_Card,11.77,5.0,CBF
100410,411,Platinum_Credit_Card,9.26,5.0,CBF
100410,411,Cashback_Card,79.08,15.0,XGBoost
100410,411,Gold_Credit_Card,65.13,30.0,XGBoost
100410,411,Classic_Credit_Card,64.16,30.0,XGBoost
100411,412,Travel_Rewards_Card,39.63,5.0,CBF
100411,412,Titanium_Credit_Card,16.62,5.0,CBF
100411,412,Gold_Credit_Card,9.91,5.0,CBF
100411,412,Cashback_Card,9.26,5.0,CBF
100411,412,Classic_Credit_Card,8.18,5.0,CBF
100411,412,World_Elite_Card,6.87,5.0,CBF
100411,412,Titanium_Credit_Card,88.03,40.0,XGBoost
100411,412,Platinum_Credit_Card,74.78,25.0,XGBoost
100412,413,Travel_Rewards_Card,39.63,5.0,CBF
100412,413,Titanium_Credit_Card,16.62,5.0,CBF
100412,413,Gold_Credit_Card,9.91,5.0,CBF
100412,413,Cashback_Card,9.26,5.0,CBF
100412,413,Classic_Credit_Card,8.18,5.0,CBF
100412,413,World_Elite_Card,6.87,5.0,CBF
100412,413,Gold_Credit_Card,71.42,30.0,XGBoost
100412,413,Cashback_Card,70.57,15.0,XGBoost
100412,413,Classic_Credit_Card,66.04,30.0,XGBoost
100413,414,Cashback_Card,29.76,5.0,CBF
100413,414,Travel_Rewards_Card,12.68,5.0,CBF
100413,414,Titanium_Credit_Card,10.99,5.0,CBF
100413,414,World_Elite_Card,10.35,5.0,CBF
100413,414,Platinum_Credit_Card,8.18,5.0,CBF
100413,414,Gold_Credit_Card,7.69,5.0,CBF
100413,414,World_Elite_Card,85.27,35.0,XGBoost
100413,414,Platinum_Credit_Card,70.69,25.0,XGBoost
100413,414,Travel_Rewards_Card,66.58,60.0,XGBoost
100414,415,Travel_Rewards_Card,34.1,5.0,CBF
100414,415,Titanium_Credit_Card,16.54,5.0,CBF
100414,415,Cashback_Card,11.77,5.0,CBF
100414,415,Classic_Credit_Card,10.35,5.0,CBF
100414,415,Gold_Credit_Card,9.98,5.0,CBF
100414,415,Platinum_Credit_Card,6.87,5.0,CBF
100414,415,Classic_Credit_Card,73.82,30.0,XGBoost
100414,415,Cashback_Card,69.96,15.0,XGBoost
100414,415,Gold_Credit_Card,64.92,30.0,XGBoost
100415,416,Classic_Credit_Card,29.76,5.0,CBF
100415,416,Gold_Credit_Card,26.67,5.0,CBF
100415,416,Titanium_Credit_Card,21.66,5.0,CBF
100415,416,Travel_Rewards_Card,12.68,5.0,CBF
100415,416,World_Elite_Card,11.77,5.0,CBF
100415,416,Platinum_Credit_Card,9.26,5.0,CBF
100415,416,Classic_Credit_Card,73.82,30.0,XGBoost
100415,416,Cashback_Card,69.96,15.0,XGBoost
100415,416,Gold_Credit_Card,64.92,30.0,XGBoost
100416,417,Travel_Rewards_Card,39.63,5.0,CBF
100416,417,Titanium_Credit_Card,16.62,5.0,CBF
100416,417,Gold_Credit_Card,9.91,5.0,CBF
100416,417,Cashback_Card,9.26,5.0,CBF
100416,417,Classic_Credit_Card,8.18,5.0,CBF
100416,417,World_Elite_Card,6.87,5.0,CBF
100416,417,Travel_Rewards_Card,86.63,60.0,XGBoost
100416,417,World_Elite_Card,84.48,35.0,XGBoost
100416,417,Platinum_Credit_Card,65.76,25.0,XGBoost
100417,418,Travel_Rewards_Card,39.63,5.0,CBF
100417,418,Titanium_Credit_Card,16.62,5.0,CBF
100417,418,Gold_Credit_Card,9.91,5.0,CBF
100417,418,Cashback_Card,9.26,5.0,CBF
100417,418,Classic_Credit_Card,8.18,5.0,CBF
100417,418,World_Elite_Card,6.87,5.0,CBF
100417,418,World_Elite_Card,85.27,35.0,XGBoost
100417,418,Platinum_Credit_Card,70.69,25.0,XGBoost
100417,418,Travel_Rewards_Card,66.58,60.0,XGBoost
100418,419,Classic_Credit_Card,29.76,5.0,CBF
100418,419,Gold_Credit_Card,26.67,5.0,CBF
100418,419,Titanium_Credit_Card,21.66,5.0,CBF
100418,419,Travel_Rewards_Card,12.68,5.0,CBF
100418,419,World_Elite_Card,11.77,5.0,CBF
100418,419,Platinum_Credit_Card,9.26,5.0,CBF
100418,419,Titanium_Credit_Card,88.03,40.0,XGBoost
100418,419,Platinum_Credit_Card,74.78,25.0,XGBoost
100419,420,Travel_Rewards_Card,39.63,5.0,CBF
100419,420,Titanium_Credit_Card,16.62,5.0,CBF
100419,420,Gold_Credit_Card,9.91,5.0,CBF
100419,420,Cashback_Card,9.26,5.0,CBF
100419,420,Classic_Credit_Card,8.18,5.0,CBF
100419,420,World_Elite_Card,6.87,5.0,CBF
100419,420,Gold_Credit_Card,71.42,30.0,XGBoost
100419,420,Cashback_Card,70.57,15.0,XGBoost
100419,420,Classic_Credit_Card,66.04,30.0,XGBoost
100420,421,Cashback_Card,26.67,5.0,CBF
100420,421,Titanium_Credit_Card,11.62,5.0,CBF
100420,421,Travel_Rewards_Card,10.76,5.0,CBF
100420,421,World_Elite_Card,9.98,5.0,CBF
100420,421,Platinum_Credit_Card,9.91,5.0,CBF
100420,421,Classic_Credit_Card,7.69,5.0,CBF
100420,421,Cashback_Card,79.08,15.0,XGBoost
100420,421,Gold_Credit_Card,65.13,30.0,XGBoost
100420,421,Classic_Credit_Card,64.16,30.0,XGBoost
100421,422,Cashback_Card,26.67,5.0,CBF
100421,422,Titanium_Credit_Card,11.62,5.0,CBF
100421,422,Travel_Rewards_Card,10.76,5.0,CBF
100421,422,World_Elite_Card,9.98,5.0,CBF
100421,422,Platinum_Credit_Card,9.91,5.0,CBF
100421,422,Classic_Credit_Card,7.69,5.0,CBF
100421,422,Gold_Credit_Card,71.42,30.0,XGBoost
100421,422,Cashback_Card,70.57,15.0,XGBoost
100421,422,Classic_Credit_Card,66.04,30.0,XGBoost
100422,423,Cashback_Card,29.76,5.0,CBF
100422,423,Travel_Rewards_Card,12.68,5.0,CBF
100422,423,Titanium_Credit_Card,10.99,5.0,CBF
100422,423,World_Elite_Card,10.35,5.0,CBF
100422,423,Platinum_Credit_Card,8.18,5.0,CBF
100422,423,Gold_Credit_Card,7.69,5.0,CBF
100422,423,Cashback_Card,77.59,15.0,XGBoost
100422,423,Gold_Credit_Card,67.53,30.0,XGBoost
100422,423,Classic_Credit_Card,60.48,30.0,XGBoost
100423,424,Travel_Rewards_Card,39.63,5.0,CBF
100423,424,Titanium_Credit_Card,16.62,5.0,CBF
100423,424,Gold_Credit_Card,9.91,5.0,CBF
100423,424,Cashback_Card,9.26,5.0,CBF
100423,424,Classic_Credit_Card,8.18,5.0,CBF
100423,424,World_Elite_Card,6.87,5.0,CBF
100423,424,World_Elite_Card,77.53,35.0,XGBoost
100423,424,Platinum_Credit_Card,73.58,25.0,XGBoost
100423,424,Travel_Rewards_Card,70.69,60.0,XGBoost
100424,425,Cashback_Card,26.67,5.0,CBF
100424,425,Titanium_Credit_Card,11.62,5.0,CBF
100424,425,Travel_Rewards_Card,10.76,5.0,CBF
100424,425,World_Elite_Card,9.98,5.0,CBF
100424,425,Platinum_Credit_Card,9.91,5.0,CBF
100424,425,Classic_Credit_Card,7.69,5.0,CBF
100424,425,Cashback_Card,66.55,15.0,XGBoost
100424,425,Classic_Credit_Card,63.09,30.0,XGBoost
100424,425,Gold_Credit_Card,62.33,30.0,XGBoost
100425,426,Travel_Rewards_Card,34.1,5.0,CBF
100425,426,Titanium_Credit_Card,16.54,5.0,CBF
100425,426,Cashback_Card,11.77,5.0,CBF
100425,426,Classic_Credit_Card,10.35,5.0,CBF
100425,426,Gold_Credit_Card,9.98,5.0,CBF
100425,426,Platinum_Credit_Card,6.87,5.0,CBF
100425,426,Titanium_Credit_Card,88.03,40.0,XGBoost
100425,426,Platinum_Credit_Card,74.78,25.0,XGBoost
100426,427,Cashback_Card,21.66,5.0,CBF
100426,427,Travel_Rewards_Card,18.39,5.0,CBF
100426,427,Platinum_Credit_Card,16.62,5.0,CBF
100426,427,World_Elite_Card,16.54,5.0,CBF
100426,427,Gold_Credit_Card,11.62,5.0,CBF
100426,427,Classic_Credit_Card,10.99,5.0,CBF
100426,427,Classic_Credit_Card,73.82,30.0,XGBoost
100426,427,Cashback_Card,69.96,15.0,XGBoost
100426,427,Gold_Credit_Card,64.92,30.0,XGBoost
100427,428,Platinum_Credit_Card,39.63,5.0,CBF
100427,428,World_Elite_Card,34.1,5.0,CBF
100427,428,Titanium_Credit_Card,18.39,5.0,CBF
100427,428,Cashback_Card,12.68,5.0,CBF
100427,428,Classic_Credit_Card,12.68,5.0,CBF
100427,428,Gold_Credit_Card,10.76,5.0,CBF
100427,428,Titanium_Credit_Card,83.97,40.0,XGBoost
100427,428,Platinum_Credit_Card,82.01,25.0,XGBoost
100428,429,Platinum_Credit_Card,39.63,5.0,CBF
100428,429,World_Elite_Card,34.1,5.0,CBF
100428,429,Titanium_Credit_Card,18.39,5.0,CBF
100428,429,Cashback_Card,12.68,5.0,CBF
100428,429,Classic_Credit_Card,12.68,5.0,CBF
100428,429,Gold_Credit_Card,10.76,5.0,CBF
100428,429,Classic_Credit_Card,73.82,30.0,XGBoost
100428,429,Cashback_Card,69.96,15.0,XGBoost
100428,429,Gold_Credit_Card,64.92,30.0,XGBoost
100429,430,Cashback_Card,21.66,5.0,CBF
100429,430,Travel_Rewards_Card,18.39,5.0,CBF
100429,430,Platinum_Credit_Card,16.62,5.0,CBF
100429,430,World_Elite_Card,16.54,5.0,CBF
100429,430,Gold_Credit_Card,11.62,5.0,CBF
100429,430,Classic_Credit_Card,10.99,5.0,CBF
100429,430,World_Elite_Card,85.27,35.0,XGBoost
100429,430,Platinum_Credit_Card,70.69,25.0,XGBoost
100429,430,Travel_Rewards_Card,66.58,60.0,XGBoost
100430,431,Gold_Credit_Card,71.42,30.0,XGBoost
100430,431,Cashback_Card,70.57,15.0,XGBoost
100430,431,Classic_Credit_Card,66.04,30.0,XGBoost
100431,432,Titanium_Credit_Card,88.03,40.0,XGBoost
100431,432,Platinum_Credit_Card,74.78,25.0,XGBoost
100432,433,Travel_Rewards_Card,34.1,5.0,CBF
100432,433,Titanium_Credit_Card,16.54,5.0,CBF
100432,433,Cashback_Card,11.77,5.0,CBF
100432,433,Classic_Credit_Card,10.35,5.0,CBF
100432,433,Gold_Credit_Card,9.98,5.0,CBF
100432,433,Platinum_Credit_Card,6.87,5.0,CBF
100432,433,Cashback_Card,66.55,15.0,XGBoost
100432,433,Classic_Credit_Card,63.09,30.0,XGBoost
100432,433,Gold_Credit_Card,62.33,30.0,XGBoost
100433,434,Cashback_Card,21.66,5.0,CBF
100433,434,Travel_Rewards_Card,18.39,5.0,CBF
100433,434,Platinum_Credit_Card,16.62,5.0,CBF
100433,434,World_Elite_Card,16.54,5.0,CBF
100433,434,Gold_Credit_Card,11.62,5.0,CBF
100433,434,Classic_Credit_Card,10.99,5.0,CBF
100433,434,Cashback_Card,79.08,15.0,XGBoost
100433,434,Gold_Credit_Card,65.13,30.0,XGBoost
100433,434,Classic_Credit_Card,64.16,30.0,XGBoost
100434,435,Travel_Rewards_Card,34.1,5.0,CBF
100434,435,Titanium_Credit_Card,16.54,5.0,CBF
100434,435,Cashback_Card,11.77,5.0,CBF
100434,435,Classic_Credit_Card,10.35,5.0,CBF
100434,435,Gold_Credit_Card,9.98,5.0,CBF
100434,435,Platinum_Credit_Card,6.87,5.0,CBF
100434,435,World_Elite_Card,85.27,35.0,XGBoost
100434,435,Platinum_Credit_Card,70.69,25.0,XGBoost
100434,435,Travel_Rewards_Card,66.58,60.0,XGBoost
100435,436,Cashback_Card,26.67,5.0,CBF
100435,436,Titanium_Credit_Card,11.62,5.0,CBF
100435,436,Travel_Rewards_Card,10.76,5.0,CBF
100435,436,World_Elite_Card,9.98,5.0,CBF
100435,436,Platinum_Credit_Card,9.91,5.0,CBF
100435,436,Classic_Credit_Card,7.69,5.0,CBF
100435,436,Classic_Credit_Card,73.82,30.0,XGBoost
100435,436,Cashback_Card,69.96,15.0,XGBoost
100435,436,Gold_Credit_Card,64.92,30.0,XGBoost
100436,437,Travel_Rewards_Card,39.63,5.0,CBF
100436,437,Titanium_Credit_Card,16.62,5.0,CBF
100436,437,Gold_Credit_Card,9.91,5.0,CBF
100436,437,Cashback_Card,9.26,5.0,CBF
100436,437,Classic_Credit_Card,8.18,5.0,CBF
100436,437,World_Elite_Card,6.87,5.0,CBF
100436,437,Cashback_Card,66.55,15.0,XGBoost
100436,437,Classic_Credit_Card,63.09,30.0,XGBoost
100436,437,Gold_Credit_Card,62.33,30.0,XGBoost
100437,438,Classic_Credit_Card,29.76,5.0,CBF
100437,438,Gold_Credit_Card,26.67,5.0,CBF
100437,438,Titanium_Credit_Card,21.66,5.0,CBF
100437,438,Travel_Rewards_Card,12.68,5.0,CBF
100437,438,World_Elite_Card,11.77,5.0,CBF
100437,438,Platinum_Credit_Card,9.26,5.0,CBF
100437,438,Cashback_Card,66.55,15.0,XGBoost
100437,438,Classic_Credit_Card,63.09,30.0,XGBoost
100437,438,Gold_Credit_Card,62.33,30.0,XGBoost
100438,439,Travel_Rewards_Card,34.1,5.0,CBF
100438,439,Titanium_Credit_Card,16.54,5.0,CBF
100438,439,Cashback_Card,11.77,5.0,CBF
100438,439,Classic_Credit_Card,10.35,5.0,CBF
100438,439,Gold_Credit_Card,9.98,5.0,CBF
100438,439,Platinum_Credit_Card,6.87,5.0,CBF
100438,439,World_Elite_Card,85.27,35.0,XGBoost
100438,439,Platinum_Credit_Card,70.69,25.0,XGBoost
100438,439,Travel_Rewards_Card,66.58,60.0,XGBoost
100439,440,Cashback_Card,26.67,5.0,CBF
100439,440,Titanium_Credit_Card,11.62,5.0,CBF
100439,440,Travel_Rewards_Card,10.76,5.0,CBF
100439,440,World_Elite_Card,9.98,5.0,CBF
100439,440,Platinum_Credit_Card,9.91,5.0,CBF
100439,440,Classic_Credit_Card,7.69,5.0,CBF
100439,440,Gold_Credit_Card,71.42,30.0,XGBoost
100439,440,Cashback_Card,70.57,15.0,XGBoost
100439,440,Classic_Credit_Card,66.04,30.0,XGBoost
100441,442,Travel_Rewards_Card,34.1,5.0,CBF
100441,442,Titanium_Credit_Card,16.54,5.0,CBF
100441,442,Cashback_Card,11.77,5.0,CBF
100441,442,Classic_Credit_Card,10.35,5.0,CBF
100441,442,Gold_Credit_Card,9.98,5.0,CBF
100441,442,Platinum_Credit_Card,6.87,5.0,CBF
100441,442,Gold_Credit_Card,71.42,30.0,XGBoost
100441,442,Cashback_Card,70.57,15.0,XGBoost
100441,442,Classic_Credit_Card,66.04,30.0,XGBoost
100442,443,Cashback_Card,26.67,5.0,CBF
100442,443,Titanium_Credit_Card,11.62,5.0,CBF
100442,443,Travel_Rewards_Card,10.76,5.0,CBF
100442,443,World_Elite_Card,9.98,5.0,CBF
100442,443,Platinum_Credit_Card,9.91,5.0,CBF
100442,443,Classic_Credit_Card,7.69,5.0,CBF
100442,443,Cashback_Card,66.55,15.0,XGBoost
100442,443,Classic_Credit_Card,63.09,30.0,XGBoost
100442,443,Gold_Credit_Card,62.33,30.0,XGBoost
100443,444,Cashback_Card,29.76,5.0,CBF
100443,444,Travel_Rewards_Card,12.68,5.0,CBF
100443,444,Titanium_Credit_Card,10.99,5.0,CBF
100443,444,World_Elite_Card,10.35,5.0,CBF
100443,444,Platinum_Credit_Card,8.18,5.0,CBF
100443,444,Gold_Credit_Card,7.69,5.0,CBF
100443,444,Classic_Credit_Card,73.82,30.0,XGBoost
100443,444,Cashback_Card,69.96,15.0,XGBoost
100443,444,Gold_Credit_Card,64.92,30.0,XGBoost
100444,445,Platinum_Credit_Card,39.63,5.0,CBF
100444,445,World_Elite_Card,34.1,5.0,CBF
100444,445,Titanium_Credit_Card,18.39,5.0,CBF
100444,445,Cashback_Card,12.68,5.0,CBF
100444,445,Classic_Credit_Card,12.68,5.0,CBF
100444,445,Gold_Credit_Card,10.76,5.0,CBF
100444,445,Titanium_Credit_Card,88.03,40.0,XGBoost
100444,445,Platinum_Credit_Card,74.78,25.0,XGBoost
100445,446,Cashback_Card,26.67,5.0,CBF
100445,446,Titanium_Credit_Card,11.62,5.0,CBF
100445,446,Travel_Rewards_Card,10.76,5.0,CBF
100445,446,World_Elite_Card,9.98,5.0,CBF
100445,446,Platinum_Credit_Card,9.91,5.0,CBF
100445,446,Classic_Credit_Card,7.69,5.0,CBF
100445,446,Cashback_Card,79.08,15.0,XGBoost
100445,446,Gold_Credit_Card,65.13,30.0,XGBoost
100445,446,Classic_Credit_Card,64.16,30.0,XGBoost
100446,447,Cashback_Card,26.67,5.0,CBF
100446,447,Titanium_Credit_Card,11.62,5.0,CBF
100446,447,Travel_Rewards_Card,10.76,5.0,CBF
100446,447,World_Elite_Card,9.98,5.0,CBF
100446,447,Platinum_Credit_Card,9.91,5.0,CBF
100446,447,Classic_Credit_Card,7.69,5.0,CBF
100446,447,Titanium_Credit_Card,83.97,40.0,XGBoost
100446,447,Platinum_Credit_Card,82.01,25.0,XGBoost
100447,448,Gold_Credit_Card,71.42,30.0,XGBoost
100447,448,Cashback_Card,70.57,15.0,XGBoost
100447,448,Classic_Credit_Card,66.04,30.0,XGBoost
100448,449,Cashback_Card,21.66,5.0,CBF
100448,449,Travel_Rewards_Card,18.39,5.0,CBF
100448,449,Platinum_Credit_Card,16.62,5.0,CBF
100448,449,World_Elite_Card,16.54,5.0,CBF
100448,449,Gold_Credit_Card,11.62,5.0,CBF
100448,449,Classic_Credit_Card,10.99,5.0,CBF
100448,449,World_Elite_Card,77.53,35.0,XGBoost
100448,449,Platinum_Credit_Card,73.58,25.0,XGBoost
100448,449,Travel_Rewards_Card,70.69,60.0,XGBoost
100449,450,Cashback_Card,29.76,5.0,CBF
100449,450,Travel_Rewards_Card,12.68,5.0,CBF
100449,450,Titanium_Credit_Card,10.99,5.0,CBF
100449,450,World_Elite_Card,10.35,5.0,CBF
100449,450,Platinum_Credit_Card,8.18,5.0,CBF
100449,450,Gold_Credit_Card,7.69,5.0,CBF
100449,450,Classic_Credit_Card,73.82,30.0,XGBoost
100449,450,Cashback_Card,69.96,15.0,XGBoost
100449,450,Gold_Credit_Card,64.92,30.0,XGBoost
100450,451,Travel_Rewards_Card,39.63,5.0,CBF
100450,451,Titanium_Credit_Card,16.62,5.0,CBF
100450,451,Gold_Credit_Card,9.91,5.0,CBF
100450,451,Cashback_Card,9.26,5.0,CBF
100450,451,Classic_Credit_Card,8.18,5.0,CBF
100450,451,World_Elite_Card,6.87,5.0,CBF
100450,451,World_Elite_Card,77.53,35.0,XGBoost
100450,451,Platinum_Credit_Card,73.58,25.0,XGBoost
100450,451,Travel_Rewards_Card,70.69,60.0,XGBoost
100451,452,Travel_Rewards_Card,34.1,5.0,CBF
100451,452,Titanium_Credit_Card,16.54,5.0,CBF
100451,452,Cashback_Card,11.77,5.0,CBF
100451,452,Classic_Credit_Card,10.35,5.0,CBF
100451,452,Gold_Credit_Card,9.98,5.0,CBF
100451,452,Platinum_Credit_Card,6.87,5.0,CBF
100451,452,Classic_Credit_Card,73.82,30.0,XGBoost
100451,452,Cashback_Card,69.96,15.0,XGBoost
100451,452,Gold_Credit_Card,64.92,30.0,XGBoost
100452,453,Cashback_Card,26.67,5.0,CBF
100452,453,Titanium_Credit_Card,11.62,5.0,CBF
100452,453,Travel_Rewards_Card,10.76,5.0,CBF
100452,453,World_Elite_Card,9.98,5.0,CBF
100452,453,Platinum_Credit_Card,9.91,5.0,CBF
100452,453,Classic_Credit_Card,7.69,5.0,CBF
100452,453,Travel_Rewards_Card,86.63,60.0,XGBoost
100452,453,World_Elite_Card,84.48,35.0,XGBoost
100452,453,Platinum_Credit_Card,65.76,25.0,XGBoost
100453,454,Cashback_Card,29.76,5.0,CBF
100453,454,Travel_Rewards_Card,12.68,5.0,CBF
100453,454,Titanium_Credit_Card,10.99,5.0,CBF
100453,454,World_Elite_Card,10.35,5.0,CBF
100453,454,Platinum_Credit_Card,8.18,5.0,CBF
100453,454,Gold_Credit_Card,7.69,5.0,CBF
100453,454,Cashback_Card,66.55,15.0,XGBoost
100453,454,Classic_Credit_Card,63.09,30.0,XGBoost
100453,454,Gold_Credit_Card,62.33,30.0,XGBoost
100454,455,Travel_Rewards_Card,39.63,5.0,CBF
100454,455,Titanium_Credit_Card,16.62,5.0,CBF
100454,455,Gold_Credit_Card,9.91,5.0,CBF
100454,455,Cashback_Card,9.26,5.0,CBF
100454,455,Classic_Credit_Card,8.18,5.0,CBF
100454,455,World_Elite_Card,6.87,5.0,CBF
100454,455,Cashback_Card,66.55,15.0,XGBoost
100454,455,Classic_Credit_Card,63.09,30.0,XGBoost
100454,455,Gold_Credit_Card,62.33,30.0,XGBoost
100455,456,Travel_Rewards_Card,39.63,5.0,CBF
100455,456,Titanium_Credit_Card,16.62,5.0,CBF
100455,456,Gold_Credit_Card,9.91,5.0,CBF
100455,456,Cashback_Card,9.26,5.0,CBF
100455,456,Classic_Credit_Card,8.18,5.0,CBF
100455,456,World_Elite_Card,6.87,5.0,CBF
100455,456,Gold_Credit_Card,71.42,30.0,XGBoost
100455,456,Cashback_Card,70.57,15.0,XGBoost
100455,456,Classic_Credit_Card,66.04,30.0,XGBoost
100456,457,Platinum_Credit_Card,39.63,5.0,CBF
100456,457,World_Elite_Card,34.1,5.0,CBF
100456,457,Titanium_Credit_Card,18.39,5.0,CBF
100456,457,Cashback_Card,12.68,5.0,CBF
100456,457,Classic_Credit_Card,12.68,5.0,CBF
100456,457,Gold_Credit_Card,10.76,5.0,CBF
100456,457,World_Elite_Card,77.53,35.0,XGBoost
100456,457,Platinum_Credit_Card,73.58,25.0,XGBoost
100456,457,Travel_Rewards_Card,70.69,60.0,XGBoost
100457,458,Cashback_Card,21.66,5.0,CBF
100457,458,Travel_Rewards_Card,18.39,5.0,CBF
100457,458,Platinum_Credit_Card,16.62,5.0,CBF
100457,458,World_Elite_Card,16.54,5.0,CBF
100457,458,Gold_Credit_Card,11.62,5.0,CBF
100457,458,Classic_Credit_Card,10.99,5.0,CBF
100457,458,World_Elite_Card,77.53,35.0,XGBoost
100457,458,Platinum_Credit_Card,73.58,25.0,XGBoost
100457,458,Travel_Rewards_Card,70.69,60.0,XGBoost
100458,459,Classic_Credit_Card,29.76,5.0,CBF
100458,459,Gold_Credit_Card,26.67,5.0,CBF
100458,459,Titanium_Credit_Card,21.66,5.0,CBF
100458,459,Travel_Rewards_Card,12.68,5.0,CBF
100458,459,World_Elite_Card,11.77,5.0,CBF
100458,459,Platinum_Credit_Card,9.26,5.0,CBF
100458,459,Titanium_Credit_Card,83.97,40.0,XGBoost
100458,459,Platinum_Credit_Card,82.01,25.0,XGBoost
100459,460,Travel_Rewards_Card,39.63,5.0,CBF
100459,460,Titanium_Credit_Card,16.62,5.0,CBF
100459,460,Gold_Credit_Card,9.91,5.0,CBF
100459,460,Cashback_Card,9.26,5.0,CBF
100459,460,Classic_Credit_Card,8.18,5.0,CBF
100459,460,World_Elite_Card,6.87,5.0,CBF
100459,460,World_Elite_Card,85.27,35.0,XGBoost
100459,460,Platinum_Credit_Card,70.69,25.0,XGBoost
100459,460,Travel_Rewards_Card,66.58,60.0,XGBoost
100460,461,Travel_Rewards_Card,39.63,5.0,CBF
100460,461,Titanium_Credit_Card,16.62,5.0,CBF
100460,461,Gold_Credit_Card,9.91,5.0,CBF
100460,461,Cashback_Card,9.26,5.0,CBF
100460,461,Classic_Credit_Card,8.18,5.0,CBF
100460,461,World_Elite_Card,6.87,5.0,CBF
100460,461,Cashback_Card,66.55,15.0,XGBoost
100460,461,Classic_Credit_Card,63.09,30.0,XGBoost
100460,461,Gold_Credit_Card,62.33,30.0,XGBoost
100461,462,Cashback_Card,21.66,5.0,CBF
100461,462,Travel_Rewards_Card,18.39,5.0,CBF
100461,462,Platinum_Credit_Card,16.62,5.0,CBF
100461,462,World_Elite_Card,16.54,5.0,CBF
100461,462,Gold_Credit_Card,11.62,5.0,CBF
100461,462,Classic_Credit_Card,10.99,5.0,CBF
100461,462,Cashback_Card,66.55,15.0,XGBoost
100461,462,Classic_Credit_Card,63.09,30.0,XGBoost
100461,462,Gold_Credit_Card,62.33,30.0,XGBoost
100462,463,Travel_Rewards_Card,34.1,5.0,CBF
100462,463,Titanium_Credit_Card,16.54,5.0,CBF
100462,463,Cashback_Card,11.77,5.0,CBF
100462,463,Classic_Credit_Card,10.35,5.0,CBF
100462,463,Gold_Credit_Card,9.98,5.0,CBF
100462,463,Platinum_Credit_Card,6.87,5.0,CBF
100462,463,Cashback_Card,77.59,15.0,XGBoost
100462,463,Gold_Credit_Card,67.53,30.0,XGBoost
100462,463,Classic_Credit_Card,60.48,30.0,XGBoost
100463,464,Platinum_Credit_Card,39.63,5.0,CBF
100463,464,World_Elite_Card,34.1,5.0,CBF
100463,464,Titanium_Credit_Card,18.39,5.0,CBF
100463,464,Cashback_Card,12.68,5.0,CBF
100463,464,Classic_Credit_Card,12.68,5.0,CBF
100463,464,Gold_Credit_Card,10.76,5.0,CBF
100463,464,Cashback_Card,79.08,15.0,XGBoost
100463,464,Gold_Credit_Card,65.13,30.0,XGBoost
100463,464,Classic_Credit_Card,64.16,30.0,XGBoost
100464,465,Titanium_Credit_Card,88.03,40.0,XGBoost
100464,465,Platinum_Credit_Card,74.78,25.0,XGBoost
100465,466,Classic_Credit_Card,29.76,5.0,CBF
100465,466,Gold_Credit_Card,26.67,5.0,CBF
100465,466,Titanium_Credit_Card,21.66,5.0,CBF
100465,466,Travel_Rewards_Card,12.68,5.0,CBF
100465,466,World_Elite_Card,11.77,5.0,CBF
100465,466,Platinum_Credit_Card,9.26,5.0,CBF
100465,466,Classic_Credit_Card,73.82,30.0,XGBoost
100465,466,Cashback_Card,69.96,15.0,XGBoost
100465,466,Gold_Credit_Card,64.92,30.0,XGBoost
100466,467,Cashback_Card,29.76,5.0,CBF
100466,467,Travel_Rewards_Card,12.68,5.0,CBF
100466,467,Titanium_Credit_Card,10.99,5.0,CBF
100466,467,World_Elite_Card,10.35,5.0,CBF
100466,467,Platinum_Credit_Card,8.18,5.0,CBF
100466,467,Gold_Credit_Card,7.69,5.0,CBF
100466,467,Classic_Credit_Card,73.82,30.0,XGBoost
100466,467,Cashback_Card,69.96,15.0,XGBoost
100466,467,Gold_Credit_Card,64.92,30.0,XGBoost
100467,468,Platinum_Credit_Card,39.63,5.0,CBF
100467,468,World_Elite_Card,34.1,5.0,CBF
100467,468,Titanium_Credit_Card,18.39,5.0,CBF
100467,468,Cashback_Card,12.68,5.0,CBF
100467,468,Classic_Credit_Card,12.68,5.0,CBF
100467,468,Gold_Credit_Card,10.76,5.0,CBF
100467,468,Cashback_Card,79.08,15.0,XGBoost
100467,468,Gold_Credit_Card,65.13,30.0,XGBoost
100467,468,Classic_Credit_Card,64.16,30.0,XGBoost
100468,469,Cashback_Card,21.66,5.0,CBF
100468,469,Travel_Rewards_Card,18.39,5.0,CBF
100468,469,Platinum_Credit_Card,16.62,5.0,CBF
100468,469,World_Elite_Card,16.54,5.0,CBF
100468,469,Gold_Credit_Card,11.62,5.0,CBF
100468,469,Classic_Credit_Card,10.99,5.0,CBF
100468,469,Gold_Credit_Card,71.42,30.0,XGBoost
100468,469,Cashback_Card,70.57,15.0,XGBoost
100468,469,Classic_Credit_Card,66.04,30.0,XGBoost
100469,470,Travel_Rewards_Card,39.63,5.0,CBF
100469,470,Titanium_Credit_Card,16.62,5.0,CBF
100469,470,Gold_Credit_Card,9.91,5.0,CBF
100469,470,Cashback_Card,9.26,5.0,CBF
100469,470,Classic_Credit_Card,8.18,5.0,CBF
100469,470,World_Elite_Card,6.87,5.0,CBF
100469,470,Travel_Rewards_Card,86.63,60.0,XGBoost
100469,470,World_Elite_Card,84.48,35.0,XGBoost
100469,470,Platinum_Credit_Card,65.76,25.0,XGBoost
100470,471,Travel_Rewards_Card,34.1,5.0,CBF
100470,471,Titanium_Credit_Card,16.54,5.0,CBF
100470,471,Cashback_Card,11.77,5.0,CBF
100470,471,Classic_Credit_Card,10.35,5.0,CBF
100470,471,Gold_Credit_Card,9.98,5.0,CBF
100470,471,Platinum_Credit_Card,6.87,5.0,CBF
100470,471,Titanium_Credit_Card,83.97,40.0,XGBoost
100470,471,Platinum_Credit_Card,82.01,25.0,XGBoost
100471,472,Cashback_Card,21.66,5.0,CBF
100471,472,Travel_Rewards_Card,18.39,5.0,CBF
100471,472,Platinum_Credit_Card,16.62,5.0,CBF
100471,472,World_Elite_Card,16.54,5.0,CBF
100471,472,Gold_Credit_Card,11.62,5.0,CBF
100471,472,Classic_Credit_Card,10.99,5.0,CBF
100471,472,Travel_Rewards_Card,86.63,60.0,XGBoost
100471,472,World_Elite_Card,84.48,35.0,XGBoost
100471,472,Platinum_Credit_Card,65.76,25.0,XGBoost
100472,473,Classic_Credit_Card,29.76,5.0,CBF
100472,473,Gold_Credit_Card,26.67,5.0,CBF
100472,473,Titanium_Credit_Card,21.66,5.0,CBF
100472,473,Travel_Rewards_Card,12.68,5.0,CBF
100472,473,World_Elite_Card,11.77,5.0,CBF
100472,473,Platinum_Credit_Card,9.26,5.0,CBF
100472,473,World_Elite_Card,85.27,35.0,XGBoost
100472,473,Platinum_Credit_Card,70.69,25.0,XGBoost
100472,473,Travel_Rewards_Card,66.58,60.0,XGBoost
100473,474,Platinum_Credit_Card,39.63,5.0,CBF
100473,474,World_Elite_Card,34.1,5.0,CBF
100473,474,Titanium_Credit_Card,18.39,5.0,CBF
100473,474,Cashback_Card,12.68,5.0,CBF
100473,474,Classic_Credit_Card,12.68,5.0,CBF
100473,474,Gold_Credit_Card,10.76,5.0,CBF
100473,474,Classic_Credit_Card,73.82,30.0,XGBoost
100473,474,Cashback_Card,69.96,15.0,XGBoost
100473,474,Gold_Credit_Card,64.92,30.0,XGBoost
100474,475,Cashback_Card,21.66,5.0,CBF
100474,475,Travel_Rewards_Card,18.39,5.0,CBF
100474,475,Platinum_Credit_Card,16.62,5.0,CBF
100474,475,World_Elite_Card,16.54,5.0,CBF
100474,475,Gold_Credit_Card,11.62,5.0,CBF
100474,475,Classic_Credit_Card,10.99,5.0,CBF
100474,475,World_Elite_Card,85.27,35.0,XGBoost
100474,475,Platinum_Credit_Card,70.69,25.0,XGBoost
100474,475,Travel_Rewards_Card,66.58,60.0,XGBoost
100475,476,Cashback_Card,29.76,5.0,CBF
100475,476,Travel_Rewards_Card,12.68,5.0,CBF
100475,476,Titanium_Credit_Card,10.99,5.0,CBF
100475,476,World_Elite_Card,10.35,5.0,CBF
100475,476,Platinum_Credit_Card,8.18,5.0,CBF
100475,476,Gold_Credit_Card,7.69,5.0,CBF
100475,476,Travel_Rewards_Card,86.63,60.0,XGBoost
100475,476,World_Elite_Card,84.48,35.0,XGBoost
100475,476,Platinum_Credit_Card,65.76,25.0,XGBoost
100476,477,Platinum_Credit_Card,39.63,5.0,CBF
100476,477,World_Elite_Card,34.1,5.0,CBF
100476,477,Titanium_Credit_Card,18.39,5.0,CBF
100476,477,Cashback_Card,12.68,5.0,CBF
100476,477,Classic_Credit_Card,12.68,5.0,CBF
100476,477,Gold_Credit_Card,10.76,5.0,CBF
100476,477,World_Elite_Card,77.53,35.0,XGBoost
100476,477,Platinum_Credit_Card,73.58,25.0,XGBoost
100476,477,Travel_Rewards_Card,70.69,60.0,XGBoost
100477,478,Cashback_Card,29.76,5.0,CBF
100477,478,Travel_Rewards_Card,12.68,5.0,CBF
100477,478,Titanium_Credit_Card,10.99,5.0,CBF
100477,478,World_Elite_Card,10.35,5.0,CBF
100477,478,Platinum_Credit_Card,8.18,5.0,CBF
100477,478,Gold_Credit_Card,7.69,5.0,CBF
100477,478,Classic_Credit_Card,73.82,30.0,XGBoost
100477,478,Cashback_Card,69.96,15.0,XGBoost
100477,478,Gold_Credit_Card,64.92,30.0,XGBoost
100478,479,Platinum_Credit_Card,39.63,5.0,CBF
100478,479,World_Elite_Card,34.1,5.0,CBF
100478,479,Titanium_Credit_Card,18.39,5.0,CBF
100478,479,Cashback_Card,12.68,5.0,CBF
100478,479,Classic_Credit_Card,12.68,5.0,CBF
100478,479,Gold_Credit_Card,10.76,5.0,CBF
100478,479,Gold_Credit_Card,71.42,30.0,XGBoost
100478,479,Cashback_Card,70.57,15.0,XGBoost
100478,479,Classic_Credit_Card,66.04,30.0,XGBoost
100479,480,Travel_Rewards_Card,39.63,5.0,CBF
100479,480,Titanium_Credit_Card,16.62,5.0,CBF
100479,480,Gold_Credit_Card,9.91,5.0,CBF
100479,480,Cashback_Card,9.26,5.0,CBF
100479,480,Classic_Credit_Card,8.18,5.0,CBF
100479,480,World_Elite_Card,6.87,5.0,CBF
100479,480,Titanium_Credit_Card,88.03,40.0,XGBoost
100479,480,Platinum_Credit_Card,74.78,25.0,XGBoost
100480,481,Travel_Rewards_Card,39.63,5.0,CBF
100480,481,Titanium_Credit_Card,16.62,5.0,CBF
100480,481,Gold_Credit_Card,9.91,5.0,CBF
100480,481,Cashback_Card,9.26,5.0,CBF
100480,481,Classic_Credit_Card,8.18,5.0,CBF
100480,481,World_Elite_Card,6.87,5.0,CBF
100480,481,Travel_Rewards_Card,86.63,60.0,XGBoost
100480,481,World_Elite_Card,84.48,35.0,XGBoost
100480,481,Platinum_Credit_Card,65.76,25.0,XGBoost
100481,482,Cashback_Card,29.76,5.0,CBF
100481,482,Travel_Rewards_Card,12.68,5.0,CBF
100481,482,Titanium_Credit_Card,10.99,5.0,CBF
100481,482,World_Elite_Card,10.35,5.0,CBF
100481,482,Platinum_Credit_Card,8.18,5.0,CBF
100481,482,Gold_Credit_Card,7.69,5.0,CBF
100481,482,Gold_Credit_Card,71.42,30.0,XGBoost
100481,482,Cashback_Card,70.57,15.0,XGBoost
100481,482,Classic_Credit_Card,66.04,30.0,XGBoost
100482,483,Travel_Rewards_Card,34.1,5.0,CBF
100482,483,Titanium_Credit_Card,16.54,5.0,CBF
100482,483,Cashback_Card,11.77,5.0,CBF
100482,483,Classic_Credit_Card,10.35,5.0,CBF
100482,483,Gold_Credit_Card,9.98,5.0,CBF
100482,483,Platinum_Credit_Card,6.87,5.0,CBF
100482,483,Travel_Rewards_Card,86.63,60.0,XGBoost
100482,483,World_Elite_Card,84.48,35.0,XGBoost
100482,483,Platinum_Credit_Card,65.76,25.0,XGBoost
100483,484,Travel_Rewards_Card,86.63,60.0,XGBoost
100483,484,World_Elite_Card,84.48,35.0,XGBoost
100483,484,Platinum_Credit_Card,65.76,25.0,XGBoost
100484,485,Cashback_Card,21.66,5.0,CBF
100484,485,Travel_Rewards_Card,18.39,5.0,CBF
100484,485,Platinum_Credit_Card,16.62,5.0,CBF
100484,485,World_Elite_Card,16.54,5.0,CBF
100484,485,Gold_Credit_Card,11.62,5.0,CBF
100484,485,Classic_Credit_Card,10.99,5.0,CBF
100484,485,World_Elite_Card,77.53,35.0,XGBoost
100484,485,Platinum_Credit_Card,73.58,25.0,XGBoost
100484,485,Travel_Rewards_Card,70.69,60.0,XGBoost
100485,486,Travel_Rewards_Card,34.1,5.0,CBF
100485,486,Titanium_Credit_Card,16.54,5.0,CBF
100485,486,Cashback_Card,11.77,5.0,CBF
100485,486,Classic_Credit_Card,10.35,5.0,CBF
100485,486,Gold_Credit_Card,9.98,5.0,CBF
100485,486,Platinum_Credit_Card,6.87,5.0,CBF
100485,486,Travel_Rewards_Card,86.63,60.0,XGBoost
100485,486,World_Elite_Card,84.48,35.0,XGBoost
100485,486,Platinum_Credit_Card,65.76,25.0,XGBoost
100486,487,Travel_Rewards_Card,39.63,5.0,CBF
100486,487,Titanium_Credit_Card,16.62,5.0,CBF
100486,487,Gold_Credit_Card,9.91,5.0,CBF
100486,487,Cashback_Card,9.26,5.0,CBF
100486,487,Classic_Credit_Card,8.18,5.0,CBF
100486,487,World_Elite_Card,6.87,5.0,CBF
100486,487,Travel_Rewards_Card,86.63,60.0,XGBoost
100486,487,World_Elite_Card,84.48,35.0,XGBoost
100486,487,Platinum_Credit_Card,65.76,25.0,XGBoost
100487,488,Cashback_Card,26.67,5.0,CBF
100487,488,Titanium_Credit_Card,11.62,5.0,CBF
100487,488,Travel_Rewards_Card,10.76,5.0,CBF
100487,488,World_Elite_Card,9.98,5.0,CBF
100487,488,Platinum_Credit_Card,9.91,5.0,CBF
100487,488,Classic_Credit_Card,7.69,5.0,CBF
100487,488,Titanium_Credit_Card,83.97,40.0,XGBoost
100487,488,Platinum_Credit_Card,82.01,25.0,XGBoost
100488,489,Cashback_Card,21.66,5.0,CBF
100488,489,Travel_Rewards_Card,18.39,5.0,CBF
100488,489,Platinum_Credit_Card,16.62,5.0,CBF
100488,489,World_Elite_Card,16.54,5.0,CBF
100488,489,Gold_Credit_Card,11.62,5.0,CBF
100488,489,Classic_Credit_Card,10.99,5.0,CBF
100488,489,Cashback_Card,66.55,15.0,XGBoost
100488,489,Classic_Credit_Card,63.09,30.0,XGBoost
100488,489,Gold_Credit_Card,62.33,30.0,XGBoost
100489,490,Classic_Credit_Card,29.76,5.0,CBF
100489,490,Gold_Credit_Card,26.67,5.0,CBF
100489,490,Titanium_Credit_Card,21.66,5.0,CBF
100489,490,Travel_Rewards_Card,12.68,5.0,CBF
100489,490,World_Elite_Card,11.77,5.0,CBF
100489,490,Platinum_Credit_Card,9.26,5.0,CBF
100489,490,Classic_Credit_Card,73.82,30.0,XGBoost
100489,490,Cashback_Card,69.96,15.0,XGBoost
100489,490,Gold_Credit_Card,64.92,30.0,XGBoost
100490,491,Travel_Rewards_Card,34.1,5.0,CBF
100490,491,Titanium_Credit_Card,16.54,5.0,CBF
100490,491,Cashback_Card,11.77,5.0,CBF
100490,491,Classic_Credit_Card,10.35,5.0,CBF
100490,491,Gold_Credit_Card,9.98,5.0,CBF
100490,491,Platinum_Credit_Card,6.87,5.0,CBF
100490,491,Cashback_Card,66.55,15.0,XGBoost
100490,491,Classic_Credit_Card,63.09,30.0,XGBoost
100490,491,Gold_Credit_Card,62.33,30.0,XGBoost
100491,492,Classic_Credit_Card,29.76,5.0,CBF
100491,492,Gold_Credit_Card,26.67,5.0,CBF
100491,492,Titanium_Credit_Card,21.66,5.0,CBF
100491,492,Travel_Rewards_Card,12.68,5.0,CBF
100491,492,World_Elite_Card,11.77,5.0,CBF
100491,492,Platinum_Credit_Card,9.26,5.0,CBF
100491,492,Cashback_Card,77.59,15.0,XGBoost
100491,492,Gold_Credit_Card,67.53,30.0,XGBoost
100491,492,Classic_Credit_Card,60.48,30.0,XGBoost
100492,493,Classic_Credit_Card,29.76,5.0,CBF
100492,493,Gold_Credit_Card,26.67,5.0,CBF
100492,493,Titanium_Credit_Card,21.66,5.0,CBF
100492,493,Travel_Rewards_Card,12.68,5.0,CBF
100492,493,World_Elite_Card,11.77,5.0,CBF
100492,493,Platinum_Credit_Card,9.26,5.0,CBF
100492,493,World_Elite_Card,77.53,35.0,XGBoost
100492,493,Platinum_Credit_Card,73.58,25.0,XGBoost
100492,493,Travel_Rewards_Card,70.69,60.0,XGBoost
100493,494,Classic_Credit_Card,29.76,5.0,CBF
100493,494,Gold_Credit_Card,26.67,5.0,CBF
100493,494,Titanium_Credit_Card,21.66,5.0,CBF
100493,494,Travel_Rewards_Card,12.68,5.0,CBF
100493,494,World_Elite_Card,11.77,5.0,CBF
100493,494,Platinum_Credit_Card,9.26,5.0,CBF
100493,494,Cashback_Card,66.55,15.0,XGBoost
100493,494,Classic_Credit_Card,63.09,30.0,XGBoost
100493,494,Gold_Credit_Card,62.33,30.0,XGBoost
100494,495,Titanium_Credit_Card,88.03,40.0,XGBoost
100494,495,Platinum_Credit_Card,74.78,25.0,XGBoost
100495,496,Classic_Credit_Card,29.76,5.0,CBF
100495,496,Gold_Credit_Card,26.67,5.0,CBF
100495,496,Titanium_Credit_Card,21.66,5.0,CBF
100495,496,Travel_Rewards_Card,12.68,5.0,CBF
100495,496,World_Elite_Card,11.77,5.0,CBF
100495,496,Platinum_Credit_Card,9.26,5.0,CBF
100495,496,Travel_Rewards_Card,86.63,60.0,XGBoost
100495,496,World_Elite_Card,84.48,35.0,XGBoost
100495,496,Platinum_Credit_Card,65.76,25.0,XGBoost
100496,497,Platinum_Credit_Card,39.63,5.0,CBF
100496,497,World_Elite_Card,34.1,5.0,CBF
100496,497,Titanium_Credit_Card,18.39,5.0,CBF
100496,497,Cashback_Card,12.68,5.0,CBF
100496,497,Classic_Credit_Card,12.68,5.0,CBF
100496,497,Gold_Credit_Card,10.76,5.0,CBF
100496,497,Travel_Rewards_Card,86.63,60.0,XGBoost
100496,497,World_Elite_Card,84.48,35.0,XGBoost
100496,497,Platinum_Credit_Card,65.76,25.0,XGBoost
100497,498,Cashback_Card,21.66,5.0,CBF
100497,498,Travel_Rewards_Card,18.39,5.0,CBF
100497,498,Platinum_Credit_Card,16.62,5.0,CBF
100497,498,World_Elite_Card,16.54,5.0,CBF
100497,498,Gold_Credit_Card,11.62,5.0,CBF
100497,498,Classic_Credit_Card,10.99,5.0,CBF
100497,498,World_Elite_Card,85.27,35.0,XGBoost
100497,498,Platinum_Credit_Card,70.69,25.0,XGBoost
100497,498,Travel_Rewards_Card,66.58,60.0,XGBoost
100498,499,Cashback_Card,26.67,5.0,CBF
100498,499,Titanium_Credit_Card,11.62,5.0,CBF
100498,499,Travel_Rewards_Card,10.76,5.0,CBF
100498,499,World_Elite_Card,9.98,5.0,CBF
100498,499,Platinum_Credit_Card,9.91,5.0,CBF
100498,499,Classic_Credit_Card,7.69,5.0,CBF
100498,499,Cashback_Card,66.55,15.0,XGBoost
100498,499,Classic_Credit_Card,63.09,30.0,XGBoost
100498,499,Gold_Credit_Card,62.33,30.0,XGBoost
100499,500,Classic_Credit_Card,29.76,5.0,CBF
100499,500,Gold_Credit_Card,26.67,5.0,CBF
100499,500,Titanium_Credit_Card,21.66,5.0,CBF
100499,500,Travel_Rewards_Card,12.68,5.0,CBF
100499,500,World_Elite_Card,11.77,5.0,CBF
100499,500,Platinum_Credit_Card,9.26,5.0,CBF
100499,500,Classic_Credit_Card,73.82,30.0,XGBoost
100499,500,Cashback_Card,69.96,15.0,XGBoost
100499,500,Gold_Credit_Card,64.92,30.0,XGBoost
100500,501,Cashback_Card,29.76,5.0,CBF
100500,501,Travel_Rewards_Card,12.68,5.0,CBF
100500,501,Titanium_Credit_Card,10.99,5.0,CBF
100500,501,World_Elite_Card,10.35,5.0,CBF
100500,501,Platinum_Credit_Card,8.18,5.0,CBF
100500,501,Gold_Credit_Card,7.69,5.0,CBF
100500,501,Classic_Credit_Card,73.82,30.0,XGBoost
100500,501,Cashback_Card,69.96,15.0,XGBoost
100500,501,Gold_Credit_Card,64.92,30.0,XGBoost
100501,502,Classic_Credit_Card,29.76,5.0,CBF
100501,502,Gold_Credit_Card,26.67,5.0,CBF
100501,502,Titanium_Credit_Card,21.66,5.0,CBF
100501,502,Travel_Rewards_Card,12.68,5.0,CBF
100501,502,World_Elite_Card,11.77,5.0,CBF
100501,502,Platinum_Credit_Card,9.26,5.0,CBF
100501,502,Cashback_Card,66.55,15.0,XGBoost
100501,502,Classic_Credit_Card,63.09,30.0,XGBoost
100501,502,Gold_Credit_Card,62.33,30.0,XGBoost
100502,503,Cashback_Card,26.67,5.0,CBF
100502,503,Titanium_Credit_Card,11.62,5.0,CBF
100502,503,Travel_Rewards_Card,10.76,5.0,CBF
100502,503,World_Elite_Card,9.98,5.0,CBF
100502,503,Platinum_Credit_Card,9.91,5.0,CBF
100502,503,Classic_Credit_Card,7.69,5.0,CBF
100502,503,Classic_Credit_Card,73.82,30.0,XGBoost
100502,503,Cashback_Card,69.96,15.0,XGBoost
100502,503,Gold_Credit_Card,64.92,30.0,XGBoost
100503,504,Cashback_Card,21.66,5.0,CBF
100503,504,Travel_Rewards_Card,18.39,5.0,CBF
100503,504,Platinum_Credit_Card,16.62,5.0,CBF
100503,504,World_Elite_Card,16.54,5.0,CBF
100503,504,Gold_Credit_Card,11.62,5.0,CBF
100503,504,Classic_Credit_Card,10.99,5.0,CBF
100503,504,Travel_Rewards_Card,86.63,60.0,XGBoost
100503,504,World_Elite_Card,84.48,35.0,XGBoost
100503,504,Platinum_Credit_Card,65.76,25.0,XGBoost
100504,505,Cashback_Card,29.76,5.0,CBF
100504,505,Travel_Rewards_Card,12.68,5.0,CBF
100504,505,Titanium_Credit_Card,10.99,5.0,CBF
100504,505,World_Elite_Card,10.35,5.0,CBF
100504,505,Platinum_Credit_Card,8.18,5.0,CBF
100504,505,Gold_Credit_Card,7.69,5.0,CBF
100504,505,World_Elite_Card,85.27,35.0,XGBoost
100504,505,Platinum_Credit_Card,70.69,25.0,XGBoost
100504,505,Travel_Rewards_Card,66.58,60.0,XGBoost
100505,506,Classic_Credit_Card,29.76,5.0,CBF
100505,506,Gold_Credit_Card,26.67,5.0,CBF
100505,506,Titanium_Credit_Card,21.66,5.0,CBF
100505,506,Travel_Rewards_Card,12.68,5.0,CBF
100505,506,World_Elite_Card,11.77,5.0,CBF
100505,506,Platinum_Credit_Card,9.26,5.0,CBF
100505,506,Travel_Rewards_Card,86.63,60.0,XGBoost
100505,506,World_Elite_Card,84.48,35.0,XGBoost
100505,506,Platinum_Credit_Card,65.76,25.0,XGBoost
100506,507,Cashback_Card,79.08,15.0,XGBoost
100506,507,Gold_Credit_Card,65.13,30.0,XGBoost
100506,507,Classic_Credit_Card,64.16,30.0,XGBoost
100507,508,Classic_Credit_Card,29.76,5.0,CBF
100507,508,Gold_Credit_Card,26.67,5.0,CBF
100507,508,Titanium_Credit_Card,21.66,5.0,CBF
100507,508,Travel_Rewards_Card,12.68,5.0,CBF
100507,508,World_Elite_Card,11.77,5.0,CBF
100507,508,Platinum_Credit_Card,9.26,5.0,CBF
100507,508,Gold_Credit_Card,71.42,30.0,XGBoost
100507,508,Cashback_Card,70.57,15.0,XGBoost
100507,508,Classic_Credit_Card,66.04,30.0,XGBoost
100508,509,Classic_Credit_Card,29.76,5.0,CBF
100508,509,Gold_Credit_Card,26.67,5.0,CBF
100508,509,Titanium_Credit_Card,21.66,5.0,CBF
100508,509,Travel_Rewards_Card,12.68,5.0,CBF
100508,509,World_Elite_Card,11.77,5.0,CBF
100508,509,Platinum_Credit_Card,9.26,5.0,CBF
100508,509,Classic_Credit_Card,73.82,30.0,XGBoost
100508,509,Cashback_Card,69.96,15.0,XGBoost
100508,509,Gold_Credit_Card,64.92,30.0,XGBoost
100509,510,Classic_Credit_Card,73.82,30.0,XGBoost
100509,510,Cashback_Card,69.96,15.0,XGBoost
100509,510,Gold_Credit_Card,64.92,30.0,XGBoost
100510,511,Cashback_Card,21.66,5.0,CBF
100510,511,Travel_Rewards_Card,18.39,5.0,CBF
100510,511,Platinum_Credit_Card,16.62,5.0,CBF
100510,511,World_Elite_Card,16.54,5.0,CBF
100510,511,Gold_Credit_Card,11.62,5.0,CBF
100510,511,Classic_Credit_Card,10.99,5.0,CBF
100510,511,Titanium_Credit_Card,88.03,40.0,XGBoost
100510,511,Platinum_Credit_Card,74.78,25.0,XGBoost
100511,512,Cashback_Card,79.08,15.0,XGBoost
100511,512,Gold_Credit_Card,65.13,30.0,XGBoost
100511,512,Classic_Credit_Card,64.16,30.0,XGBoost
100512,513,Classic_Credit_Card,29.76,5.0,CBF
100512,513,Gold_Credit_Card,26.67,5.0,CBF
100512,513,Titanium_Credit_Card,21.66,5.0,CBF
100512,513,Travel_Rewards_Card,12.68,5.0,CBF
100512,513,World_Elite_Card,11.77,5.0,CBF
100512,513,Platinum_Credit_Card,9.26,5.0,CBF
100512,513,Titanium_Credit_Card,83.97,40.0,XGBoost
100512,513,Platinum_Credit_Card,82.01,25.0,XGBoost
100513,514,Travel_Rewards_Card,34.1,5.0,CBF
100513,514,Titanium_Credit_Card,16.54,5.0,CBF
100513,514,Cashback_Card,11.77,5.0,CBF
100513,514,Classic_Credit_Card,10.35,5.0,CBF
100513,514,Gold_Credit_Card,9.98,5.0,CBF
100513,514,Platinum_Credit_Card,6.87,5.0,CBF
100513,514,World_Elite_Card,85.27,35.0,XGBoost
100513,514,Platinum_Credit_Card,70.69,25.0,XGBoost
100513,514,Travel_Rewards_Card,66.58,60.0,XGBoost
100514,515,Classic_Credit_Card,29.76,5.0,CBF
100514,515,Gold_Credit_Card,26.67,5.0,CBF
100514,515,Titanium_Credit_Card,21.66,5.0,CBF
100514,515,Travel_Rewards_Card,12.68,5.0,CBF
100514,515,World_Elite_Card,11.77,5.0,CBF
100514,515,Platinum_Credit_Card,9.26,5.0,CBF
100514,515,Titanium_Credit_Card,83.97,40.0,XGBoost
100514,515,Platinum_Credit_Card,82.01,25.0,XGBoost
100515,516,Cashback_Card,29.76,5.0,CBF
100515,516,Travel_Rewards_Card,12.68,5.0,CBF
100515,516,Titanium_Credit_Card,10.99,5.0,CBF
100515,516,World_Elite_Card,10.35,5.0,CBF
100515,516,Platinum_Credit_Card,8.18,5.0,CBF
100515,516,Gold_Credit_Card,7.69,5.0,CBF
100515,516,World_Elite_Card,77.53,35.0,XGBoost
100515,516,Platinum_Credit_Card,73.58,25.0,XGBoost
100515,516,Travel_Rewards_Card,70.69,60.0,XGBoost
100516,517,Classic_Credit_Card,29.76,5.0,CBF
100516,517,Gold_Credit_Card,26.67,5.0,CBF
100516,517,Titanium_Credit_Card,21.66,5.0,CBF
100516,517,Travel_Rewards_Card,12.68,5.0,CBF
100516,517,World_Elite_Card,11.77,5.0,CBF
100516,517,Platinum_Credit_Card,9.26,5.0,CBF
100516,517,Titanium_Credit_Card,83.97,40.0,XGBoost
100516,517,Platinum_Credit_Card,82.01,25.0,XGBoost
100517,518,Classic_Credit_Card,29.76,5.0,CBF
100517,518,Gold_Credit_Card,26.67,5.0,CBF
100517,518,Titanium_Credit_Card,21.66,5.0,CBF
100517,518,Travel_Rewards_Card,12.68,5.0,CBF
100517,518,World_Elite_Card,11.77,5.0,CBF
100517,518,Platinum_Credit_Card,9.26,5.0,CBF
100517,518,Titanium_Credit_Card,83.97,40.0,XGBoost
100517,518,Platinum_Credit_Card,82.01,25.0,XGBoost
100518,519,Travel_Rewards_Card,39.63,5.0,CBF
100518,519,Titanium_Credit_Card,16.62,5.0,CBF
100518,519,Gold_Credit_Card,9.91,5.0,CBF
100518,519,Cashback_Card,9.26,5.0,CBF
100518,519,Classic_Credit_Card,8.18,5.0,CBF
100518,519,World_Elite_Card,6.87,5.0,CBF
100518,519,Titanium_Credit_Card,83.97,40.0,XGBoost
100518,519,Platinum_Credit_Card,82.01,25.0,XGBoost
100519,520,Platinum_Credit_Card,39.63,5.0,CBF
100519,520,World_Elite_Card,34.1,5.0,CBF
100519,520,Titanium_Credit_Card,18.39,5.0,CBF
100519,520,Cashback_Card,12.68,5.0,CBF
100519,520,Classic_Credit_Card,12.68,5.0,CBF
100519,520,Gold_Credit_Card,10.76,5.0,CBF
100519,520,World_Elite_Card,77.53,35.0,XGBoost
100519,520,Platinum_Credit_Card,73.58,25.0,XGBoost
100519,520,Travel_Rewards_Card,70.69,60.0,XGBoost
100520,521,Travel_Rewards_Card,34.1,5.0,CBF
100520,521,Titanium_Credit_Card,16.54,5.0,CBF
100520,521,Cashback_Card,11.77,5.0,CBF
100520,521,Classic_Credit_Card,10.35,5.0,CBF
100520,521,Gold_Credit_Card,9.98,5.0,CBF
100520,521,Platinum_Credit_Card,6.87,5.0,CBF
100520,521,World_Elite_Card,77.53,35.0,XGBoost
100520,521,Platinum_Credit_Card,73.58,25.0,XGBoost
100520,521,Travel_Rewards_Card,70.69,60.0,XGBoost
100521,522,Cashback_Card,26.67,5.0,CBF
100521,522,Titanium_Credit_Card,11.62,5.0,CBF
100521,522,Travel_Rewards_Card,10.76,5.0,CBF
100521,522,World_Elite_Card,9.98,5.0,CBF
100521,522,Platinum_Credit_Card,9.91,5.0,CBF
100521,522,Classic_Credit_Card,7.69,5.0,CBF
100521,522,World_Elite_Card,85.27,35.0,XGBoost
100521,522,Platinum_Credit_Card,70.69,25.0,XGBoost
100521,522,Travel_Rewards_Card,66.58,60.0,XGBoost
100522,523,Travel_Rewards_Card,34.1,5.0,CBF
100522,523,Titanium_Credit_Card,16.54,5.0,CBF
100522,523,Cashback_Card,11.77,5.0,CBF
100522,523,Classic_Credit_Card,10.35,5.0,CBF
100522,523,Gold_Credit_Card,9.98,5.0,CBF
100522,523,Platinum_Credit_Card,6.87,5.0,CBF
100522,523,Cashback_Card,79.08,15.0,XGBoost
100522,523,Gold_Credit_Card,65.13,30.0,XGBoost
100522,523,Classic_Credit_Card,64.16,30.0,XGBoost
100523,524,Travel_Rewards_Card,34.1,5.0,CBF
100523,524,Titanium_Credit_Card,16.54,5.0,CBF
100523,524,Cashback_Card,11.77,5.0,CBF
100523,524,Classic_Credit_Card,10.35,5.0,CBF
100523,524,Gold_Credit_Card,9.98,5.0,CBF
100523,524,Platinum_Credit_Card,6.87,5.0,CBF
100523,524,Classic_Credit_Card,73.82,30.0,XGBoost
100523,524,Cashback_Card,69.96,15.0,XGBoost
100523,524,Gold_Credit_Card,64.92,30.0,XGBoost
100524,525,Cashback_Card,29.76,5.0,CBF
100524,525,Travel_Rewards_Card,12.68,5.0,CBF
100524,525,Titanium_Credit_Card,10.99,5.0,CBF
100524,525,World_Elite_Card,10.35,5.0,CBF
100524,525,Platinum_Credit_Card,8.18,5.0,CBF
100524,525,Gold_Credit_Card,7.69,5.0,CBF
100524,525,Classic_Credit_Card,73.82,30.0,XGBoost
100524,525,Cashback_Card,69.96,15.0,XGBoost
100524,525,Gold_Credit_Card,64.92,30.0,XGBoost
100525,526,Travel_Rewards_Card,34.1,5.0,CBF
100525,526,Titanium_Credit_Card,16.54,5.0,CBF
100525,526,Cashback_Card,11.77,5.0,CBF
100525,526,Classic_Credit_Card,10.35,5.0,CBF
100525,526,Gold_Credit_Card,9.98,5.0,CBF
100525,526,Platinum_Credit_Card,6.87,5.0,CBF
100525,526,Classic_Credit_Card,73.82,30.0,XGBoost
100525,526,Cashback_Card,69.96,15.0,XGBoost
100525,526,Gold_Credit_Card,64.92,30.0,XGBoost
100526,527,Travel_Rewards_Card,39.63,5.0,CBF
100526,527,Titanium_Credit_Card,16.62,5.0,CBF
100526,527,Gold_Credit_Card,9.91,5.0,CBF
100526,527,Cashback_Card,9.26,5.0,CBF
100526,527,Classic_Credit_Card,8.18,5.0,CBF
100526,527,World_Elite_Card,6.87,5.0,CBF
100526,527,World_Elite_Card,85.27,35.0,XGBoost
100526,527,Platinum_Credit_Card,70.69,25.0,XGBoost
100526,527,Travel_Rewards_Card,66.58,60.0,XGBoost
100527,528,Cashback_Card,66.55,15.0,XGBoost
100527,528,Classic_Credit_Card,63.09,30.0,XGBoost
100527,528,Gold_Credit_Card,62.33,30.0,XGBoost
100528,529,Travel_Rewards_Card,34.1,5.0,CBF
100528,529,Titanium_Credit_Card,16.54,5.0,CBF
100528,529,Cashback_Card,11.77,5.0,CBF
100528,529,Classic_Credit_Card,10.35,5.0,CBF
100528,529,Gold_Credit_Card,9.98,5.0,CBF
100528,529,Platinum_Credit_Card,6.87,5.0,CBF
100528,529,World_Elite_Card,85.27,35.0,XGBoost
100528,529,Platinum_Credit_Card,70.69,25.0,XGBoost
100528,529,Travel_Rewards_Card,66.58,60.0,XGBoost
100529,530,Cashback_Card,29.76,5.0,CBF
100529,530,Travel_Rewards_Card,12.68,5.0,CBF
100529,530,Titanium_Credit_Card,10.99,5.0,CBF
100529,530,World_Elite_Card,10.35,5.0,CBF
100529,530,Platinum_Credit_Card,8.18,5.0,CBF
100529,530,Gold_Credit_Card,7.69,5.0,CBF
100529,530,Titanium_Credit_Card,83.97,40.0,XGBoost
100529,530,Platinum_Credit_Card,82.01,25.0,XGBoost
100530,531,Travel_Rewards_Card,34.1,5.0,CBF
100530,531,Titanium_Credit_Card,16.54,5.0,CBF
100530,531,Cashback_Card,11.77,5.0,CBF
100530,531,Classic_Credit_Card,10.35,5.0,CBF
100530,531,Gold_Credit_Card,9.98,5.0,CBF
100530,531,Platinum_Credit_Card,6.87,5.0,CBF
100530,531,Titanium_Credit_Card,83.97,40.0,XGBoost
100530,531,Platinum_Credit_Card,82.01,25.0,XGBoost
100531,532,Cashback_Card,21.66,5.0,CBF
100531,532,Travel_Rewards_Card,18.39,5.0,CBF
100531,532,Platinum_Credit_Card,16.62,5.0,CBF
100531,532,World_Elite_Card,16.54,5.0,CBF
100531,532,Gold_Credit_Card,11.62,5.0,CBF
100531,532,Classic_Credit_Card,10.99,5.0,CBF
100531,532,Travel_Rewards_Card,86.63,60.0,XGBoost
100531,532,World_Elite_Card,84.48,35.0,XGBoost
100531,532,Platinum_Credit_Card,65.76,25.0,XGBoost
100532,533,Cashback_Card,26.67,5.0,CBF
100532,533,Titanium_Credit_Card,11.62,5.0,CBF
100532,533,Travel_Rewards_Card,10.76,5.0,CBF
100532,533,World_Elite_Card,9.98,5.0,CBF
100532,533,Platinum_Credit_Card,9.91,5.0,CBF
100532,533,Classic_Credit_Card,7.69,5.0,CBF
100532,533,World_Elite_Card,77.53,35.0,XGBoost
100532,533,Platinum_Credit_Card,73.58,25.0,XGBoost
100532,533,Travel_Rewards_Card,70.69,60.0,XGBoost
100533,534,Cashback_Card,21.66,5.0,CBF
100533,534,Travel_Rewards_Card,18.39,5.0,CBF
100533,534,Platinum_Credit_Card,16.62,5.0,CBF
100533,534,World_Elite_Card,16.54,5.0,CBF
100533,534,Gold_Credit_Card,11.62,5.0,CBF
100533,534,Classic_Credit_Card,10.99,5.0,CBF
100533,534,Travel_Rewards_Card,86.63,60.0,XGBoost
100533,534,World_Elite_Card,84.48,35.0,XGBoost
100533,534,Platinum_Credit_Card,65.76,25.0,XGBoost
100534,535,Travel_Rewards_Card,34.1,5.0,CBF
100534,535,Titanium_Credit_Card,16.54,5.0,CBF
100534,535,Cashback_Card,11.77,5.0,CBF
100534,535,Classic_Credit_Card,10.35,5.0,CBF
100534,535,Gold_Credit_Card,9.98,5.0,CBF
100534,535,Platinum_Credit_Card,6.87,5.0,CBF
100534,535,Classic_Credit_Card,73.82,30.0,XGBoost
100534,535,Cashback_Card,69.96,15.0,XGBoost
100534,535,Gold_Credit_Card,64.92,30.0,XGBoost
100535,536,Cashback_Card,29.76,5.0,CBF
100535,536,Travel_Rewards_Card,12.68,5.0,CBF
100535,536,Titanium_Credit_Card,10.99,5.0,CBF
100535,536,World_Elite_Card,10.35,5.0,CBF
100535,536,Platinum_Credit_Card,8.18,5.0,CBF
100535,536,Gold_Credit_Card,7.69,5.0,CBF
100535,536,Classic_Credit_Card,73.82,30.0,XGBoost
100535,536,Cashback_Card,69.96,15.0,XGBoost
100535,536,Gold_Credit_Card,64.92,30.0,XGBoost
100536,537,Platinum_Credit_Card,39.63,5.0,CBF
100536,537,World_Elite_Card,34.1,5.0,CBF
100536,537,Titanium_Credit_Card,18.39,5.0,CBF
100536,537,Cashback_Card,12.68,5.0,CBF
100536,537,Classic_Credit_Card,12.68,5.0,CBF
100536,537,Gold_Credit_Card,10.76,5.0,CBF
100536,537,Cashback_Card,66.55,15.0,XGBoost
100536,537,Classic_Credit_Card,63.09,30.0,XGBoost
100536,537,Gold_Credit_Card,62.33,30.0,XGBoost
100537,538,Travel_Rewards_Card,34.1,5.0,CBF
100537,538,Titanium_Credit_Card,16.54,5.0,CBF
100537,538,Cashback_Card,11.77,5.0,CBF
100537,538,Classic_Credit_Card,10.35,5.0,CBF
100537,538,Gold_Credit_Card,9.98,5.0,CBF
100537,538,Platinum_Credit_Card,6.87,5.0,CBF
100537,538,World_Elite_Card,85.27,35.0,XGBoost
100537,538,Platinum_Credit_Card,70.69,25.0,XGBoost
100537,538,Travel_Rewards_Card,66.58,60.0,XGBoost
100538,539,Cashback_Card,29.76,5.0,CBF
100538,539,Travel_Rewards_Card,12.68,5.0,CBF
100538,539,Titanium_Credit_Card,10.99,5.0,CBF
100538,539,World_Elite_Card,10.35,5.0,CBF
100538,539,Platinum_Credit_Card,8.18,5.0,CBF
100538,539,Gold_Credit_Card,7.69,5.0,CBF
100538,539,Cashback_Card,77.59,15.0,XGBoost
100538,539,Gold_Credit_Card,67.53,30.0,XGBoost
100538,539,Classic_Credit_Card,60.48,30.0,XGBoost
100539,540,Platinum_Credit_Card,39.63,5.0,CBF
100539,540,World_Elite_Card,34.1,5.0,CBF
100539,540,Titanium_Credit_Card,18.39,5.0,CBF
100539,540,Cashback_Card,12.68,5.0,CBF
100539,540,Classic_Credit_Card,12.68,5.0,CBF
100539,540,Gold_Credit_Card,10.76,5.0,CBF
100539,540,World_Elite_Card,85.27,35.0,XGBoost
100539,540,Platinum_Credit_Card,70.69,25.0,XGBoost
100539,540,Travel_Rewards_Card,66.58,60.0,XGBoost
100540,541,Travel_Rewards_Card,34.1,5.0,CBF
100540,541,Titanium_Credit_Card,16.54,5.0,CBF
100540,541,Cashback_Card,11.77,5.0,CBF
100540,541,Classic_Credit_Card,10.35,5.0,CBF
100540,541,Gold_Credit_Card,9.98,5.0,CBF
100540,541,Platinum_Credit_Card,6.87,5.0,CBF
100540,541,Titanium_Credit_Card,88.03,40.0,XGBoost
100540,541,Platinum_Credit_Card,74.78,25.0,XGBoost
100541,542,Travel_Rewards_Card,39.63,5.0,CBF
100541,542,Titanium_Credit_Card,16.62,5.0,CBF
100541,542,Gold_Credit_Card,9.91,5.0,CBF
100541,542,Cashback_Card,9.26,5.0,CBF
100541,542,Classic_Credit_Card,8.18,5.0,CBF
100541,542,World_Elite_Card,6.87,5.0,CBF
100541,542,Cashback_Card,66.55,15.0,XGBoost
100541,542,Classic_Credit_Card,63.09,30.0,XGBoost
100541,542,Gold_Credit_Card,62.33,30.0,XGBoost
100542,543,Travel_Rewards_Card,39.63,5.0,CBF
100542,543,Titanium_Credit_Card,16.62,5.0,CBF
100542,543,Gold_Credit_Card,9.91,5.0,CBF
100542,543,Cashback_Card,9.26,5.0,CBF
100542,543,Classic_Credit_Card,8.18,5.0,CBF
100542,543,World_Elite_Card,6.87,5.0,CBF
100542,543,Cashback_Card,66.55,15.0,XGBoost
100542,543,Classic_Credit_Card,63.09,30.0,XGBoost
100542,543,Gold_Credit_Card,62.33,30.0,XGBoost
100543,544,World_Elite_Card,85.27,35.0,XGBoost
100543,544,Platinum_Credit_Card,70.69,25.0,XGBoost
100543,544,Travel_Rewards_Card,66.58,60.0,XGBoost
100544,545,Travel_Rewards_Card,39.63,5.0,CBF
100544,545,Titanium_Credit_Card,16.62,5.0,CBF
100544,545,Gold_Credit_Card,9.91,5.0,CBF
100544,545,Cashback_Card,9.26,5.0,CBF
100544,545,Classic_Credit_Card,8.18,5.0,CBF
100544,545,World_Elite_Card,6.87,5.0,CBF
100544,545,World_Elite_Card,85.27,35.0,XGBoost
100544,545,Platinum_Credit_Card,70.69,25.0,XGBoost
100544,545,Travel_Rewards_Card,66.58,60.0,XGBoost
100545,546,Cashback_Card,29.76,5.0,CBF
100545,546,Travel_Rewards_Card,12.68,5.0,CBF
100545,546,Titanium_Credit_Card,10.99,5.0,CBF
100545,546,World_Elite_Card,10.35,5.0,CBF
100545,546,Platinum_Credit_Card,8.18,5.0,CBF
100545,546,Gold_Credit_Card,7.69,5.0,CBF
100545,546,Gold_Credit_Card,71.42,30.0,XGBoost
100545,546,Cashback_Card,70.57,15.0,XGBoost
100545,546,Classic_Credit_Card,66.04,30.0,XGBoost
100546,547,Cashback_Card,79.08,15.0,XGBoost
100546,547,Gold_Credit_Card,65.13,30.0,XGBoost
100546,547,Classic_Credit_Card,64.16,30.0,XGBoost
100547,548,Travel_Rewards_Card,39.63,5.0,CBF
100547,548,Titanium_Credit_Card,16.62,5.0,CBF
100547,548,Gold_Credit_Card,9.91,5.0,CBF
100547,548,Cashback_Card,9.26,5.0,CBF
100547,548,Classic_Credit_Card,8.18,5.0,CBF
100547,548,World_Elite_Card,6.87,5.0,CBF
100547,548,World_Elite_Card,77.53,35.0,XGBoost
100547,548,Platinum_Credit_Card,73.58,25.0,XGBoost
100547,548,Travel_Rewards_Card,70.69,60.0,XGBoost
100548,549,Classic_Credit_Card,29.76,5.0,CBF
100548,549,Gold_Credit_Card,26.67,5.0,CBF
100548,549,Titanium_Credit_Card,21.66,5.0,CBF
100548,549,Travel_Rewards_Card,12.68,5.0,CBF
100548,549,World_Elite_Card,11.77,5.0,CBF
100548,549,Platinum_Credit_Card,9.26,5.0,CBF
100548,549,Gold_Credit_Card,71.42,30.0,XGBoost
100548,549,Cashback_Card,70.57,15.0,XGBoost
100548,549,Classic_Credit_Card,66.04,30.0,XGBoost
100549,550,Cashback_Card,77.59,15.0,XGBoost
100549,550,Gold_Credit_Card,67.53,30.0,XGBoost
100549,550,Classic_Credit_Card,60.48,30.0,XGBoost
100550,551,Cashback_Card,21.66,5.0,CBF
100550,551,Travel_Rewards_Card,18.39,5.0,CBF
100550,551,Platinum_Credit_Card,16.62,5.0,CBF
100550,551,World_Elite_Card,16.54,5.0,CBF
100550,551,Gold_Credit_Card,11.62,5.0,CBF
100550,551,Classic_Credit_Card,10.99,5.0,CBF
100550,551,Gold_Credit_Card,71.42,30.0,XGBoost
100550,551,Cashback_Card,70.57,15.0,XGBoost
100550,551,Classic_Credit_Card,66.04,30.0,XGBoost
100551,552,Cashback_Card,26.67,5.0,CBF
100551,552,Titanium_Credit_Card,11.62,5.0,CBF
100551,552,Travel_Rewards_Card,10.76,5.0,CBF
100551,552,World_Elite_Card,9.98,5.0,CBF
100551,552,Platinum_Credit_Card,9.91,5.0,CBF
100551,552,Classic_Credit_Card,7.69,5.0,CBF
100551,552,World_Elite_Card,85.27,35.0,XGBoost
100551,552,Platinum_Credit_Card,70.69,25.0,XGBoost
100551,552,Travel_Rewards_Card,66.58,60.0,XGBoost
100552,553,Cashback_Card,21.66,5.0,CBF
100552,553,Travel_Rewards_Card,18.39,5.0,CBF
100552,553,Platinum_Credit_Card,16.62,5.0,CBF
100552,553,World_Elite_Card,16.54,5.0,CBF
100552,553,Gold_Credit_Card,11.62,5.0,CBF
100552,553,Classic_Credit_Card,10.99,5.0,CBF
100552,553,Titanium_Credit_Card,88.03,40.0,XGBoost
100552,553,Platinum_Credit_Card,74.78,25.0,XGBoost
100553,554,Cashback_Card,29.76,5.0,CBF
100553,554,Travel_Rewards_Card,12.68,5.0,CBF
100553,554,Titanium_Credit_Card,10.99,5.0,CBF
100553,554,World_Elite_Card,10.35,5.0,CBF
100553,554,Platinum_Credit_Card,8.18,5.0,CBF
100553,554,Gold_Credit_Card,7.69,5.0,CBF
100553,554,Cashback_Card,77.59,15.0,XGBoost
100553,554,Gold_Credit_Card,67.53,30.0,XGBoost
100553,554,Classic_Credit_Card,60.48,30.0,XGBoost
100554,555,Travel_Rewards_Card,39.63,5.0,CBF
100554,555,Titanium_Credit_Card,16.62,5.0,CBF
100554,555,Gold_Credit_Card,9.91,5.0,CBF
100554,555,Cashback_Card,9.26,5.0,CBF
100554,555,Classic_Credit_Card,8.18,5.0,CBF
100554,555,World_Elite_Card,6.87,5.0,CBF
100554,555,World_Elite_Card,77.53,35.0,XGBoost
100554,555,Platinum_Credit_Card,73.58,25.0,XGBoost
100554,555,Travel_Rewards_Card,70.69,60.0,XGBoost
100555,556,Cashback_Card,21.66,5.0,CBF
100555,556,Travel_Rewards_Card,18.39,5.0,CBF
100555,556,Platinum_Credit_Card,16.62,5.0,CBF
100555,556,World_Elite_Card,16.54,5.0,CBF
100555,556,Gold_Credit_Card,11.62,5.0,CBF
100555,556,Classic_Credit_Card,10.99,5.0,CBF
100555,556,Titanium_Credit_Card,83.97,40.0,XGBoost
100555,556,Platinum_Credit_Card,82.01,25.0,XGBoost
100556,557,Cashback_Card,79.08,15.0,XGBoost
100556,557,Gold_Credit_Card,65.13,30.0,XGBoost
100556,557,Classic_Credit_Card,64.16,30.0,XGBoost
100557,558,Gold_Credit_Card,71.42,30.0,XGBoost
100557,558,Cashback_Card,70.57,15.0,XGBoost
100557,558,Classic_Credit_Card,66.04,30.0,XGBoost
100558,559,Cashback_Card,79.08,15.0,XGBoost
100558,559,Gold_Credit_Card,65.13,30.0,XGBoost
100558,559,Classic_Credit_Card,64.16,30.0,XGBoost
100559,560,Cashback_Card,21.66,5.0,CBF
100559,560,Travel_Rewards_Card,18.39,5.0,CBF
100559,560,Platinum_Credit_Card,16.62,5.0,CBF
100559,560,World_Elite_Card,16.54,5.0,CBF
100559,560,Gold_Credit_Card,11.62,5.0,CBF
100559,560,Classic_Credit_Card,10.99,5.0,CBF
100559,560,Gold_Credit_Card,71.42,30.0,XGBoost
100559,560,Cashback_Card,70.57,15.0,XGBoost
100559,560,Classic_Credit_Card,66.04,30.0,XGBoost
100560,561,Cashback_Card,21.66,5.0,CBF
100560,561,Travel_Rewards_Card,18.39,5.0,CBF
100560,561,Platinum_Credit_Card,16.62,5.0,CBF
100560,561,World_Elite_Card,16.54,5.0,CBF
100560,561,Gold_Credit_Card,11.62,5.0,CBF
100560,561,Classic_Credit_Card,10.99,5.0,CBF
100560,561,Cashback_Card,66.55,15.0,XGBoost
100560,561,Classic_Credit_Card,63.09,30.0,XGBoost
100560,561,Gold_Credit_Card,62.33,30.0,XGBoost
100561,562,Cashback_Card,29.76,5.0,CBF
100561,562,Travel_Rewards_Card,12.68,5.0,CBF
100561,562,Titanium_Credit_Card,10.99,5.0,CBF
100561,562,World_Elite_Card,10.35,5.0,CBF
100561,562,Platinum_Credit_Card,8.18,5.0,CBF
100561,562,Gold_Credit_Card,7.69,5.0,CBF
100561,562,World_Elite_Card,85.27,35.0,XGBoost
100561,562,Platinum_Credit_Card,70.69,25.0,XGBoost
100561,562,Travel_Rewards_Card,66.58,60.0,XGBoost
100562,563,Cashback_Card,29.76,5.0,CBF
100562,563,Travel_Rewards_Card,12.68,5.0,CBF
100562,563,Titanium_Credit_Card,10.99,5.0,CBF
100562,563,World_Elite_Card,10.35,5.0,CBF
100562,563,Platinum_Credit_Card,8.18,5.0,CBF
100562,563,Gold_Credit_Card,7.69,5.0,CBF
100562,563,World_Elite_Card,77.53,35.0,XGBoost
100562,563,Platinum_Credit_Card,73.58,25.0,XGBoost
100562,563,Travel_Rewards_Card,70.69,60.0,XGBoost
100563,564,Gold_Credit_Card,71.42,30.0,XGBoost
100563,564,Cashback_Card,70.57,15.0,XGBoost
100563,564,Classic_Credit_Card,66.04,30.0,XGBoost
100564,565,Cashback_Card,26.67,5.0,CBF
100564,565,Titanium_Credit_Card,11.62,5.0,CBF
100564,565,Travel_Rewards_Card,10.76,5.0,CBF
100564,565,World_Elite_Card,9.98,5.0,CBF
100564,565,Platinum_Credit_Card,9.91,5.0,CBF
100564,565,Classic_Credit_Card,7.69,5.0,CBF
100564,565,Cashback_Card,77.59,15.0,XGBoost
100564,565,Gold_Credit_Card,67.53,30.0,XGBoost
100564,565,Classic_Credit_Card,60.48,30.0,XGBoost
100565,566,Classic_Credit_Card,29.76,5.0,CBF
100565,566,Gold_Credit_Card,26.67,5.0,CBF
100565,566,Titanium_Credit_Card,21.66,5.0,CBF
100565,566,Travel_Rewards_Card,12.68,5.0,CBF
100565,566,World_Elite_Card,11.77,5.0,CBF
100565,566,Platinum_Credit_Card,9.26,5.0,CBF
100565,566,Cashback_Card,79.08,15.0,XGBoost
100565,566,Gold_Credit_Card,65.13,30.0,XGBoost
100565,566,Classic_Credit_Card,64.16,30.0,XGBoost
100566,567,Travel_Rewards_Card,39.63,5.0,CBF
100566,567,Titanium_Credit_Card,16.62,5.0,CBF
100566,567,Gold_Credit_Card,9.91,5.0,CBF
100566,567,Cashback_Card,9.26,5.0,CBF
100566,567,Classic_Credit_Card,8.18,5.0,CBF
100566,567,World_Elite_Card,6.87,5.0,CBF
100566,567,Titanium_Credit_Card,88.03,40.0,XGBoost
100566,567,Platinum_Credit_Card,74.78,25.0,XGBoost
100567,568,Cashback_Card,21.66,5.0,CBF
100567,568,Travel_Rewards_Card,18.39,5.0,CBF
100567,568,Platinum_Credit_Card,16.62,5.0,CBF
100567,568,World_Elite_Card,16.54,5.0,CBF
100567,568,Gold_Credit_Card,11.62,5.0,CBF
100567,568,Classic_Credit_Card,10.99,5.0,CBF
100567,568,Travel_Rewards_Card,86.63,60.0,XGBoost
100567,568,World_Elite_Card,84.48,35.0,XGBoost
100567,568,Platinum_Credit_Card,65.76,25.0,XGBoost
100568,569,Titanium_Credit_Card,88.03,40.0,XGBoost
100568,569,Platinum_Credit_Card,74.78,25.0,XGBoost
100569,570,Cashback_Card,21.66,5.0,CBF
100569,570,Travel_Rewards_Card,18.39,5.0,CBF
100569,570,Platinum_Credit_Card,16.62,5.0,CBF
100569,570,World_Elite_Card,16.54,5.0,CBF
100569,570,Gold_Credit_Card,11.62,5.0,CBF
100569,570,Classic_Credit_Card,10.99,5.0,CBF
100569,570,Cashback_Card,79.08,15.0,XGBoost
100569,570,Gold_Credit_Card,65.13,30.0,XGBoost
100569,570,Classic_Credit_Card,64.16,30.0,XGBoost
100570,571,Travel_Rewards_Card,39.63,5.0,CBF
100570,571,Titanium_Credit_Card,16.62,5.0,CBF
100570,571,Gold_Credit_Card,9.91,5.0,CBF
100570,571,Cashback_Card,9.26,5.0,CBF
100570,571,Classic_Credit_Card,8.18,5.0,CBF
100570,571,World_Elite_Card,6.87,5.0,CBF
100570,571,Cashback_Card,79.08,15.0,XGBoost
100570,571,Gold_Credit_Card,65.13,30.0,XGBoost
100570,571,Classic_Credit_Card,64.16,30.0,XGBoost
100571,572,Gold_Credit_Card,71.42,30.0,XGBoost
100571,572,Cashback_Card,70.57,15.0,XGBoost
100571,572,Classic_Credit_Card,66.04,30.0,XGBoost
100572,573,Platinum_Credit_Card,39.63,5.0,CBF
100572,573,World_Elite_Card,34.1,5.0,CBF
100572,573,Titanium_Credit_Card,18.39,5.0,CBF
100572,573,Cashback_Card,12.68,5.0,CBF
100572,573,Classic_Credit_Card,12.68,5.0,CBF
100572,573,Gold_Credit_Card,10.76,5.0,CBF
100572,573,Titanium_Credit_Card,88.03,40.0,XGBoost
100572,573,Platinum_Credit_Card,74.78,25.0,XGBoost
100573,574,Travel_Rewards_Card,39.63,5.0,CBF
100573,574,Titanium_Credit_Card,16.62,5.0,CBF
100573,574,Gold_Credit_Card,9.91,5.0,CBF
100573,574,Cashback_Card,9.26,5.0,CBF
100573,574,Classic_Credit_Card,8.18,5.0,CBF
100573,574,World_Elite_Card,6.87,5.0,CBF
100573,574,Travel_Rewards_Card,86.63,60.0,XGBoost
100573,574,World_Elite_Card,84.48,35.0,XGBoost
100573,574,Platinum_Credit_Card,65.76,25.0,XGBoost
100574,575,Travel_Rewards_Card,39.63,5.0,CBF
100574,575,Titanium_Credit_Card,16.62,5.0,CBF
100574,575,Gold_Credit_Card,9.91,5.0,CBF
100574,575,Cashback_Card,9.26,5.0,CBF
100574,575,Classic_Credit_Card,8.18,5.0,CBF
100574,575,World_Elite_Card,6.87,5.0,CBF
100574,575,World_Elite_Card,85.27,35.0,XGBoost
100574,575,Platinum_Credit_Card,70.69,25.0,XGBoost
100574,575,Travel_Rewards_Card,66.58,60.0,XGBoost
100575,576,Travel_Rewards_Card,39.63,5.0,CBF
100575,576,Titanium_Credit_Card,16.62,5.0,CBF
100575,576,Gold_Credit_Card,9.91,5.0,CBF
100575,576,Cashback_Card,9.26,5.0,CBF
100575,576,Classic_Credit_Card,8.18,5.0,CBF
100575,576,World_Elite_Card,6.87,5.0,CBF
100575,576,Titanium_Credit_Card,88.03,40.0,XGBoost
100575,576,Platinum_Credit_Card,74.78,25.0,XGBoost
100576,577,Travel_Rewards_Card,39.63,5.0,CBF
100576,577,Titanium_Credit_Card,16.62,5.0,CBF
100576,577,Gold_Credit_Card,9.91,5.0,CBF
100576,577,Cashback_Card,9.26,5.0,CBF
100576,577,Classic_Credit_Card,8.18,5.0,CBF
100576,577,World_Elite_Card,6.87,5.0,CBF
100576,577,World_Elite_Card,85.27,35.0,XGBoost
100576,577,Platinum_Credit_Card,70.69,25.0,XGBoost
100576,577,Travel_Rewards_Card,66.58,60.0,XGBoost
100578,579,Cashback_Card,29.76,5.0,CBF
100578,579,Travel_Rewards_Card,12.68,5.0,CBF
100578,579,Titanium_Credit_Card,10.99,5.0,CBF
100578,579,World_Elite_Card,10.35,5.0,CBF
100578,579,Platinum_Credit_Card,8.18,5.0,CBF
100578,579,Gold_Credit_Card,7.69,5.0,CBF
100578,579,World_Elite_Card,85.27,35.0,XGBoost
100578,579,Platinum_Credit_Card,70.69,25.0,XGBoost
100578,579,Travel_Rewards_Card,66.58,60.0,XGBoost
100579,580,Cashback_Card,29.76,5.0,CBF
100579,580,Travel_Rewards_Card,12.68,5.0,CBF
100579,580,Titanium_Credit_Card,10.99,5.0,CBF
100579,580,World_Elite_Card,10.35,5.0,CBF
100579,580,Platinum_Credit_Card,8.18,5.0,CBF
100579,580,Gold_Credit_Card,7.69,5.0,CBF
100579,580,Titanium_Credit_Card,88.03,40.0,XGBoost
100579,580,Platinum_Credit_Card,74.78,25.0,XGBoost
100580,581,Platinum_Credit_Card,39.63,5.0,CBF
100580,581,World_Elite_Card,34.1,5.0,CBF
100580,581,Titanium_Credit_Card,18.39,5.0,CBF
100580,581,Cashback_Card,12.68,5.0,CBF
100580,581,Classic_Credit_Card,12.68,5.0,CBF
100580,581,Gold_Credit_Card,10.76,5.0,CBF
100580,581,World_Elite_Card,77.53,35.0,XGBoost
100580,581,Platinum_Credit_Card,73.58,25.0,XGBoost
100580,581,Travel_Rewards_Card,70.69,60.0,XGBoost
100581,582,Platinum_Credit_Card,39.63,5.0,CBF
100581,582,World_Elite_Card,34.1,5.0,CBF
100581,582,Titanium_Credit_Card,18.39,5.0,CBF
100581,582,Cashback_Card,12.68,5.0,CBF
100581,582,Classic_Credit_Card,12.68,5.0,CBF
100581,582,Gold_Credit_Card,10.76,5.0,CBF
100581,582,Titanium_Credit_Card,88.03,40.0,XGBoost
100581,582,Platinum_Credit_Card,74.78,25.0,XGBoost
100582,583,Titanium_Credit_Card,83.97,40.0,XGBoost
100582,583,Platinum_Credit_Card,82.01,25.0,XGBoost
100584,585,Travel_Rewards_Card,39.63,5.0,CBF
100584,585,Titanium_Credit_Card,16.62,5.0,CBF
100584,585,Gold_Credit_Card,9.91,5.0,CBF
100584,585,Cashback_Card,9.26,5.0,CBF
100584,585,Classic_Credit_Card,8.18,5.0,CBF
100584,585,World_Elite_Card,6.87,5.0,CBF
100584,585,Travel_Rewards_Card,86.63,60.0,XGBoost
100584,585,World_Elite_Card,84.48,35.0,XGBoost
100584,585,Platinum_Credit_Card,65.76,25.0,XGBoost
100585,586,World_Elite_Card,77.53,35.0,XGBoost
100585,586,Platinum_Credit_Card,73.58,25.0,XGBoost
100585,586,Travel_Rewards_Card,70.69,60.0,XGBoost
100586,587,Cashback_Card,21.66,5.0,CBF
100586,587,Travel_Rewards_Card,18.39,5.0,CBF
100586,587,Platinum_Credit_Card,16.62,5.0,CBF
100586,587,World_Elite_Card,16.54,5.0,CBF
100586,587,Gold_Credit_Card,11.62,5.0,CBF
100586,587,Classic_Credit_Card,10.99,5.0,CBF
100586,587,World_Elite_Card,85.27,35.0,XGBoost
100586,587,Platinum_Credit_Card,70.69,25.0,XGBoost
100586,587,Travel_Rewards_Card,66.58,60.0,XGBoost
100587,588,Platinum_Credit_Card,39.63,5.0,CBF
100587,588,World_Elite_Card,34.1,5.0,CBF
100587,588,Titanium_Credit_Card,18.39,5.0,CBF
100587,588,Cashback_Card,12.68,5.0,CBF
100587,588,Classic_Credit_Card,12.68,5.0,CBF
100587,588,Gold_Credit_Card,10.76,5.0,CBF
100587,588,Travel_Rewards_Card,86.63,60.0,XGBoost
100587,588,World_Elite_Card,84.48,35.0,XGBoost
100587,588,Platinum_Credit_Card,65.76,25.0,XGBoost
100588,589,Travel_Rewards_Card,39.63,5.0,CBF
100588,589,Titanium_Credit_Card,16.62,5.0,CBF
100588,589,Gold_Credit_Card,9.91,5.0,CBF
100588,589,Cashback_Card,9.26,5.0,CBF
100588,589,Classic_Credit_Card,8.18,5.0,CBF
100588,589,World_Elite_Card,6.87,5.0,CBF
100588,589,Cashback_Card,77.59,15.0,XGBoost
100588,589,Gold_Credit_Card,67.53,30.0,XGBoost
100588,589,Classic_Credit_Card,60.48,30.0,XGBoost
100589,590,Travel_Rewards_Card,34.1,5.0,CBF
100589,590,Titanium_Credit_Card,16.54,5.0,CBF
100589,590,Cashback_Card,11.77,5.0,CBF
100589,590,Classic_Credit_Card,10.35,5.0,CBF
100589,590,Gold_Credit_Card,9.98,5.0,CBF
100589,590,Platinum_Credit_Card,6.87,5.0,CBF
100589,590,Cashback_Card,77.59,15.0,XGBoost
100589,590,Gold_Credit_Card,67.53,30.0,XGBoost
100589,590,Classic_Credit_Card,60.48,30.0,XGBoost
100590,591,Classic_Credit_Card,29.76,5.0,CBF
100590,591,Gold_Credit_Card,26.67,5.0,CBF
100590,591,Titanium_Credit_Card,21.66,5.0,CBF
100590,591,Travel_Rewards_Card,12.68,5.0,CBF
100590,591,World_Elite_Card,11.77,5.0,CBF
100590,591,Platinum_Credit_Card,9.26,5.0,CBF
100590,591,World_Elite_Card,77.53,35.0,XGBoost
100590,591,Platinum_Credit_Card,73.58,25.0,XGBoost
100590,591,Travel_Rewards_Card,70.69,60.0,XGBoost
100591,592,Travel_Rewards_Card,34.1,5.0,CBF
100591,592,Titanium_Credit_Card,16.54,5.0,CBF
100591,592,Cashback_Card,11.77,5.0,CBF
100591,592,Classic_Credit_Card,10.35,5.0,CBF
100591,592,Gold_Credit_Card,9.98,5.0,CBF
100591,592,Platinum_Credit_Card,6.87,5.0,CBF
100591,592,World_Elite_Card,77.53,35.0,XGBoost
100591,592,Platinum_Credit_Card,73.58,25.0,XGBoost
100591,592,Travel_Rewards_Card,70.69,60.0,XGBoost
100592,593,Cashback_Card,21.66,5.0,CBF
100592,593,Travel_Rewards_Card,18.39,5.0,CBF
100592,593,Platinum_Credit_Card,16.62,5.0,CBF
100592,593,World_Elite_Card,16.54,5.0,CBF
100592,593,Gold_Credit_Card,11.62,5.0,CBF
100592,593,Classic_Credit_Card,10.99,5.0,CBF
100592,593,Cashback_Card,66.55,15.0,XGBoost
100592,593,Classic_Credit_Card,63.09,30.0,XGBoost
100592,593,Gold_Credit_Card,62.33,30.0,XGBoost
100593,594,Travel_Rewards_Card,39.63,5.0,CBF
100593,594,Titanium_Credit_Card,16.62,5.0,CBF
100593,594,Gold_Credit_Card,9.91,5.0,CBF
100593,594,Cashback_Card,9.26,5.0,CBF
100593,594,Classic_Credit_Card,8.18,5.0,CBF
100593,594,World_Elite_Card,6.87,5.0,CBF
100593,594,Titanium_Credit_Card,88.03,40.0,XGBoost
100593,594,Platinum_Credit_Card,74.78,25.0,XGBoost
100594,595,Travel_Rewards_Card,34.1,5.0,CBF
100594,595,Titanium_Credit_Card,16.54,5.0,CBF
100594,595,Cashback_Card,11.77,5.0,CBF
100594,595,Classic_Credit_Card,10.35,5.0,CBF
100594,595,Gold_Credit_Card,9.98,5.0,CBF
100594,595,Platinum_Credit_Card,6.87,5.0,CBF
100594,595,Cashback_Card,66.55,15.0,XGBoost
100594,595,Classic_Credit_Card,63.09,30.0,XGBoost
100594,595,Gold_Credit_Card,62.33,30.0,XGBoost
100595,596,Cashback_Card,29.76,5.0,CBF
100595,596,Travel_Rewards_Card,12.68,5.0,CBF
100595,596,Titanium_Credit_Card,10.99,5.0,CBF
100595,596,World_Elite_Card,10.35,5.0,CBF
100595,596,Platinum_Credit_Card,8.18,5.0,CBF
100595,596,Gold_Credit_Card,7.69,5.0,CBF
100595,596,Titanium_Credit_Card,83.97,40.0,XGBoost
100595,596,Platinum_Credit_Card,82.01,25.0,XGBoost
100597,598,Classic_Credit_Card,29.76,5.0,CBF
100597,598,Gold_Credit_Card,26.67,5.0,CBF
100597,598,Titanium_Credit_Card,21.66,5.0,CBF
100597,598,Travel_Rewards_Card,12.68,5.0,CBF
100597,598,World_Elite_Card,11.77,5.0,CBF
100597,598,Platinum_Credit_Card,9.26,5.0,CBF
100597,598,Classic_Credit_Card,73.82,30.0,XGBoost
100597,598,Cashback_Card,69.96,15.0,XGBoost
100597,598,Gold_Credit_Card,64.92,30.0,XGBoost
100598,599,Travel_Rewards_Card,34.1,5.0,CBF
100598,599,Titanium_Credit_Card,16.54,5.0,CBF
100598,599,Cashback_Card,11.77,5.0,CBF
100598,599,Classic_Credit_Card,10.35,5.0,CBF
100598,599,Gold_Credit_Card,9.98,5.0,CBF
100598,599,Platinum_Credit_Card,6.87,5.0,CBF
100598,599,Cashback_Card,66.55,15.0,XGBoost
100598,599,Classic_Credit_Card,63.09,30.0,XGBoost
100598,599,Gold_Credit_Card,62.33,30.0,XGBoost
100599,600,Gold_Credit_Card,71.42,30.0,XGBoost
100599,600,Cashback_Card,70.57,15.0,XGBoost
100599,600,Classic_Credit_Card,66.04,30.0,XGBoost
100600,601,Cashback_Card,79.08,15.0,XGBoost
100600,601,Gold_Credit_Card,65.13,30.0,XGBoost
100600,601,Classic_Credit_Card,64.16,30.0,XGBoost
100601,602,Cashback_Card,26.67,5.0,CBF
100601,602,Titanium_Credit_Card,11.62,5.0,CBF
100601,602,Travel_Rewards_Card,10.76,5.0,CBF
100601,602,World_Elite_Card,9.98,5.0,CBF
100601,602,Platinum_Credit_Card,9.91,5.0,CBF
100601,602,Classic_Credit_Card,7.69,5.0,CBF
100601,602,World_Elite_Card,85.27,35.0,XGBoost
100601,602,Platinum_Credit_Card,70.69,25.0,XGBoost
100601,602,Travel_Rewards_Card,66.58,60.0,XGBoost
100602,603,Cashback_Card,21.66,5.0,CBF
100602,603,Travel_Rewards_Card,18.39,5.0,CBF
100602,603,Platinum_Credit_Card,16.62,5.0,CBF
100602,603,World_Elite_Card,16.54,5.0,CBF
100602,603,Gold_Credit_Card,11.62,5.0,CBF
100602,603,Classic_Credit_Card,10.99,5.0,CBF
100602,603,Titanium_Credit_Card,83.97,40.0,XGBoost
100602,603,Platinum_Credit_Card,82.01,25.0,XGBoost
100603,604,Cashback_Card,26.67,5.0,CBF
100603,604,Titanium_Credit_Card,11.62,5.0,CBF
100603,604,Travel_Rewards_Card,10.76,5.0,CBF
100603,604,World_Elite_Card,9.98,5.0,CBF
100603,604,Platinum_Credit_Card,9.91,5.0,CBF
100603,604,Classic_Credit_Card,7.69,5.0,CBF
100603,604,Cashback_Card,79.08,15.0,XGBoost
100603,604,Gold_Credit_Card,65.13,30.0,XGBoost
100603,604,Classic_Credit_Card,64.16,30.0,XGBoost
100604,605,Platinum_Credit_Card,39.63,5.0,CBF
100604,605,World_Elite_Card,34.1,5.0,CBF
100604,605,Titanium_Credit_Card,18.39,5.0,CBF
100604,605,Cashback_Card,12.68,5.0,CBF
100604,605,Classic_Credit_Card,12.68,5.0,CBF
100604,605,Gold_Credit_Card,10.76,5.0,CBF
100604,605,Cashback_Card,66.55,15.0,XGBoost
100604,605,Classic_Credit_Card,63.09,30.0,XGBoost
100604,605,Gold_Credit_Card,62.33,30.0,XGBoost
100605,606,Titanium_Credit_Card,88.03,40.0,XGBoost
100605,606,Platinum_Credit_Card,74.78,25.0,XGBoost
100606,607,Travel_Rewards_Card,39.63,5.0,CBF
100606,607,Titanium_Credit_Card,16.62,5.0,CBF
100606,607,Gold_Credit_Card,9.91,5.0,CBF
100606,607,Cashback_Card,9.26,5.0,CBF
100606,607,Classic_Credit_Card,8.18,5.0,CBF
100606,607,World_Elite_Card,6.87,5.0,CBF
100606,607,Cashback_Card,66.55,15.0,XGBoost
100606,607,Classic_Credit_Card,63.09,30.0,XGBoost
100606,607,Gold_Credit_Card,62.33,30.0,XGBoost
100607,608,Travel_Rewards_Card,34.1,5.0,CBF
100607,608,Titanium_Credit_Card,16.54,5.0,CBF
100607,608,Cashback_Card,11.77,5.0,CBF
100607,608,Classic_Credit_Card,10.35,5.0,CBF
100607,608,Gold_Credit_Card,9.98,5.0,CBF
100607,608,Platinum_Credit_Card,6.87,5.0,CBF
100607,608,Gold_Credit_Card,71.42,30.0,XGBoost
100607,608,Cashback_Card,70.57,15.0,XGBoost
100607,608,Classic_Credit_Card,66.04,30.0,XGBoost
100608,609,Cashback_Card,29.76,5.0,CBF
100608,609,Travel_Rewards_Card,12.68,5.0,CBF
100608,609,Titanium_Credit_Card,10.99,5.0,CBF
100608,609,World_Elite_Card,10.35,5.0,CBF
100608,609,Platinum_Credit_Card,8.18,5.0,CBF
100608,609,Gold_Credit_Card,7.69,5.0,CBF
100608,609,Titanium_Credit_Card,88.03,40.0,XGBoost
100608,609,Platinum_Credit_Card,74.78,25.0,XGBoost
100609,610,Travel_Rewards_Card,34.1,5.0,CBF
100609,610,Titanium_Credit_Card,16.54,5.0,CBF
100609,610,Cashback_Card,11.77,5.0,CBF
100609,610,Classic_Credit_Card,10.35,5.0,CBF
100609,610,Gold_Credit_Card,9.98,5.0,CBF
100609,610,Platinum_Credit_Card,6.87,5.0,CBF
100609,610,Gold_Credit_Card,71.42,30.0,XGBoost
100609,610,Cashback_Card,70.57,15.0,XGBoost
100609,610,Classic_Credit_Card,66.04,30.0,XGBoost
100610,611,World_Elite_Card,77.53,35.0,XGBoost
100610,611,Platinum_Credit_Card,73.58,25.0,XGBoost
100610,611,Travel_Rewards_Card,70.69,60.0,XGBoost
100611,612,Travel_Rewards_Card,34.1,5.0,CBF
100611,612,Titanium_Credit_Card,16.54,5.0,CBF
100611,612,Cashback_Card,11.77,5.0,CBF
100611,612,Classic_Credit_Card,10.35,5.0,CBF
100611,612,Gold_Credit_Card,9.98,5.0,CBF
100611,612,Platinum_Credit_Card,6.87,5.0,CBF
100611,612,Titanium_Credit_Card,88.03,40.0,XGBoost
100611,612,Platinum_Credit_Card,74.78,25.0,XGBoost
100612,613,Cashback_Card,26.67,5.0,CBF
100612,613,Titanium_Credit_Card,11.62,5.0,CBF
100612,613,Travel_Rewards_Card,10.76,5.0,CBF
100612,613,World_Elite_Card,9.98,5.0,CBF
100612,613,Platinum_Credit_Card,9.91,5.0,CBF
100612,613,Classic_Credit_Card,7.69,5.0,CBF
100612,613,Titanium_Credit_Card,83.97,40.0,XGBoost
100612,613,Platinum_Credit_Card,82.01,25.0,XGBoost
100613,614,Cashback_Card,26.67,5.0,CBF
100613,614,Titanium_Credit_Card,11.62,5.0,CBF
100613,614,Travel_Rewards_Card,10.76,5.0,CBF
100613,614,World_Elite_Card,9.98,5.0,CBF
100613,614,Platinum_Credit_Card,9.91,5.0,CBF
100613,614,Classic_Credit_Card,7.69,5.0,CBF
100613,614,Travel_Rewards_Card,86.63,60.0,XGBoost
100613,614,World_Elite_Card,84.48,35.0,XGBoost
100613,614,Platinum_Credit_Card,65.76,25.0,XGBoost
100614,615,Platinum_Credit_Card,39.63,5.0,CBF
100614,615,World_Elite_Card,34.1,5.0,CBF
100614,615,Titanium_Credit_Card,18.39,5.0,CBF
100614,615,Cashback_Card,12.68,5.0,CBF
100614,615,Classic_Credit_Card,12.68,5.0,CBF
100614,615,Gold_Credit_Card,10.76,5.0,CBF
100614,615,Travel_Rewards_Card,86.63,60.0,XGBoost
100614,615,World_Elite_Card,84.48,35.0,XGBoost
100614,615,Platinum_Credit_Card,65.76,25.0,XGBoost
100615,616,Cashback_Card,26.67,5.0,CBF
100615,616,Titanium_Credit_Card,11.62,5.0,CBF
100615,616,Travel_Rewards_Card,10.76,5.0,CBF
100615,616,World_Elite_Card,9.98,5.0,CBF
100615,616,Platinum_Credit_Card,9.91,5.0,CBF
100615,616,Classic_Credit_Card,7.69,5.0,CBF
100615,616,Travel_Rewards_Card,86.63,60.0,XGBoost
100615,616,World_Elite_Card,84.48,35.0,XGBoost
100615,616,Platinum_Credit_Card,65.76,25.0,XGBoost
100616,617,Cashback_Card,21.66,5.0,CBF
100616,617,Travel_Rewards_Card,18.39,5.0,CBF
100616,617,Platinum_Credit_Card,16.62,5.0,CBF
100616,617,World_Elite_Card,16.54,5.0,CBF
100616,617,Gold_Credit_Card,11.62,5.0,CBF
100616,617,Classic_Credit_Card,10.99,5.0,CBF
100616,617,Titanium_Credit_Card,83.97,40.0,XGBoost
100616,617,Platinum_Credit_Card,82.01,25.0,XGBoost
100617,618,Cashback_Card,26.67,5.0,CBF
100617,618,Titanium_Credit_Card,11.62,5.0,CBF
100617,618,Travel_Rewards_Card,10.76,5.0,CBF
100617,618,World_Elite_Card,9.98,5.0,CBF
100617,618,Platinum_Credit_Card,9.91,5.0,CBF
100617,618,Classic_Credit_Card,7.69,5.0,CBF
100617,618,Travel_Rewards_Card,86.63,60.0,XGBoost
100617,618,World_Elite_Card,84.48,35.0,XGBoost
100617,618,Platinum_Credit_Card,65.76,25.0,XGBoost
100618,619,Travel_Rewards_Card,34.1,5.0,CBF
100618,619,Titanium_Credit_Card,16.54,5.0,CBF
100618,619,Cashback_Card,11.77,5.0,CBF
100618,619,Classic_Credit_Card,10.35,5.0,CBF
100618,619,Gold_Credit_Card,9.98,5.0,CBF
100618,619,Platinum_Credit_Card,6.87,5.0,CBF
100618,619,Cashback_Card,79.08,15.0,XGBoost
100618,619,Gold_Credit_Card,65.13,30.0,XGBoost
100618,619,Classic_Credit_Card,64.16,30.0,XGBoost
100619,620,Cashback_Card,29.76,5.0,CBF
100619,620,Travel_Rewards_Card,12.68,5.0,CBF
100619,620,Titanium_Credit_Card,10.99,5.0,CBF
100619,620,World_Elite_Card,10.35,5.0,CBF
100619,620,Platinum_Credit_Card,8.18,5.0,CBF
100619,620,Gold_Credit_Card,7.69,5.0,CBF
100619,620,Gold_Credit_Card,71.42,30.0,XGBoost
100619,620,Cashback_Card,70.57,15.0,XGBoost
100619,620,Classic_Credit_Card,66.04,30.0,XGBoost
100620,621,Cashback_Card,29.76,5.0,CBF
100620,621,Travel_Rewards_Card,12.68,5.0,CBF
100620,621,Titanium_Credit_Card,10.99,5.0,CBF
100620,621,World_Elite_Card,10.35,5.0,CBF
100620,621,Platinum_Credit_Card,8.18,5.0,CBF
100620,621,Gold_Credit_Card,7.69,5.0,CBF
100620,621,Titanium_Credit_Card,83.97,40.0,XGBoost
100620,621,Platinum_Credit_Card,82.01,25.0,XGBoost
100621,622,Platinum_Credit_Card,39.63,5.0,CBF
100621,622,World_Elite_Card,34.1,5.0,CBF
100621,622,Titanium_Credit_Card,18.39,5.0,CBF
100621,622,Cashback_Card,12.68,5.0,CBF
100621,622,Classic_Credit_Card,12.68,5.0,CBF
100621,622,Gold_Credit_Card,10.76,5.0,CBF
100621,622,Cashback_Card,66.55,15.0,XGBoost
100621,622,Classic_Credit_Card,63.09,30.0,XGBoost
100621,622,Gold_Credit_Card,62.33,30.0,XGBoost
100622,623,Cashback_Card,29.76,5.0,CBF
100622,623,Travel_Rewards_Card,12.68,5.0,CBF
100622,623,Titanium_Credit_Card,10.99,5.0,CBF
100622,623,World_Elite_Card,10.35,5.0,CBF
100622,623,Platinum_Credit_Card,8.18,5.0,CBF
100622,623,Gold_Credit_Card,7.69,5.0,CBF
100622,623,Cashback_Card,66.55,15.0,XGBoost
100622,623,Classic_Credit_Card,63.09,30.0,XGBoost
100622,623,Gold_Credit_Card,62.33,30.0,XGBoost
100623,624,Travel_Rewards_Card,39.63,5.0,CBF
100623,624,Titanium_Credit_Card,16.62,5.0,CBF
100623,624,Gold_Credit_Card,9.91,5.0,CBF
100623,624,Cashback_Card,9.26,5.0,CBF
100623,624,Classic_Credit_Card,8.18,5.0,CBF
100623,624,World_Elite_Card,6.87,5.0,CBF
100623,624,Classic_Credit_Card,73.82,30.0,XGBoost
100623,624,Cashback_Card,69.96,15.0,XGBoost
100623,624,Gold_Credit_Card,64.92,30.0,XGBoost
100624,625,Travel_Rewards_Card,34.1,5.0,CBF
100624,625,Titanium_Credit_Card,16.54,5.0,CBF
100624,625,Cashback_Card,11.77,5.0,CBF
100624,625,Classic_Credit_Card,10.35,5.0,CBF
100624,625,Gold_Credit_Card,9.98,5.0,CBF
100624,625,Platinum_Credit_Card,6.87,5.0,CBF
100624,625,Titanium_Credit_Card,88.03,40.0,XGBoost
100624,625,Platinum_Credit_Card,74.78,25.0,XGBoost
100625,626,Travel_Rewards_Card,34.1,5.0,CBF
100625,626,Titanium_Credit_Card,16.54,5.0,CBF
100625,626,Cashback_Card,11.77,5.0,CBF
100625,626,Classic_Credit_Card,10.35,5.0,CBF
100625,626,Gold_Credit_Card,9.98,5.0,CBF
100625,626,Platinum_Credit_Card,6.87,5.0,CBF
100625,626,Cashback_Card,79.08,15.0,XGBoost
100625,626,Gold_Credit_Card,65.13,30.0,XGBoost
100625,626,Classic_Credit_Card,64.16,30.0,XGBoost
100626,627,Platinum_Credit_Card,39.63,5.0,CBF
100626,627,World_Elite_Card,34.1,5.0,CBF
100626,627,Titanium_Credit_Card,18.39,5.0,CBF
100626,627,Cashback_Card,12.68,5.0,CBF
100626,627,Classic_Credit_Card,12.68,5.0,CBF
100626,627,Gold_Credit_Card,10.76,5.0,CBF
100626,627,Cashback_Card,66.55,15.0,XGBoost
100626,627,Classic_Credit_Card,63.09,30.0,XGBoost
100626,627,Gold_Credit_Card,62.33,30.0,XGBoost
100627,628,Cashback_Card,77.59,15.0,XGBoost
100627,628,Gold_Credit_Card,67.53,30.0,XGBoost
100627,628,Classic_Credit_Card,60.48,30.0,XGBoost
100628,629,Travel_Rewards_Card,34.1,5.0,CBF
100628,629,Titanium_Credit_Card,16.54,5.0,CBF
100628,629,Cashback_Card,11.77,5.0,CBF
100628,629,Classic_Credit_Card,10.35,5.0,CBF
100628,629,Gold_Credit_Card,9.98,5.0,CBF
100628,629,Platinum_Credit_Card,6.87,5.0,CBF
100628,629,Titanium_Credit_Card,88.03,40.0,XGBoost
100628,629,Platinum_Credit_Card,74.78,25.0,XGBoost
100629,630,Cashback_Card,26.67,5.0,CBF
100629,630,Titanium_Credit_Card,11.62,5.0,CBF
100629,630,Travel_Rewards_Card,10.76,5.0,CBF
100629,630,World_Elite_Card,9.98,5.0,CBF
100629,630,Platinum_Credit_Card,9.91,5.0,CBF
100629,630,Classic_Credit_Card,7.69,5.0,CBF
100629,630,Titanium_Credit_Card,88.03,40.0,XGBoost
100629,630,Platinum_Credit_Card,74.78,25.0,XGBoost
100630,631,Cashback_Card,21.66,5.0,CBF
100630,631,Travel_Rewards_Card,18.39,5.0,CBF
100630,631,Platinum_Credit_Card,16.62,5.0,CBF
100630,631,World_Elite_Card,16.54,5.0,CBF
100630,631,Gold_Credit_Card,11.62,5.0,CBF
100630,631,Classic_Credit_Card,10.99,5.0,CBF
100630,631,Classic_Credit_Card,73.82,30.0,XGBoost
100630,631,Cashback_Card,69.96,15.0,XGBoost
100630,631,Gold_Credit_Card,64.92,30.0,XGBoost
100631,632,Platinum_Credit_Card,39.63,5.0,CBF
100631,632,World_Elite_Card,34.1,5.0,CBF
100631,632,Titanium_Credit_Card,18.39,5.0,CBF
100631,632,Cashback_Card,12.68,5.0,CBF
100631,632,Classic_Credit_Card,12.68,5.0,CBF
100631,632,Gold_Credit_Card,10.76,5.0,CBF
100631,632,Titanium_Credit_Card,88.03,40.0,XGBoost
100631,632,Platinum_Credit_Card,74.78,25.0,XGBoost
100632,633,Cashback_Card,29.76,5.0,CBF
100632,633,Travel_Rewards_Card,12.68,5.0,CBF
100632,633,Titanium_Credit_Card,10.99,5.0,CBF
100632,633,World_Elite_Card,10.35,5.0,CBF
100632,633,Platinum_Credit_Card,8.18,5.0,CBF
100632,633,Gold_Credit_Card,7.69,5.0,CBF
100632,633,World_Elite_Card,85.27,35.0,XGBoost
100632,633,Platinum_Credit_Card,70.69,25.0,XGBoost
100632,633,Travel_Rewards_Card,66.58,60.0,XGBoost
100633,634,Travel_Rewards_Card,39.63,5.0,CBF
100633,634,Titanium_Credit_Card,16.62,5.0,CBF
100633,634,Gold_Credit_Card,9.91,5.0,CBF
100633,634,Cashback_Card,9.26,5.0,CBF
100633,634,Classic_Credit_Card,8.18,5.0,CBF
100633,634,World_Elite_Card,6.87,5.0,CBF
100633,634,Cashback_Card,79.08,15.0,XGBoost
100633,634,Gold_Credit_Card,65.13,30.0,XGBoost
100633,634,Classic_Credit_Card,64.16,30.0,XGBoost
100634,635,Travel_Rewards_Card,39.63,5.0,CBF
100634,635,Titanium_Credit_Card,16.62,5.0,CBF
100634,635,Gold_Credit_Card,9.91,5.0,CBF
100634,635,Cashback_Card,9.26,5.0,CBF
100634,635,Classic_Credit_Card,8.18,5.0,CBF
100634,635,World_Elite_Card,6.87,5.0,CBF
100634,635,Classic_Credit_Card,73.82,30.0,XGBoost
100634,635,Cashback_Card,69.96,15.0,XGBoost
100634,635,Gold_Credit_Card,64.92,30.0,XGBoost
100635,636,Cashback_Card,29.76,5.0,CBF
100635,636,Travel_Rewards_Card,12.68,5.0,CBF
100635,636,Titanium_Credit_Card,10.99,5.0,CBF
100635,636,World_Elite_Card,10.35,5.0,CBF
100635,636,Platinum_Credit_Card,8.18,5.0,CBF
100635,636,Gold_Credit_Card,7.69,5.0,CBF
100635,636,Cashback_Card,66.55,15.0,XGBoost
100635,636,Classic_Credit_Card,63.09,30.0,XGBoost
100635,636,Gold_Credit_Card,62.33,30.0,XGBoost
100636,637,Platinum_Credit_Card,39.63,5.0,CBF
100636,637,World_Elite_Card,34.1,5.0,CBF
100636,637,Titanium_Credit_Card,18.39,5.0,CBF
100636,637,Cashback_Card,12.68,5.0,CBF
100636,637,Classic_Credit_Card,12.68,5.0,CBF
100636,637,Gold_Credit_Card,10.76,5.0,CBF
100636,637,Travel_Rewards_Card,86.63,60.0,XGBoost
100636,637,World_Elite_Card,84.48,35.0,XGBoost
100636,637,Platinum_Credit_Card,65.76,25.0,XGBoost
100637,638,Titanium_Credit_Card,83.97,40.0,XGBoost
100637,638,Platinum_Credit_Card,82.01,25.0,XGBoost
100638,639,Cashback_Card,21.66,5.0,CBF
100638,639,Travel_Rewards_Card,18.39,5.0,CBF
100638,639,Platinum_Credit_Card,16.62,5.0,CBF
100638,639,World_Elite_Card,16.54,5.0,CBF
100638,639,Gold_Credit_Card,11.62,5.0,CBF
100638,639,Classic_Credit_Card,10.99,5.0,CBF
100638,639,Titanium_Credit_Card,83.97,40.0,XGBoost
100638,639,Platinum_Credit_Card,82.01,25.0,XGBoost
100639,640,Travel_Rewards_Card,86.63,60.0,XGBoost
100639,640,World_Elite_Card,84.48,35.0,XGBoost
100639,640,Platinum_Credit_Card,65.76,25.0,XGBoost
100640,641,Platinum_Credit_Card,39.63,5.0,CBF
100640,641,World_Elite_Card,34.1,5.0,CBF
100640,641,Titanium_Credit_Card,18.39,5.0,CBF
100640,641,Cashback_Card,12.68,5.0,CBF
100640,641,Classic_Credit_Card,12.68,5.0,CBF
100640,641,Gold_Credit_Card,10.76,5.0,CBF
100640,641,Titanium_Credit_Card,83.97,40.0,XGBoost
100640,641,Platinum_Credit_Card,82.01,25.0,XGBoost
100641,642,Cashback_Card,29.76,5.0,CBF
100641,642,Travel_Rewards_Card,12.68,5.0,CBF
100641,642,Titanium_Credit_Card,10.99,5.0,CBF
100641,642,World_Elite_Card,10.35,5.0,CBF
100641,642,Platinum_Credit_Card,8.18,5.0,CBF
100641,642,Gold_Credit_Card,7.69,5.0,CBF
100641,642,Travel_Rewards_Card,86.63,60.0,XGBoost
100641,642,World_Elite_Card,84.48,35.0,XGBoost
100641,642,Platinum_Credit_Card,65.76,25.0,XGBoost
100642,643,Travel_Rewards_Card,34.1,5.0,CBF
100642,643,Titanium_Credit_Card,16.54,5.0,CBF
100642,643,Cashback_Card,11.77,5.0,CBF
100642,643,Classic_Credit_Card,10.35,5.0,CBF
100642,643,Gold_Credit_Card,9.98,5.0,CBF
100642,643,Platinum_Credit_Card,6.87,5.0,CBF
100642,643,Gold_Credit_Card,71.42,30.0,XGBoost
100642,643,Cashback_Card,70.57,15.0,XGBoost
100642,643,Classic_Credit_Card,66.04,30.0,XGBoost
100643,644,Travel_Rewards_Card,39.63,5.0,CBF
100643,644,Titanium_Credit_Card,16.62,5.0,CBF
100643,644,Gold_Credit_Card,9.91,5.0,CBF
100643,644,Cashback_Card,9.26,5.0,CBF
100643,644,Classic_Credit_Card,8.18,5.0,CBF
100643,644,World_Elite_Card,6.87,5.0,CBF
100643,644,Titanium_Credit_Card,83.97,40.0,XGBoost
100643,644,Platinum_Credit_Card,82.01,25.0,XGBoost
100644,645,Travel_Rewards_Card,34.1,5.0,CBF
100644,645,Titanium_Credit_Card,16.54,5.0,CBF
100644,645,Cashback_Card,11.77,5.0,CBF
100644,645,Classic_Credit_Card,10.35,5.0,CBF
100644,645,Gold_Credit_Card,9.98,5.0,CBF
100644,645,Platinum_Credit_Card,6.87,5.0,CBF
100644,645,Classic_Credit_Card,73.82,30.0,XGBoost
100644,645,Cashback_Card,69.96,15.0,XGBoost
100644,645,Gold_Credit_Card,64.92,30.0,XGBoost
100645,646,Cashback_Card,21.66,5.0,CBF
100645,646,Travel_Rewards_Card,18.39,5.0,CBF
100645,646,Platinum_Credit_Card,16.62,5.0,CBF
100645,646,World_Elite_Card,16.54,5.0,CBF
100645,646,Gold_Credit_Card,11.62,5.0,CBF
100645,646,Classic_Credit_Card,10.99,5.0,CBF
100645,646,Cashback_Card,77.59,15.0,XGBoost
100645,646,Gold_Credit_Card,67.53,30.0,XGBoost
100645,646,Classic_Credit_Card,60.48,30.0,XGBoost
100646,647,Cashback_Card,29.76,5.0,CBF
100646,647,Travel_Rewards_Card,12.68,5.0,CBF
100646,647,Titanium_Credit_Card,10.99,5.0,CBF
100646,647,World_Elite_Card,10.35,5.0,CBF
100646,647,Platinum_Credit_Card,8.18,5.0,CBF
100646,647,Gold_Credit_Card,7.69,5.0,CBF
100646,647,World_Elite_Card,85.27,35.0,XGBoost
100646,647,Platinum_Credit_Card,70.69,25.0,XGBoost
100646,647,Travel_Rewards_Card,66.58,60.0,XGBoost
100647,648,Travel_Rewards_Card,39.63,5.0,CBF
100647,648,Titanium_Credit_Card,16.62,5.0,CBF
100647,648,Gold_Credit_Card,9.91,5.0,CBF
100647,648,Cashback_Card,9.26,5.0,CBF
100647,648,Classic_Credit_Card,8.18,5.0,CBF
100647,648,World_Elite_Card,6.87,5.0,CBF
100647,648,Classic_Credit_Card,73.82,30.0,XGBoost
100647,648,Cashback_Card,69.96,15.0,XGBoost
100647,648,Gold_Credit_Card,64.92,30.0,XGBoost
100648,649,Travel_Rewards_Card,39.63,5.0,CBF
100648,649,Titanium_Credit_Card,16.62,5.0,CBF
100648,649,Gold_Credit_Card,9.91,5.0,CBF
100648,649,Cashback_Card,9.26,5.0,CBF
100648,649,Classic_Credit_Card,8.18,5.0,CBF
100648,649,World_Elite_Card,6.87,5.0,CBF
100648,649,Travel_Rewards_Card,86.63,60.0,XGBoost
100648,649,World_Elite_Card,84.48,35.0,XGBoost
100648,649,Platinum_Credit_Card,65.76,25.0,XGBoost
100649,650,Classic_Credit_Card,29.76,5.0,CBF
100649,650,Gold_Credit_Card,26.67,5.0,CBF
100649,650,Titanium_Credit_Card,21.66,5.0,CBF
100649,650,Travel_Rewards_Card,12.68,5.0,CBF
100649,650,World_Elite_Card,11.77,5.0,CBF
100649,650,Platinum_Credit_Card,9.26,5.0,CBF
100649,650,Titanium_Credit_Card,83.97,40.0,XGBoost
100649,650,Platinum_Credit_Card,82.01,25.0,XGBoost
100650,651,Cashback_Card,29.76,5.0,CBF
100650,651,Travel_Rewards_Card,12.68,5.0,CBF
100650,651,Titanium_Credit_Card,10.99,5.0,CBF
100650,651,World_Elite_Card,10.35,5.0,CBF
100650,651,Platinum_Credit_Card,8.18,5.0,CBF
100650,651,Gold_Credit_Card,7.69,5.0,CBF
100650,651,Titanium_Credit_Card,88.03,40.0,XGBoost
100650,651,Platinum_Credit_Card,74.78,25.0,XGBoost
100651,652,Platinum_Credit_Card,39.63,5.0,CBF
100651,652,World_Elite_Card,34.1,5.0,CBF
100651,652,Titanium_Credit_Card,18.39,5.0,CBF
100651,652,Cashback_Card,12.68,5.0,CBF
100651,652,Classic_Credit_Card,12.68,5.0,CBF
100651,652,Gold_Credit_Card,10.76,5.0,CBF
100651,652,World_Elite_Card,77.53,35.0,XGBoost
100651,652,Platinum_Credit_Card,73.58,25.0,XGBoost
100651,652,Travel_Rewards_Card,70.69,60.0,XGBoost
100652,653,Platinum_Credit_Card,39.63,5.0,CBF
100652,653,World_Elite_Card,34.1,5.0,CBF
100652,653,Titanium_Credit_Card,18.39,5.0,CBF
100652,653,Cashback_Card,12.68,5.0,CBF
100652,653,Classic_Credit_Card,12.68,5.0,CBF
100652,653,Gold_Credit_Card,10.76,5.0,CBF
100652,653,Gold_Credit_Card,71.42,30.0,XGBoost
100652,653,Cashback_Card,70.57,15.0,XGBoost
100652,653,Classic_Credit_Card,66.04,30.0,XGBoost
100653,654,Classic_Credit_Card,29.76,5.0,CBF
100653,654,Gold_Credit_Card,26.67,5.0,CBF
100653,654,Titanium_Credit_Card,21.66,5.0,CBF
100653,654,Travel_Rewards_Card,12.68,5.0,CBF
100653,654,World_Elite_Card,11.77,5.0,CBF
100653,654,Platinum_Credit_Card,9.26,5.0,CBF
100653,654,Cashback_Card,79.08,15.0,XGBoost
100653,654,Gold_Credit_Card,65.13,30.0,XGBoost
100653,654,Classic_Credit_Card,64.16,30.0,XGBoost
100654,655,Travel_Rewards_Card,39.63,5.0,CBF
100654,655,Titanium_Credit_Card,16.62,5.0,CBF
100654,655,Gold_Credit_Card,9.91,5.0,CBF
100654,655,Cashback_Card,9.26,5.0,CBF
100654,655,Classic_Credit_Card,8.18,5.0,CBF
100654,655,World_Elite_Card,6.87,5.0,CBF
100654,655,Titanium_Credit_Card,88.03,40.0,XGBoost
100654,655,Platinum_Credit_Card,74.78,25.0,XGBoost
100655,656,Cashback_Card,26.67,5.0,CBF
100655,656,Titanium_Credit_Card,11.62,5.0,CBF
100655,656,Travel_Rewards_Card,10.76,5.0,CBF
100655,656,World_Elite_Card,9.98,5.0,CBF
100655,656,Platinum_Credit_Card,9.91,5.0,CBF
100655,656,Classic_Credit_Card,7.69,5.0,CBF
100655,656,World_Elite_Card,77.53,35.0,XGBoost
100655,656,Platinum_Credit_Card,73.58,25.0,XGBoost
100655,656,Travel_Rewards_Card,70.69,60.0,XGBoost
100656,657,Platinum_Credit_Card,39.63,5.0,CBF
100656,657,World_Elite_Card,34.1,5.0,CBF
100656,657,Titanium_Credit_Card,18.39,5.0,CBF
100656,657,Cashback_Card,12.68,5.0,CBF
100656,657,Classic_Credit_Card,12.68,5.0,CBF
100656,657,Gold_Credit_Card,10.76,5.0,CBF
100656,657,Cashback_Card,66.55,15.0,XGBoost
100656,657,Classic_Credit_Card,63.09,30.0,XGBoost
100656,657,Gold_Credit_Card,62.33,30.0,XGBoost
100657,658,Cashback_Card,26.67,5.0,CBF
100657,658,Titanium_Credit_Card,11.62,5.0,CBF
100657,658,Travel_Rewards_Card,10.76,5.0,CBF
100657,658,World_Elite_Card,9.98,5.0,CBF
100657,658,Platinum_Credit_Card,9.91,5.0,CBF
100657,658,Classic_Credit_Card,7.69,5.0,CBF
100657,658,Titanium_Credit_Card,83.97,40.0,XGBoost
100657,658,Platinum_Credit_Card,82.01,25.0,XGBoost
100658,659,Travel_Rewards_Card,39.63,5.0,CBF
100658,659,Titanium_Credit_Card,16.62,5.0,CBF
100658,659,Gold_Credit_Card,9.91,5.0,CBF
100658,659,Cashback_Card,9.26,5.0,CBF
100658,659,Classic_Credit_Card,8.18,5.0,CBF
100658,659,World_Elite_Card,6.87,5.0,CBF
100658,659,Gold_Credit_Card,71.42,30.0,XGBoost
100658,659,Cashback_Card,70.57,15.0,XGBoost
100658,659,Classic_Credit_Card,66.04,30.0,XGBoost
100659,660,Travel_Rewards_Card,34.1,5.0,CBF
100659,660,Titanium_Credit_Card,16.54,5.0,CBF
100659,660,Cashback_Card,11.77,5.0,CBF
100659,660,Classic_Credit_Card,10.35,5.0,CBF
100659,660,Gold_Credit_Card,9.98,5.0,CBF
100659,660,Platinum_Credit_Card,6.87,5.0,CBF
100659,660,World_Elite_Card,85.27,35.0,XGBoost
100659,660,Platinum_Credit_Card,70.69,25.0,XGBoost
100659,660,Travel_Rewards_Card,66.58,60.0,XGBoost
100660,661,Cashback_Card,29.76,5.0,CBF
100660,661,Travel_Rewards_Card,12.68,5.0,CBF
100660,661,Titanium_Credit_Card,10.99,5.0,CBF
100660,661,World_Elite_Card,10.35,5.0,CBF
100660,661,Platinum_Credit_Card,8.18,5.0,CBF
100660,661,Gold_Credit_Card,7.69,5.0,CBF
100660,661,Cashback_Card,77.59,15.0,XGBoost
100660,661,Gold_Credit_Card,67.53,30.0,XGBoost
100660,661,Classic_Credit_Card,60.48,30.0,XGBoost
100661,662,Classic_Credit_Card,29.76,5.0,CBF
100661,662,Gold_Credit_Card,26.67,5.0,CBF
100661,662,Titanium_Credit_Card,21.66,5.0,CBF
100661,662,Travel_Rewards_Card,12.68,5.0,CBF
100661,662,World_Elite_Card,11.77,5.0,CBF
100661,662,Platinum_Credit_Card,9.26,5.0,CBF
100661,662,Classic_Credit_Card,73.82,30.0,XGBoost
100661,662,Cashback_Card,69.96,15.0,XGBoost
100661,662,Gold_Credit_Card,64.92,30.0,XGBoost
100662,663,Cashback_Card,21.66,5.0,CBF
100662,663,Travel_Rewards_Card,18.39,5.0,CBF
100662,663,Platinum_Credit_Card,16.62,5.0,CBF
100662,663,World_Elite_Card,16.54,5.0,CBF
100662,663,Gold_Credit_Card,11.62,5.0,CBF
100662,663,Classic_Credit_Card,10.99,5.0,CBF
100662,663,Cashback_Card,77.59,15.0,XGBoost
100662,663,Gold_Credit_Card,67.53,30.0,XGBoost
100662,663,Classic_Credit_Card,60.48,30.0,XGBoost
100663,664,Gold_Credit_Card,71.42,30.0,XGBoost
100663,664,Cashback_Card,70.57,15.0,XGBoost
100663,664,Classic_Credit_Card,66.04,30.0,XGBoost
100664,665,Cashback_Card,21.66,5.0,CBF
100664,665,Travel_Rewards_Card,18.39,5.0,CBF
100664,665,Platinum_Credit_Card,16.62,5.0,CBF
100664,665,World_Elite_Card,16.54,5.0,CBF
100664,665,Gold_Credit_Card,11.62,5.0,CBF
100664,665,Classic_Credit_Card,10.99,5.0,CBF
100664,665,Travel_Rewards_Card,86.63,60.0,XGBoost
100664,665,World_Elite_Card,84.48,35.0,XGBoost
100664,665,Platinum_Credit_Card,65.76,25.0,XGBoost
100665,666,Travel_Rewards_Card,34.1,5.0,CBF
100665,666,Titanium_Credit_Card,16.54,5.0,CBF
100665,666,Cashback_Card,11.77,5.0,CBF
100665,666,Classic_Credit_Card,10.35,5.0,CBF
100665,666,Gold_Credit_Card,9.98,5.0,CBF
100665,666,Platinum_Credit_Card,6.87,5.0,CBF
100665,666,Travel_Rewards_Card,86.63,60.0,XGBoost
100665,666,World_Elite_Card,84.48,35.0,XGBoost
100665,666,Platinum_Credit_Card,65.76,25.0,XGBoost
100666,667,Cashback_Card,29.76,5.0,CBF
100666,667,Travel_Rewards_Card,12.68,5.0,CBF
100666,667,Titanium_Credit_Card,10.99,5.0,CBF
100666,667,World_Elite_Card,10.35,5.0,CBF
100666,667,Platinum_Credit_Card,8.18,5.0,CBF
100666,667,Gold_Credit_Card,7.69,5.0,CBF
100666,667,World_Elite_Card,77.53,35.0,XGBoost
100666,667,Platinum_Credit_Card,73.58,25.0,XGBoost
100666,667,Travel_Rewards_Card,70.69,60.0,XGBoost
100667,668,Titanium_Credit_Card,88.03,40.0,XGBoost
100667,668,Platinum_Credit_Card,74.78,25.0,XGBoost
100668,669,Classic_Credit_Card,29.76,5.0,CBF
100668,669,Gold_Credit_Card,26.67,5.0,CBF
100668,669,Titanium_Credit_Card,21.66,5.0,CBF
100668,669,Travel_Rewards_Card,12.68,5.0,CBF
100668,669,World_Elite_Card,11.77,5.0,CBF
100668,669,Platinum_Credit_Card,9.26,5.0,CBF
100668,669,Cashback_Card,66.55,15.0,XGBoost
100668,669,Classic_Credit_Card,63.09,30.0,XGBoost
100668,669,Gold_Credit_Card,62.33,30.0,XGBoost
100669,670,Cashback_Card,26.67,5.0,CBF
100669,670,Titanium_Credit_Card,11.62,5.0,CBF
100669,670,Travel_Rewards_Card,10.76,5.0,CBF
100669,670,World_Elite_Card,9.98,5.0,CBF
100669,670,Platinum_Credit_Card,9.91,5.0,CBF
100669,670,Classic_Credit_Card,7.69,5.0,CBF
100669,670,Classic_Credit_Card,73.82,30.0,XGBoost
100669,670,Cashback_Card,69.96,15.0,XGBoost
100669,670,Gold_Credit_Card,64.92,30.0,XGBoost
100670,671,Cashback_Card,21.66,5.0,CBF
100670,671,Travel_Rewards_Card,18.39,5.0,CBF
100670,671,Platinum_Credit_Card,16.62,5.0,CBF
100670,671,World_Elite_Card,16.54,5.0,CBF
100670,671,Gold_Credit_Card,11.62,5.0,CBF
100670,671,Classic_Credit_Card,10.99,5.0,CBF
100670,671,Cashback_Card,66.55,15.0,XGBoost
100670,671,Classic_Credit_Card,63.09,30.0,XGBoost
100670,671,Gold_Credit_Card,62.33,30.0,XGBoost
100671,672,Platinum_Credit_Card,39.63,5.0,CBF
100671,672,World_Elite_Card,34.1,5.0,CBF
100671,672,Titanium_Credit_Card,18.39,5.0,CBF
100671,672,Cashback_Card,12.68,5.0,CBF
100671,672,Classic_Credit_Card,12.68,5.0,CBF
100671,672,Gold_Credit_Card,10.76,5.0,CBF
100671,672,Titanium_Credit_Card,88.03,40.0,XGBoost
100671,672,Platinum_Credit_Card,74.78,25.0,XGBoost
100672,673,Travel_Rewards_Card,34.1,5.0,CBF
100672,673,Titanium_Credit_Card,16.54,5.0,CBF
100672,673,Cashback_Card,11.77,5.0,CBF
100672,673,Classic_Credit_Card,10.35,5.0,CBF
100672,673,Gold_Credit_Card,9.98,5.0,CBF
100672,673,Platinum_Credit_Card,6.87,5.0,CBF
100672,673,Cashback_Card,77.59,15.0,XGBoost
100672,673,Gold_Credit_Card,67.53,30.0,XGBoost
100672,673,Classic_Credit_Card,60.48,30.0,XGBoost
100673,674,Cashback_Card,26.67,5.0,CBF
100673,674,Titanium_Credit_Card,11.62,5.0,CBF
100673,674,Travel_Rewards_Card,10.76,5.0,CBF
100673,674,World_Elite_Card,9.98,5.0,CBF
100673,674,Platinum_Credit_Card,9.91,5.0,CBF
100673,674,Classic_Credit_Card,7.69,5.0,CBF
100673,674,Travel_Rewards_Card,86.63,60.0,XGBoost
100673,674,World_Elite_Card,84.48,35.0,XGBoost
100673,674,Platinum_Credit_Card,65.76,25.0,XGBoost
100674,675,World_Elite_Card,85.27,35.0,XGBoost
100674,675,Platinum_Credit_Card,70.69,25.0,XGBoost
100674,675,Travel_Rewards_Card,66.58,60.0,XGBoost
100675,676,Cashback_Card,66.55,15.0,XGBoost
100675,676,Classic_Credit_Card,63.09,30.0,XGBoost
100675,676,Gold_Credit_Card,62.33,30.0,XGBoost
100676,677,Cashback_Card,21.66,5.0,CBF
100676,677,Travel_Rewards_Card,18.39,5.0,CBF
100676,677,Platinum_Credit_Card,16.62,5.0,CBF
100676,677,World_Elite_Card,16.54,5.0,CBF
100676,677,Gold_Credit_Card,11.62,5.0,CBF
100676,677,Classic_Credit_Card,10.99,5.0,CBF
100676,677,Titanium_Credit_Card,83.97,40.0,XGBoost
100676,677,Platinum_Credit_Card,82.01,25.0,XGBoost
100677,678,Cashback_Card,26.67,5.0,CBF
100677,678,Titanium_Credit_Card,11.62,5.0,CBF
100677,678,Travel_Rewards_Card,10.76,5.0,CBF
100677,678,World_Elite_Card,9.98,5.0,CBF
100677,678,Platinum_Credit_Card,9.91,5.0,CBF
100677,678,Classic_Credit_Card,7.69,5.0,CBF
100677,678,Cashback_Card,77.59,15.0,XGBoost
100677,678,Gold_Credit_Card,67.53,30.0,XGBoost
100677,678,Classic_Credit_Card,60.48,30.0,XGBoost
100678,679,Cashback_Card,29.76,5.0,CBF
100678,679,Travel_Rewards_Card,12.68,5.0,CBF
100678,679,Titanium_Credit_Card,10.99,5.0,CBF
100678,679,World_Elite_Card,10.35,5.0,CBF
100678,679,Platinum_Credit_Card,8.18,5.0,CBF
100678,679,Gold_Credit_Card,7.69,5.0,CBF
100678,679,Gold_Credit_Card,71.42,30.0,XGBoost
100678,679,Cashback_Card,70.57,15.0,XGBoost
100678,679,Classic_Credit_Card,66.04,30.0,XGBoost
100679,680,Travel_Rewards_Card,39.63,5.0,CBF
100679,680,Titanium_Credit_Card,16.62,5.0,CBF
100679,680,Gold_Credit_Card,9.91,5.0,CBF
100679,680,Cashback_Card,9.26,5.0,CBF
100679,680,Classic_Credit_Card,8.18,5.0,CBF
100679,680,World_Elite_Card,6.87,5.0,CBF
100679,680,World_Elite_Card,77.53,35.0,XGBoost
100679,680,Platinum_Credit_Card,73.58,25.0,XGBoost
100679,680,Travel_Rewards_Card,70.69,60.0,XGBoost
100680,681,Travel_Rewards_Card,34.1,5.0,CBF
100680,681,Titanium_Credit_Card,16.54,5.0,CBF
100680,681,Cashback_Card,11.77,5.0,CBF
100680,681,Classic_Credit_Card,10.35,5.0,CBF
100680,681,Gold_Credit_Card,9.98,5.0,CBF
100680,681,Platinum_Credit_Card,6.87,5.0,CBF
100680,681,Cashback_Card,66.55,15.0,XGBoost
100680,681,Classic_Credit_Card,63.09,30.0,XGBoost
100680,681,Gold_Credit_Card,62.33,30.0,XGBoost
100681,682,Travel_Rewards_Card,34.1,5.0,CBF
100681,682,Titanium_Credit_Card,16.54,5.0,CBF
100681,682,Cashback_Card,11.77,5.0,CBF
100681,682,Classic_Credit_Card,10.35,5.0,CBF
100681,682,Gold_Credit_Card,9.98,5.0,CBF
100681,682,Platinum_Credit_Card,6.87,5.0,CBF
100681,682,Cashback_Card,79.08,15.0,XGBoost
100681,682,Gold_Credit_Card,65.13,30.0,XGBoost
100681,682,Classic_Credit_Card,64.16,30.0,XGBoost
100682,683,Cashback_Card,26.67,5.0,CBF
100682,683,Titanium_Credit_Card,11.62,5.0,CBF
100682,683,Travel_Rewards_Card,10.76,5.0,CBF
100682,683,World_Elite_Card,9.98,5.0,CBF
100682,683,Platinum_Credit_Card,9.91,5.0,CBF
100682,683,Classic_Credit_Card,7.69,5.0,CBF
100682,683,Titanium_Credit_Card,83.97,40.0,XGBoost
100682,683,Platinum_Credit_Card,82.01,25.0,XGBoost
100683,684,Cashback_Card,77.59,15.0,XGBoost
100683,684,Gold_Credit_Card,67.53,30.0,XGBoost
100683,684,Classic_Credit_Card,60.48,30.0,XGBoost
100684,685,Classic_Credit_Card,29.76,5.0,CBF
100684,685,Gold_Credit_Card,26.67,5.0,CBF
100684,685,Titanium_Credit_Card,21.66,5.0,CBF
100684,685,Travel_Rewards_Card,12.68,5.0,CBF
100684,685,World_Elite_Card,11.77,5.0,CBF
100684,685,Platinum_Credit_Card,9.26,5.0,CBF
100684,685,Cashback_Card,79.08,15.0,XGBoost
100684,685,Gold_Credit_Card,65.13,30.0,XGBoost
100684,685,Classic_Credit_Card,64.16,30.0,XGBoost
100685,686,Travel_Rewards_Card,39.63,5.0,CBF
100685,686,Titanium_Credit_Card,16.62,5.0,CBF
100685,686,Gold_Credit_Card,9.91,5.0,CBF
100685,686,Cashback_Card,9.26,5.0,CBF
100685,686,Classic_Credit_Card,8.18,5.0,CBF
100685,686,World_Elite_Card,6.87,5.0,CBF
100685,686,Titanium_Credit_Card,83.97,40.0,XGBoost
100685,686,Platinum_Credit_Card,82.01,25.0,XGBoost
100686,687,Travel_Rewards_Card,34.1,5.0,CBF
100686,687,Titanium_Credit_Card,16.54,5.0,CBF
100686,687,Cashback_Card,11.77,5.0,CBF
100686,687,Classic_Credit_Card,10.35,5.0,CBF
100686,687,Gold_Credit_Card,9.98,5.0,CBF
100686,687,Platinum_Credit_Card,6.87,5.0,CBF
100686,687,Titanium_Credit_Card,83.97,40.0,XGBoost
100686,687,Platinum_Credit_Card,82.01,25.0,XGBoost
100687,688,World_Elite_Card,85.27,35.0,XGBoost
100687,688,Platinum_Credit_Card,70.69,25.0,XGBoost
100687,688,Travel_Rewards_Card,66.58,60.0,XGBoost
100688,689,Platinum_Credit_Card,39.63,5.0,CBF
100688,689,World_Elite_Card,34.1,5.0,CBF
100688,689,Titanium_Credit_Card,18.39,5.0,CBF
100688,689,Cashback_Card,12.68,5.0,CBF
100688,689,Classic_Credit_Card,12.68,5.0,CBF
100688,689,Gold_Credit_Card,10.76,5.0,CBF
100688,689,Travel_Rewards_Card,86.63,60.0,XGBoost
100688,689,World_Elite_Card,84.48,35.0,XGBoost
100688,689,Platinum_Credit_Card,65.76,25.0,XGBoost
100690,691,Travel_Rewards_Card,39.63,5.0,CBF
100690,691,Titanium_Credit_Card,16.62,5.0,CBF
100690,691,Gold_Credit_Card,9.91,5.0,CBF
100690,691,Cashback_Card,9.26,5.0,CBF
100690,691,Classic_Credit_Card,8.18,5.0,CBF
100690,691,World_Elite_Card,6.87,5.0,CBF
100690,691,Cashback_Card,66.55,15.0,XGBoost
100690,691,Classic_Credit_Card,63.09,30.0,XGBoost
100690,691,Gold_Credit_Card,62.33,30.0,XGBoost
100691,692,Travel_Rewards_Card,86.63,60.0,XGBoost
100691,692,World_Elite_Card,84.48,35.0,XGBoost
100691,692,Platinum_Credit_Card,65.76,25.0,XGBoost
100692,693,Travel_Rewards_Card,39.63,5.0,CBF
100692,693,Titanium_Credit_Card,16.62,5.0,CBF
100692,693,Gold_Credit_Card,9.91,5.0,CBF
100692,693,Cashback_Card,9.26,5.0,CBF
100692,693,Classic_Credit_Card,8.18,5.0,CBF
100692,693,World_Elite_Card,6.87,5.0,CBF
100692,693,World_Elite_Card,85.27,35.0,XGBoost
100692,693,Platinum_Credit_Card,70.69,25.0,XGBoost
100692,693,Travel_Rewards_Card,66.58,60.0,XGBoost
100693,694,Cashback_Card,26.67,5.0,CBF
100693,694,Titanium_Credit_Card,11.62,5.0,CBF
100693,694,Travel_Rewards_Card,10.76,5.0,CBF
100693,694,World_Elite_Card,9.98,5.0,CBF
100693,694,Platinum_Credit_Card,9.91,5.0,CBF
100693,694,Classic_Credit_Card,7.69,5.0,CBF
100693,694,Classic_Credit_Card,73.82,30.0,XGBoost
100693,694,Cashback_Card,69.96,15.0,XGBoost
100693,694,Gold_Credit_Card,64.92,30.0,XGBoost
100694,695,Cashback_Card,29.76,5.0,CBF
100694,695,Travel_Rewards_Card,12.68,5.0,CBF
100694,695,Titanium_Credit_Card,10.99,5.0,CBF
100694,695,World_Elite_Card,10.35,5.0,CBF
100694,695,Platinum_Credit_Card,8.18,5.0,CBF
100694,695,Gold_Credit_Card,7.69,5.0,CBF
100694,695,Travel_Rewards_Card,86.63,60.0,XGBoost
100694,695,World_Elite_Card,84.48,35.0,XGBoost
100694,695,Platinum_Credit_Card,65.76,25.0,XGBoost
100695,696,Cashback_Card,66.55,15.0,XGBoost
100695,696,Classic_Credit_Card,63.09,30.0,XGBoost
100695,696,Gold_Credit_Card,62.33,30.0,XGBoost
100696,697,Cashback_Card,29.76,5.0,CBF
100696,697,Travel_Rewards_Card,12.68,5.0,CBF
100696,697,Titanium_Credit_Card,10.99,5.0,CBF
100696,697,World_Elite_Card,10.35,5.0,CBF
100696,697,Platinum_Credit_Card,8.18,5.0,CBF
100696,697,Gold_Credit_Card,7.69,5.0,CBF
100696,697,Titanium_Credit_Card,83.97,40.0,XGBoost
100696,697,Platinum_Credit_Card,82.01,25.0,XGBoost
100697,698,Travel_Rewards_Card,34.1,5.0,CBF
100697,698,Titanium_Credit_Card,16.54,5.0,CBF
100697,698,Cashback_Card,11.77,5.0,CBF
100697,698,Classic_Credit_Card,10.35,5.0,CBF
100697,698,Gold_Credit_Card,9.98,5.0,CBF
100697,698,Platinum_Credit_Card,6.87,5.0,CBF
100697,698,Gold_Credit_Card,71.42,30.0,XGBoost
100697,698,Cashback_Card,70.57,15.0,XGBoost
100697,698,Classic_Credit_Card,66.04,30.0,XGBoost
100698,699,Travel_Rewards_Card,34.1,5.0,CBF
100698,699,Titanium_Credit_Card,16.54,5.0,CBF
100698,699,Cashback_Card,11.77,5.0,CBF
100698,699,Classic_Credit_Card,10.35,5.0,CBF
100698,699,Gold_Credit_Card,9.98,5.0,CBF
100698,699,Platinum_Credit_Card,6.87,5.0,CBF
100698,699,Cashback_Card,77.59,15.0,XGBoost
100698,699,Gold_Credit_Card,67.53,30.0,XGBoost
100698,699,Classic_Credit_Card,60.48,30.0,XGBoost
100699,700,Cashback_Card,21.66,5.0,CBF
100699,700,Travel_Rewards_Card,18.39,5.0,CBF
100699,700,Platinum_Credit_Card,16.62,5.0,CBF
100699,700,World_Elite_Card,16.54,5.0,CBF
100699,700,Gold_Credit_Card,11.62,5.0,CBF
100699,700,Classic_Credit_Card,10.99,5.0,CBF
100699,700,Cashback_Card,77.59,15.0,XGBoost
100699,700,Gold_Credit_Card,67.53,30.0,XGBoost
100699,700,Classic_Credit_Card,60.48,30.0,XGBoost
100700,701,Titanium_Credit_Card,88.03,40.0,XGBoost
100700,701,Platinum_Credit_Card,74.78,25.0,XGBoost
100701,702,Cashback_Card,21.66,5.0,CBF
100701,702,Travel_Rewards_Card,18.39,5.0,CBF
100701,702,Platinum_Credit_Card,16.62,5.0,CBF
100701,702,World_Elite_Card,16.54,5.0,CBF
100701,702,Gold_Credit_Card,11.62,5.0,CBF
100701,702,Classic_Credit_Card,10.99,5.0,CBF
100701,702,Cashback_Card,79.08,15.0,XGBoost
100701,702,Gold_Credit_Card,65.13,30.0,XGBoost
100701,702,Classic_Credit_Card,64.16,30.0,XGBoost
100702,703,Cashback_Card,21.66,5.0,CBF
100702,703,Travel_Rewards_Card,18.39,5.0,CBF
100702,703,Platinum_Credit_Card,16.62,5.0,CBF
100702,703,World_Elite_Card,16.54,5.0,CBF
100702,703,Gold_Credit_Card,11.62,5.0,CBF
100702,703,Classic_Credit_Card,10.99,5.0,CBF
100702,703,Gold_Credit_Card,71.42,30.0,XGBoost
100702,703,Cashback_Card,70.57,15.0,XGBoost
100702,703,Classic_Credit_Card,66.04,30.0,XGBoost
100703,704,Cashback_Card,29.76,5.0,CBF
100703,704,Travel_Rewards_Card,12.68,5.0,CBF
100703,704,Titanium_Credit_Card,10.99,5.0,CBF
100703,704,World_Elite_Card,10.35,5.0,CBF
100703,704,Platinum_Credit_Card,8.18,5.0,CBF
100703,704,Gold_Credit_Card,7.69,5.0,CBF
100703,704,Cashback_Card,77.59,15.0,XGBoost
100703,704,Gold_Credit_Card,67.53,30.0,XGBoost
100703,704,Classic_Credit_Card,60.48,30.0,XGBoost
100704,705,Cashback_Card,26.67,5.0,CBF
100704,705,Titanium_Credit_Card,11.62,5.0,CBF
100704,705,Travel_Rewards_Card,10.76,5.0,CBF
100704,705,World_Elite_Card,9.98,5.0,CBF
100704,705,Platinum_Credit_Card,9.91,5.0,CBF
100704,705,Classic_Credit_Card,7.69,5.0,CBF
100704,705,Gold_Credit_Card,71.42,30.0,XGBoost
100704,705,Cashback_Card,70.57,15.0,XGBoost
100704,705,Classic_Credit_Card,66.04,30.0,XGBoost
100705,706,Classic_Credit_Card,29.76,5.0,CBF
100705,706,Gold_Credit_Card,26.67,5.0,CBF
100705,706,Titanium_Credit_Card,21.66,5.0,CBF
100705,706,Travel_Rewards_Card,12.68,5.0,CBF
100705,706,World_Elite_Card,11.77,5.0,CBF
100705,706,Platinum_Credit_Card,9.26,5.0,CBF
100705,706,World_Elite_Card,77.53,35.0,XGBoost
100705,706,Platinum_Credit_Card,73.58,25.0,XGBoost
100705,706,Travel_Rewards_Card,70.69,60.0,XGBoost
100706,707,Cashback_Card,29.76,5.0,CBF
100706,707,Travel_Rewards_Card,12.68,5.0,CBF
100706,707,Titanium_Credit_Card,10.99,5.0,CBF
100706,707,World_Elite_Card,10.35,5.0,CBF
100706,707,Platinum_Credit_Card,8.18,5.0,CBF
100706,707,Gold_Credit_Card,7.69,5.0,CBF
100706,707,Titanium_Credit_Card,88.03,40.0,XGBoost
100706,707,Platinum_Credit_Card,74.78,25.0,XGBoost
100707,708,Cashback_Card,26.67,5.0,CBF
100707,708,Titanium_Credit_Card,11.62,5.0,CBF
100707,708,Travel_Rewards_Card,10.76,5.0,CBF
100707,708,World_Elite_Card,9.98,5.0,CBF
100707,708,Platinum_Credit_Card,9.91,5.0,CBF
100707,708,Classic_Credit_Card,7.69,5.0,CBF
100707,708,Titanium_Credit_Card,83.97,40.0,XGBoost
100707,708,Platinum_Credit_Card,82.01,25.0,XGBoost
100708,709,Cashback_Card,29.76,5.0,CBF
100708,709,Travel_Rewards_Card,12.68,5.0,CBF
100708,709,Titanium_Credit_Card,10.99,5.0,CBF
100708,709,World_Elite_Card,10.35,5.0,CBF
100708,709,Platinum_Credit_Card,8.18,5.0,CBF
100708,709,Gold_Credit_Card,7.69,5.0,CBF
100708,709,Gold_Credit_Card,71.42,30.0,XGBoost
100708,709,Cashback_Card,70.57,15.0,XGBoost
100708,709,Classic_Credit_Card,66.04,30.0,XGBoost
100709,710,Cashback_Card,26.67,5.0,CBF
100709,710,Titanium_Credit_Card,11.62,5.0,CBF
100709,710,Travel_Rewards_Card,10.76,5.0,CBF
100709,710,World_Elite_Card,9.98,5.0,CBF
100709,710,Platinum_Credit_Card,9.91,5.0,CBF
100709,710,Classic_Credit_Card,7.69,5.0,CBF
100709,710,Cashback_Card,66.55,15.0,XGBoost
100709,710,Classic_Credit_Card,63.09,30.0,XGBoost
100709,710,Gold_Credit_Card,62.33,30.0,XGBoost
100710,711,Cashback_Card,29.76,5.0,CBF
100710,711,Travel_Rewards_Card,12.68,5.0,CBF
100710,711,Titanium_Credit_Card,10.99,5.0,CBF
100710,711,World_Elite_Card,10.35,5.0,CBF
100710,711,Platinum_Credit_Card,8.18,5.0,CBF
100710,711,Gold_Credit_Card,7.69,5.0,CBF
100710,711,Cashback_Card,66.55,15.0,XGBoost
100710,711,Classic_Credit_Card,63.09,30.0,XGBoost
100710,711,Gold_Credit_Card,62.33,30.0,XGBoost
100711,712,Travel_Rewards_Card,39.63,5.0,CBF
100711,712,Titanium_Credit_Card,16.62,5.0,CBF
100711,712,Gold_Credit_Card,9.91,5.0,CBF
100711,712,Cashback_Card,9.26,5.0,CBF
100711,712,Classic_Credit_Card,8.18,5.0,CBF
100711,712,World_Elite_Card,6.87,5.0,CBF
100711,712,Travel_Rewards_Card,86.63,60.0,XGBoost
100711,712,World_Elite_Card,84.48,35.0,XGBoost
100711,712,Platinum_Credit_Card,65.76,25.0,XGBoost
100712,713,Cashback_Card,29.76,5.0,CBF
100712,713,Travel_Rewards_Card,12.68,5.0,CBF
100712,713,Titanium_Credit_Card,10.99,5.0,CBF
100712,713,World_Elite_Card,10.35,5.0,CBF
100712,713,Platinum_Credit_Card,8.18,5.0,CBF
100712,713,Gold_Credit_Card,7.69,5.0,CBF
100712,713,Cashback_Card,66.55,15.0,XGBoost
100712,713,Classic_Credit_Card,63.09,30.0,XGBoost
100712,713,Gold_Credit_Card,62.33,30.0,XGBoost
100713,714,Cashback_Card,26.67,5.0,CBF
100713,714,Titanium_Credit_Card,11.62,5.0,CBF
100713,714,Travel_Rewards_Card,10.76,5.0,CBF
100713,714,World_Elite_Card,9.98,5.0,CBF
100713,714,Platinum_Credit_Card,9.91,5.0,CBF
100713,714,Classic_Credit_Card,7.69,5.0,CBF
100713,714,Classic_Credit_Card,73.82,30.0,XGBoost
100713,714,Cashback_Card,69.96,15.0,XGBoost
100713,714,Gold_Credit_Card,64.92,30.0,XGBoost
100714,715,Classic_Credit_Card,29.76,5.0,CBF
100714,715,Gold_Credit_Card,26.67,5.0,CBF
100714,715,Titanium_Credit_Card,21.66,5.0,CBF
100714,715,Travel_Rewards_Card,12.68,5.0,CBF
100714,715,World_Elite_Card,11.77,5.0,CBF
100714,715,Platinum_Credit_Card,9.26,5.0,CBF
100714,715,World_Elite_Card,85.27,35.0,XGBoost
100714,715,Platinum_Credit_Card,70.69,25.0,XGBoost
100714,715,Travel_Rewards_Card,66.58,60.0,XGBoost
100715,716,Cashback_Card,21.66,5.0,CBF
100715,716,Travel_Rewards_Card,18.39,5.0,CBF
100715,716,Platinum_Credit_Card,16.62,5.0,CBF
100715,716,World_Elite_Card,16.54,5.0,CBF
100715,716,Gold_Credit_Card,11.62,5.0,CBF
100715,716,Classic_Credit_Card,10.99,5.0,CBF
100715,716,Cashback_Card,79.08,15.0,XGBoost
100715,716,Gold_Credit_Card,65.13,30.0,XGBoost
100715,716,Classic_Credit_Card,64.16,30.0,XGBoost
100716,717,Classic_Credit_Card,29.76,5.0,CBF
100716,717,Gold_Credit_Card,26.67,5.0,CBF
100716,717,Titanium_Credit_Card,21.66,5.0,CBF
100716,717,Travel_Rewards_Card,12.68,5.0,CBF
100716,717,World_Elite_Card,11.77,5.0,CBF
100716,717,Platinum_Credit_Card,9.26,5.0,CBF
100716,717,Travel_Rewards_Card,86.63,60.0,XGBoost
100716,717,World_Elite_Card,84.48,35.0,XGBoost
100716,717,Platinum_Credit_Card,65.76,25.0,XGBoost
100717,718,Cashback_Card,79.08,15.0,XGBoost
100717,718,Gold_Credit_Card,65.13,30.0,XGBoost
100717,718,Classic_Credit_Card,64.16,30.0,XGBoost
100718,719,Cashback_Card,29.76,5.0,CBF
100718,719,Travel_Rewards_Card,12.68,5.0,CBF
100718,719,Titanium_Credit_Card,10.99,5.0,CBF
100718,719,World_Elite_Card,10.35,5.0,CBF
100718,719,Platinum_Credit_Card,8.18,5.0,CBF
100718,719,Gold_Credit_Card,7.69,5.0,CBF
100718,719,Gold_Credit_Card,71.42,30.0,XGBoost
100718,719,Cashback_Card,70.57,15.0,XGBoost
100718,719,Classic_Credit_Card,66.04,30.0,XGBoost
100719,720,Platinum_Credit_Card,39.63,5.0,CBF
100719,720,World_Elite_Card,34.1,5.0,CBF
100719,720,Titanium_Credit_Card,18.39,5.0,CBF
100719,720,Cashback_Card,12.68,5.0,CBF
100719,720,Classic_Credit_Card,12.68,5.0,CBF
100719,720,Gold_Credit_Card,10.76,5.0,CBF
100719,720,Classic_Credit_Card,73.82,30.0,XGBoost
100719,720,Cashback_Card,69.96,15.0,XGBoost
100719,720,Gold_Credit_Card,64.92,30.0,XGBoost
100720,721,Cashback_Card,26.67,5.0,CBF
100720,721,Titanium_Credit_Card,11.62,5.0,CBF
100720,721,Travel_Rewards_Card,10.76,5.0,CBF
100720,721,World_Elite_Card,9.98,5.0,CBF
100720,721,Platinum_Credit_Card,9.91,5.0,CBF
100720,721,Classic_Credit_Card,7.69,5.0,CBF
100720,721,Titanium_Credit_Card,83.97,40.0,XGBoost
100720,721,Platinum_Credit_Card,82.01,25.0,XGBoost
100721,722,Cashback_Card,21.66,5.0,CBF
100721,722,Travel_Rewards_Card,18.39,5.0,CBF
100721,722,Platinum_Credit_Card,16.62,5.0,CBF
100721,722,World_Elite_Card,16.54,5.0,CBF
100721,722,Gold_Credit_Card,11.62,5.0,CBF
100721,722,Classic_Credit_Card,10.99,5.0,CBF
100721,722,Cashback_Card,79.08,15.0,XGBoost
100721,722,Gold_Credit_Card,65.13,30.0,XGBoost
100721,722,Classic_Credit_Card,64.16,30.0,XGBoost
100722,723,Cashback_Card,29.76,5.0,CBF
100722,723,Travel_Rewards_Card,12.68,5.0,CBF
100722,723,Titanium_Credit_Card,10.99,5.0,CBF
100722,723,World_Elite_Card,10.35,5.0,CBF
100722,723,Platinum_Credit_Card,8.18,5.0,CBF
100722,723,Gold_Credit_Card,7.69,5.0,CBF
100722,723,Cashback_Card,77.59,15.0,XGBoost
100722,723,Gold_Credit_Card,67.53,30.0,XGBoost
100722,723,Classic_Credit_Card,60.48,30.0,XGBoost
100723,724,Travel_Rewards_Card,39.63,5.0,CBF
100723,724,Titanium_Credit_Card,16.62,5.0,CBF
100723,724,Gold_Credit_Card,9.91,5.0,CBF
100723,724,Cashback_Card,9.26,5.0,CBF
100723,724,Classic_Credit_Card,8.18,5.0,CBF
100723,724,World_Elite_Card,6.87,5.0,CBF
100723,724,Gold_Credit_Card,71.42,30.0,XGBoost
100723,724,Cashback_Card,70.57,15.0,XGBoost
100723,724,Classic_Credit_Card,66.04,30.0,XGBoost
100724,725,Cashback_Card,21.66,5.0,CBF
100724,725,Travel_Rewards_Card,18.39,5.0,CBF
100724,725,Platinum_Credit_Card,16.62,5.0,CBF
100724,725,World_Elite_Card,16.54,5.0,CBF
100724,725,Gold_Credit_Card,11.62,5.0,CBF
100724,725,Classic_Credit_Card,10.99,5.0,CBF
100724,725,Cashback_Card,77.59,15.0,XGBoost
100724,725,Gold_Credit_Card,67.53,30.0,XGBoost
100724,725,Classic_Credit_Card,60.48,30.0,XGBoost
100725,726,Classic_Credit_Card,29.76,5.0,CBF
100725,726,Gold_Credit_Card,26.67,5.0,CBF
100725,726,Titanium_Credit_Card,21.66,5.0,CBF
100725,726,Travel_Rewards_Card,12.68,5.0,CBF
100725,726,World_Elite_Card,11.77,5.0,CBF
100725,726,Platinum_Credit_Card,9.26,5.0,CBF
100725,726,World_Elite_Card,85.27,35.0,XGBoost
100725,726,Platinum_Credit_Card,70.69,25.0,XGBoost
100725,726,Travel_Rewards_Card,66.58,60.0,XGBoost
100726,727,Cashback_Card,21.66,5.0,CBF
100726,727,Travel_Rewards_Card,18.39,5.0,CBF
100726,727,Platinum_Credit_Card,16.62,5.0,CBF
100726,727,World_Elite_Card,16.54,5.0,CBF
100726,727,Gold_Credit_Card,11.62,5.0,CBF
100726,727,Classic_Credit_Card,10.99,5.0,CBF
100726,727,Cashback_Card,77.59,15.0,XGBoost
100726,727,Gold_Credit_Card,67.53,30.0,XGBoost
100726,727,Classic_Credit_Card,60.48,30.0,XGBoost
100727,728,Classic_Credit_Card,29.76,5.0,CBF
100727,728,Gold_Credit_Card,26.67,5.0,CBF
100727,728,Titanium_Credit_Card,21.66,5.0,CBF
100727,728,Travel_Rewards_Card,12.68,5.0,CBF
100727,728,World_Elite_Card,11.77,5.0,CBF
100727,728,Platinum_Credit_Card,9.26,5.0,CBF
100727,728,Cashback_Card,77.59,15.0,XGBoost
100727,728,Gold_Credit_Card,67.53,30.0,XGBoost
100727,728,Classic_Credit_Card,60.48,30.0,XGBoost
100728,729,Cashback_Card,29.76,5.0,CBF
100728,729,Travel_Rewards_Card,12.68,5.0,CBF
100728,729,Titanium_Credit_Card,10.99,5.0,CBF
100728,729,World_Elite_Card,10.35,5.0,CBF
100728,729,Platinum_Credit_Card,8.18,5.0,CBF
100728,729,Gold_Credit_Card,7.69,5.0,CBF
100728,729,Titanium_Credit_Card,88.03,40.0,XGBoost
100728,729,Platinum_Credit_Card,74.78,25.0,XGBoost
100729,730,Travel_Rewards_Card,39.63,5.0,CBF
100729,730,Titanium_Credit_Card,16.62,5.0,CBF
100729,730,Gold_Credit_Card,9.91,5.0,CBF
100729,730,Cashback_Card,9.26,5.0,CBF
100729,730,Classic_Credit_Card,8.18,5.0,CBF
100729,730,World_Elite_Card,6.87,5.0,CBF
100729,730,Cashback_Card,66.55,15.0,XGBoost
100729,730,Classic_Credit_Card,63.09,30.0,XGBoost
100729,730,Gold_Credit_Card,62.33,30.0,XGBoost
100730,731,Cashback_Card,21.66,5.0,CBF
100730,731,Travel_Rewards_Card,18.39,5.0,CBF
100730,731,Platinum_Credit_Card,16.62,5.0,CBF
100730,731,World_Elite_Card,16.54,5.0,CBF
100730,731,Gold_Credit_Card,11.62,5.0,CBF
100730,731,Classic_Credit_Card,10.99,5.0,CBF
100730,731,Titanium_Credit_Card,88.03,40.0,XGBoost
100730,731,Platinum_Credit_Card,74.78,25.0,XGBoost
100731,732,Cashback_Card,26.67,5.0,CBF
100731,732,Titanium_Credit_Card,11.62,5.0,CBF
100731,732,Travel_Rewards_Card,10.76,5.0,CBF
100731,732,World_Elite_Card,9.98,5.0,CBF
100731,732,Platinum_Credit_Card,9.91,5.0,CBF
100731,732,Classic_Credit_Card,7.69,5.0,CBF
100731,732,Cashback_Card,79.08,15.0,XGBoost
100731,732,Gold_Credit_Card,65.13,30.0,XGBoost
100731,732,Classic_Credit_Card,64.16,30.0,XGBoost
100732,733,Cashback_Card,21.66,5.0,CBF
100732,733,Travel_Rewards_Card,18.39,5.0,CBF
100732,733,Platinum_Credit_Card,16.62,5.0,CBF
100732,733,World_Elite_Card,16.54,5.0,CBF
100732,733,Gold_Credit_Card,11.62,5.0,CBF
100732,733,Classic_Credit_Card,10.99,5.0,CBF
100732,733,Cashback_Card,77.59,15.0,XGBoost
100732,733,Gold_Credit_Card,67.53,30.0,XGBoost
100732,733,Classic_Credit_Card,60.48,30.0,XGBoost
100733,734,Cashback_Card,26.67,5.0,CBF
100733,734,Titanium_Credit_Card,11.62,5.0,CBF
100733,734,Travel_Rewards_Card,10.76,5.0,CBF
100733,734,World_Elite_Card,9.98,5.0,CBF
100733,734,Platinum_Credit_Card,9.91,5.0,CBF
100733,734,Classic_Credit_Card,7.69,5.0,CBF
100733,734,Cashback_Card,66.55,15.0,XGBoost
100733,734,Classic_Credit_Card,63.09,30.0,XGBoost
100733,734,Gold_Credit_Card,62.33,30.0,XGBoost
100734,735,Classic_Credit_Card,29.76,5.0,CBF
100734,735,Gold_Credit_Card,26.67,5.0,CBF
100734,735,Titanium_Credit_Card,21.66,5.0,CBF
100734,735,Travel_Rewards_Card,12.68,5.0,CBF
100734,735,World_Elite_Card,11.77,5.0,CBF
100734,735,Platinum_Credit_Card,9.26,5.0,CBF
100734,735,Gold_Credit_Card,71.42,30.0,XGBoost
100734,735,Cashback_Card,70.57,15.0,XGBoost
100734,735,Classic_Credit_Card,66.04,30.0,XGBoost
100735,736,Cashback_Card,21.66,5.0,CBF
100735,736,Travel_Rewards_Card,18.39,5.0,CBF
100735,736,Platinum_Credit_Card,16.62,5.0,CBF
100735,736,World_Elite_Card,16.54,5.0,CBF
100735,736,Gold_Credit_Card,11.62,5.0,CBF
100735,736,Classic_Credit_Card,10.99,5.0,CBF
100735,736,Cashback_Card,66.55,15.0,XGBoost
100735,736,Classic_Credit_Card,63.09,30.0,XGBoost
100735,736,Gold_Credit_Card,62.33,30.0,XGBoost
100736,737,Cashback_Card,26.67,5.0,CBF
100736,737,Titanium_Credit_Card,11.62,5.0,CBF
100736,737,Travel_Rewards_Card,10.76,5.0,CBF
100736,737,World_Elite_Card,9.98,5.0,CBF
100736,737,Platinum_Credit_Card,9.91,5.0,CBF
100736,737,Classic_Credit_Card,7.69,5.0,CBF
100736,737,Classic_Credit_Card,73.82,30.0,XGBoost
100736,737,Cashback_Card,69.96,15.0,XGBoost
100736,737,Gold_Credit_Card,64.92,30.0,XGBoost
100737,738,Classic_Credit_Card,29.76,5.0,CBF
100737,738,Gold_Credit_Card,26.67,5.0,CBF
100737,738,Titanium_Credit_Card,21.66,5.0,CBF
100737,738,Travel_Rewards_Card,12.68,5.0,CBF
100737,738,World_Elite_Card,11.77,5.0,CBF
100737,738,Platinum_Credit_Card,9.26,5.0,CBF
100737,738,Travel_Rewards_Card,86.63,60.0,XGBoost
100737,738,World_Elite_Card,84.48,35.0,XGBoost
100737,738,Platinum_Credit_Card,65.76,25.0,XGBoost
100738,739,Gold_Credit_Card,71.42,30.0,XGBoost
100738,739,Cashback_Card,70.57,15.0,XGBoost
100738,739,Classic_Credit_Card,66.04,30.0,XGBoost
100739,740,Cashback_Card,21.66,5.0,CBF
100739,740,Travel_Rewards_Card,18.39,5.0,CBF
100739,740,Platinum_Credit_Card,16.62,5.0,CBF
100739,740,World_Elite_Card,16.54,5.0,CBF
100739,740,Gold_Credit_Card,11.62,5.0,CBF
100739,740,Classic_Credit_Card,10.99,5.0,CBF
100739,740,Classic_Credit_Card,73.82,30.0,XGBoost
100739,740,Cashback_Card,69.96,15.0,XGBoost
100739,740,Gold_Credit_Card,64.92,30.0,XGBoost
100740,741,Travel_Rewards_Card,34.1,5.0,CBF
100740,741,Titanium_Credit_Card,16.54,5.0,CBF
100740,741,Cashback_Card,11.77,5.0,CBF
100740,741,Classic_Credit_Card,10.35,5.0,CBF
100740,741,Gold_Credit_Card,9.98,5.0,CBF
100740,741,Platinum_Credit_Card,6.87,5.0,CBF
100740,741,Classic_Credit_Card,73.82,30.0,XGBoost
100740,741,Cashback_Card,69.96,15.0,XGBoost
100740,741,Gold_Credit_Card,64.92,30.0,XGBoost
100741,742,Platinum_Credit_Card,39.63,5.0,CBF
100741,742,World_Elite_Card,34.1,5.0,CBF
100741,742,Titanium_Credit_Card,18.39,5.0,CBF
100741,742,Cashback_Card,12.68,5.0,CBF
100741,742,Classic_Credit_Card,12.68,5.0,CBF
100741,742,Gold_Credit_Card,10.76,5.0,CBF
100741,742,Titanium_Credit_Card,83.97,40.0,XGBoost
100741,742,Platinum_Credit_Card,82.01,25.0,XGBoost
100742,743,World_Elite_Card,77.53,35.0,XGBoost
100742,743,Platinum_Credit_Card,73.58,25.0,XGBoost
100742,743,Travel_Rewards_Card,70.69,60.0,XGBoost
100743,744,Cashback_Card,29.76,5.0,CBF
100743,744,Travel_Rewards_Card,12.68,5.0,CBF
100743,744,Titanium_Credit_Card,10.99,5.0,CBF
100743,744,World_Elite_Card,10.35,5.0,CBF
100743,744,Platinum_Credit_Card,8.18,5.0,CBF
100743,744,Gold_Credit_Card,7.69,5.0,CBF
100743,744,World_Elite_Card,77.53,35.0,XGBoost
100743,744,Platinum_Credit_Card,73.58,25.0,XGBoost
100743,744,Travel_Rewards_Card,70.69,60.0,XGBoost
100744,745,Platinum_Credit_Card,39.63,5.0,CBF
100744,745,World_Elite_Card,34.1,5.0,CBF
100744,745,Titanium_Credit_Card,18.39,5.0,CBF
100744,745,Cashback_Card,12.68,5.0,CBF
100744,745,Classic_Credit_Card,12.68,5.0,CBF
100744,745,Gold_Credit_Card,10.76,5.0,CBF
100744,745,Titanium_Credit_Card,83.97,40.0,XGBoost
100744,745,Platinum_Credit_Card,82.01,25.0,XGBoost
100745,746,Platinum_Credit_Card,39.63,5.0,CBF
100745,746,World_Elite_Card,34.1,5.0,CBF
100745,746,Titanium_Credit_Card,18.39,5.0,CBF
100745,746,Cashback_Card,12.68,5.0,CBF
100745,746,Classic_Credit_Card,12.68,5.0,CBF
100745,746,Gold_Credit_Card,10.76,5.0,CBF
100745,746,Travel_Rewards_Card,86.63,60.0,XGBoost
100745,746,World_Elite_Card,84.48,35.0,XGBoost
100745,746,Platinum_Credit_Card,65.76,25.0,XGBoost
100746,747,Travel_Rewards_Card,34.1,5.0,CBF
100746,747,Titanium_Credit_Card,16.54,5.0,CBF
100746,747,Cashback_Card,11.77,5.0,CBF
100746,747,Classic_Credit_Card,10.35,5.0,CBF
100746,747,Gold_Credit_Card,9.98,5.0,CBF
100746,747,Platinum_Credit_Card,6.87,5.0,CBF
100746,747,World_Elite_Card,85.27,35.0,XGBoost
100746,747,Platinum_Credit_Card,70.69,25.0,XGBoost
100746,747,Travel_Rewards_Card,66.58,60.0,XGBoost
100747,748,Platinum_Credit_Card,39.63,5.0,CBF
100747,748,World_Elite_Card,34.1,5.0,CBF
100747,748,Titanium_Credit_Card,18.39,5.0,CBF
100747,748,Cashback_Card,12.68,5.0,CBF
100747,748,Classic_Credit_Card,12.68,5.0,CBF
100747,748,Gold_Credit_Card,10.76,5.0,CBF
100747,748,Cashback_Card,79.08,15.0,XGBoost
100747,748,Gold_Credit_Card,65.13,30.0,XGBoost
100747,748,Classic_Credit_Card,64.16,30.0,XGBoost
100748,749,Travel_Rewards_Card,39.63,5.0,CBF
100748,749,Titanium_Credit_Card,16.62,5.0,CBF
100748,749,Gold_Credit_Card,9.91,5.0,CBF
100748,749,Cashback_Card,9.26,5.0,CBF
100748,749,Classic_Credit_Card,8.18,5.0,CBF
100748,749,World_Elite_Card,6.87,5.0,CBF
100748,749,Cashback_Card,77.59,15.0,XGBoost
100748,749,Gold_Credit_Card,67.53,30.0,XGBoost
100748,749,Classic_Credit_Card,60.48,30.0,XGBoost
100749,750,Cashback_Card,21.66,5.0,CBF
100749,750,Travel_Rewards_Card,18.39,5.0,CBF
100749,750,Platinum_Credit_Card,16.62,5.0,CBF
100749,750,World_Elite_Card,16.54,5.0,CBF
100749,750,Gold_Credit_Card,11.62,5.0,CBF
100749,750,Classic_Credit_Card,10.99,5.0,CBF
100749,750,Titanium_Credit_Card,83.97,40.0,XGBoost
100749,750,Platinum_Credit_Card,82.01,25.0,XGBoost
100750,751,Cashback_Card,21.66,5.0,CBF
100750,751,Travel_Rewards_Card,18.39,5.0,CBF
100750,751,Platinum_Credit_Card,16.62,5.0,CBF
100750,751,World_Elite_Card,16.54,5.0,CBF
100750,751,Gold_Credit_Card,11.62,5.0,CBF
100750,751,Classic_Credit_Card,10.99,5.0,CBF
100750,751,Travel_Rewards_Card,86.63,60.0,XGBoost
100750,751,World_Elite_Card,84.48,35.0,XGBoost
100750,751,Platinum_Credit_Card,65.76,25.0,XGBoost
100751,752,Classic_Credit_Card,29.76,5.0,CBF
100751,752,Gold_Credit_Card,26.67,5.0,CBF
100751,752,Titanium_Credit_Card,21.66,5.0,CBF
100751,752,Travel_Rewards_Card,12.68,5.0,CBF
100751,752,World_Elite_Card,11.77,5.0,CBF
100751,752,Platinum_Credit_Card,9.26,5.0,CBF
100751,752,World_Elite_Card,77.53,35.0,XGBoost
100751,752,Platinum_Credit_Card,73.58,25.0,XGBoost
100751,752,Travel_Rewards_Card,70.69,60.0,XGBoost
100752,753,Travel_Rewards_Card,39.63,5.0,CBF
100752,753,Titanium_Credit_Card,16.62,5.0,CBF
100752,753,Gold_Credit_Card,9.91,5.0,CBF
100752,753,Cashback_Card,9.26,5.0,CBF
100752,753,Classic_Credit_Card,8.18,5.0,CBF
100752,753,World_Elite_Card,6.87,5.0,CBF
100752,753,Titanium_Credit_Card,83.97,40.0,XGBoost
100752,753,Platinum_Credit_Card,82.01,25.0,XGBoost
100753,754,Platinum_Credit_Card,39.63,5.0,CBF
100753,754,World_Elite_Card,34.1,5.0,CBF
100753,754,Titanium_Credit_Card,18.39,5.0,CBF
100753,754,Cashback_Card,12.68,5.0,CBF
100753,754,Classic_Credit_Card,12.68,5.0,CBF
100753,754,Gold_Credit_Card,10.76,5.0,CBF
100753,754,Cashback_Card,79.08,15.0,XGBoost
100753,754,Gold_Credit_Card,65.13,30.0,XGBoost
100753,754,Classic_Credit_Card,64.16,30.0,XGBoost
100754,755,Platinum_Credit_Card,39.63,5.0,CBF
100754,755,World_Elite_Card,34.1,5.0,CBF
100754,755,Titanium_Credit_Card,18.39,5.0,CBF
100754,755,Cashback_Card,12.68,5.0,CBF
100754,755,Classic_Credit_Card,12.68,5.0,CBF
100754,755,Gold_Credit_Card,10.76,5.0,CBF
100754,755,World_Elite_Card,85.27,35.0,XGBoost
100754,755,Platinum_Credit_Card,70.69,25.0,XGBoost
100754,755,Travel_Rewards_Card,66.58,60.0,XGBoost
100755,756,Cashback_Card,29.76,5.0,CBF
100755,756,Travel_Rewards_Card,12.68,5.0,CBF
100755,756,Titanium_Credit_Card,10.99,5.0,CBF
100755,756,World_Elite_Card,10.35,5.0,CBF
100755,756,Platinum_Credit_Card,8.18,5.0,CBF
100755,756,Gold_Credit_Card,7.69,5.0,CBF
100755,756,Cashback_Card,66.55,15.0,XGBoost
100755,756,Classic_Credit_Card,63.09,30.0,XGBoost
100755,756,Gold_Credit_Card,62.33,30.0,XGBoost
100756,757,Cashback_Card,26.67,5.0,CBF
100756,757,Titanium_Credit_Card,11.62,5.0,CBF
100756,757,Travel_Rewards_Card,10.76,5.0,CBF
100756,757,World_Elite_Card,9.98,5.0,CBF
100756,757,Platinum_Credit_Card,9.91,5.0,CBF
100756,757,Classic_Credit_Card,7.69,5.0,CBF
100756,757,Classic_Credit_Card,73.82,30.0,XGBoost
100756,757,Cashback_Card,69.96,15.0,XGBoost
100756,757,Gold_Credit_Card,64.92,30.0,XGBoost
100757,758,Gold_Credit_Card,71.42,30.0,XGBoost
100757,758,Cashback_Card,70.57,15.0,XGBoost
100757,758,Classic_Credit_Card,66.04,30.0,XGBoost
100758,759,Cashback_Card,26.67,5.0,CBF
100758,759,Titanium_Credit_Card,11.62,5.0,CBF
100758,759,Travel_Rewards_Card,10.76,5.0,CBF
100758,759,World_Elite_Card,9.98,5.0,CBF
100758,759,Platinum_Credit_Card,9.91,5.0,CBF
100758,759,Classic_Credit_Card,7.69,5.0,CBF
100758,759,Gold_Credit_Card,71.42,30.0,XGBoost
100758,759,Cashback_Card,70.57,15.0,XGBoost
100758,759,Classic_Credit_Card,66.04,30.0,XGBoost
100759,760,Cashback_Card,26.67,5.0,CBF
100759,760,Titanium_Credit_Card,11.62,5.0,CBF
100759,760,Travel_Rewards_Card,10.76,5.0,CBF
100759,760,World_Elite_Card,9.98,5.0,CBF
100759,760,Platinum_Credit_Card,9.91,5.0,CBF
100759,760,Classic_Credit_Card,7.69,5.0,CBF
100759,760,Cashback_Card,77.59,15.0,XGBoost
100759,760,Gold_Credit_Card,67.53,30.0,XGBoost
100759,760,Classic_Credit_Card,60.48,30.0,XGBoost
100760,761,Cashback_Card,21.66,5.0,CBF
100760,761,Travel_Rewards_Card,18.39,5.0,CBF
100760,761,Platinum_Credit_Card,16.62,5.0,CBF
100760,761,World_Elite_Card,16.54,5.0,CBF
100760,761,Gold_Credit_Card,11.62,5.0,CBF
100760,761,Classic_Credit_Card,10.99,5.0,CBF
100760,761,Cashback_Card,66.55,15.0,XGBoost
100760,761,Classic_Credit_Card,63.09,30.0,XGBoost
100760,761,Gold_Credit_Card,62.33,30.0,XGBoost
100761,762,Travel_Rewards_Card,39.63,5.0,CBF
100761,762,Titanium_Credit_Card,16.62,5.0,CBF
100761,762,Gold_Credit_Card,9.91,5.0,CBF
100761,762,Cashback_Card,9.26,5.0,CBF
100761,762,Classic_Credit_Card,8.18,5.0,CBF
100761,762,World_Elite_Card,6.87,5.0,CBF
100761,762,Gold_Credit_Card,71.42,30.0,XGBoost
100761,762,Cashback_Card,70.57,15.0,XGBoost
100761,762,Classic_Credit_Card,66.04,30.0,XGBoost
100762,763,Cashback_Card,26.67,5.0,CBF
100762,763,Titanium_Credit_Card,11.62,5.0,CBF
100762,763,Travel_Rewards_Card,10.76,5.0,CBF
100762,763,World_Elite_Card,9.98,5.0,CBF
100762,763,Platinum_Credit_Card,9.91,5.0,CBF
100762,763,Classic_Credit_Card,7.69,5.0,CBF
100762,763,Titanium_Credit_Card,83.97,40.0,XGBoost
100762,763,Platinum_Credit_Card,82.01,25.0,XGBoost
100763,764,Cashback_Card,66.55,15.0,XGBoost
100763,764,Classic_Credit_Card,63.09,30.0,XGBoost
100763,764,Gold_Credit_Card,62.33,30.0,XGBoost
100764,765,Cashback_Card,26.67,5.0,CBF
100764,765,Titanium_Credit_Card,11.62,5.0,CBF
100764,765,Travel_Rewards_Card,10.76,5.0,CBF
100764,765,World_Elite_Card,9.98,5.0,CBF
100764,765,Platinum_Credit_Card,9.91,5.0,CBF
100764,765,Classic_Credit_Card,7.69,5.0,CBF
100764,765,World_Elite_Card,85.27,35.0,XGBoost
100764,765,Platinum_Credit_Card,70.69,25.0,XGBoost
100764,765,Travel_Rewards_Card,66.58,60.0,XGBoost
100765,766,Cashback_Card,26.67,5.0,CBF
100765,766,Titanium_Credit_Card,11.62,5.0,CBF
100765,766,Travel_Rewards_Card,10.76,5.0,CBF
100765,766,World_Elite_Card,9.98,5.0,CBF
100765,766,Platinum_Credit_Card,9.91,5.0,CBF
100765,766,Classic_Credit_Card,7.69,5.0,CBF
100765,766,World_Elite_Card,85.27,35.0,XGBoost
100765,766,Platinum_Credit_Card,70.69,25.0,XGBoost
100765,766,Travel_Rewards_Card,66.58,60.0,XGBoost
100766,767,Cashback_Card,29.76,5.0,CBF
100766,767,Travel_Rewards_Card,12.68,5.0,CBF
100766,767,Titanium_Credit_Card,10.99,5.0,CBF
100766,767,World_Elite_Card,10.35,5.0,CBF
100766,767,Platinum_Credit_Card,8.18,5.0,CBF
100766,767,Gold_Credit_Card,7.69,5.0,CBF
100766,767,Cashback_Card,66.55,15.0,XGBoost
100766,767,Classic_Credit_Card,63.09,30.0,XGBoost
100766,767,Gold_Credit_Card,62.33,30.0,XGBoost
100767,768,Travel_Rewards_Card,34.1,5.0,CBF
100767,768,Titanium_Credit_Card,16.54,5.0,CBF
100767,768,Cashback_Card,11.77,5.0,CBF
100767,768,Classic_Credit_Card,10.35,5.0,CBF
100767,768,Gold_Credit_Card,9.98,5.0,CBF
100767,768,Platinum_Credit_Card,6.87,5.0,CBF
100767,768,World_Elite_Card,85.27,35.0,XGBoost
100767,768,Platinum_Credit_Card,70.69,25.0,XGBoost
100767,768,Travel_Rewards_Card,66.58,60.0,XGBoost
100768,769,Travel_Rewards_Card,34.1,5.0,CBF
100768,769,Titanium_Credit_Card,16.54,5.0,CBF
100768,769,Cashback_Card,11.77,5.0,CBF
100768,769,Classic_Credit_Card,10.35,5.0,CBF
100768,769,Gold_Credit_Card,9.98,5.0,CBF
100768,769,Platinum_Credit_Card,6.87,5.0,CBF
100768,769,Gold_Credit_Card,71.42,30.0,XGBoost
100768,769,Cashback_Card,70.57,15.0,XGBoost
100768,769,Classic_Credit_Card,66.04,30.0,XGBoost
100769,770,Cashback_Card,29.76,5.0,CBF
100769,770,Travel_Rewards_Card,12.68,5.0,CBF
100769,770,Titanium_Credit_Card,10.99,5.0,CBF
100769,770,World_Elite_Card,10.35,5.0,CBF
100769,770,Platinum_Credit_Card,8.18,5.0,CBF
100769,770,Gold_Credit_Card,7.69,5.0,CBF
100769,770,World_Elite_Card,77.53,35.0,XGBoost
100769,770,Platinum_Credit_Card,73.58,25.0,XGBoost
100769,770,Travel_Rewards_Card,70.69,60.0,XGBoost
100770,771,Cashback_Card,21.66,5.0,CBF
100770,771,Travel_Rewards_Card,18.39,5.0,CBF
100770,771,Platinum_Credit_Card,16.62,5.0,CBF
100770,771,World_Elite_Card,16.54,5.0,CBF
100770,771,Gold_Credit_Card,11.62,5.0,CBF
100770,771,Classic_Credit_Card,10.99,5.0,CBF
100770,771,Cashback_Card,79.08,15.0,XGBoost
100770,771,Gold_Credit_Card,65.13,30.0,XGBoost
100770,771,Classic_Credit_Card,64.16,30.0,XGBoost
100771,772,Platinum_Credit_Card,39.63,5.0,CBF
100771,772,World_Elite_Card,34.1,5.0,CBF
100771,772,Titanium_Credit_Card,18.39,5.0,CBF
100771,772,Cashback_Card,12.68,5.0,CBF
100771,772,Classic_Credit_Card,12.68,5.0,CBF
100771,772,Gold_Credit_Card,10.76,5.0,CBF
100771,772,Cashback_Card,79.08,15.0,XGBoost
100771,772,Gold_Credit_Card,65.13,30.0,XGBoost
100771,772,Classic_Credit_Card,64.16,30.0,XGBoost
100772,773,Travel_Rewards_Card,86.63,60.0,XGBoost
100772,773,World_Elite_Card,84.48,35.0,XGBoost
100772,773,Platinum_Credit_Card,65.76,25.0,XGBoost
100773,774,Platinum_Credit_Card,39.63,5.0,CBF
100773,774,World_Elite_Card,34.1,5.0,CBF
100773,774,Titanium_Credit_Card,18.39,5.0,CBF
100773,774,Cashback_Card,12.68,5.0,CBF
100773,774,Classic_Credit_Card,12.68,5.0,CBF
100773,774,Gold_Credit_Card,10.76,5.0,CBF
100773,774,World_Elite_Card,85.27,35.0,XGBoost
100773,774,Platinum_Credit_Card,70.69,25.0,XGBoost
100773,774,Travel_Rewards_Card,66.58,60.0,XGBoost
100774,775,Travel_Rewards_Card,39.63,5.0,CBF
100774,775,Titanium_Credit_Card,16.62,5.0,CBF
100774,775,Gold_Credit_Card,9.91,5.0,CBF
100774,775,Cashback_Card,9.26,5.0,CBF
100774,775,Classic_Credit_Card,8.18,5.0,CBF
100774,775,World_Elite_Card,6.87,5.0,CBF
100774,775,Gold_Credit_Card,71.42,30.0,XGBoost
100774,775,Cashback_Card,70.57,15.0,XGBoost
100774,775,Classic_Credit_Card,66.04,30.0,XGBoost
100775,776,Travel_Rewards_Card,39.63,5.0,CBF
100775,776,Titanium_Credit_Card,16.62,5.0,CBF
100775,776,Gold_Credit_Card,9.91,5.0,CBF
100775,776,Cashback_Card,9.26,5.0,CBF
100775,776,Classic_Credit_Card,8.18,5.0,CBF
100775,776,World_Elite_Card,6.87,5.0,CBF
100775,776,Titanium_Credit_Card,88.03,40.0,XGBoost
100775,776,Platinum_Credit_Card,74.78,25.0,XGBoost
100776,777,Classic_Credit_Card,29.76,5.0,CBF
100776,777,Gold_Credit_Card,26.67,5.0,CBF
100776,777,Titanium_Credit_Card,21.66,5.0,CBF
100776,777,Travel_Rewards_Card,12.68,5.0,CBF
100776,777,World_Elite_Card,11.77,5.0,CBF
100776,777,Platinum_Credit_Card,9.26,5.0,CBF
100776,777,Titanium_Credit_Card,83.97,40.0,XGBoost
100776,777,Platinum_Credit_Card,82.01,25.0,XGBoost
100777,778,Platinum_Credit_Card,39.63,5.0,CBF
100777,778,World_Elite_Card,34.1,5.0,CBF
100777,778,Titanium_Credit_Card,18.39,5.0,CBF
100777,778,Cashback_Card,12.68,5.0,CBF
100777,778,Classic_Credit_Card,12.68,5.0,CBF
100777,778,Gold_Credit_Card,10.76,5.0,CBF
100777,778,Cashback_Card,66.55,15.0,XGBoost
100777,778,Classic_Credit_Card,63.09,30.0,XGBoost
100777,778,Gold_Credit_Card,62.33,30.0,XGBoost
100778,779,Classic_Credit_Card,29.76,5.0,CBF
100778,779,Gold_Credit_Card,26.67,5.0,CBF
100778,779,Titanium_Credit_Card,21.66,5.0,CBF
100778,779,Travel_Rewards_Card,12.68,5.0,CBF
100778,779,World_Elite_Card,11.77,5.0,CBF
100778,779,Platinum_Credit_Card,9.26,5.0,CBF
100778,779,Cashback_Card,77.59,15.0,XGBoost
100778,779,Gold_Credit_Card,67.53,30.0,XGBoost
100778,779,Classic_Credit_Card,60.48,30.0,XGBoost
100779,780,Cashback_Card,29.76,5.0,CBF
100779,780,Travel_Rewards_Card,12.68,5.0,CBF
100779,780,Titanium_Credit_Card,10.99,5.0,CBF
100779,780,World_Elite_Card,10.35,5.0,CBF
100779,780,Platinum_Credit_Card,8.18,5.0,CBF
100779,780,Gold_Credit_Card,7.69,5.0,CBF
100779,780,Gold_Credit_Card,71.42,30.0,XGBoost
100779,780,Cashback_Card,70.57,15.0,XGBoost
100779,780,Classic_Credit_Card,66.04,30.0,XGBoost
100780,781,Platinum_Credit_Card,39.63,5.0,CBF
100780,781,World_Elite_Card,34.1,5.0,CBF
100780,781,Titanium_Credit_Card,18.39,5.0,CBF
100780,781,Cashback_Card,12.68,5.0,CBF
100780,781,Classic_Credit_Card,12.68,5.0,CBF
100780,781,Gold_Credit_Card,10.76,5.0,CBF
100780,781,Gold_Credit_Card,71.42,30.0,XGBoost
100780,781,Cashback_Card,70.57,15.0,XGBoost
100780,781,Classic_Credit_Card,66.04,30.0,XGBoost
100781,782,Travel_Rewards_Card,39.63,5.0,CBF
100781,782,Titanium_Credit_Card,16.62,5.0,CBF
100781,782,Gold_Credit_Card,9.91,5.0,CBF
100781,782,Cashback_Card,9.26,5.0,CBF
100781,782,Classic_Credit_Card,8.18,5.0,CBF
100781,782,World_Elite_Card,6.87,5.0,CBF
100781,782,Titanium_Credit_Card,88.03,40.0,XGBoost
100781,782,Platinum_Credit_Card,74.78,25.0,XGBoost
100782,783,Platinum_Credit_Card,39.63,5.0,CBF
100782,783,World_Elite_Card,34.1,5.0,CBF
100782,783,Titanium_Credit_Card,18.39,5.0,CBF
100782,783,Cashback_Card,12.68,5.0,CBF
100782,783,Classic_Credit_Card,12.68,5.0,CBF
100782,783,Gold_Credit_Card,10.76,5.0,CBF
100782,783,Titanium_Credit_Card,83.97,40.0,XGBoost
100782,783,Platinum_Credit_Card,82.01,25.0,XGBoost
100783,784,Cashback_Card,79.08,15.0,XGBoost
100783,784,Gold_Credit_Card,65.13,30.0,XGBoost
100783,784,Classic_Credit_Card,64.16,30.0,XGBoost
100784,785,Cashback_Card,26.67,5.0,CBF
100784,785,Titanium_Credit_Card,11.62,5.0,CBF
100784,785,Travel_Rewards_Card,10.76,5.0,CBF
100784,785,World_Elite_Card,9.98,5.0,CBF
100784,785,Platinum_Credit_Card,9.91,5.0,CBF
100784,785,Classic_Credit_Card,7.69,5.0,CBF
100784,785,Gold_Credit_Card,71.42,30.0,XGBoost
100784,785,Cashback_Card,70.57,15.0,XGBoost
100784,785,Classic_Credit_Card,66.04,30.0,XGBoost
100785,786,Cashback_Card,26.67,5.0,CBF
100785,786,Titanium_Credit_Card,11.62,5.0,CBF
100785,786,Travel_Rewards_Card,10.76,5.0,CBF
100785,786,World_Elite_Card,9.98,5.0,CBF
100785,786,Platinum_Credit_Card,9.91,5.0,CBF
100785,786,Classic_Credit_Card,7.69,5.0,CBF
100785,786,World_Elite_Card,85.27,35.0,XGBoost
100785,786,Platinum_Credit_Card,70.69,25.0,XGBoost
100785,786,Travel_Rewards_Card,66.58,60.0,XGBoost
100786,787,Travel_Rewards_Card,34.1,5.0,CBF
100786,787,Titanium_Credit_Card,16.54,5.0,CBF
100786,787,Cashback_Card,11.77,5.0,CBF
100786,787,Classic_Credit_Card,10.35,5.0,CBF
100786,787,Gold_Credit_Card,9.98,5.0,CBF
100786,787,Platinum_Credit_Card,6.87,5.0,CBF
100786,787,Titanium_Credit_Card,83.97,40.0,XGBoost
100786,787,Platinum_Credit_Card,82.01,25.0,XGBoost
100787,788,Platinum_Credit_Card,39.63,5.0,CBF
100787,788,World_Elite_Card,34.1,5.0,CBF
100787,788,Titanium_Credit_Card,18.39,5.0,CBF
100787,788,Cashback_Card,12.68,5.0,CBF
100787,788,Classic_Credit_Card,12.68,5.0,CBF
100787,788,Gold_Credit_Card,10.76,5.0,CBF
100787,788,Titanium_Credit_Card,88.03,40.0,XGBoost
100787,788,Platinum_Credit_Card,74.78,25.0,XGBoost
100788,789,Cashback_Card,29.76,5.0,CBF
100788,789,Travel_Rewards_Card,12.68,5.0,CBF
100788,789,Titanium_Credit_Card,10.99,5.0,CBF
100788,789,World_Elite_Card,10.35,5.0,CBF
100788,789,Platinum_Credit_Card,8.18,5.0,CBF
100788,789,Gold_Credit_Card,7.69,5.0,CBF
100788,789,Gold_Credit_Card,71.42,30.0,XGBoost
100788,789,Cashback_Card,70.57,15.0,XGBoost
100788,789,Classic_Credit_Card,66.04,30.0,XGBoost
100789,790,Classic_Credit_Card,29.76,5.0,CBF
100789,790,Gold_Credit_Card,26.67,5.0,CBF
100789,790,Titanium_Credit_Card,21.66,5.0,CBF
100789,790,Travel_Rewards_Card,12.68,5.0,CBF
100789,790,World_Elite_Card,11.77,5.0,CBF
100789,790,Platinum_Credit_Card,9.26,5.0,CBF
100789,790,Cashback_Card,77.59,15.0,XGBoost
100789,790,Gold_Credit_Card,67.53,30.0,XGBoost
100789,790,Classic_Credit_Card,60.48,30.0,XGBoost
100790,791,Classic_Credit_Card,29.76,5.0,CBF
100790,791,Gold_Credit_Card,26.67,5.0,CBF
100790,791,Titanium_Credit_Card,21.66,5.0,CBF
100790,791,Travel_Rewards_Card,12.68,5.0,CBF
100790,791,World_Elite_Card,11.77,5.0,CBF
100790,791,Platinum_Credit_Card,9.26,5.0,CBF
100790,791,Cashback_Card,79.08,15.0,XGBoost
100790,791,Gold_Credit_Card,65.13,30.0,XGBoost
100790,791,Classic_Credit_Card,64.16,30.0,XGBoost
100791,792,Cashback_Card,29.76,5.0,CBF
100791,792,Travel_Rewards_Card,12.68,5.0,CBF
100791,792,Titanium_Credit_Card,10.99,5.0,CBF
100791,792,World_Elite_Card,10.35,5.0,CBF
100791,792,Platinum_Credit_Card,8.18,5.0,CBF
100791,792,Gold_Credit_Card,7.69,5.0,CBF
100791,792,World_Elite_Card,77.53,35.0,XGBoost
100791,792,Platinum_Credit_Card,73.58,25.0,XGBoost
100791,792,Travel_Rewards_Card,70.69,60.0,XGBoost
100792,793,Cashback_Card,21.66,5.0,CBF
100792,793,Travel_Rewards_Card,18.39,5.0,CBF
100792,793,Platinum_Credit_Card,16.62,5.0,CBF
100792,793,World_Elite_Card,16.54,5.0,CBF
100792,793,Gold_Credit_Card,11.62,5.0,CBF
100792,793,Classic_Credit_Card,10.99,5.0,CBF
100792,793,World_Elite_Card,85.27,35.0,XGBoost
100792,793,Platinum_Credit_Card,70.69,25.0,XGBoost
100792,793,Travel_Rewards_Card,66.58,60.0,XGBoost
100793,794,Travel_Rewards_Card,34.1,5.0,CBF
100793,794,Titanium_Credit_Card,16.54,5.0,CBF
100793,794,Cashback_Card,11.77,5.0,CBF
100793,794,Classic_Credit_Card,10.35,5.0,CBF
100793,794,Gold_Credit_Card,9.98,5.0,CBF
100793,794,Platinum_Credit_Card,6.87,5.0,CBF
100793,794,Cashback_Card,66.55,15.0,XGBoost
100793,794,Classic_Credit_Card,63.09,30.0,XGBoost
100793,794,Gold_Credit_Card,62.33,30.0,XGBoost
100794,795,Cashback_Card,26.67,5.0,CBF
100794,795,Titanium_Credit_Card,11.62,5.0,CBF
100794,795,Travel_Rewards_Card,10.76,5.0,CBF
100794,795,World_Elite_Card,9.98,5.0,CBF
100794,795,Platinum_Credit_Card,9.91,5.0,CBF
100794,795,Classic_Credit_Card,7.69,5.0,CBF
100794,795,Travel_Rewards_Card,86.63,60.0,XGBoost
100794,795,World_Elite_Card,84.48,35.0,XGBoost
100794,795,Platinum_Credit_Card,65.76,25.0,XGBoost
100795,796,Cashback_Card,26.67,5.0,CBF
100795,796,Titanium_Credit_Card,11.62,5.0,CBF
100795,796,Travel_Rewards_Card,10.76,5.0,CBF
100795,796,World_Elite_Card,9.98,5.0,CBF
100795,796,Platinum_Credit_Card,9.91,5.0,CBF
100795,796,Classic_Credit_Card,7.69,5.0,CBF
100795,796,Classic_Credit_Card,73.82,30.0,XGBoost
100795,796,Cashback_Card,69.96,15.0,XGBoost
100795,796,Gold_Credit_Card,64.92,30.0,XGBoost
100796,797,Cashback_Card,29.76,5.0,CBF
100796,797,Travel_Rewards_Card,12.68,5.0,CBF
100796,797,Titanium_Credit_Card,10.99,5.0,CBF
100796,797,World_Elite_Card,10.35,5.0,CBF
100796,797,Platinum_Credit_Card,8.18,5.0,CBF
100796,797,Gold_Credit_Card,7.69,5.0,CBF
100796,797,Titanium_Credit_Card,83.97,40.0,XGBoost
100796,797,Platinum_Credit_Card,82.01,25.0,XGBoost
100797,798,Cashback_Card,21.66,5.0,CBF
100797,798,Travel_Rewards_Card,18.39,5.0,CBF
100797,798,Platinum_Credit_Card,16.62,5.0,CBF
100797,798,World_Elite_Card,16.54,5.0,CBF
100797,798,Gold_Credit_Card,11.62,5.0,CBF
100797,798,Classic_Credit_Card,10.99,5.0,CBF
100797,798,Travel_Rewards_Card,86.63,60.0,XGBoost
100797,798,World_Elite_Card,84.48,35.0,XGBoost
100797,798,Platinum_Credit_Card,65.76,25.0,XGBoost
100798,799,World_Elite_Card,85.27,35.0,XGBoost
100798,799,Platinum_Credit_Card,70.69,25.0,XGBoost
100798,799,Travel_Rewards_Card,66.58,60.0,XGBoost
100799,800,Travel_Rewards_Card,34.1,5.0,CBF
100799,800,Titanium_Credit_Card,16.54,5.0,CBF
100799,800,Cashback_Card,11.77,5.0,CBF
100799,800,Classic_Credit_Card,10.35,5.0,CBF
100799,800,Gold_Credit_Card,9.98,5.0,CBF
100799,800,Platinum_Credit_Card,6.87,5.0,CBF
100799,800,Cashback_Card,79.08,15.0,XGBoost
100799,800,Gold_Credit_Card,65.13,30.0,XGBoost
100799,800,Classic_Credit_Card,64.16,30.0,XGBoost
100800,801,Cashback_Card,29.76,5.0,CBF
100800,801,Travel_Rewards_Card,12.68,5.0,CBF
100800,801,Titanium_Credit_Card,10.99,5.0,CBF
100800,801,World_Elite_Card,10.35,5.0,CBF
100800,801,Platinum_Credit_Card,8.18,5.0,CBF
100800,801,Gold_Credit_Card,7.69,5.0,CBF
100800,801,Cashback_Card,66.55,15.0,XGBoost
100800,801,Classic_Credit_Card,63.09,30.0,XGBoost
100800,801,Gold_Credit_Card,62.33,30.0,XGBoost
100801,802,Titanium_Credit_Card,83.97,40.0,XGBoost
100801,802,Platinum_Credit_Card,82.01,25.0,XGBoost
100802,803,Cashback_Card,26.67,5.0,CBF
100802,803,Titanium_Credit_Card,11.62,5.0,CBF
100802,803,Travel_Rewards_Card,10.76,5.0,CBF
100802,803,World_Elite_Card,9.98,5.0,CBF
100802,803,Platinum_Credit_Card,9.91,5.0,CBF
100802,803,Classic_Credit_Card,7.69,5.0,CBF
100802,803,Titanium_Credit_Card,83.97,40.0,XGBoost
100802,803,Platinum_Credit_Card,82.01,25.0,XGBoost
100803,804,Travel_Rewards_Card,39.63,5.0,CBF
100803,804,Titanium_Credit_Card,16.62,5.0,CBF
100803,804,Gold_Credit_Card,9.91,5.0,CBF
100803,804,Cashback_Card,9.26,5.0,CBF
100803,804,Classic_Credit_Card,8.18,5.0,CBF
100803,804,World_Elite_Card,6.87,5.0,CBF
100803,804,Classic_Credit_Card,73.82,30.0,XGBoost
100803,804,Cashback_Card,69.96,15.0,XGBoost
100803,804,Gold_Credit_Card,64.92,30.0,XGBoost
100804,805,Cashback_Card,29.76,5.0,CBF
100804,805,Travel_Rewards_Card,12.68,5.0,CBF
100804,805,Titanium_Credit_Card,10.99,5.0,CBF
100804,805,World_Elite_Card,10.35,5.0,CBF
100804,805,Platinum_Credit_Card,8.18,5.0,CBF
100804,805,Gold_Credit_Card,7.69,5.0,CBF
100804,805,Gold_Credit_Card,71.42,30.0,XGBoost
100804,805,Cashback_Card,70.57,15.0,XGBoost
100804,805,Classic_Credit_Card,66.04,30.0,XGBoost
100805,806,Platinum_Credit_Card,39.63,5.0,CBF
100805,806,World_Elite_Card,34.1,5.0,CBF
100805,806,Titanium_Credit_Card,18.39,5.0,CBF
100805,806,Cashback_Card,12.68,5.0,CBF
100805,806,Classic_Credit_Card,12.68,5.0,CBF
100805,806,Gold_Credit_Card,10.76,5.0,CBF
100805,806,Gold_Credit_Card,71.42,30.0,XGBoost
100805,806,Cashback_Card,70.57,15.0,XGBoost
100805,806,Classic_Credit_Card,66.04,30.0,XGBoost
100806,807,Cashback_Card,79.08,15.0,XGBoost
100806,807,Gold_Credit_Card,65.13,30.0,XGBoost
100806,807,Classic_Credit_Card,64.16,30.0,XGBoost
100807,808,Cashback_Card,29.76,5.0,CBF
100807,808,Travel_Rewards_Card,12.68,5.0,CBF
100807,808,Titanium_Credit_Card,10.99,5.0,CBF
100807,808,World_Elite_Card,10.35,5.0,CBF
100807,808,Platinum_Credit_Card,8.18,5.0,CBF
100807,808,Gold_Credit_Card,7.69,5.0,CBF
100807,808,Cashback_Card,66.55,15.0,XGBoost
100807,808,Classic_Credit_Card,63.09,30.0,XGBoost
100807,808,Gold_Credit_Card,62.33,30.0,XGBoost
100808,809,Classic_Credit_Card,29.76,5.0,CBF
100808,809,Gold_Credit_Card,26.67,5.0,CBF
100808,809,Titanium_Credit_Card,21.66,5.0,CBF
100808,809,Travel_Rewards_Card,12.68,5.0,CBF
100808,809,World_Elite_Card,11.77,5.0,CBF
100808,809,Platinum_Credit_Card,9.26,5.0,CBF
100808,809,Cashback_Card,79.08,15.0,XGBoost
100808,809,Gold_Credit_Card,65.13,30.0,XGBoost
100808,809,Classic_Credit_Card,64.16,30.0,XGBoost
100809,810,World_Elite_Card,77.53,35.0,XGBoost
100809,810,Platinum_Credit_Card,73.58,25.0,XGBoost
100809,810,Travel_Rewards_Card,70.69,60.0,XGBoost
100810,811,Cashback_Card,77.59,15.0,XGBoost
100810,811,Gold_Credit_Card,67.53,30.0,XGBoost
100810,811,Classic_Credit_Card,60.48,30.0,XGBoost
100811,812,Cashback_Card,26.67,5.0,CBF
100811,812,Titanium_Credit_Card,11.62,5.0,CBF
100811,812,Travel_Rewards_Card,10.76,5.0,CBF
100811,812,World_Elite_Card,9.98,5.0,CBF
100811,812,Platinum_Credit_Card,9.91,5.0,CBF
100811,812,Classic_Credit_Card,7.69,5.0,CBF
100811,812,Cashback_Card,79.08,15.0,XGBoost
100811,812,Gold_Credit_Card,65.13,30.0,XGBoost
100811,812,Classic_Credit_Card,64.16,30.0,XGBoost
100812,813,Classic_Credit_Card,73.82,30.0,XGBoost
100812,813,Cashback_Card,69.96,15.0,XGBoost
100812,813,Gold_Credit_Card,64.92,30.0,XGBoost
100813,814,Cashback_Card,29.76,5.0,CBF
100813,814,Travel_Rewards_Card,12.68,5.0,CBF
100813,814,Titanium_Credit_Card,10.99,5.0,CBF
100813,814,World_Elite_Card,10.35,5.0,CBF
100813,814,Platinum_Credit_Card,8.18,5.0,CBF
100813,814,Gold_Credit_Card,7.69,5.0,CBF
100813,814,Cashback_Card,79.08,15.0,XGBoost
100813,814,Gold_Credit_Card,65.13,30.0,XGBoost
100813,814,Classic_Credit_Card,64.16,30.0,XGBoost
100814,815,Classic_Credit_Card,29.76,5.0,CBF
100814,815,Gold_Credit_Card,26.67,5.0,CBF
100814,815,Titanium_Credit_Card,21.66,5.0,CBF
100814,815,Travel_Rewards_Card,12.68,5.0,CBF
100814,815,World_Elite_Card,11.77,5.0,CBF
100814,815,Platinum_Credit_Card,9.26,5.0,CBF
100814,815,Travel_Rewards_Card,86.63,60.0,XGBoost
100814,815,World_Elite_Card,84.48,35.0,XGBoost
100814,815,Platinum_Credit_Card,65.76,25.0,XGBoost
100815,816,Travel_Rewards_Card,34.1,5.0,CBF
100815,816,Titanium_Credit_Card,16.54,5.0,CBF
100815,816,Cashback_Card,11.77,5.0,CBF
100815,816,Classic_Credit_Card,10.35,5.0,CBF
100815,816,Gold_Credit_Card,9.98,5.0,CBF
100815,816,Platinum_Credit_Card,6.87,5.0,CBF
100815,816,Cashback_Card,79.08,15.0,XGBoost
100815,816,Gold_Credit_Card,65.13,30.0,XGBoost
100815,816,Classic_Credit_Card,64.16,30.0,XGBoost
100816,817,Travel_Rewards_Card,39.63,5.0,CBF
100816,817,Titanium_Credit_Card,16.62,5.0,CBF
100816,817,Gold_Credit_Card,9.91,5.0,CBF
100816,817,Cashback_Card,9.26,5.0,CBF
100816,817,Classic_Credit_Card,8.18,5.0,CBF
100816,817,World_Elite_Card,6.87,5.0,CBF
100816,817,Travel_Rewards_Card,86.63,60.0,XGBoost
100816,817,World_Elite_Card,84.48,35.0,XGBoost
100816,817,Platinum_Credit_Card,65.76,25.0,XGBoost
100817,818,Cashback_Card,26.67,5.0,CBF
100817,818,Titanium_Credit_Card,11.62,5.0,CBF
100817,818,Travel_Rewards_Card,10.76,5.0,CBF
100817,818,World_Elite_Card,9.98,5.0,CBF
100817,818,Platinum_Credit_Card,9.91,5.0,CBF
100817,818,Classic_Credit_Card,7.69,5.0,CBF
100817,818,World_Elite_Card,77.53,35.0,XGBoost
100817,818,Platinum_Credit_Card,73.58,25.0,XGBoost
100817,818,Travel_Rewards_Card,70.69,60.0,XGBoost
100818,819,Cashback_Card,29.76,5.0,CBF
100818,819,Travel_Rewards_Card,12.68,5.0,CBF
100818,819,Titanium_Credit_Card,10.99,5.0,CBF
100818,819,World_Elite_Card,10.35,5.0,CBF
100818,819,Platinum_Credit_Card,8.18,5.0,CBF
100818,819,Gold_Credit_Card,7.69,5.0,CBF
100818,819,Classic_Credit_Card,73.82,30.0,XGBoost
100818,819,Cashback_Card,69.96,15.0,XGBoost
100818,819,Gold_Credit_Card,64.92,30.0,XGBoost
100819,820,Travel_Rewards_Card,86.63,60.0,XGBoost
100819,820,World_Elite_Card,84.48,35.0,XGBoost
100819,820,Platinum_Credit_Card,65.76,25.0,XGBoost
100820,821,Classic_Credit_Card,29.76,5.0,CBF
100820,821,Gold_Credit_Card,26.67,5.0,CBF
100820,821,Titanium_Credit_Card,21.66,5.0,CBF
100820,821,Travel_Rewards_Card,12.68,5.0,CBF
100820,821,World_Elite_Card,11.77,5.0,CBF
100820,821,Platinum_Credit_Card,9.26,5.0,CBF
100820,821,Gold_Credit_Card,71.42,30.0,XGBoost
100820,821,Cashback_Card,70.57,15.0,XGBoost
100820,821,Classic_Credit_Card,66.04,30.0,XGBoost
100821,822,Travel_Rewards_Card,39.63,5.0,CBF
100821,822,Titanium_Credit_Card,16.62,5.0,CBF
100821,822,Gold_Credit_Card,9.91,5.0,CBF
100821,822,Cashback_Card,9.26,5.0,CBF
100821,822,Classic_Credit_Card,8.18,5.0,CBF
100821,822,World_Elite_Card,6.87,5.0,CBF
100821,822,Cashback_Card,77.59,15.0,XGBoost
100821,822,Gold_Credit_Card,67.53,30.0,XGBoost
100821,822,Classic_Credit_Card,60.48,30.0,XGBoost
100822,823,Titanium_Credit_Card,83.97,40.0,XGBoost
100822,823,Platinum_Credit_Card,82.01,25.0,XGBoost
100823,824,Cashback_Card,26.67,5.0,CBF
100823,824,Titanium_Credit_Card,11.62,5.0,CBF
100823,824,Travel_Rewards_Card,10.76,5.0,CBF
100823,824,World_Elite_Card,9.98,5.0,CBF
100823,824,Platinum_Credit_Card,9.91,5.0,CBF
100823,824,Classic_Credit_Card,7.69,5.0,CBF
100823,824,Classic_Credit_Card,73.82,30.0,XGBoost
100823,824,Cashback_Card,69.96,15.0,XGBoost
100823,824,Gold_Credit_Card,64.92,30.0,XGBoost
100824,825,Cashback_Card,26.67,5.0,CBF
100824,825,Titanium_Credit_Card,11.62,5.0,CBF
100824,825,Travel_Rewards_Card,10.76,5.0,CBF
100824,825,World_Elite_Card,9.98,5.0,CBF
100824,825,Platinum_Credit_Card,9.91,5.0,CBF
100824,825,Classic_Credit_Card,7.69,5.0,CBF
100824,825,Cashback_Card,77.59,15.0,XGBoost
100824,825,Gold_Credit_Card,67.53,30.0,XGBoost
100824,825,Classic_Credit_Card,60.48,30.0,XGBoost
100825,826,Cashback_Card,26.67,5.0,CBF
100825,826,Titanium_Credit_Card,11.62,5.0,CBF
100825,826,Travel_Rewards_Card,10.76,5.0,CBF
100825,826,World_Elite_Card,9.98,5.0,CBF
100825,826,Platinum_Credit_Card,9.91,5.0,CBF
100825,826,Classic_Credit_Card,7.69,5.0,CBF
100825,826,World_Elite_Card,77.53,35.0,XGBoost
100825,826,Platinum_Credit_Card,73.58,25.0,XGBoost
100825,826,Travel_Rewards_Card,70.69,60.0,XGBoost
100826,827,Cashback_Card,29.76,5.0,CBF
100826,827,Travel_Rewards_Card,12.68,5.0,CBF
100826,827,Titanium_Credit_Card,10.99,5.0,CBF
100826,827,World_Elite_Card,10.35,5.0,CBF
100826,827,Platinum_Credit_Card,8.18,5.0,CBF
100826,827,Gold_Credit_Card,7.69,5.0,CBF
100826,827,Travel_Rewards_Card,86.63,60.0,XGBoost
100826,827,World_Elite_Card,84.48,35.0,XGBoost
100826,827,Platinum_Credit_Card,65.76,25.0,XGBoost
100827,828,Platinum_Credit_Card,39.63,5.0,CBF
100827,828,World_Elite_Card,34.1,5.0,CBF
100827,828,Titanium_Credit_Card,18.39,5.0,CBF
100827,828,Cashback_Card,12.68,5.0,CBF
100827,828,Classic_Credit_Card,12.68,5.0,CBF
100827,828,Gold_Credit_Card,10.76,5.0,CBF
100827,828,World_Elite_Card,85.27,35.0,XGBoost
100827,828,Platinum_Credit_Card,70.69,25.0,XGBoost
100827,828,Travel_Rewards_Card,66.58,60.0,XGBoost
100828,829,Travel_Rewards_Card,34.1,5.0,CBF
100828,829,Titanium_Credit_Card,16.54,5.0,CBF
100828,829,Cashback_Card,11.77,5.0,CBF
100828,829,Classic_Credit_Card,10.35,5.0,CBF
100828,829,Gold_Credit_Card,9.98,5.0,CBF
100828,829,Platinum_Credit_Card,6.87,5.0,CBF
100828,829,World_Elite_Card,85.27,35.0,XGBoost
100828,829,Platinum_Credit_Card,70.69,25.0,XGBoost
100828,829,Travel_Rewards_Card,66.58,60.0,XGBoost
100829,830,Cashback_Card,29.76,5.0,CBF
100829,830,Travel_Rewards_Card,12.68,5.0,CBF
100829,830,Titanium_Credit_Card,10.99,5.0,CBF
100829,830,World_Elite_Card,10.35,5.0,CBF
100829,830,Platinum_Credit_Card,8.18,5.0,CBF
100829,830,Gold_Credit_Card,7.69,5.0,CBF
100829,830,World_Elite_Card,85.27,35.0,XGBoost
100829,830,Platinum_Credit_Card,70.69,25.0,XGBoost
100829,830,Travel_Rewards_Card,66.58,60.0,XGBoost
100830,831,Classic_Credit_Card,29.76,5.0,CBF
100830,831,Gold_Credit_Card,26.67,5.0,CBF
100830,831,Titanium_Credit_Card,21.66,5.0,CBF
100830,831,Travel_Rewards_Card,12.68,5.0,CBF
100830,831,World_Elite_Card,11.77,5.0,CBF
100830,831,Platinum_Credit_Card,9.26,5.0,CBF
100830,831,Titanium_Credit_Card,83.97,40.0,XGBoost
100830,831,Platinum_Credit_Card,82.01,25.0,XGBoost
100831,832,Cashback_Card,29.76,5.0,CBF
100831,832,Travel_Rewards_Card,12.68,5.0,CBF
100831,832,Titanium_Credit_Card,10.99,5.0,CBF
100831,832,World_Elite_Card,10.35,5.0,CBF
100831,832,Platinum_Credit_Card,8.18,5.0,CBF
100831,832,Gold_Credit_Card,7.69,5.0,CBF
100831,832,World_Elite_Card,85.27,35.0,XGBoost
100831,832,Platinum_Credit_Card,70.69,25.0,XGBoost
100831,832,Travel_Rewards_Card,66.58,60.0,XGBoost
100832,833,Cashback_Card,26.67,5.0,CBF
100832,833,Titanium_Credit_Card,11.62,5.0,CBF
100832,833,Travel_Rewards_Card,10.76,5.0,CBF
100832,833,World_Elite_Card,9.98,5.0,CBF
100832,833,Platinum_Credit_Card,9.91,5.0,CBF
100832,833,Classic_Credit_Card,7.69,5.0,CBF
100832,833,Classic_Credit_Card,73.82,30.0,XGBoost
100832,833,Cashback_Card,69.96,15.0,XGBoost
100832,833,Gold_Credit_Card,64.92,30.0,XGBoost
100833,834,Cashback_Card,21.66,5.0,CBF
100833,834,Travel_Rewards_Card,18.39,5.0,CBF
100833,834,Platinum_Credit_Card,16.62,5.0,CBF
100833,834,World_Elite_Card,16.54,5.0,CBF
100833,834,Gold_Credit_Card,11.62,5.0,CBF
100833,834,Classic_Credit_Card,10.99,5.0,CBF
100833,834,Cashback_Card,79.08,15.0,XGBoost
100833,834,Gold_Credit_Card,65.13,30.0,XGBoost
100833,834,Classic_Credit_Card,64.16,30.0,XGBoost
100834,835,Travel_Rewards_Card,34.1,5.0,CBF
100834,835,Titanium_Credit_Card,16.54,5.0,CBF
100834,835,Cashback_Card,11.77,5.0,CBF
100834,835,Classic_Credit_Card,10.35,5.0,CBF
100834,835,Gold_Credit_Card,9.98,5.0,CBF
100834,835,Platinum_Credit_Card,6.87,5.0,CBF
100834,835,World_Elite_Card,85.27,35.0,XGBoost
100834,835,Platinum_Credit_Card,70.69,25.0,XGBoost
100834,835,Travel_Rewards_Card,66.58,60.0,XGBoost
100835,836,Cashback_Card,26.67,5.0,CBF
100835,836,Titanium_Credit_Card,11.62,5.0,CBF
100835,836,Travel_Rewards_Card,10.76,5.0,CBF
100835,836,World_Elite_Card,9.98,5.0,CBF
100835,836,Platinum_Credit_Card,9.91,5.0,CBF
100835,836,Classic_Credit_Card,7.69,5.0,CBF
100835,836,Gold_Credit_Card,71.42,30.0,XGBoost
100835,836,Cashback_Card,70.57,15.0,XGBoost
100835,836,Classic_Credit_Card,66.04,30.0,XGBoost
100836,837,Cashback_Card,29.76,5.0,CBF
100836,837,Travel_Rewards_Card,12.68,5.0,CBF
100836,837,Titanium_Credit_Card,10.99,5.0,CBF
100836,837,World_Elite_Card,10.35,5.0,CBF
100836,837,Platinum_Credit_Card,8.18,5.0,CBF
100836,837,Gold_Credit_Card,7.69,5.0,CBF
100836,837,Titanium_Credit_Card,83.97,40.0,XGBoost
100836,837,Platinum_Credit_Card,82.01,25.0,XGBoost
100837,838,Cashback_Card,21.66,5.0,CBF
100837,838,Travel_Rewards_Card,18.39,5.0,CBF
100837,838,Platinum_Credit_Card,16.62,5.0,CBF
100837,838,World_Elite_Card,16.54,5.0,CBF
100837,838,Gold_Credit_Card,11.62,5.0,CBF
100837,838,Classic_Credit_Card,10.99,5.0,CBF
100837,838,Gold_Credit_Card,71.42,30.0,XGBoost
100837,838,Cashback_Card,70.57,15.0,XGBoost
100837,838,Classic_Credit_Card,66.04,30.0,XGBoost
100838,839,Travel_Rewards_Card,39.63,5.0,CBF
100838,839,Titanium_Credit_Card,16.62,5.0,CBF
100838,839,Gold_Credit_Card,9.91,5.0,CBF
100838,839,Cashback_Card,9.26,5.0,CBF
100838,839,Classic_Credit_Card,8.18,5.0,CBF
100838,839,World_Elite_Card,6.87,5.0,CBF
100838,839,World_Elite_Card,77.53,35.0,XGBoost
100838,839,Platinum_Credit_Card,73.58,25.0,XGBoost
100838,839,Travel_Rewards_Card,70.69,60.0,XGBoost
100839,840,Cashback_Card,29.76,5.0,CBF
100839,840,Travel_Rewards_Card,12.68,5.0,CBF
100839,840,Titanium_Credit_Card,10.99,5.0,CBF
100839,840,World_Elite_Card,10.35,5.0,CBF
100839,840,Platinum_Credit_Card,8.18,5.0,CBF
100839,840,Gold_Credit_Card,7.69,5.0,CBF
100839,840,Titanium_Credit_Card,83.97,40.0,XGBoost
100839,840,Platinum_Credit_Card,82.01,25.0,XGBoost
100840,841,Cashback_Card,29.76,5.0,CBF
100840,841,Travel_Rewards_Card,12.68,5.0,CBF
100840,841,Titanium_Credit_Card,10.99,5.0,CBF
100840,841,World_Elite_Card,10.35,5.0,CBF
100840,841,Platinum_Credit_Card,8.18,5.0,CBF
100840,841,Gold_Credit_Card,7.69,5.0,CBF
100840,841,World_Elite_Card,85.27,35.0,XGBoost
100840,841,Platinum_Credit_Card,70.69,25.0,XGBoost
100840,841,Travel_Rewards_Card,66.58,60.0,XGBoost
100841,842,Travel_Rewards_Card,39.63,5.0,CBF
100841,842,Titanium_Credit_Card,16.62,5.0,CBF
100841,842,Gold_Credit_Card,9.91,5.0,CBF
100841,842,Cashback_Card,9.26,5.0,CBF
100841,842,Classic_Credit_Card,8.18,5.0,CBF
100841,842,World_Elite_Card,6.87,5.0,CBF
100841,842,Cashback_Card,77.59,15.0,XGBoost
100841,842,Gold_Credit_Card,67.53,30.0,XGBoost
100841,842,Classic_Credit_Card,60.48,30.0,XGBoost
100842,843,Travel_Rewards_Card,34.1,5.0,CBF
100842,843,Titanium_Credit_Card,16.54,5.0,CBF
100842,843,Cashback_Card,11.77,5.0,CBF
100842,843,Classic_Credit_Card,10.35,5.0,CBF
100842,843,Gold_Credit_Card,9.98,5.0,CBF
100842,843,Platinum_Credit_Card,6.87,5.0,CBF
100842,843,Gold_Credit_Card,71.42,30.0,XGBoost
100842,843,Cashback_Card,70.57,15.0,XGBoost
100842,843,Classic_Credit_Card,66.04,30.0,XGBoost
100843,844,Classic_Credit_Card,29.76,5.0,CBF
100843,844,Gold_Credit_Card,26.67,5.0,CBF
100843,844,Titanium_Credit_Card,21.66,5.0,CBF
100843,844,Travel_Rewards_Card,12.68,5.0,CBF
100843,844,World_Elite_Card,11.77,5.0,CBF
100843,844,Platinum_Credit_Card,9.26,5.0,CBF
100843,844,Titanium_Credit_Card,88.03,40.0,XGBoost
100843,844,Platinum_Credit_Card,74.78,25.0,XGBoost
100844,845,Cashback_Card,21.66,5.0,CBF
100844,845,Travel_Rewards_Card,18.39,5.0,CBF
100844,845,Platinum_Credit_Card,16.62,5.0,CBF
100844,845,World_Elite_Card,16.54,5.0,CBF
100844,845,Gold_Credit_Card,11.62,5.0,CBF
100844,845,Classic_Credit_Card,10.99,5.0,CBF
100844,845,Travel_Rewards_Card,86.63,60.0,XGBoost
100844,845,World_Elite_Card,84.48,35.0,XGBoost
100844,845,Platinum_Credit_Card,65.76,25.0,XGBoost
100845,846,Travel_Rewards_Card,39.63,5.0,CBF
100845,846,Titanium_Credit_Card,16.62,5.0,CBF
100845,846,Gold_Credit_Card,9.91,5.0,CBF
100845,846,Cashback_Card,9.26,5.0,CBF
100845,846,Classic_Credit_Card,8.18,5.0,CBF
100845,846,World_Elite_Card,6.87,5.0,CBF
100845,846,Cashback_Card,66.55,15.0,XGBoost
100845,846,Classic_Credit_Card,63.09,30.0,XGBoost
100845,846,Gold_Credit_Card,62.33,30.0,XGBoost
100846,847,Platinum_Credit_Card,39.63,5.0,CBF
100846,847,World_Elite_Card,34.1,5.0,CBF
100846,847,Titanium_Credit_Card,18.39,5.0,CBF
100846,847,Cashback_Card,12.68,5.0,CBF
100846,847,Classic_Credit_Card,12.68,5.0,CBF
100846,847,Gold_Credit_Card,10.76,5.0,CBF
100846,847,Cashback_Card,79.08,15.0,XGBoost
100846,847,Gold_Credit_Card,65.13,30.0,XGBoost
100846,847,Classic_Credit_Card,64.16,30.0,XGBoost
100847,848,Travel_Rewards_Card,34.1,5.0,CBF
100847,848,Titanium_Credit_Card,16.54,5.0,CBF
100847,848,Cashback_Card,11.77,5.0,CBF
100847,848,Classic_Credit_Card,10.35,5.0,CBF
100847,848,Gold_Credit_Card,9.98,5.0,CBF
100847,848,Platinum_Credit_Card,6.87,5.0,CBF
100847,848,Gold_Credit_Card,71.42,30.0,XGBoost
100847,848,Cashback_Card,70.57,15.0,XGBoost
100847,848,Classic_Credit_Card,66.04,30.0,XGBoost
100848,849,Travel_Rewards_Card,39.63,5.0,CBF
100848,849,Titanium_Credit_Card,16.62,5.0,CBF
100848,849,Gold_Credit_Card,9.91,5.0,CBF
100848,849,Cashback_Card,9.26,5.0,CBF
100848,849,Classic_Credit_Card,8.18,5.0,CBF
100848,849,World_Elite_Card,6.87,5.0,CBF
100848,849,Cashback_Card,79.08,15.0,XGBoost
100848,849,Gold_Credit_Card,65.13,30.0,XGBoost
100848,849,Classic_Credit_Card,64.16,30.0,XGBoost
100849,850,Travel_Rewards_Card,39.63,5.0,CBF
100849,850,Titanium_Credit_Card,16.62,5.0,CBF
100849,850,Gold_Credit_Card,9.91,5.0,CBF
100849,850,Cashback_Card,9.26,5.0,CBF
100849,850,Classic_Credit_Card,8.18,5.0,CBF
100849,850,World_Elite_Card,6.87,5.0,CBF
100849,850,Cashback_Card,77.59,15.0,XGBoost
100849,850,Gold_Credit_Card,67.53,30.0,XGBoost
100849,850,Classic_Credit_Card,60.48,30.0,XGBoost
100850,851,Travel_Rewards_Card,34.1,5.0,CBF
100850,851,Titanium_Credit_Card,16.54,5.0,CBF
100850,851,Cashback_Card,11.77,5.0,CBF
100850,851,Classic_Credit_Card,10.35,5.0,CBF
100850,851,Gold_Credit_Card,9.98,5.0,CBF
100850,851,Platinum_Credit_Card,6.87,5.0,CBF
100850,851,Classic_Credit_Card,73.82,30.0,XGBoost
100850,851,Cashback_Card,69.96,15.0,XGBoost
100850,851,Gold_Credit_Card,64.92,30.0,XGBoost
100851,852,Travel_Rewards_Card,34.1,5.0,CBF
100851,852,Titanium_Credit_Card,16.54,5.0,CBF
100851,852,Cashback_Card,11.77,5.0,CBF
100851,852,Classic_Credit_Card,10.35,5.0,CBF
100851,852,Gold_Credit_Card,9.98,5.0,CBF
100851,852,Platinum_Credit_Card,6.87,5.0,CBF
100851,852,Gold_Credit_Card,71.42,30.0,XGBoost
100851,852,Cashback_Card,70.57,15.0,XGBoost
100851,852,Classic_Credit_Card,66.04,30.0,XGBoost
100852,853,Travel_Rewards_Card,34.1,5.0,CBF
100852,853,Titanium_Credit_Card,16.54,5.0,CBF
100852,853,Cashback_Card,11.77,5.0,CBF
100852,853,Classic_Credit_Card,10.35,5.0,CBF
100852,853,Gold_Credit_Card,9.98,5.0,CBF
100852,853,Platinum_Credit_Card,6.87,5.0,CBF
100852,853,World_Elite_Card,77.53,35.0,XGBoost
100852,853,Platinum_Credit_Card,73.58,25.0,XGBoost
100852,853,Travel_Rewards_Card,70.69,60.0,XGBoost
100853,854,Travel_Rewards_Card,34.1,5.0,CBF
100853,854,Titanium_Credit_Card,16.54,5.0,CBF
100853,854,Cashback_Card,11.77,5.0,CBF
100853,854,Classic_Credit_Card,10.35,5.0,CBF
100853,854,Gold_Credit_Card,9.98,5.0,CBF
100853,854,Platinum_Credit_Card,6.87,5.0,CBF
100853,854,Gold_Credit_Card,71.42,30.0,XGBoost
100853,854,Cashback_Card,70.57,15.0,XGBoost
100853,854,Classic_Credit_Card,66.04,30.0,XGBoost
100854,855,Classic_Credit_Card,29.76,5.0,CBF
100854,855,Gold_Credit_Card,26.67,5.0,CBF
100854,855,Titanium_Credit_Card,21.66,5.0,CBF
100854,855,Travel_Rewards_Card,12.68,5.0,CBF
100854,855,World_Elite_Card,11.77,5.0,CBF
100854,855,Platinum_Credit_Card,9.26,5.0,CBF
100854,855,Cashback_Card,66.55,15.0,XGBoost
100854,855,Classic_Credit_Card,63.09,30.0,XGBoost
100854,855,Gold_Credit_Card,62.33,30.0,XGBoost
100855,856,Travel_Rewards_Card,39.63,5.0,CBF
100855,856,Titanium_Credit_Card,16.62,5.0,CBF
100855,856,Gold_Credit_Card,9.91,5.0,CBF
100855,856,Cashback_Card,9.26,5.0,CBF
100855,856,Classic_Credit_Card,8.18,5.0,CBF
100855,856,World_Elite_Card,6.87,5.0,CBF
100855,856,World_Elite_Card,85.27,35.0,XGBoost
100855,856,Platinum_Credit_Card,70.69,25.0,XGBoost
100855,856,Travel_Rewards_Card,66.58,60.0,XGBoost
100856,857,Platinum_Credit_Card,39.63,5.0,CBF
100856,857,World_Elite_Card,34.1,5.0,CBF
100856,857,Titanium_Credit_Card,18.39,5.0,CBF
100856,857,Cashback_Card,12.68,5.0,CBF
100856,857,Classic_Credit_Card,12.68,5.0,CBF
100856,857,Gold_Credit_Card,10.76,5.0,CBF
100856,857,Gold_Credit_Card,71.42,30.0,XGBoost
100856,857,Cashback_Card,70.57,15.0,XGBoost
100856,857,Classic_Credit_Card,66.04,30.0,XGBoost
100857,858,Cashback_Card,29.76,5.0,CBF
100857,858,Travel_Rewards_Card,12.68,5.0,CBF
100857,858,Titanium_Credit_Card,10.99,5.0,CBF
100857,858,World_Elite_Card,10.35,5.0,CBF
100857,858,Platinum_Credit_Card,8.18,5.0,CBF
100857,858,Gold_Credit_Card,7.69,5.0,CBF
100857,858,Gold_Credit_Card,71.42,30.0,XGBoost
100857,858,Cashback_Card,70.57,15.0,XGBoost
100857,858,Classic_Credit_Card,66.04,30.0,XGBoost
100858,859,Travel_Rewards_Card,39.63,5.0,CBF
100858,859,Titanium_Credit_Card,16.62,5.0,CBF
100858,859,Gold_Credit_Card,9.91,5.0,CBF
100858,859,Cashback_Card,9.26,5.0,CBF
100858,859,Classic_Credit_Card,8.18,5.0,CBF
100858,859,World_Elite_Card,6.87,5.0,CBF
100858,859,Classic_Credit_Card,73.82,30.0,XGBoost
100858,859,Cashback_Card,69.96,15.0,XGBoost
100858,859,Gold_Credit_Card,64.92,30.0,XGBoost
100859,860,Travel_Rewards_Card,86.63,60.0,XGBoost
100859,860,World_Elite_Card,84.48,35.0,XGBoost
100859,860,Platinum_Credit_Card,65.76,25.0,XGBoost
100860,861,Cashback_Card,29.76,5.0,CBF
100860,861,Travel_Rewards_Card,12.68,5.0,CBF
100860,861,Titanium_Credit_Card,10.99,5.0,CBF
100860,861,World_Elite_Card,10.35,5.0,CBF
100860,861,Platinum_Credit_Card,8.18,5.0,CBF
100860,861,Gold_Credit_Card,7.69,5.0,CBF
100860,861,Cashback_Card,79.08,15.0,XGBoost
100860,861,Gold_Credit_Card,65.13,30.0,XGBoost
100860,861,Classic_Credit_Card,64.16,30.0,XGBoost
100861,862,Platinum_Credit_Card,39.63,5.0,CBF
100861,862,World_Elite_Card,34.1,5.0,CBF
100861,862,Titanium_Credit_Card,18.39,5.0,CBF
100861,862,Cashback_Card,12.68,5.0,CBF
100861,862,Classic_Credit_Card,12.68,5.0,CBF
100861,862,Gold_Credit_Card,10.76,5.0,CBF
100861,862,Cashback_Card,66.55,15.0,XGBoost
100861,862,Classic_Credit_Card,63.09,30.0,XGBoost
100861,862,Gold_Credit_Card,62.33,30.0,XGBoost
100862,863,Cashback_Card,26.67,5.0,CBF
100862,863,Titanium_Credit_Card,11.62,5.0,CBF
100862,863,Travel_Rewards_Card,10.76,5.0,CBF
100862,863,World_Elite_Card,9.98,5.0,CBF
100862,863,Platinum_Credit_Card,9.91,5.0,CBF
100862,863,Classic_Credit_Card,7.69,5.0,CBF
100862,863,Cashback_Card,66.55,15.0,XGBoost
100862,863,Classic_Credit_Card,63.09,30.0,XGBoost
100862,863,Gold_Credit_Card,62.33,30.0,XGBoost
100863,864,Platinum_Credit_Card,39.63,5.0,CBF
100863,864,World_Elite_Card,34.1,5.0,CBF
100863,864,Titanium_Credit_Card,18.39,5.0,CBF
100863,864,Cashback_Card,12.68,5.0,CBF
100863,864,Classic_Credit_Card,12.68,5.0,CBF
100863,864,Gold_Credit_Card,10.76,5.0,CBF
100863,864,Gold_Credit_Card,71.42,30.0,XGBoost
100863,864,Cashback_Card,70.57,15.0,XGBoost
100863,864,Classic_Credit_Card,66.04,30.0,XGBoost
100864,865,Classic_Credit_Card,73.82,30.0,XGBoost
100864,865,Cashback_Card,69.96,15.0,XGBoost
100864,865,Gold_Credit_Card,64.92,30.0,XGBoost
100865,866,World_Elite_Card,85.27,35.0,XGBoost
100865,866,Platinum_Credit_Card,70.69,25.0,XGBoost
100865,866,Travel_Rewards_Card,66.58,60.0,XGBoost
100866,867,Classic_Credit_Card,29.76,5.0,CBF
100866,867,Gold_Credit_Card,26.67,5.0,CBF
100866,867,Titanium_Credit_Card,21.66,5.0,CBF
100866,867,Travel_Rewards_Card,12.68,5.0,CBF
100866,867,World_Elite_Card,11.77,5.0,CBF
100866,867,Platinum_Credit_Card,9.26,5.0,CBF
100866,867,Titanium_Credit_Card,88.03,40.0,XGBoost
100866,867,Platinum_Credit_Card,74.78,25.0,XGBoost
100867,868,World_Elite_Card,77.53,35.0,XGBoost
100867,868,Platinum_Credit_Card,73.58,25.0,XGBoost
100867,868,Travel_Rewards_Card,70.69,60.0,XGBoost
100868,869,Cashback_Card,21.66,5.0,CBF
100868,869,Travel_Rewards_Card,18.39,5.0,CBF
100868,869,Platinum_Credit_Card,16.62,5.0,CBF
100868,869,World_Elite_Card,16.54,5.0,CBF
100868,869,Gold_Credit_Card,11.62,5.0,CBF
100868,869,Classic_Credit_Card,10.99,5.0,CBF
100868,869,Cashback_Card,79.08,15.0,XGBoost
100868,869,Gold_Credit_Card,65.13,30.0,XGBoost
100868,869,Classic_Credit_Card,64.16,30.0,XGBoost
100869,870,Travel_Rewards_Card,39.63,5.0,CBF
100869,870,Titanium_Credit_Card,16.62,5.0,CBF
100869,870,Gold_Credit_Card,9.91,5.0,CBF
100869,870,Cashback_Card,9.26,5.0,CBF
100869,870,Classic_Credit_Card,8.18,5.0,CBF
100869,870,World_Elite_Card,6.87,5.0,CBF
100869,870,Titanium_Credit_Card,88.03,40.0,XGBoost
100869,870,Platinum_Credit_Card,74.78,25.0,XGBoost
100870,871,Travel_Rewards_Card,39.63,5.0,CBF
100870,871,Titanium_Credit_Card,16.62,5.0,CBF
100870,871,Gold_Credit_Card,9.91,5.0,CBF
100870,871,Cashback_Card,9.26,5.0,CBF
100870,871,Classic_Credit_Card,8.18,5.0,CBF
100870,871,World_Elite_Card,6.87,5.0,CBF
100870,871,Cashback_Card,77.59,15.0,XGBoost
100870,871,Gold_Credit_Card,67.53,30.0,XGBoost
100870,871,Classic_Credit_Card,60.48,30.0,XGBoost
100871,872,Cashback_Card,26.67,5.0,CBF
100871,872,Titanium_Credit_Card,11.62,5.0,CBF
100871,872,Travel_Rewards_Card,10.76,5.0,CBF
100871,872,World_Elite_Card,9.98,5.0,CBF
100871,872,Platinum_Credit_Card,9.91,5.0,CBF
100871,872,Classic_Credit_Card,7.69,5.0,CBF
100871,872,Travel_Rewards_Card,86.63,60.0,XGBoost
100871,872,World_Elite_Card,84.48,35.0,XGBoost
100871,872,Platinum_Credit_Card,65.76,25.0,XGBoost
100872,873,Platinum_Credit_Card,39.63,5.0,CBF
100872,873,World_Elite_Card,34.1,5.0,CBF
100872,873,Titanium_Credit_Card,18.39,5.0,CBF
100872,873,Cashback_Card,12.68,5.0,CBF
100872,873,Classic_Credit_Card,12.68,5.0,CBF
100872,873,Gold_Credit_Card,10.76,5.0,CBF
100872,873,Travel_Rewards_Card,86.63,60.0,XGBoost
100872,873,World_Elite_Card,84.48,35.0,XGBoost
100872,873,Platinum_Credit_Card,65.76,25.0,XGBoost
100873,874,Cashback_Card,29.76,5.0,CBF
100873,874,Travel_Rewards_Card,12.68,5.0,CBF
100873,874,Titanium_Credit_Card,10.99,5.0,CBF
100873,874,World_Elite_Card,10.35,5.0,CBF
100873,874,Platinum_Credit_Card,8.18,5.0,CBF
100873,874,Gold_Credit_Card,7.69,5.0,CBF
100873,874,World_Elite_Card,85.27,35.0,XGBoost
100873,874,Platinum_Credit_Card,70.69,25.0,XGBoost
100873,874,Travel_Rewards_Card,66.58,60.0,XGBoost
100874,875,Platinum_Credit_Card,39.63,5.0,CBF
100874,875,World_Elite_Card,34.1,5.0,CBF
100874,875,Titanium_Credit_Card,18.39,5.0,CBF
100874,875,Cashback_Card,12.68,5.0,CBF
100874,875,Classic_Credit_Card,12.68,5.0,CBF
100874,875,Gold_Credit_Card,10.76,5.0,CBF
100874,875,Cashback_Card,77.59,15.0,XGBoost
100874,875,Gold_Credit_Card,67.53,30.0,XGBoost
100874,875,Classic_Credit_Card,60.48,30.0,XGBoost
100875,876,Platinum_Credit_Card,39.63,5.0,CBF
100875,876,World_Elite_Card,34.1,5.0,CBF
100875,876,Titanium_Credit_Card,18.39,5.0,CBF
100875,876,Cashback_Card,12.68,5.0,CBF
100875,876,Classic_Credit_Card,12.68,5.0,CBF
100875,876,Gold_Credit_Card,10.76,5.0,CBF
100875,876,World_Elite_Card,77.53,35.0,XGBoost
100875,876,Platinum_Credit_Card,73.58,25.0,XGBoost
100875,876,Travel_Rewards_Card,70.69,60.0,XGBoost
100876,877,World_Elite_Card,85.27,35.0,XGBoost
100876,877,Platinum_Credit_Card,70.69,25.0,XGBoost
100876,877,Travel_Rewards_Card,66.58,60.0,XGBoost
100877,878,Cashback_Card,26.67,5.0,CBF
100877,878,Titanium_Credit_Card,11.62,5.0,CBF
100877,878,Travel_Rewards_Card,10.76,5.0,CBF
100877,878,World_Elite_Card,9.98,5.0,CBF
100877,878,Platinum_Credit_Card,9.91,5.0,CBF
100877,878,Classic_Credit_Card,7.69,5.0,CBF
100877,878,Cashback_Card,79.08,15.0,XGBoost
100877,878,Gold_Credit_Card,65.13,30.0,XGBoost
100877,878,Classic_Credit_Card,64.16,30.0,XGBoost
100878,879,Cashback_Card,29.76,5.0,CBF
100878,879,Travel_Rewards_Card,12.68,5.0,CBF
100878,879,Titanium_Credit_Card,10.99,5.0,CBF
100878,879,World_Elite_Card,10.35,5.0,CBF
100878,879,Platinum_Credit_Card,8.18,5.0,CBF
100878,879,Gold_Credit_Card,7.69,5.0,CBF
100878,879,Travel_Rewards_Card,86.63,60.0,XGBoost
100878,879,World_Elite_Card,84.48,35.0,XGBoost
100878,879,Platinum_Credit_Card,65.76,25.0,XGBoost
100879,880,Cashback_Card,29.76,5.0,CBF
100879,880,Travel_Rewards_Card,12.68,5.0,CBF
100879,880,Titanium_Credit_Card,10.99,5.0,CBF
100879,880,World_Elite_Card,10.35,5.0,CBF
100879,880,Platinum_Credit_Card,8.18,5.0,CBF
100879,880,Gold_Credit_Card,7.69,5.0,CBF
100879,880,World_Elite_Card,85.27,35.0,XGBoost
100879,880,Platinum_Credit_Card,70.69,25.0,XGBoost
100879,880,Travel_Rewards_Card,66.58,60.0,XGBoost
100880,881,Platinum_Credit_Card,39.63,5.0,CBF
100880,881,World_Elite_Card,34.1,5.0,CBF
100880,881,Titanium_Credit_Card,18.39,5.0,CBF
100880,881,Cashback_Card,12.68,5.0,CBF
100880,881,Classic_Credit_Card,12.68,5.0,CBF
100880,881,Gold_Credit_Card,10.76,5.0,CBF
100880,881,Titanium_Credit_Card,88.03,40.0,XGBoost
100880,881,Platinum_Credit_Card,74.78,25.0,XGBoost
100881,882,Platinum_Credit_Card,39.63,5.0,CBF
100881,882,World_Elite_Card,34.1,5.0,CBF
100881,882,Titanium_Credit_Card,18.39,5.0,CBF
100881,882,Cashback_Card,12.68,5.0,CBF
100881,882,Classic_Credit_Card,12.68,5.0,CBF
100881,882,Gold_Credit_Card,10.76,5.0,CBF
100881,882,Cashback_Card,77.59,15.0,XGBoost
100881,882,Gold_Credit_Card,67.53,30.0,XGBoost
100881,882,Classic_Credit_Card,60.48,30.0,XGBoost
100882,883,Travel_Rewards_Card,39.63,5.0,CBF
100882,883,Titanium_Credit_Card,16.62,5.0,CBF
100882,883,Gold_Credit_Card,9.91,5.0,CBF
100882,883,Cashback_Card,9.26,5.0,CBF
100882,883,Classic_Credit_Card,8.18,5.0,CBF
100882,883,World_Elite_Card,6.87,5.0,CBF
100882,883,Cashback_Card,66.55,15.0,XGBoost
100882,883,Classic_Credit_Card,63.09,30.0,XGBoost
100882,883,Gold_Credit_Card,62.33,30.0,XGBoost
100883,884,Platinum_Credit_Card,39.63,5.0,CBF
100883,884,World_Elite_Card,34.1,5.0,CBF
100883,884,Titanium_Credit_Card,18.39,5.0,CBF
100883,884,Cashback_Card,12.68,5.0,CBF
100883,884,Classic_Credit_Card,12.68,5.0,CBF
100883,884,Gold_Credit_Card,10.76,5.0,CBF
100883,884,Cashback_Card,77.59,15.0,XGBoost
100883,884,Gold_Credit_Card,67.53,30.0,XGBoost
100883,884,Classic_Credit_Card,60.48,30.0,XGBoost
100884,885,Cashback_Card,26.67,5.0,CBF
100884,885,Titanium_Credit_Card,11.62,5.0,CBF
100884,885,Travel_Rewards_Card,10.76,5.0,CBF
100884,885,World_Elite_Card,9.98,5.0,CBF
100884,885,Platinum_Credit_Card,9.91,5.0,CBF
100884,885,Classic_Credit_Card,7.69,5.0,CBF
100884,885,World_Elite_Card,77.53,35.0,XGBoost
100884,885,Platinum_Credit_Card,73.58,25.0,XGBoost
100884,885,Travel_Rewards_Card,70.69,60.0,XGBoost
100885,886,Classic_Credit_Card,29.76,5.0,CBF
100885,886,Gold_Credit_Card,26.67,5.0,CBF
100885,886,Titanium_Credit_Card,21.66,5.0,CBF
100885,886,Travel_Rewards_Card,12.68,5.0,CBF
100885,886,World_Elite_Card,11.77,5.0,CBF
100885,886,Platinum_Credit_Card,9.26,5.0,CBF
100885,886,Titanium_Credit_Card,88.03,40.0,XGBoost
100885,886,Platinum_Credit_Card,74.78,25.0,XGBoost
100886,887,Cashback_Card,79.08,15.0,XGBoost
100886,887,Gold_Credit_Card,65.13,30.0,XGBoost
100886,887,Classic_Credit_Card,64.16,30.0,XGBoost
100887,888,Classic_Credit_Card,29.76,5.0,CBF
100887,888,Gold_Credit_Card,26.67,5.0,CBF
100887,888,Titanium_Credit_Card,21.66,5.0,CBF
100887,888,Travel_Rewards_Card,12.68,5.0,CBF
100887,888,World_Elite_Card,11.77,5.0,CBF
100887,888,Platinum_Credit_Card,9.26,5.0,CBF
100887,888,Travel_Rewards_Card,86.63,60.0,XGBoost
100887,888,World_Elite_Card,84.48,35.0,XGBoost
100887,888,Platinum_Credit_Card,65.76,25.0,XGBoost
100888,889,Cashback_Card,29.76,5.0,CBF
100888,889,Travel_Rewards_Card,12.68,5.0,CBF
100888,889,Titanium_Credit_Card,10.99,5.0,CBF
100888,889,World_Elite_Card,10.35,5.0,CBF
100888,889,Platinum_Credit_Card,8.18,5.0,CBF
100888,889,Gold_Credit_Card,7.69,5.0,CBF
100888,889,World_Elite_Card,77.53,35.0,XGBoost
100888,889,Platinum_Credit_Card,73.58,25.0,XGBoost
100888,889,Travel_Rewards_Card,70.69,60.0,XGBoost
100889,890,Classic_Credit_Card,29.76,5.0,CBF
100889,890,Gold_Credit_Card,26.67,5.0,CBF
100889,890,Titanium_Credit_Card,21.66,5.0,CBF
100889,890,Travel_Rewards_Card,12.68,5.0,CBF
100889,890,World_Elite_Card,11.77,5.0,CBF
100889,890,Platinum_Credit_Card,9.26,5.0,CBF
100889,890,Cashback_Card,79.08,15.0,XGBoost
100889,890,Gold_Credit_Card,65.13,30.0,XGBoost
100889,890,Classic_Credit_Card,64.16,30.0,XGBoost
100890,891,Cashback_Card,26.67,5.0,CBF
100890,891,Titanium_Credit_Card,11.62,5.0,CBF
100890,891,Travel_Rewards_Card,10.76,5.0,CBF
100890,891,World_Elite_Card,9.98,5.0,CBF
100890,891,Platinum_Credit_Card,9.91,5.0,CBF
100890,891,Classic_Credit_Card,7.69,5.0,CBF
100890,891,Titanium_Credit_Card,88.03,40.0,XGBoost
100890,891,Platinum_Credit_Card,74.78,25.0,XGBoost
100891,892,Travel_Rewards_Card,39.63,5.0,CBF
100891,892,Titanium_Credit_Card,16.62,5.0,CBF
100891,892,Gold_Credit_Card,9.91,5.0,CBF
100891,892,Cashback_Card,9.26,5.0,CBF
100891,892,Classic_Credit_Card,8.18,5.0,CBF
100891,892,World_Elite_Card,6.87,5.0,CBF
100891,892,World_Elite_Card,77.53,35.0,XGBoost
100891,892,Platinum_Credit_Card,73.58,25.0,XGBoost
100891,892,Travel_Rewards_Card,70.69,60.0,XGBoost
100892,893,Titanium_Credit_Card,83.97,40.0,XGBoost
100892,893,Platinum_Credit_Card,82.01,25.0,XGBoost
100893,894,Travel_Rewards_Card,39.63,5.0,CBF
100893,894,Titanium_Credit_Card,16.62,5.0,CBF
100893,894,Gold_Credit_Card,9.91,5.0,CBF
100893,894,Cashback_Card,9.26,5.0,CBF
100893,894,Classic_Credit_Card,8.18,5.0,CBF
100893,894,World_Elite_Card,6.87,5.0,CBF
100893,894,Cashback_Card,79.08,15.0,XGBoost
100893,894,Gold_Credit_Card,65.13,30.0,XGBoost
100893,894,Classic_Credit_Card,64.16,30.0,XGBoost
100894,895,Cashback_Card,29.76,5.0,CBF
100894,895,Travel_Rewards_Card,12.68,5.0,CBF
100894,895,Titanium_Credit_Card,10.99,5.0,CBF
100894,895,World_Elite_Card,10.35,5.0,CBF
100894,895,Platinum_Credit_Card,8.18,5.0,CBF
100894,895,Gold_Credit_Card,7.69,5.0,CBF
100894,895,Gold_Credit_Card,71.42,30.0,XGBoost
100894,895,Cashback_Card,70.57,15.0,XGBoost
100894,895,Classic_Credit_Card,66.04,30.0,XGBoost
100895,896,Platinum_Credit_Card,39.63,5.0,CBF
100895,896,World_Elite_Card,34.1,5.0,CBF
100895,896,Titanium_Credit_Card,18.39,5.0,CBF
100895,896,Cashback_Card,12.68,5.0,CBF
100895,896,Classic_Credit_Card,12.68,5.0,CBF
100895,896,Gold_Credit_Card,10.76,5.0,CBF
100895,896,Gold_Credit_Card,71.42,30.0,XGBoost
100895,896,Cashback_Card,70.57,15.0,XGBoost
100895,896,Classic_Credit_Card,66.04,30.0,XGBoost
100896,897,Travel_Rewards_Card,39.63,5.0,CBF
100896,897,Titanium_Credit_Card,16.62,5.0,CBF
100896,897,Gold_Credit_Card,9.91,5.0,CBF
100896,897,Cashback_Card,9.26,5.0,CBF
100896,897,Classic_Credit_Card,8.18,5.0,CBF
100896,897,World_Elite_Card,6.87,5.0,CBF
100896,897,Travel_Rewards_Card,86.63,60.0,XGBoost
100896,897,World_Elite_Card,84.48,35.0,XGBoost
100896,897,Platinum_Credit_Card,65.76,25.0,XGBoost
100897,898,Cashback_Card,29.76,5.0,CBF
100897,898,Travel_Rewards_Card,12.68,5.0,CBF
100897,898,Titanium_Credit_Card,10.99,5.0,CBF
100897,898,World_Elite_Card,10.35,5.0,CBF
100897,898,Platinum_Credit_Card,8.18,5.0,CBF
100897,898,Gold_Credit_Card,7.69,5.0,CBF
100897,898,Classic_Credit_Card,73.82,30.0,XGBoost
100897,898,Cashback_Card,69.96,15.0,XGBoost
100897,898,Gold_Credit_Card,64.92,30.0,XGBoost
100898,899,Platinum_Credit_Card,39.63,5.0,CBF
100898,899,World_Elite_Card,34.1,5.0,CBF
100898,899,Titanium_Credit_Card,18.39,5.0,CBF
100898,899,Cashback_Card,12.68,5.0,CBF
100898,899,Classic_Credit_Card,12.68,5.0,CBF
100898,899,Gold_Credit_Card,10.76,5.0,CBF
100898,899,Gold_Credit_Card,71.42,30.0,XGBoost
100898,899,Cashback_Card,70.57,15.0,XGBoost
100898,899,Classic_Credit_Card,66.04,30.0,XGBoost
100899,900,Travel_Rewards_Card,34.1,5.0,CBF
100899,900,Titanium_Credit_Card,16.54,5.0,CBF
100899,900,Cashback_Card,11.77,5.0,CBF
100899,900,Classic_Credit_Card,10.35,5.0,CBF
100899,900,Gold_Credit_Card,9.98,5.0,CBF
100899,900,Platinum_Credit_Card,6.87,5.0,CBF
100899,900,Cashback_Card,77.59,15.0,XGBoost
100899,900,Gold_Credit_Card,67.53,30.0,XGBoost
100899,900,Classic_Credit_Card,60.48,30.0,XGBoost
100900,901,Platinum_Credit_Card,39.63,5.0,CBF
100900,901,World_Elite_Card,34.1,5.0,CBF
100900,901,Titanium_Credit_Card,18.39,5.0,CBF
100900,901,Cashback_Card,12.68,5.0,CBF
100900,901,Classic_Credit_Card,12.68,5.0,CBF
100900,901,Gold_Credit_Card,10.76,5.0,CBF
100900,901,World_Elite_Card,77.53,35.0,XGBoost
100900,901,Platinum_Credit_Card,73.58,25.0,XGBoost
100900,901,Travel_Rewards_Card,70.69,60.0,XGBoost
100901,902,Platinum_Credit_Card,39.63,5.0,CBF
100901,902,World_Elite_Card,34.1,5.0,CBF
100901,902,Titanium_Credit_Card,18.39,5.0,CBF
100901,902,Cashback_Card,12.68,5.0,CBF
100901,902,Classic_Credit_Card,12.68,5.0,CBF
100901,902,Gold_Credit_Card,10.76,5.0,CBF
100901,902,Titanium_Credit_Card,83.97,40.0,XGBoost
100901,902,Platinum_Credit_Card,82.01,25.0,XGBoost
100902,903,Platinum_Credit_Card,39.63,5.0,CBF
100902,903,World_Elite_Card,34.1,5.0,CBF
100902,903,Titanium_Credit_Card,18.39,5.0,CBF
100902,903,Cashback_Card,12.68,5.0,CBF
100902,903,Classic_Credit_Card,12.68,5.0,CBF
100902,903,Gold_Credit_Card,10.76,5.0,CBF
100902,903,Travel_Rewards_Card,86.63,60.0,XGBoost
100902,903,World_Elite_Card,84.48,35.0,XGBoost
100902,903,Platinum_Credit_Card,65.76,25.0,XGBoost
100903,904,Platinum_Credit_Card,39.63,5.0,CBF
100903,904,World_Elite_Card,34.1,5.0,CBF
100903,904,Titanium_Credit_Card,18.39,5.0,CBF
100903,904,Cashback_Card,12.68,5.0,CBF
100903,904,Classic_Credit_Card,12.68,5.0,CBF
100903,904,Gold_Credit_Card,10.76,5.0,CBF
100903,904,World_Elite_Card,85.27,35.0,XGBoost
100903,904,Platinum_Credit_Card,70.69,25.0,XGBoost
100903,904,Travel_Rewards_Card,66.58,60.0,XGBoost
100904,905,Travel_Rewards_Card,34.1,5.0,CBF
100904,905,Titanium_Credit_Card,16.54,5.0,CBF
100904,905,Cashback_Card,11.77,5.0,CBF
100904,905,Classic_Credit_Card,10.35,5.0,CBF
100904,905,Gold_Credit_Card,9.98,5.0,CBF
100904,905,Platinum_Credit_Card,6.87,5.0,CBF
100904,905,Cashback_Card,66.55,15.0,XGBoost
100904,905,Classic_Credit_Card,63.09,30.0,XGBoost
100904,905,Gold_Credit_Card,62.33,30.0,XGBoost
100905,906,Classic_Credit_Card,29.76,5.0,CBF
100905,906,Gold_Credit_Card,26.67,5.0,CBF
100905,906,Titanium_Credit_Card,21.66,5.0,CBF
100905,906,Travel_Rewards_Card,12.68,5.0,CBF
100905,906,World_Elite_Card,11.77,5.0,CBF
100905,906,Platinum_Credit_Card,9.26,5.0,CBF
100905,906,Gold_Credit_Card,71.42,30.0,XGBoost
100905,906,Cashback_Card,70.57,15.0,XGBoost
100905,906,Classic_Credit_Card,66.04,30.0,XGBoost
100906,907,Cashback_Card,29.76,5.0,CBF
100906,907,Travel_Rewards_Card,12.68,5.0,CBF
100906,907,Titanium_Credit_Card,10.99,5.0,CBF
100906,907,World_Elite_Card,10.35,5.0,CBF
100906,907,Platinum_Credit_Card,8.18,5.0,CBF
100906,907,Gold_Credit_Card,7.69,5.0,CBF
100906,907,Titanium_Credit_Card,83.97,40.0,XGBoost
100906,907,Platinum_Credit_Card,82.01,25.0,XGBoost
100907,908,Travel_Rewards_Card,39.63,5.0,CBF
100907,908,Titanium_Credit_Card,16.62,5.0,CBF
100907,908,Gold_Credit_Card,9.91,5.0,CBF
100907,908,Cashback_Card,9.26,5.0,CBF
100907,908,Classic_Credit_Card,8.18,5.0,CBF
100907,908,World_Elite_Card,6.87,5.0,CBF
100907,908,Cashback_Card,79.08,15.0,XGBoost
100907,908,Gold_Credit_Card,65.13,30.0,XGBoost
100907,908,Classic_Credit_Card,64.16,30.0,XGBoost
100908,909,Platinum_Credit_Card,39.63,5.0,CBF
100908,909,World_Elite_Card,34.1,5.0,CBF
100908,909,Titanium_Credit_Card,18.39,5.0,CBF
100908,909,Cashback_Card,12.68,5.0,CBF
100908,909,Classic_Credit_Card,12.68,5.0,CBF
100908,909,Gold_Credit_Card,10.76,5.0,CBF
100908,909,Cashback_Card,77.59,15.0,XGBoost
100908,909,Gold_Credit_Card,67.53,30.0,XGBoost
100908,909,Classic_Credit_Card,60.48,30.0,XGBoost
100909,910,Gold_Credit_Card,71.42,30.0,XGBoost
100909,910,Cashback_Card,70.57,15.0,XGBoost
100909,910,Classic_Credit_Card,66.04,30.0,XGBoost
100910,911,Travel_Rewards_Card,34.1,5.0,CBF
100910,911,Titanium_Credit_Card,16.54,5.0,CBF
100910,911,Cashback_Card,11.77,5.0,CBF
100910,911,Classic_Credit_Card,10.35,5.0,CBF
100910,911,Gold_Credit_Card,9.98,5.0,CBF
100910,911,Platinum_Credit_Card,6.87,5.0,CBF
100910,911,Cashback_Card,77.59,15.0,XGBoost
100910,911,Gold_Credit_Card,67.53,30.0,XGBoost
100910,911,Classic_Credit_Card,60.48,30.0,XGBoost
100911,912,Travel_Rewards_Card,34.1,5.0,CBF
100911,912,Titanium_Credit_Card,16.54,5.0,CBF
100911,912,Cashback_Card,11.77,5.0,CBF
100911,912,Classic_Credit_Card,10.35,5.0,CBF
100911,912,Gold_Credit_Card,9.98,5.0,CBF
100911,912,Platinum_Credit_Card,6.87,5.0,CBF
100911,912,Gold_Credit_Card,71.42,30.0,XGBoost
100911,912,Cashback_Card,70.57,15.0,XGBoost
100911,912,Classic_Credit_Card,66.04,30.0,XGBoost
100912,913,Platinum_Credit_Card,39.63,5.0,CBF
100912,913,World_Elite_Card,34.1,5.0,CBF
100912,913,Titanium_Credit_Card,18.39,5.0,CBF
100912,913,Cashback_Card,12.68,5.0,CBF
100912,913,Classic_Credit_Card,12.68,5.0,CBF
100912,913,Gold_Credit_Card,10.76,5.0,CBF
100912,913,Cashback_Card,77.59,15.0,XGBoost
100912,913,Gold_Credit_Card,67.53,30.0,XGBoost
100912,913,Classic_Credit_Card,60.48,30.0,XGBoost
100913,914,Travel_Rewards_Card,34.1,5.0,CBF
100913,914,Titanium_Credit_Card,16.54,5.0,CBF
100913,914,Cashback_Card,11.77,5.0,CBF
100913,914,Classic_Credit_Card,10.35,5.0,CBF
100913,914,Gold_Credit_Card,9.98,5.0,CBF
100913,914,Platinum_Credit_Card,6.87,5.0,CBF
100913,914,Gold_Credit_Card,71.42,30.0,XGBoost
100913,914,Cashback_Card,70.57,15.0,XGBoost
100913,914,Classic_Credit_Card,66.04,30.0,XGBoost
100914,915,Travel_Rewards_Card,39.63,5.0,CBF
100914,915,Titanium_Credit_Card,16.62,5.0,CBF
100914,915,Gold_Credit_Card,9.91,5.0,CBF
100914,915,Cashback_Card,9.26,5.0,CBF
100914,915,Classic_Credit_Card,8.18,5.0,CBF
100914,915,World_Elite_Card,6.87,5.0,CBF
100914,915,Cashback_Card,77.59,15.0,XGBoost
100914,915,Gold_Credit_Card,67.53,30.0,XGBoost
100914,915,Classic_Credit_Card,60.48,30.0,XGBoost
100915,916,Classic_Credit_Card,29.76,5.0,CBF
100915,916,Gold_Credit_Card,26.67,5.0,CBF
100915,916,Titanium_Credit_Card,21.66,5.0,CBF
100915,916,Travel_Rewards_Card,12.68,5.0,CBF
100915,916,World_Elite_Card,11.77,5.0,CBF
100915,916,Platinum_Credit_Card,9.26,5.0,CBF
100915,916,Cashback_Card,66.55,15.0,XGBoost
100915,916,Classic_Credit_Card,63.09,30.0,XGBoost
100915,916,Gold_Credit_Card,62.33,30.0,XGBoost
100916,917,Cashback_Card,26.67,5.0,CBF
100916,917,Titanium_Credit_Card,11.62,5.0,CBF
100916,917,Travel_Rewards_Card,10.76,5.0,CBF
100916,917,World_Elite_Card,9.98,5.0,CBF
100916,917,Platinum_Credit_Card,9.91,5.0,CBF
100916,917,Classic_Credit_Card,7.69,5.0,CBF
100916,917,Cashback_Card,66.55,15.0,XGBoost
100916,917,Classic_Credit_Card,63.09,30.0,XGBoost
100916,917,Gold_Credit_Card,62.33,30.0,XGBoost
100917,918,Travel_Rewards_Card,39.63,5.0,CBF
100917,918,Titanium_Credit_Card,16.62,5.0,CBF
100917,918,Gold_Credit_Card,9.91,5.0,CBF
100917,918,Cashback_Card,9.26,5.0,CBF
100917,918,Classic_Credit_Card,8.18,5.0,CBF
100917,918,World_Elite_Card,6.87,5.0,CBF
100917,918,Classic_Credit_Card,73.82,30.0,XGBoost
100917,918,Cashback_Card,69.96,15.0,XGBoost
100917,918,Gold_Credit_Card,64.92,30.0,XGBoost
100918,919,Platinum_Credit_Card,39.63,5.0,CBF
100918,919,World_Elite_Card,34.1,5.0,CBF
100918,919,Titanium_Credit_Card,18.39,5.0,CBF
100918,919,Cashback_Card,12.68,5.0,CBF
100918,919,Classic_Credit_Card,12.68,5.0,CBF
100918,919,Gold_Credit_Card,10.76,5.0,CBF
100918,919,World_Elite_Card,85.27,35.0,XGBoost
100918,919,Platinum_Credit_Card,70.69,25.0,XGBoost
100918,919,Travel_Rewards_Card,66.58,60.0,XGBoost
100919,920,Classic_Credit_Card,29.76,5.0,CBF
100919,920,Gold_Credit_Card,26.67,5.0,CBF
100919,920,Titanium_Credit_Card,21.66,5.0,CBF
100919,920,Travel_Rewards_Card,12.68,5.0,CBF
100919,920,World_Elite_Card,11.77,5.0,CBF
100919,920,Platinum_Credit_Card,9.26,5.0,CBF
100919,920,Titanium_Credit_Card,88.03,40.0,XGBoost
100919,920,Platinum_Credit_Card,74.78,25.0,XGBoost
100920,921,Classic_Credit_Card,29.76,5.0,CBF
100920,921,Gold_Credit_Card,26.67,5.0,CBF
100920,921,Titanium_Credit_Card,21.66,5.0,CBF
100920,921,Travel_Rewards_Card,12.68,5.0,CBF
100920,921,World_Elite_Card,11.77,5.0,CBF
100920,921,Platinum_Credit_Card,9.26,5.0,CBF
100920,921,World_Elite_Card,77.53,35.0,XGBoost
100920,921,Platinum_Credit_Card,73.58,25.0,XGBoost
100920,921,Travel_Rewards_Card,70.69,60.0,XGBoost
100921,922,Classic_Credit_Card,29.76,5.0,CBF
100921,922,Gold_Credit_Card,26.67,5.0,CBF
100921,922,Titanium_Credit_Card,21.66,5.0,CBF
100921,922,Travel_Rewards_Card,12.68,5.0,CBF
100921,922,World_Elite_Card,11.77,5.0,CBF
100921,922,Platinum_Credit_Card,9.26,5.0,CBF
100921,922,Cashback_Card,66.55,15.0,XGBoost
100921,922,Classic_Credit_Card,63.09,30.0,XGBoost
100921,922,Gold_Credit_Card,62.33,30.0,XGBoost
100922,923,Cashback_Card,21.66,5.0,CBF
100922,923,Travel_Rewards_Card,18.39,5.0,CBF
100922,923,Platinum_Credit_Card,16.62,5.0,CBF
100922,923,World_Elite_Card,16.54,5.0,CBF
100922,923,Gold_Credit_Card,11.62,5.0,CBF
100922,923,Classic_Credit_Card,10.99,5.0,CBF
100922,923,Titanium_Credit_Card,88.03,40.0,XGBoost
100922,923,Platinum_Credit_Card,74.78,25.0,XGBoost
100923,924,Platinum_Credit_Card,39.63,5.0,CBF
100923,924,World_Elite_Card,34.1,5.0,CBF
100923,924,Titanium_Credit_Card,18.39,5.0,CBF
100923,924,Cashback_Card,12.68,5.0,CBF
100923,924,Classic_Credit_Card,12.68,5.0,CBF
100923,924,Gold_Credit_Card,10.76,5.0,CBF
100923,924,Cashback_Card,79.08,15.0,XGBoost
100923,924,Gold_Credit_Card,65.13,30.0,XGBoost
100923,924,Classic_Credit_Card,64.16,30.0,XGBoost
100924,925,Cashback_Card,26.67,5.0,CBF
100924,925,Titanium_Credit_Card,11.62,5.0,CBF
100924,925,Travel_Rewards_Card,10.76,5.0,CBF
100924,925,World_Elite_Card,9.98,5.0,CBF
100924,925,Platinum_Credit_Card,9.91,5.0,CBF
100924,925,Classic_Credit_Card,7.69,5.0,CBF
100924,925,Cashback_Card,79.08,15.0,XGBoost
100924,925,Gold_Credit_Card,65.13,30.0,XGBoost
100924,925,Classic_Credit_Card,64.16,30.0,XGBoost
100925,926,Cashback_Card,77.59,15.0,XGBoost
100925,926,Gold_Credit_Card,67.53,30.0,XGBoost
100925,926,Classic_Credit_Card,60.48,30.0,XGBoost
100926,927,Cashback_Card,79.08,15.0,XGBoost
100926,927,Gold_Credit_Card,65.13,30.0,XGBoost
100926,927,Classic_Credit_Card,64.16,30.0,XGBoost
100927,928,Cashback_Card,29.76,5.0,CBF
100927,928,Travel_Rewards_Card,12.68,5.0,CBF
100927,928,Titanium_Credit_Card,10.99,5.0,CBF
100927,928,World_Elite_Card,10.35,5.0,CBF
100927,928,Platinum_Credit_Card,8.18,5.0,CBF
100927,928,Gold_Credit_Card,7.69,5.0,CBF
100927,928,World_Elite_Card,85.27,35.0,XGBoost
100927,928,Platinum_Credit_Card,70.69,25.0,XGBoost
100927,928,Travel_Rewards_Card,66.58,60.0,XGBoost
100928,929,Cashback_Card,29.76,5.0,CBF
100928,929,Travel_Rewards_Card,12.68,5.0,CBF
100928,929,Titanium_Credit_Card,10.99,5.0,CBF
100928,929,World_Elite_Card,10.35,5.0,CBF
100928,929,Platinum_Credit_Card,8.18,5.0,CBF
100928,929,Gold_Credit_Card,7.69,5.0,CBF
100928,929,Cashback_Card,66.55,15.0,XGBoost
100928,929,Classic_Credit_Card,63.09,30.0,XGBoost
100928,929,Gold_Credit_Card,62.33,30.0,XGBoost
100929,930,Cashback_Card,29.76,5.0,CBF
100929,930,Travel_Rewards_Card,12.68,5.0,CBF
100929,930,Titanium_Credit_Card,10.99,5.0,CBF
100929,930,World_Elite_Card,10.35,5.0,CBF
100929,930,Platinum_Credit_Card,8.18,5.0,CBF
100929,930,Gold_Credit_Card,7.69,5.0,CBF
100929,930,Titanium_Credit_Card,88.03,40.0,XGBoost
100929,930,Platinum_Credit_Card,74.78,25.0,XGBoost
100930,931,Travel_Rewards_Card,34.1,5.0,CBF
100930,931,Titanium_Credit_Card,16.54,5.0,CBF
100930,931,Cashback_Card,11.77,5.0,CBF
100930,931,Classic_Credit_Card,10.35,5.0,CBF
100930,931,Gold_Credit_Card,9.98,5.0,CBF
100930,931,Platinum_Credit_Card,6.87,5.0,CBF
100930,931,Titanium_Credit_Card,83.97,40.0,XGBoost
100930,931,Platinum_Credit_Card,82.01,25.0,XGBoost
100931,932,Cashback_Card,21.66,5.0,CBF
100931,932,Travel_Rewards_Card,18.39,5.0,CBF
100931,932,Platinum_Credit_Card,16.62,5.0,CBF
100931,932,World_Elite_Card,16.54,5.0,CBF
100931,932,Gold_Credit_Card,11.62,5.0,CBF
100931,932,Classic_Credit_Card,10.99,5.0,CBF
100931,932,Cashback_Card,79.08,15.0,XGBoost
100931,932,Gold_Credit_Card,65.13,30.0,XGBoost
100931,932,Classic_Credit_Card,64.16,30.0,XGBoost
100932,933,Classic_Credit_Card,29.76,5.0,CBF
100932,933,Gold_Credit_Card,26.67,5.0,CBF
100932,933,Titanium_Credit_Card,21.66,5.0,CBF
100932,933,Travel_Rewards_Card,12.68,5.0,CBF
100932,933,World_Elite_Card,11.77,5.0,CBF
100932,933,Platinum_Credit_Card,9.26,5.0,CBF
100932,933,Cashback_Card,79.08,15.0,XGBoost
100932,933,Gold_Credit_Card,65.13,30.0,XGBoost
100932,933,Classic_Credit_Card,64.16,30.0,XGBoost
100933,934,Platinum_Credit_Card,39.63,5.0,CBF
100933,934,World_Elite_Card,34.1,5.0,CBF
100933,934,Titanium_Credit_Card,18.39,5.0,CBF
100933,934,Cashback_Card,12.68,5.0,CBF
100933,934,Classic_Credit_Card,12.68,5.0,CBF
100933,934,Gold_Credit_Card,10.76,5.0,CBF
100933,934,World_Elite_Card,85.27,35.0,XGBoost
100933,934,Platinum_Credit_Card,70.69,25.0,XGBoost
100933,934,Travel_Rewards_Card,66.58,60.0,XGBoost
100934,935,Classic_Credit_Card,73.82,30.0,XGBoost
100934,935,Cashback_Card,69.96,15.0,XGBoost
100934,935,Gold_Credit_Card,64.92,30.0,XGBoost
100935,936,Cashback_Card,21.66,5.0,CBF
100935,936,Travel_Rewards_Card,18.39,5.0,CBF
100935,936,Platinum_Credit_Card,16.62,5.0,CBF
100935,936,World_Elite_Card,16.54,5.0,CBF
100935,936,Gold_Credit_Card,11.62,5.0,CBF
100935,936,Classic_Credit_Card,10.99,5.0,CBF
100935,936,World_Elite_Card,77.53,35.0,XGBoost
100935,936,Platinum_Credit_Card,73.58,25.0,XGBoost
100935,936,Travel_Rewards_Card,70.69,60.0,XGBoost
100936,937,Cashback_Card,26.67,5.0,CBF
100936,937,Titanium_Credit_Card,11.62,5.0,CBF
100936,937,Travel_Rewards_Card,10.76,5.0,CBF
100936,937,World_Elite_Card,9.98,5.0,CBF
100936,937,Platinum_Credit_Card,9.91,5.0,CBF
100936,937,Classic_Credit_Card,7.69,5.0,CBF
100936,937,Cashback_Card,79.08,15.0,XGBoost
100936,937,Gold_Credit_Card,65.13,30.0,XGBoost
100936,937,Classic_Credit_Card,64.16,30.0,XGBoost
100937,938,Cashback_Card,26.67,5.0,CBF
100937,938,Titanium_Credit_Card,11.62,5.0,CBF
100937,938,Travel_Rewards_Card,10.76,5.0,CBF
100937,938,World_Elite_Card,9.98,5.0,CBF
100937,938,Platinum_Credit_Card,9.91,5.0,CBF
100937,938,Classic_Credit_Card,7.69,5.0,CBF
100937,938,Cashback_Card,79.08,15.0,XGBoost
100937,938,Gold_Credit_Card,65.13,30.0,XGBoost
100937,938,Classic_Credit_Card,64.16,30.0,XGBoost
100938,939,Classic_Credit_Card,29.76,5.0,CBF
100938,939,Gold_Credit_Card,26.67,5.0,CBF
100938,939,Titanium_Credit_Card,21.66,5.0,CBF
100938,939,Travel_Rewards_Card,12.68,5.0,CBF
100938,939,World_Elite_Card,11.77,5.0,CBF
100938,939,Platinum_Credit_Card,9.26,5.0,CBF
100938,939,Classic_Credit_Card,73.82,30.0,XGBoost
100938,939,Cashback_Card,69.96,15.0,XGBoost
100938,939,Gold_Credit_Card,64.92,30.0,XGBoost
100939,940,World_Elite_Card,77.53,35.0,XGBoost
100939,940,Platinum_Credit_Card,73.58,25.0,XGBoost
100939,940,Travel_Rewards_Card,70.69,60.0,XGBoost
100940,941,Cashback_Card,21.66,5.0,CBF
100940,941,Travel_Rewards_Card,18.39,5.0,CBF
100940,941,Platinum_Credit_Card,16.62,5.0,CBF
100940,941,World_Elite_Card,16.54,5.0,CBF
100940,941,Gold_Credit_Card,11.62,5.0,CBF
100940,941,Classic_Credit_Card,10.99,5.0,CBF
100940,941,Classic_Credit_Card,73.82,30.0,XGBoost
100940,941,Cashback_Card,69.96,15.0,XGBoost
100940,941,Gold_Credit_Card,64.92,30.0,XGBoost
100941,942,Travel_Rewards_Card,34.1,5.0,CBF
100941,942,Titanium_Credit_Card,16.54,5.0,CBF
100941,942,Cashback_Card,11.77,5.0,CBF
100941,942,Classic_Credit_Card,10.35,5.0,CBF
100941,942,Gold_Credit_Card,9.98,5.0,CBF
100941,942,Platinum_Credit_Card,6.87,5.0,CBF
100941,942,Cashback_Card,66.55,15.0,XGBoost
100941,942,Classic_Credit_Card,63.09,30.0,XGBoost
100941,942,Gold_Credit_Card,62.33,30.0,XGBoost
100942,943,Travel_Rewards_Card,39.63,5.0,CBF
100942,943,Titanium_Credit_Card,16.62,5.0,CBF
100942,943,Gold_Credit_Card,9.91,5.0,CBF
100942,943,Cashback_Card,9.26,5.0,CBF
100942,943,Classic_Credit_Card,8.18,5.0,CBF
100942,943,World_Elite_Card,6.87,5.0,CBF
100942,943,Cashback_Card,79.08,15.0,XGBoost
100942,943,Gold_Credit_Card,65.13,30.0,XGBoost
100942,943,Classic_Credit_Card,64.16,30.0,XGBoost
100943,944,Cashback_Card,29.76,5.0,CBF
100943,944,Travel_Rewards_Card,12.68,5.0,CBF
100943,944,Titanium_Credit_Card,10.99,5.0,CBF
100943,944,World_Elite_Card,10.35,5.0,CBF
100943,944,Platinum_Credit_Card,8.18,5.0,CBF
100943,944,Gold_Credit_Card,7.69,5.0,CBF
100943,944,Gold_Credit_Card,71.42,30.0,XGBoost
100943,944,Cashback_Card,70.57,15.0,XGBoost
100943,944,Classic_Credit_Card,66.04,30.0,XGBoost
100944,945,Classic_Credit_Card,29.76,5.0,CBF
100944,945,Gold_Credit_Card,26.67,5.0,CBF
100944,945,Titanium_Credit_Card,21.66,5.0,CBF
100944,945,Travel_Rewards_Card,12.68,5.0,CBF
100944,945,World_Elite_Card,11.77,5.0,CBF
100944,945,Platinum_Credit_Card,9.26,5.0,CBF
100944,945,Travel_Rewards_Card,86.63,60.0,XGBoost
100944,945,World_Elite_Card,84.48,35.0,XGBoost
100944,945,Platinum_Credit_Card,65.76,25.0,XGBoost
100945,946,Travel_Rewards_Card,34.1,5.0,CBF
100945,946,Titanium_Credit_Card,16.54,5.0,CBF
100945,946,Cashback_Card,11.77,5.0,CBF
100945,946,Classic_Credit_Card,10.35,5.0,CBF
100945,946,Gold_Credit_Card,9.98,5.0,CBF
100945,946,Platinum_Credit_Card,6.87,5.0,CBF
100945,946,Travel_Rewards_Card,86.63,60.0,XGBoost
100945,946,World_Elite_Card,84.48,35.0,XGBoost
100945,946,Platinum_Credit_Card,65.76,25.0,XGBoost
100946,947,Travel_Rewards_Card,34.1,5.0,CBF
100946,947,Titanium_Credit_Card,16.54,5.0,CBF
100946,947,Cashback_Card,11.77,5.0,CBF
100946,947,Classic_Credit_Card,10.35,5.0,CBF
100946,947,Gold_Credit_Card,9.98,5.0,CBF
100946,947,Platinum_Credit_Card,6.87,5.0,CBF
100946,947,Titanium_Credit_Card,88.03,40.0,XGBoost
100946,947,Platinum_Credit_Card,74.78,25.0,XGBoost
100947,948,Cashback_Card,26.67,5.0,CBF
100947,948,Titanium_Credit_Card,11.62,5.0,CBF
100947,948,Travel_Rewards_Card,10.76,5.0,CBF
100947,948,World_Elite_Card,9.98,5.0,CBF
100947,948,Platinum_Credit_Card,9.91,5.0,CBF
100947,948,Classic_Credit_Card,7.69,5.0,CBF
100947,948,World_Elite_Card,85.27,35.0,XGBoost
100947,948,Platinum_Credit_Card,70.69,25.0,XGBoost
100947,948,Travel_Rewards_Card,66.58,60.0,XGBoost
100948,949,Platinum_Credit_Card,39.63,5.0,CBF
100948,949,World_Elite_Card,34.1,5.0,CBF
100948,949,Titanium_Credit_Card,18.39,5.0,CBF
100948,949,Cashback_Card,12.68,5.0,CBF
100948,949,Classic_Credit_Card,12.68,5.0,CBF
100948,949,Gold_Credit_Card,10.76,5.0,CBF
100948,949,Cashback_Card,66.55,15.0,XGBoost
100948,949,Classic_Credit_Card,63.09,30.0,XGBoost
100948,949,Gold_Credit_Card,62.33,30.0,XGBoost
100949,950,Travel_Rewards_Card,39.63,5.0,CBF
100949,950,Titanium_Credit_Card,16.62,5.0,CBF
100949,950,Gold_Credit_Card,9.91,5.0,CBF
100949,950,Cashback_Card,9.26,5.0,CBF
100949,950,Classic_Credit_Card,8.18,5.0,CBF
100949,950,World_Elite_Card,6.87,5.0,CBF
100949,950,World_Elite_Card,85.27,35.0,XGBoost
100949,950,Platinum_Credit_Card,70.69,25.0,XGBoost
100949,950,Travel_Rewards_Card,66.58,60.0,XGBoost
100950,951,Classic_Credit_Card,29.76,5.0,CBF
100950,951,Gold_Credit_Card,26.67,5.0,CBF
100950,951,Titanium_Credit_Card,21.66,5.0,CBF
100950,951,Travel_Rewards_Card,12.68,5.0,CBF
100950,951,World_Elite_Card,11.77,5.0,CBF
100950,951,Platinum_Credit_Card,9.26,5.0,CBF
100950,951,World_Elite_Card,77.53,35.0,XGBoost
100950,951,Platinum_Credit_Card,73.58,25.0,XGBoost
100950,951,Travel_Rewards_Card,70.69,60.0,XGBoost
100951,952,Gold_Credit_Card,71.42,30.0,XGBoost
100951,952,Cashback_Card,70.57,15.0,XGBoost
100951,952,Classic_Credit_Card,66.04,30.0,XGBoost
100952,953,Cashback_Card,29.76,5.0,CBF
100952,953,Travel_Rewards_Card,12.68,5.0,CBF
100952,953,Titanium_Credit_Card,10.99,5.0,CBF
100952,953,World_Elite_Card,10.35,5.0,CBF
100952,953,Platinum_Credit_Card,8.18,5.0,CBF
100952,953,Gold_Credit_Card,7.69,5.0,CBF
100952,953,Classic_Credit_Card,73.82,30.0,XGBoost
100952,953,Cashback_Card,69.96,15.0,XGBoost
100952,953,Gold_Credit_Card,64.92,30.0,XGBoost
100953,954,Classic_Credit_Card,29.76,5.0,CBF
100953,954,Gold_Credit_Card,26.67,5.0,CBF
100953,954,Titanium_Credit_Card,21.66,5.0,CBF
100953,954,Travel_Rewards_Card,12.68,5.0,CBF
100953,954,World_Elite_Card,11.77,5.0,CBF
100953,954,Platinum_Credit_Card,9.26,5.0,CBF
100953,954,Titanium_Credit_Card,83.97,40.0,XGBoost
100953,954,Platinum_Credit_Card,82.01,25.0,XGBoost
100954,955,Travel_Rewards_Card,39.63,5.0,CBF
100954,955,Titanium_Credit_Card,16.62,5.0,CBF
100954,955,Gold_Credit_Card,9.91,5.0,CBF
100954,955,Cashback_Card,9.26,5.0,CBF
100954,955,Classic_Credit_Card,8.18,5.0,CBF
100954,955,World_Elite_Card,6.87,5.0,CBF
100954,955,Classic_Credit_Card,73.82,30.0,XGBoost
100954,955,Cashback_Card,69.96,15.0,XGBoost
100954,955,Gold_Credit_Card,64.92,30.0,XGBoost
100955,956,Platinum_Credit_Card,39.63,5.0,CBF
100955,956,World_Elite_Card,34.1,5.0,CBF
100955,956,Titanium_Credit_Card,18.39,5.0,CBF
100955,956,Cashback_Card,12.68,5.0,CBF
100955,956,Classic_Credit_Card,12.68,5.0,CBF
100955,956,Gold_Credit_Card,10.76,5.0,CBF
100955,956,Titanium_Credit_Card,83.97,40.0,XGBoost
100955,956,Platinum_Credit_Card,82.01,25.0,XGBoost
100956,957,Cashback_Card,21.66,5.0,CBF
100956,957,Travel_Rewards_Card,18.39,5.0,CBF
100956,957,Platinum_Credit_Card,16.62,5.0,CBF
100956,957,World_Elite_Card,16.54,5.0,CBF
100956,957,Gold_Credit_Card,11.62,5.0,CBF
100956,957,Classic_Credit_Card,10.99,5.0,CBF
100956,957,Gold_Credit_Card,71.42,30.0,XGBoost
100956,957,Cashback_Card,70.57,15.0,XGBoost
100956,957,Classic_Credit_Card,66.04,30.0,XGBoost
100957,958,Travel_Rewards_Card,39.63,5.0,CBF
100957,958,Titanium_Credit_Card,16.62,5.0,CBF
100957,958,Gold_Credit_Card,9.91,5.0,CBF
100957,958,Cashback_Card,9.26,5.0,CBF
100957,958,Classic_Credit_Card,8.18,5.0,CBF
100957,958,World_Elite_Card,6.87,5.0,CBF
100957,958,World_Elite_Card,77.53,35.0,XGBoost
100957,958,Platinum_Credit_Card,73.58,25.0,XGBoost
100957,958,Travel_Rewards_Card,70.69,60.0,XGBoost
100958,959,Titanium_Credit_Card,83.97,40.0,XGBoost
100958,959,Platinum_Credit_Card,82.01,25.0,XGBoost
100959,960,Travel_Rewards_Card,34.1,5.0,CBF
100959,960,Titanium_Credit_Card,16.54,5.0,CBF
100959,960,Cashback_Card,11.77,5.0,CBF
100959,960,Classic_Credit_Card,10.35,5.0,CBF
100959,960,Gold_Credit_Card,9.98,5.0,CBF
100959,960,Platinum_Credit_Card,6.87,5.0,CBF
100959,960,Travel_Rewards_Card,86.63,60.0,XGBoost
100959,960,World_Elite_Card,84.48,35.0,XGBoost
100959,960,Platinum_Credit_Card,65.76,25.0,XGBoost
100960,961,Platinum_Credit_Card,39.63,5.0,CBF
100960,961,World_Elite_Card,34.1,5.0,CBF
100960,961,Titanium_Credit_Card,18.39,5.0,CBF
100960,961,Cashback_Card,12.68,5.0,CBF
100960,961,Classic_Credit_Card,12.68,5.0,CBF
100960,961,Gold_Credit_Card,10.76,5.0,CBF
100960,961,Gold_Credit_Card,71.42,30.0,XGBoost
100960,961,Cashback_Card,70.57,15.0,XGBoost
100960,961,Classic_Credit_Card,66.04,30.0,XGBoost
100961,962,Classic_Credit_Card,73.82,30.0,XGBoost
100961,962,Cashback_Card,69.96,15.0,XGBoost
100961,962,Gold_Credit_Card,64.92,30.0,XGBoost
100962,963,Travel_Rewards_Card,39.63,5.0,CBF
100962,963,Titanium_Credit_Card,16.62,5.0,CBF
100962,963,Gold_Credit_Card,9.91,5.0,CBF
100962,963,Cashback_Card,9.26,5.0,CBF
100962,963,Classic_Credit_Card,8.18,5.0,CBF
100962,963,World_Elite_Card,6.87,5.0,CBF
100962,963,World_Elite_Card,85.27,35.0,XGBoost
100962,963,Platinum_Credit_Card,70.69,25.0,XGBoost
100962,963,Travel_Rewards_Card,66.58,60.0,XGBoost
100963,964,Cashback_Card,26.67,5.0,CBF
100963,964,Titanium_Credit_Card,11.62,5.0,CBF
100963,964,Travel_Rewards_Card,10.76,5.0,CBF
100963,964,World_Elite_Card,9.98,5.0,CBF
100963,964,Platinum_Credit_Card,9.91,5.0,CBF
100963,964,Classic_Credit_Card,7.69,5.0,CBF
100963,964,Cashback_Card,79.08,15.0,XGBoost
100963,964,Gold_Credit_Card,65.13,30.0,XGBoost
100963,964,Classic_Credit_Card,64.16,30.0,XGBoost
100964,965,Platinum_Credit_Card,39.63,5.0,CBF
100964,965,World_Elite_Card,34.1,5.0,CBF
100964,965,Titanium_Credit_Card,18.39,5.0,CBF
100964,965,Cashback_Card,12.68,5.0,CBF
100964,965,Classic_Credit_Card,12.68,5.0,CBF
100964,965,Gold_Credit_Card,10.76,5.0,CBF
100964,965,World_Elite_Card,85.27,35.0,XGBoost
100964,965,Platinum_Credit_Card,70.69,25.0,XGBoost
100964,965,Travel_Rewards_Card,66.58,60.0,XGBoost
100965,966,Cashback_Card,26.67,5.0,CBF
100965,966,Titanium_Credit_Card,11.62,5.0,CBF
100965,966,Travel_Rewards_Card,10.76,5.0,CBF
100965,966,World_Elite_Card,9.98,5.0,CBF
100965,966,Platinum_Credit_Card,9.91,5.0,CBF
100965,966,Classic_Credit_Card,7.69,5.0,CBF
100965,966,World_Elite_Card,85.27,35.0,XGBoost
100965,966,Platinum_Credit_Card,70.69,25.0,XGBoost
100965,966,Travel_Rewards_Card,66.58,60.0,XGBoost
100966,967,Cashback_Card,66.55,15.0,XGBoost
100966,967,Classic_Credit_Card,63.09,30.0,XGBoost
100966,967,Gold_Credit_Card,62.33,30.0,XGBoost
100967,968,Cashback_Card,79.08,15.0,XGBoost
100967,968,Gold_Credit_Card,65.13,30.0,XGBoost
100967,968,Classic_Credit_Card,64.16,30.0,XGBoost
100968,969,Cashback_Card,29.76,5.0,CBF
100968,969,Travel_Rewards_Card,12.68,5.0,CBF
100968,969,Titanium_Credit_Card,10.99,5.0,CBF
100968,969,World_Elite_Card,10.35,5.0,CBF
100968,969,Platinum_Credit_Card,8.18,5.0,CBF
100968,969,Gold_Credit_Card,7.69,5.0,CBF
100968,969,Classic_Credit_Card,73.82,30.0,XGBoost
100968,969,Cashback_Card,69.96,15.0,XGBoost
100968,969,Gold_Credit_Card,64.92,30.0,XGBoost
100969,970,Cashback_Card,21.66,5.0,CBF
100969,970,Travel_Rewards_Card,18.39,5.0,CBF
100969,970,Platinum_Credit_Card,16.62,5.0,CBF
100969,970,World_Elite_Card,16.54,5.0,CBF
100969,970,Gold_Credit_Card,11.62,5.0,CBF
100969,970,Classic_Credit_Card,10.99,5.0,CBF
100969,970,World_Elite_Card,77.53,35.0,XGBoost
100969,970,Platinum_Credit_Card,73.58,25.0,XGBoost
100969,970,Travel_Rewards_Card,70.69,60.0,XGBoost
100970,971,Travel_Rewards_Card,34.1,5.0,CBF
100970,971,Titanium_Credit_Card,16.54,5.0,CBF
100970,971,Cashback_Card,11.77,5.0,CBF
100970,971,Classic_Credit_Card,10.35,5.0,CBF
100970,971,Gold_Credit_Card,9.98,5.0,CBF
100970,971,Platinum_Credit_Card,6.87,5.0,CBF
100970,971,Gold_Credit_Card,71.42,30.0,XGBoost
100970,971,Cashback_Card,70.57,15.0,XGBoost
100970,971,Classic_Credit_Card,66.04,30.0,XGBoost
100971,972,Travel_Rewards_Card,34.1,5.0,CBF
100971,972,Titanium_Credit_Card,16.54,5.0,CBF
100971,972,Cashback_Card,11.77,5.0,CBF
100971,972,Classic_Credit_Card,10.35,5.0,CBF
100971,972,Gold_Credit_Card,9.98,5.0,CBF
100971,972,Platinum_Credit_Card,6.87,5.0,CBF
100971,972,World_Elite_Card,77.53,35.0,XGBoost
100971,972,Platinum_Credit_Card,73.58,25.0,XGBoost
100971,972,Travel_Rewards_Card,70.69,60.0,XGBoost
100972,973,Cashback_Card,26.67,5.0,CBF
100972,973,Titanium_Credit_Card,11.62,5.0,CBF
100972,973,Travel_Rewards_Card,10.76,5.0,CBF
100972,973,World_Elite_Card,9.98,5.0,CBF
100972,973,Platinum_Credit_Card,9.91,5.0,CBF
100972,973,Classic_Credit_Card,7.69,5.0,CBF
100972,973,Cashback_Card,66.55,15.0,XGBoost
100972,973,Classic_Credit_Card,63.09,30.0,XGBoost
100972,973,Gold_Credit_Card,62.33,30.0,XGBoost
100973,974,Cashback_Card,26.67,5.0,CBF
100973,974,Titanium_Credit_Card,11.62,5.0,CBF
100973,974,Travel_Rewards_Card,10.76,5.0,CBF
100973,974,World_Elite_Card,9.98,5.0,CBF
100973,974,Platinum_Credit_Card,9.91,5.0,CBF
100973,974,Classic_Credit_Card,7.69,5.0,CBF
100973,974,Titanium_Credit_Card,83.97,40.0,XGBoost
100973,974,Platinum_Credit_Card,82.01,25.0,XGBoost
100974,975,Classic_Credit_Card,29.76,5.0,CBF
100974,975,Gold_Credit_Card,26.67,5.0,CBF
100974,975,Titanium_Credit_Card,21.66,5.0,CBF
100974,975,Travel_Rewards_Card,12.68,5.0,CBF
100974,975,World_Elite_Card,11.77,5.0,CBF
100974,975,Platinum_Credit_Card,9.26,5.0,CBF
100974,975,Gold_Credit_Card,71.42,30.0,XGBoost
100974,975,Cashback_Card,70.57,15.0,XGBoost
100974,975,Classic_Credit_Card,66.04,30.0,XGBoost
100975,976,World_Elite_Card,85.27,35.0,XGBoost
100975,976,Platinum_Credit_Card,70.69,25.0,XGBoost
100975,976,Travel_Rewards_Card,66.58,60.0,XGBoost
100976,977,Cashback_Card,21.66,5.0,CBF
100976,977,Travel_Rewards_Card,18.39,5.0,CBF
100976,977,Platinum_Credit_Card,16.62,5.0,CBF
100976,977,World_Elite_Card,16.54,5.0,CBF
100976,977,Gold_Credit_Card,11.62,5.0,CBF
100976,977,Classic_Credit_Card,10.99,5.0,CBF
100976,977,Cashback_Card,79.08,15.0,XGBoost
100976,977,Gold_Credit_Card,65.13,30.0,XGBoost
100976,977,Classic_Credit_Card,64.16,30.0,XGBoost
100977,978,World_Elite_Card,77.53,35.0,XGBoost
100977,978,Platinum_Credit_Card,73.58,25.0,XGBoost
100977,978,Travel_Rewards_Card,70.69,60.0,XGBoost
100978,979,Platinum_Credit_Card,39.63,5.0,CBF
100978,979,World_Elite_Card,34.1,5.0,CBF
100978,979,Titanium_Credit_Card,18.39,5.0,CBF
100978,979,Cashback_Card,12.68,5.0,CBF
100978,979,Classic_Credit_Card,12.68,5.0,CBF
100978,979,Gold_Credit_Card,10.76,5.0,CBF
100978,979,World_Elite_Card,85.27,35.0,XGBoost
100978,979,Platinum_Credit_Card,70.69,25.0,XGBoost
100978,979,Travel_Rewards_Card,66.58,60.0,XGBoost
100979,980,Classic_Credit_Card,29.76,5.0,CBF
100979,980,Gold_Credit_Card,26.67,5.0,CBF
100979,980,Titanium_Credit_Card,21.66,5.0,CBF
100979,980,Travel_Rewards_Card,12.68,5.0,CBF
100979,980,World_Elite_Card,11.77,5.0,CBF
100979,980,Platinum_Credit_Card,9.26,5.0,CBF
100979,980,Cashback_Card,77.59,15.0,XGBoost
100979,980,Gold_Credit_Card,67.53,30.0,XGBoost
100979,980,Classic_Credit_Card,60.48,30.0,XGBoost
100980,981,Cashback_Card,21.66,5.0,CBF
100980,981,Travel_Rewards_Card,18.39,5.0,CBF
100980,981,Platinum_Credit_Card,16.62,5.0,CBF
100980,981,World_Elite_Card,16.54,5.0,CBF
100980,981,Gold_Credit_Card,11.62,5.0,CBF
100980,981,Classic_Credit_Card,10.99,5.0,CBF
100980,981,World_Elite_Card,77.53,35.0,XGBoost
100980,981,Platinum_Credit_Card,73.58,25.0,XGBoost
100980,981,Travel_Rewards_Card,70.69,60.0,XGBoost
100981,982,Classic_Credit_Card,29.76,5.0,CBF
100981,982,Gold_Credit_Card,26.67,5.0,CBF
100981,982,Titanium_Credit_Card,21.66,5.0,CBF
100981,982,Travel_Rewards_Card,12.68,5.0,CBF
100981,982,World_Elite_Card,11.77,5.0,CBF
100981,982,Platinum_Credit_Card,9.26,5.0,CBF
100981,982,Cashback_Card,77.59,15.0,XGBoost
100981,982,Gold_Credit_Card,67.53,30.0,XGBoost
100981,982,Classic_Credit_Card,60.48,30.0,XGBoost
100982,983,Cashback_Card,21.66,5.0,CBF
100982,983,Travel_Rewards_Card,18.39,5.0,CBF
100982,983,Platinum_Credit_Card,16.62,5.0,CBF
100982,983,World_Elite_Card,16.54,5.0,CBF
100982,983,Gold_Credit_Card,11.62,5.0,CBF
100982,983,Classic_Credit_Card,10.99,5.0,CBF
100982,983,Cashback_Card,77.59,15.0,XGBoost
100982,983,Gold_Credit_Card,67.53,30.0,XGBoost
100982,983,Classic_Credit_Card,60.48,30.0,XGBoost
100983,984,Travel_Rewards_Card,39.63,5.0,CBF
100983,984,Titanium_Credit_Card,16.62,5.0,CBF
100983,984,Gold_Credit_Card,9.91,5.0,CBF
100983,984,Cashback_Card,9.26,5.0,CBF
100983,984,Classic_Credit_Card,8.18,5.0,CBF
100983,984,World_Elite_Card,6.87,5.0,CBF
100983,984,World_Elite_Card,85.27,35.0,XGBoost
100983,984,Platinum_Credit_Card,70.69,25.0,XGBoost
100983,984,Travel_Rewards_Card,66.58,60.0,XGBoost
100984,985,Cashback_Card,29.76,5.0,CBF
100984,985,Travel_Rewards_Card,12.68,5.0,CBF
100984,985,Titanium_Credit_Card,10.99,5.0,CBF
100984,985,World_Elite_Card,10.35,5.0,CBF
100984,985,Platinum_Credit_Card,8.18,5.0,CBF
100984,985,Gold_Credit_Card,7.69,5.0,CBF
100984,985,Cashback_Card,66.55,15.0,XGBoost
100984,985,Classic_Credit_Card,63.09,30.0,XGBoost
100984,985,Gold_Credit_Card,62.33,30.0,XGBoost
100985,986,Platinum_Credit_Card,39.63,5.0,CBF
100985,986,World_Elite_Card,34.1,5.0,CBF
100985,986,Titanium_Credit_Card,18.39,5.0,CBF
100985,986,Cashback_Card,12.68,5.0,CBF
100985,986,Classic_Credit_Card,12.68,5.0,CBF
100985,986,Gold_Credit_Card,10.76,5.0,CBF
100985,986,Titanium_Credit_Card,83.97,40.0,XGBoost
100985,986,Platinum_Credit_Card,82.01,25.0,XGBoost
100986,987,Classic_Credit_Card,29.76,5.0,CBF
100986,987,Gold_Credit_Card,26.67,5.0,CBF
100986,987,Titanium_Credit_Card,21.66,5.0,CBF
100986,987,Travel_Rewards_Card,12.68,5.0,CBF
100986,987,World_Elite_Card,11.77,5.0,CBF
100986,987,Platinum_Credit_Card,9.26,5.0,CBF
100986,987,Cashback_Card,66.55,15.0,XGBoost
100986,987,Classic_Credit_Card,63.09,30.0,XGBoost
100986,987,Gold_Credit_Card,62.33,30.0,XGBoost
100987,988,Cashback_Card,29.76,5.0,CBF
100987,988,Travel_Rewards_Card,12.68,5.0,CBF
100987,988,Titanium_Credit_Card,10.99,5.0,CBF
100987,988,World_Elite_Card,10.35,5.0,CBF
100987,988,Platinum_Credit_Card,8.18,5.0,CBF
100987,988,Gold_Credit_Card,7.69,5.0,CBF
100987,988,Travel_Rewards_Card,86.63,60.0,XGBoost
100987,988,World_Elite_Card,84.48,35.0,XGBoost
100987,988,Platinum_Credit_Card,65.76,25.0,XGBoost
100988,989,Cashback_Card,21.66,5.0,CBF
100988,989,Travel_Rewards_Card,18.39,5.0,CBF
100988,989,Platinum_Credit_Card,16.62,5.0,CBF
100988,989,World_Elite_Card,16.54,5.0,CBF
100988,989,Gold_Credit_Card,11.62,5.0,CBF
100988,989,Classic_Credit_Card,10.99,5.0,CBF
100988,989,Titanium_Credit_Card,88.03,40.0,XGBoost
100988,989,Platinum_Credit_Card,74.78,25.0,XGBoost
100989,990,Classic_Credit_Card,29.76,5.0,CBF
100989,990,Gold_Credit_Card,26.67,5.0,CBF
100989,990,Titanium_Credit_Card,21.66,5.0,CBF
100989,990,Travel_Rewards_Card,12.68,5.0,CBF
100989,990,World_Elite_Card,11.77,5.0,CBF
100989,990,Platinum_Credit_Card,9.26,5.0,CBF
100989,990,World_Elite_Card,85.27,35.0,XGBoost
100989,990,Platinum_Credit_Card,70.69,25.0,XGBoost
100989,990,Travel_Rewards_Card,66.58,60.0,XGBoost
100990,991,Cashback_Card,26.67,5.0,CBF
100990,991,Titanium_Credit_Card,11.62,5.0,CBF
100990,991,Travel_Rewards_Card,10.76,5.0,CBF
100990,991,World_Elite_Card,9.98,5.0,CBF
100990,991,Platinum_Credit_Card,9.91,5.0,CBF
100990,991,Classic_Credit_Card,7.69,5.0,CBF
100990,991,World_Elite_Card,77.53,35.0,XGBoost
100990,991,Platinum_Credit_Card,73.58,25.0,XGBoost
100990,991,Travel_Rewards_Card,70.69,60.0,XGBoost
100991,992,Travel_Rewards_Card,34.1,5.0,CBF
100991,992,Titanium_Credit_Card,16.54,5.0,CBF
100991,992,Cashback_Card,11.77,5.0,CBF
100991,992,Classic_Credit_Card,10.35,5.0,CBF
100991,992,Gold_Credit_Card,9.98,5.0,CBF
100991,992,Platinum_Credit_Card,6.87,5.0,CBF
100991,992,Cashback_Card,66.55,15.0,XGBoost
100991,992,Classic_Credit_Card,63.09,30.0,XGBoost
100991,992,Gold_Credit_Card,62.33,30.0,XGBoost
100992,993,Cashback_Card,29.76,5.0,CBF
100992,993,Travel_Rewards_Card,12.68,5.0,CBF
100992,993,Titanium_Credit_Card,10.99,5.0,CBF
100992,993,World_Elite_Card,10.35,5.0,CBF
100992,993,Platinum_Credit_Card,8.18,5.0,CBF
100992,993,Gold_Credit_Card,7.69,5.0,CBF
100992,993,World_Elite_Card,85.27,35.0,XGBoost
100992,993,Platinum_Credit_Card,70.69,25.0,XGBoost
100992,993,Travel_Rewards_Card,66.58,60.0,XGBoost
100993,994,Titanium_Credit_Card,83.97,40.0,XGBoost
100993,994,Platinum_Credit_Card,82.01,25.0,XGBoost
100994,995,Cashback_Card,29.76,5.0,CBF
100994,995,Travel_Rewards_Card,12.68,5.0,CBF
100994,995,Titanium_Credit_Card,10.99,5.0,CBF
100994,995,World_Elite_Card,10.35,5.0,CBF
100994,995,Platinum_Credit_Card,8.18,5.0,CBF
100994,995,Gold_Credit_Card,7.69,5.0,CBF
100994,995,World_Elite_Card,77.53,35.0,XGBoost
100994,995,Platinum_Credit_Card,73.58,25.0,XGBoost
100994,995,Travel_Rewards_Card,70.69,60.0,XGBoost
100995,996,Platinum_Credit_Card,39.63,5.0,CBF
100995,996,World_Elite_Card,34.1,5.0,CBF
100995,996,Titanium_Credit_Card,18.39,5.0,CBF
100995,996,Cashback_Card,12.68,5.0,CBF
100995,996,Classic_Credit_Card,12.68,5.0,CBF
100995,996,Gold_Credit_Card,10.76,5.0,CBF
100995,996,Titanium_Credit_Card,88.03,40.0,XGBoost
100995,996,Platinum_Credit_Card,74.78,25.0,XGBoost
100996,997,Travel_Rewards_Card,34.1,5.0,CBF
100996,997,Titanium_Credit_Card,16.54,5.0,CBF
100996,997,Cashback_Card,11.77,5.0,CBF
100996,997,Classic_Credit_Card,10.35,5.0,CBF
100996,997,Gold_Credit_Card,9.98,5.0,CBF
100996,997,Platinum_Credit_Card,6.87,5.0,CBF
100996,997,Travel_Rewards_Card,86.63,60.0,XGBoost
100996,997,World_Elite_Card,84.48,35.0,XGBoost
100996,997,Platinum_Credit_Card,65.76,25.0,XGBoost
100997,998,Travel_Rewards_Card,34.1,5.0,CBF
100997,998,Titanium_Credit_Card,16.54,5.0,CBF
100997,998,Cashback_Card,11.77,5.0,CBF
100997,998,Classic_Credit_Card,10.35,5.0,CBF
100997,998,Gold_Credit_Card,9.98,5.0,CBF
100997,998,Platinum_Credit_Card,6.87,5.0,CBF
100997,998,World_Elite_Card,77.53,35.0,XGBoost
100997,998,Platinum_Credit_Card,73.58,25.0,XGBoost
100997,998,Travel_Rewards_Card,70.69,60.0,XGBoost
100998,999,Cashback_Card,26.67,5.0,CBF
100998,999,Titanium_Credit_Card,11.62,5.0,CBF
100998,999,Travel_Rewards_Card,10.76,5.0,CBF
100998,999,World_Elite_Card,9.98,5.0,CBF
100998,999,Platinum_Credit_Card,9.91,5.0,CBF
100998,999,Classic_Credit_Card,7.69,5.0,CBF
100998,999,Cashback_Card,77.59,15.0,XGBoost
100998,999,Gold_Credit_Card,67.53,30.0,XGBoost
100998,999,Classic_Credit_Card,60.48,30.0,XGBoost
100999,1000,Cashback_Card,29.76,5.0,CBF
100999,1000,Travel_Rewards_Card,12.68,5.0,CBF
100999,1000,Titanium_Credit_Card,10.99,5.0,CBF
100999,1000,World_Elite_Card,10.35,5.0,CBF
100999,1000,Platinum_Credit_Card,8.18,5.0,CBF
100999,1000,Gold_Credit_Card,7.69,5.0,CBF
100999,1000,World_Elite_Card,85.27,35.0,XGBoost
100999,1000,Platinum_Credit_Card,70.69,25.0,XGBoost
100999,1000,Travel_Rewards_Card,66.58,60.0,XGBoost
101000,1001,Platinum_Credit_Card,39.63,5.0,CBF
101000,1001,World_Elite_Card,34.1,5.0,CBF
101000,1001,Titanium_Credit_Card,18.39,5.0,CBF
101000,1001,Cashback_Card,12.68,5.0,CBF
101000,1001,Classic_Credit_Card,12.68,5.0,CBF
101000,1001,Gold_Credit_Card,10.76,5.0,CBF
101000,1001,Classic_Credit_Card,73.82,30.0,XGBoost
101000,1001,Cashback_Card,69.96,15.0,XGBoost
101000,1001,Gold_Credit_Card,64.92,30.0,XGBoost
101001,1002,Travel_Rewards_Card,86.63,60.0,XGBoost
101001,1002,World_Elite_Card,84.48,35.0,XGBoost
101001,1002,Platinum_Credit_Card,65.76,25.0,XGBoost
101002,1003,Cashback_Card,26.67,5.0,CBF
101002,1003,Titanium_Credit_Card,11.62,5.0,CBF
101002,1003,Travel_Rewards_Card,10.76,5.0,CBF
101002,1003,World_Elite_Card,9.98,5.0,CBF
101002,1003,Platinum_Credit_Card,9.91,5.0,CBF
101002,1003,Classic_Credit_Card,7.69,5.0,CBF
101002,1003,Cashback_Card,77.59,15.0,XGBoost
101002,1003,Gold_Credit_Card,67.53,30.0,XGBoost
101002,1003,Classic_Credit_Card,60.48,30.0,XGBoost
101004,1005,Platinum_Credit_Card,39.63,5.0,CBF
101004,1005,World_Elite_Card,34.1,5.0,CBF
101004,1005,Titanium_Credit_Card,18.39,5.0,CBF
101004,1005,Cashback_Card,12.68,5.0,CBF
101004,1005,Classic_Credit_Card,12.68,5.0,CBF
101004,1005,Gold_Credit_Card,10.76,5.0,CBF
101004,1005,Cashback_Card,77.59,15.0,XGBoost
101004,1005,Gold_Credit_Card,67.53,30.0,XGBoost
101004,1005,Classic_Credit_Card,60.48,30.0,XGBoost
101005,1006,Cashback_Card,21.66,5.0,CBF
101005,1006,Travel_Rewards_Card,18.39,5.0,CBF
101005,1006,Platinum_Credit_Card,16.62,5.0,CBF
101005,1006,World_Elite_Card,16.54,5.0,CBF
101005,1006,Gold_Credit_Card,11.62,5.0,CBF
101005,1006,Classic_Credit_Card,10.99,5.0,CBF
101005,1006,World_Elite_Card,77.53,35.0,XGBoost
101005,1006,Platinum_Credit_Card,73.58,25.0,XGBoost
101005,1006,Travel_Rewards_Card,70.69,60.0,XGBoost
101006,1007,World_Elite_Card,77.53,35.0,XGBoost
101006,1007,Platinum_Credit_Card,73.58,25.0,XGBoost
101006,1007,Travel_Rewards_Card,70.69,60.0,XGBoost
101008,1009,Travel_Rewards_Card,34.1,5.0,CBF
101008,1009,Titanium_Credit_Card,16.54,5.0,CBF
101008,1009,Cashback_Card,11.77,5.0,CBF
101008,1009,Classic_Credit_Card,10.35,5.0,CBF
101008,1009,Gold_Credit_Card,9.98,5.0,CBF
101008,1009,Platinum_Credit_Card,6.87,5.0,CBF
101008,1009,World_Elite_Card,77.53,35.0,XGBoost
101008,1009,Platinum_Credit_Card,73.58,25.0,XGBoost
101008,1009,Travel_Rewards_Card,70.69,60.0,XGBoost
101009,1010,Cashback_Card,77.59,15.0,XGBoost
101009,1010,Gold_Credit_Card,67.53,30.0,XGBoost
101009,1010,Classic_Credit_Card,60.48,30.0,XGBoost
101010,1011,Cashback_Card,77.59,15.0,XGBoost
101010,1011,Gold_Credit_Card,67.53,30.0,XGBoost
101010,1011,Classic_Credit_Card,60.48,30.0,XGBoost
101011,1012,Travel_Rewards_Card,34.1,5.0,CBF
101011,1012,Titanium_Credit_Card,16.54,5.0,CBF
101011,1012,Cashback_Card,11.77,5.0,CBF
101011,1012,Classic_Credit_Card,10.35,5.0,CBF
101011,1012,Gold_Credit_Card,9.98,5.0,CBF
101011,1012,Platinum_Credit_Card,6.87,5.0,CBF
101011,1012,Cashback_Card,66.55,15.0,XGBoost
101011,1012,Classic_Credit_Card,63.09,30.0,XGBoost
101011,1012,Gold_Credit_Card,62.33,30.0,XGBoost
101012,1013,Travel_Rewards_Card,39.63,5.0,CBF
101012,1013,Titanium_Credit_Card,16.62,5.0,CBF
101012,1013,Gold_Credit_Card,9.91,5.0,CBF
101012,1013,Cashback_Card,9.26,5.0,CBF
101012,1013,Classic_Credit_Card,8.18,5.0,CBF
101012,1013,World_Elite_Card,6.87,5.0,CBF
101012,1013,Classic_Credit_Card,73.82,30.0,XGBoost
101012,1013,Cashback_Card,69.96,15.0,XGBoost
101012,1013,Gold_Credit_Card,64.92,30.0,XGBoost
101013,1014,Platinum_Credit_Card,39.63,5.0,CBF
101013,1014,World_Elite_Card,34.1,5.0,CBF
101013,1014,Titanium_Credit_Card,18.39,5.0,CBF
101013,1014,Cashback_Card,12.68,5.0,CBF
101013,1014,Classic_Credit_Card,12.68,5.0,CBF
101013,1014,Gold_Credit_Card,10.76,5.0,CBF
101013,1014,Cashback_Card,66.55,15.0,XGBoost
101013,1014,Classic_Credit_Card,63.09,30.0,XGBoost
101013,1014,Gold_Credit_Card,62.33,30.0,XGBoost
101015,1016,Cashback_Card,29.76,5.0,CBF
101015,1016,Travel_Rewards_Card,12.68,5.0,CBF
101015,1016,Titanium_Credit_Card,10.99,5.0,CBF
101015,1016,World_Elite_Card,10.35,5.0,CBF
101015,1016,Platinum_Credit_Card,8.18,5.0,CBF
101015,1016,Gold_Credit_Card,7.69,5.0,CBF
101015,1016,Titanium_Credit_Card,83.97,40.0,XGBoost
101015,1016,Platinum_Credit_Card,82.01,25.0,XGBoost
101016,1017,Travel_Rewards_Card,39.63,5.0,CBF
101016,1017,Titanium_Credit_Card,16.62,5.0,CBF
101016,1017,Gold_Credit_Card,9.91,5.0,CBF
101016,1017,Cashback_Card,9.26,5.0,CBF
101016,1017,Classic_Credit_Card,8.18,5.0,CBF
101016,1017,World_Elite_Card,6.87,5.0,CBF
101016,1017,Cashback_Card,77.59,15.0,XGBoost
101016,1017,Gold_Credit_Card,67.53,30.0,XGBoost
101016,1017,Classic_Credit_Card,60.48,30.0,XGBoost
101018,1019,Gold_Credit_Card,71.42,30.0,XGBoost
101018,1019,Cashback_Card,70.57,15.0,XGBoost
101018,1019,Classic_Credit_Card,66.04,30.0,XGBoost
101019,1020,Cashback_Card,29.76,5.0,CBF
101019,1020,Travel_Rewards_Card,12.68,5.0,CBF
101019,1020,Titanium_Credit_Card,10.99,5.0,CBF
101019,1020,World_Elite_Card,10.35,5.0,CBF
101019,1020,Platinum_Credit_Card,8.18,5.0,CBF
101019,1020,Gold_Credit_Card,7.69,5.0,CBF
101019,1020,Titanium_Credit_Card,88.03,40.0,XGBoost
101019,1020,Platinum_Credit_Card,74.78,25.0,XGBoost
101020,1021,Travel_Rewards_Card,39.63,5.0,CBF
101020,1021,Titanium_Credit_Card,16.62,5.0,CBF
101020,1021,Gold_Credit_Card,9.91,5.0,CBF
101020,1021,Cashback_Card,9.26,5.0,CBF
101020,1021,Classic_Credit_Card,8.18,5.0,CBF
101020,1021,World_Elite_Card,6.87,5.0,CBF
101020,1021,World_Elite_Card,77.53,35.0,XGBoost
101020,1021,Platinum_Credit_Card,73.58,25.0,XGBoost
101020,1021,Travel_Rewards_Card,70.69,60.0,XGBoost
101022,1023,Classic_Credit_Card,29.76,5.0,CBF
101022,1023,Gold_Credit_Card,26.67,5.0,CBF
101022,1023,Titanium_Credit_Card,21.66,5.0,CBF
101022,1023,Travel_Rewards_Card,12.68,5.0,CBF
101022,1023,World_Elite_Card,11.77,5.0,CBF
101022,1023,Platinum_Credit_Card,9.26,5.0,CBF
101022,1023,Classic_Credit_Card,73.82,30.0,XGBoost
101022,1023,Cashback_Card,69.96,15.0,XGBoost
101022,1023,Gold_Credit_Card,64.92,30.0,XGBoost
101023,1024,Travel_Rewards_Card,39.63,5.0,CBF
101023,1024,Titanium_Credit_Card,16.62,5.0,CBF
101023,1024,Gold_Credit_Card,9.91,5.0,CBF
101023,1024,Cashback_Card,9.26,5.0,CBF
101023,1024,Classic_Credit_Card,8.18,5.0,CBF
101023,1024,World_Elite_Card,6.87,5.0,CBF
101023,1024,World_Elite_Card,77.53,35.0,XGBoost
101023,1024,Platinum_Credit_Card,73.58,25.0,XGBoost
101023,1024,Travel_Rewards_Card,70.69,60.0,XGBoost
101025,1026,Platinum_Credit_Card,39.63,5.0,CBF
101025,1026,World_Elite_Card,34.1,5.0,CBF
101025,1026,Titanium_Credit_Card,18.39,5.0,CBF
101025,1026,Cashback_Card,12.68,5.0,CBF
101025,1026,Classic_Credit_Card,12.68,5.0,CBF
101025,1026,Gold_Credit_Card,10.76,5.0,CBF
101025,1026,Cashback_Card,79.08,15.0,XGBoost
101025,1026,Gold_Credit_Card,65.13,30.0,XGBoost
101025,1026,Classic_Credit_Card,64.16,30.0,XGBoost
101026,1027,Travel_Rewards_Card,34.1,5.0,CBF
101026,1027,Titanium_Credit_Card,16.54,5.0,CBF
101026,1027,Cashback_Card,11.77,5.0,CBF
101026,1027,Classic_Credit_Card,10.35,5.0,CBF
101026,1027,Gold_Credit_Card,9.98,5.0,CBF
101026,1027,Platinum_Credit_Card,6.87,5.0,CBF
101026,1027,World_Elite_Card,77.53,35.0,XGBoost
101026,1027,Platinum_Credit_Card,73.58,25.0,XGBoost
101026,1027,Travel_Rewards_Card,70.69,60.0,XGBoost
101027,1028,Cashback_Card,21.66,5.0,CBF
101027,1028,Travel_Rewards_Card,18.39,5.0,CBF
101027,1028,Platinum_Credit_Card,16.62,5.0,CBF
101027,1028,World_Elite_Card,16.54,5.0,CBF
101027,1028,Gold_Credit_Card,11.62,5.0,CBF
101027,1028,Classic_Credit_Card,10.99,5.0,CBF
101027,1028,Cashback_Card,77.59,15.0,XGBoost
101027,1028,Gold_Credit_Card,67.53,30.0,XGBoost
101027,1028,Classic_Credit_Card,60.48,30.0,XGBoost
101028,1029,Classic_Credit_Card,29.76,5.0,CBF
101028,1029,Gold_Credit_Card,26.67,5.0,CBF
101028,1029,Titanium_Credit_Card,21.66,5.0,CBF
101028,1029,Travel_Rewards_Card,12.68,5.0,CBF
101028,1029,World_Elite_Card,11.77,5.0,CBF
101028,1029,Platinum_Credit_Card,9.26,5.0,CBF
101028,1029,Titanium_Credit_Card,88.03,40.0,XGBoost
101028,1029,Platinum_Credit_Card,74.78,25.0,XGBoost
101031,1032,Travel_Rewards_Card,34.1,5.0,CBF
101031,1032,Titanium_Credit_Card,16.54,5.0,CBF
101031,1032,Cashback_Card,11.77,5.0,CBF
101031,1032,Classic_Credit_Card,10.35,5.0,CBF
101031,1032,Gold_Credit_Card,9.98,5.0,CBF
101031,1032,Platinum_Credit_Card,6.87,5.0,CBF
101031,1032,Titanium_Credit_Card,88.03,40.0,XGBoost
101031,1032,Platinum_Credit_Card,74.78,25.0,XGBoost
101032,1033,Classic_Credit_Card,29.76,5.0,CBF
101032,1033,Gold_Credit_Card,26.67,5.0,CBF
101032,1033,Titanium_Credit_Card,21.66,5.0,CBF
101032,1033,Travel_Rewards_Card,12.68,5.0,CBF
101032,1033,World_Elite_Card,11.77,5.0,CBF
101032,1033,Platinum_Credit_Card,9.26,5.0,CBF
101032,1033,Travel_Rewards_Card,86.63,60.0,XGBoost
101032,1033,World_Elite_Card,84.48,35.0,XGBoost
101032,1033,Platinum_Credit_Card,65.76,25.0,XGBoost
101034,1035,Classic_Credit_Card,29.76,5.0,CBF
101034,1035,Gold_Credit_Card,26.67,5.0,CBF
101034,1035,Titanium_Credit_Card,21.66,5.0,CBF
101034,1035,Travel_Rewards_Card,12.68,5.0,CBF
101034,1035,World_Elite_Card,11.77,5.0,CBF
101034,1035,Platinum_Credit_Card,9.26,5.0,CBF
101034,1035,Titanium_Credit_Card,83.97,40.0,XGBoost
101034,1035,Platinum_Credit_Card,82.01,25.0,XGBoost
101035,1036,Classic_Credit_Card,29.76,5.0,CBF
101035,1036,Gold_Credit_Card,26.67,5.0,CBF
101035,1036,Titanium_Credit_Card,21.66,5.0,CBF
101035,1036,Travel_Rewards_Card,12.68,5.0,CBF
101035,1036,World_Elite_Card,11.77,5.0,CBF
101035,1036,Platinum_Credit_Card,9.26,5.0,CBF
101035,1036,Cashback_Card,77.59,15.0,XGBoost
101035,1036,Gold_Credit_Card,67.53,30.0,XGBoost
101035,1036,Classic_Credit_Card,60.48,30.0,XGBoost
101036,1037,Platinum_Credit_Card,39.63,5.0,CBF
101036,1037,World_Elite_Card,34.1,5.0,CBF
101036,1037,Titanium_Credit_Card,18.39,5.0,CBF
101036,1037,Cashback_Card,12.68,5.0,CBF
101036,1037,Classic_Credit_Card,12.68,5.0,CBF
101036,1037,Gold_Credit_Card,10.76,5.0,CBF
101036,1037,Titanium_Credit_Card,88.03,40.0,XGBoost
101036,1037,Platinum_Credit_Card,74.78,25.0,XGBoost
101037,1038,Platinum_Credit_Card,39.63,5.0,CBF
101037,1038,World_Elite_Card,34.1,5.0,CBF
101037,1038,Titanium_Credit_Card,18.39,5.0,CBF
101037,1038,Cashback_Card,12.68,5.0,CBF
101037,1038,Classic_Credit_Card,12.68,5.0,CBF
101037,1038,Gold_Credit_Card,10.76,5.0,CBF
101037,1038,Titanium_Credit_Card,83.97,40.0,XGBoost
101037,1038,Platinum_Credit_Card,82.01,25.0,XGBoost
101038,1039,Travel_Rewards_Card,34.1,5.0,CBF
101038,1039,Titanium_Credit_Card,16.54,5.0,CBF
101038,1039,Cashback_Card,11.77,5.0,CBF
101038,1039,Classic_Credit_Card,10.35,5.0,CBF
101038,1039,Gold_Credit_Card,9.98,5.0,CBF
101038,1039,Platinum_Credit_Card,6.87,5.0,CBF
101038,1039,Cashback_Card,77.59,15.0,XGBoost
101038,1039,Gold_Credit_Card,67.53,30.0,XGBoost
101038,1039,Classic_Credit_Card,60.48,30.0,XGBoost
101039,1040,Cashback_Card,79.08,15.0,XGBoost
101039,1040,Gold_Credit_Card,65.13,30.0,XGBoost
101039,1040,Classic_Credit_Card,64.16,30.0,XGBoost
101041,1042,Classic_Credit_Card,29.76,5.0,CBF
101041,1042,Gold_Credit_Card,26.67,5.0,CBF
101041,1042,Titanium_Credit_Card,21.66,5.0,CBF
101041,1042,Travel_Rewards_Card,12.68,5.0,CBF
101041,1042,World_Elite_Card,11.77,5.0,CBF
101041,1042,Platinum_Credit_Card,9.26,5.0,CBF
101041,1042,Cashback_Card,79.08,15.0,XGBoost
101041,1042,Gold_Credit_Card,65.13,30.0,XGBoost
101041,1042,Classic_Credit_Card,64.16,30.0,XGBoost
101042,1043,Cashback_Card,21.66,5.0,CBF
101042,1043,Travel_Rewards_Card,18.39,5.0,CBF
101042,1043,Platinum_Credit_Card,16.62,5.0,CBF
101042,1043,World_Elite_Card,16.54,5.0,CBF
101042,1043,Gold_Credit_Card,11.62,5.0,CBF
101042,1043,Classic_Credit_Card,10.99,5.0,CBF
101042,1043,Cashback_Card,66.55,15.0,XGBoost
101042,1043,Classic_Credit_Card,63.09,30.0,XGBoost
101042,1043,Gold_Credit_Card,62.33,30.0,XGBoost
101043,1044,Travel_Rewards_Card,39.63,5.0,CBF
101043,1044,Titanium_Credit_Card,16.62,5.0,CBF
101043,1044,Gold_Credit_Card,9.91,5.0,CBF
101043,1044,Cashback_Card,9.26,5.0,CBF
101043,1044,Classic_Credit_Card,8.18,5.0,CBF
101043,1044,World_Elite_Card,6.87,5.0,CBF
101043,1044,World_Elite_Card,77.53,35.0,XGBoost
101043,1044,Platinum_Credit_Card,73.58,25.0,XGBoost
101043,1044,Travel_Rewards_Card,70.69,60.0,XGBoost
101044,1045,Platinum_Credit_Card,39.63,5.0,CBF
101044,1045,World_Elite_Card,34.1,5.0,CBF
101044,1045,Titanium_Credit_Card,18.39,5.0,CBF
101044,1045,Cashback_Card,12.68,5.0,CBF
101044,1045,Classic_Credit_Card,12.68,5.0,CBF
101044,1045,Gold_Credit_Card,10.76,5.0,CBF
101044,1045,World_Elite_Card,85.27,35.0,XGBoost
101044,1045,Platinum_Credit_Card,70.69,25.0,XGBoost
101044,1045,Travel_Rewards_Card,66.58,60.0,XGBoost
101045,1046,Travel_Rewards_Card,34.1,5.0,CBF
101045,1046,Titanium_Credit_Card,16.54,5.0,CBF
101045,1046,Cashback_Card,11.77,5.0,CBF
101045,1046,Classic_Credit_Card,10.35,5.0,CBF
101045,1046,Gold_Credit_Card,9.98,5.0,CBF
101045,1046,Platinum_Credit_Card,6.87,5.0,CBF
101045,1046,Gold_Credit_Card,71.42,30.0,XGBoost
101045,1046,Cashback_Card,70.57,15.0,XGBoost
101045,1046,Classic_Credit_Card,66.04,30.0,XGBoost
101047,1048,Cashback_Card,26.67,5.0,CBF
101047,1048,Titanium_Credit_Card,11.62,5.0,CBF
101047,1048,Travel_Rewards_Card,10.76,5.0,CBF
101047,1048,World_Elite_Card,9.98,5.0,CBF
101047,1048,Platinum_Credit_Card,9.91,5.0,CBF
101047,1048,Classic_Credit_Card,7.69,5.0,CBF
101047,1048,World_Elite_Card,77.53,35.0,XGBoost
101047,1048,Platinum_Credit_Card,73.58,25.0,XGBoost
101047,1048,Travel_Rewards_Card,70.69,60.0,XGBoost
101048,1049,Travel_Rewards_Card,34.1,5.0,CBF
101048,1049,Titanium_Credit_Card,16.54,5.0,CBF
101048,1049,Cashback_Card,11.77,5.0,CBF
101048,1049,Classic_Credit_Card,10.35,5.0,CBF
101048,1049,Gold_Credit_Card,9.98,5.0,CBF
101048,1049,Platinum_Credit_Card,6.87,5.0,CBF
101048,1049,Cashback_Card,79.08,15.0,XGBoost
101048,1049,Gold_Credit_Card,65.13,30.0,XGBoost
101048,1049,Classic_Credit_Card,64.16,30.0,XGBoost
101049,1050,Platinum_Credit_Card,39.63,5.0,CBF
101049,1050,World_Elite_Card,34.1,5.0,CBF
101049,1050,Titanium_Credit_Card,18.39,5.0,CBF
101049,1050,Cashback_Card,12.68,5.0,CBF
101049,1050,Classic_Credit_Card,12.68,5.0,CBF
101049,1050,Gold_Credit_Card,10.76,5.0,CBF
101049,1050,Titanium_Credit_Card,88.03,40.0,XGBoost
101049,1050,Platinum_Credit_Card,74.78,25.0,XGBoost
101050,1051,Platinum_Credit_Card,39.63,5.0,CBF
101050,1051,World_Elite_Card,34.1,5.0,CBF
101050,1051,Titanium_Credit_Card,18.39,5.0,CBF
101050,1051,Cashback_Card,12.68,5.0,CBF
101050,1051,Classic_Credit_Card,12.68,5.0,CBF
101050,1051,Gold_Credit_Card,10.76,5.0,CBF
101050,1051,Cashback_Card,77.59,15.0,XGBoost
101050,1051,Gold_Credit_Card,67.53,30.0,XGBoost
101050,1051,Classic_Credit_Card,60.48,30.0,XGBoost
101052,1053,Cashback_Card,21.66,5.0,CBF
101052,1053,Travel_Rewards_Card,18.39,5.0,CBF
101052,1053,Platinum_Credit_Card,16.62,5.0,CBF
101052,1053,World_Elite_Card,16.54,5.0,CBF
101052,1053,Gold_Credit_Card,11.62,5.0,CBF
101052,1053,Classic_Credit_Card,10.99,5.0,CBF
101052,1053,World_Elite_Card,85.27,35.0,XGBoost
101052,1053,Platinum_Credit_Card,70.69,25.0,XGBoost
101052,1053,Travel_Rewards_Card,66.58,60.0,XGBoost
101053,1054,Classic_Credit_Card,29.76,5.0,CBF
101053,1054,Gold_Credit_Card,26.67,5.0,CBF
101053,1054,Titanium_Credit_Card,21.66,5.0,CBF
101053,1054,Travel_Rewards_Card,12.68,5.0,CBF
101053,1054,World_Elite_Card,11.77,5.0,CBF
101053,1054,Platinum_Credit_Card,9.26,5.0,CBF
101053,1054,Classic_Credit_Card,73.82,30.0,XGBoost
101053,1054,Cashback_Card,69.96,15.0,XGBoost
101053,1054,Gold_Credit_Card,64.92,30.0,XGBoost
101054,1055,Platinum_Credit_Card,39.63,5.0,CBF
101054,1055,World_Elite_Card,34.1,5.0,CBF
101054,1055,Titanium_Credit_Card,18.39,5.0,CBF
101054,1055,Cashback_Card,12.68,5.0,CBF
101054,1055,Classic_Credit_Card,12.68,5.0,CBF
101054,1055,Gold_Credit_Card,10.76,5.0,CBF
101054,1055,World_Elite_Card,85.27,35.0,XGBoost
101054,1055,Platinum_Credit_Card,70.69,25.0,XGBoost
101054,1055,Travel_Rewards_Card,66.58,60.0,XGBoost
101055,1056,Titanium_Credit_Card,83.97,40.0,XGBoost
101055,1056,Platinum_Credit_Card,82.01,25.0,XGBoost
101056,1057,Platinum_Credit_Card,39.63,5.0,CBF
101056,1057,World_Elite_Card,34.1,5.0,CBF
101056,1057,Titanium_Credit_Card,18.39,5.0,CBF
101056,1057,Cashback_Card,12.68,5.0,CBF
101056,1057,Classic_Credit_Card,12.68,5.0,CBF
101056,1057,Gold_Credit_Card,10.76,5.0,CBF
101056,1057,Titanium_Credit_Card,88.03,40.0,XGBoost
101056,1057,Platinum_Credit_Card,74.78,25.0,XGBoost
101057,1058,Travel_Rewards_Card,39.63,5.0,CBF
101057,1058,Titanium_Credit_Card,16.62,5.0,CBF
101057,1058,Gold_Credit_Card,9.91,5.0,CBF
101057,1058,Cashback_Card,9.26,5.0,CBF
101057,1058,Classic_Credit_Card,8.18,5.0,CBF
101057,1058,World_Elite_Card,6.87,5.0,CBF
101057,1058,Classic_Credit_Card,73.82,30.0,XGBoost
101057,1058,Cashback_Card,69.96,15.0,XGBoost
101057,1058,Gold_Credit_Card,64.92,30.0,XGBoost
101059,1060,Classic_Credit_Card,29.76,5.0,CBF
101059,1060,Gold_Credit_Card,26.67,5.0,CBF
101059,1060,Titanium_Credit_Card,21.66,5.0,CBF
101059,1060,Travel_Rewards_Card,12.68,5.0,CBF
101059,1060,World_Elite_Card,11.77,5.0,CBF
101059,1060,Platinum_Credit_Card,9.26,5.0,CBF
101059,1060,Titanium_Credit_Card,88.03,40.0,XGBoost
101059,1060,Platinum_Credit_Card,74.78,25.0,XGBoost
101060,1061,Platinum_Credit_Card,39.63,5.0,CBF
101060,1061,World_Elite_Card,34.1,5.0,CBF
101060,1061,Titanium_Credit_Card,18.39,5.0,CBF
101060,1061,Cashback_Card,12.68,5.0,CBF
101060,1061,Classic_Credit_Card,12.68,5.0,CBF
101060,1061,Gold_Credit_Card,10.76,5.0,CBF
101060,1061,Titanium_Credit_Card,83.97,40.0,XGBoost
101060,1061,Platinum_Credit_Card,82.01,25.0,XGBoost
101061,1062,Cashback_Card,26.67,5.0,CBF
101061,1062,Titanium_Credit_Card,11.62,5.0,CBF
101061,1062,Travel_Rewards_Card,10.76,5.0,CBF
101061,1062,World_Elite_Card,9.98,5.0,CBF
101061,1062,Platinum_Credit_Card,9.91,5.0,CBF
101061,1062,Classic_Credit_Card,7.69,5.0,CBF
101061,1062,World_Elite_Card,77.53,35.0,XGBoost
101061,1062,Platinum_Credit_Card,73.58,25.0,XGBoost
101061,1062,Travel_Rewards_Card,70.69,60.0,XGBoost
101062,1063,Travel_Rewards_Card,39.63,5.0,CBF
101062,1063,Titanium_Credit_Card,16.62,5.0,CBF
101062,1063,Gold_Credit_Card,9.91,5.0,CBF
101062,1063,Cashback_Card,9.26,5.0,CBF
101062,1063,Classic_Credit_Card,8.18,5.0,CBF
101062,1063,World_Elite_Card,6.87,5.0,CBF
101062,1063,Gold_Credit_Card,71.42,30.0,XGBoost
101062,1063,Cashback_Card,70.57,15.0,XGBoost
101062,1063,Classic_Credit_Card,66.04,30.0,XGBoost
101064,1065,Travel_Rewards_Card,34.1,5.0,CBF
101064,1065,Titanium_Credit_Card,16.54,5.0,CBF
101064,1065,Cashback_Card,11.77,5.0,CBF
101064,1065,Classic_Credit_Card,10.35,5.0,CBF
101064,1065,Gold_Credit_Card,9.98,5.0,CBF
101064,1065,Platinum_Credit_Card,6.87,5.0,CBF
101064,1065,Cashback_Card,79.08,15.0,XGBoost
101064,1065,Gold_Credit_Card,65.13,30.0,XGBoost
101064,1065,Classic_Credit_Card,64.16,30.0,XGBoost
101066,1067,Travel_Rewards_Card,86.63,60.0,XGBoost
101066,1067,World_Elite_Card,84.48,35.0,XGBoost
101066,1067,Platinum_Credit_Card,65.76,25.0,XGBoost
101067,1068,Cashback_Card,26.67,5.0,CBF
101067,1068,Titanium_Credit_Card,11.62,5.0,CBF
101067,1068,Travel_Rewards_Card,10.76,5.0,CBF
101067,1068,World_Elite_Card,9.98,5.0,CBF
101067,1068,Platinum_Credit_Card,9.91,5.0,CBF
101067,1068,Classic_Credit_Card,7.69,5.0,CBF
101067,1068,Cashback_Card,66.55,15.0,XGBoost
101067,1068,Classic_Credit_Card,63.09,30.0,XGBoost
101067,1068,Gold_Credit_Card,62.33,30.0,XGBoost
101068,1069,Cashback_Card,29.76,5.0,CBF
101068,1069,Travel_Rewards_Card,12.68,5.0,CBF
101068,1069,Titanium_Credit_Card,10.99,5.0,CBF
101068,1069,World_Elite_Card,10.35,5.0,CBF
101068,1069,Platinum_Credit_Card,8.18,5.0,CBF
101068,1069,Gold_Credit_Card,7.69,5.0,CBF
101068,1069,Titanium_Credit_Card,83.97,40.0,XGBoost
101068,1069,Platinum_Credit_Card,82.01,25.0,XGBoost
101069,1070,Travel_Rewards_Card,39.63,5.0,CBF
101069,1070,Titanium_Credit_Card,16.62,5.0,CBF
101069,1070,Gold_Credit_Card,9.91,5.0,CBF
101069,1070,Cashback_Card,9.26,5.0,CBF
101069,1070,Classic_Credit_Card,8.18,5.0,CBF
101069,1070,World_Elite_Card,6.87,5.0,CBF
101069,1070,Titanium_Credit_Card,83.97,40.0,XGBoost
101069,1070,Platinum_Credit_Card,82.01,25.0,XGBoost
101070,1071,Titanium_Credit_Card,83.97,40.0,XGBoost
101070,1071,Platinum_Credit_Card,82.01,25.0,XGBoost
101071,1072,Platinum_Credit_Card,39.63,5.0,CBF
101071,1072,World_Elite_Card,34.1,5.0,CBF
101071,1072,Titanium_Credit_Card,18.39,5.0,CBF
101071,1072,Cashback_Card,12.68,5.0,CBF
101071,1072,Classic_Credit_Card,12.68,5.0,CBF
101071,1072,Gold_Credit_Card,10.76,5.0,CBF
101071,1072,Cashback_Card,77.59,15.0,XGBoost
101071,1072,Gold_Credit_Card,67.53,30.0,XGBoost
101071,1072,Classic_Credit_Card,60.48,30.0,XGBoost
101072,1073,Cashback_Card,21.66,5.0,CBF
101072,1073,Travel_Rewards_Card,18.39,5.0,CBF
101072,1073,Platinum_Credit_Card,16.62,5.0,CBF
101072,1073,World_Elite_Card,16.54,5.0,CBF
101072,1073,Gold_Credit_Card,11.62,5.0,CBF
101072,1073,Classic_Credit_Card,10.99,5.0,CBF
101072,1073,World_Elite_Card,85.27,35.0,XGBoost
101072,1073,Platinum_Credit_Card,70.69,25.0,XGBoost
101072,1073,Travel_Rewards_Card,66.58,60.0,XGBoost
101074,1075,Cashback_Card,26.67,5.0,CBF
101074,1075,Titanium_Credit_Card,11.62,5.0,CBF
101074,1075,Travel_Rewards_Card,10.76,5.0,CBF
101074,1075,World_Elite_Card,9.98,5.0,CBF
101074,1075,Platinum_Credit_Card,9.91,5.0,CBF
101074,1075,Classic_Credit_Card,7.69,5.0,CBF
101074,1075,Gold_Credit_Card,71.42,30.0,XGBoost
101074,1075,Cashback_Card,70.57,15.0,XGBoost
101074,1075,Classic_Credit_Card,66.04,30.0,XGBoost
101075,1076,Cashback_Card,26.67,5.0,CBF
101075,1076,Titanium_Credit_Card,11.62,5.0,CBF
101075,1076,Travel_Rewards_Card,10.76,5.0,CBF
101075,1076,World_Elite_Card,9.98,5.0,CBF
101075,1076,Platinum_Credit_Card,9.91,5.0,CBF
101075,1076,Classic_Credit_Card,7.69,5.0,CBF
101075,1076,Titanium_Credit_Card,88.03,40.0,XGBoost
101075,1076,Platinum_Credit_Card,74.78,25.0,XGBoost
101076,1077,Classic_Credit_Card,29.76,5.0,CBF
101076,1077,Gold_Credit_Card,26.67,5.0,CBF
101076,1077,Titanium_Credit_Card,21.66,5.0,CBF
101076,1077,Travel_Rewards_Card,12.68,5.0,CBF
101076,1077,World_Elite_Card,11.77,5.0,CBF
101076,1077,Platinum_Credit_Card,9.26,5.0,CBF
101076,1077,Cashback_Card,77.59,15.0,XGBoost
101076,1077,Gold_Credit_Card,67.53,30.0,XGBoost
101076,1077,Classic_Credit_Card,60.48,30.0,XGBoost
101077,1078,Cashback_Card,29.76,5.0,CBF
101077,1078,Travel_Rewards_Card,12.68,5.0,CBF
101077,1078,Titanium_Credit_Card,10.99,5.0,CBF
101077,1078,World_Elite_Card,10.35,5.0,CBF
101077,1078,Platinum_Credit_Card,8.18,5.0,CBF
101077,1078,Gold_Credit_Card,7.69,5.0,CBF
101077,1078,Cashback_Card,66.55,15.0,XGBoost
101077,1078,Classic_Credit_Card,63.09,30.0,XGBoost
101077,1078,Gold_Credit_Card,62.33,30.0,XGBoost
101078,1079,Cashback_Card,26.67,5.0,CBF
101078,1079,Titanium_Credit_Card,11.62,5.0,CBF
101078,1079,Travel_Rewards_Card,10.76,5.0,CBF
101078,1079,World_Elite_Card,9.98,5.0,CBF
101078,1079,Platinum_Credit_Card,9.91,5.0,CBF
101078,1079,Classic_Credit_Card,7.69,5.0,CBF
101078,1079,Classic_Credit_Card,73.82,30.0,XGBoost
101078,1079,Cashback_Card,69.96,15.0,XGBoost
101078,1079,Gold_Credit_Card,64.92,30.0,XGBoost
