BRANCH_ID,BRANCH_NAME,CREATION_DATE,CREDIT_LIMIT,ACTIVATED,STATUS,STATUS_NAME,DELINQUENCY,LAST_STATEMENT_DATE,NAME,JOINING_FEE,ANNUAL_FEE,LEDGER_BALANCE,AVAILABLE_LIMIT,LAST_PAYMENT_AMOUNT,LAST_PAYMENT_DATE,TOTAL_HOLD,GENDER,DOB,ORGANIZATION,CUSTOMER_TYPE,RIM_NO,CLOSURE_DATE,OVERDUEAMOUNT,NO_OF_CYCLES,FIRST_REPLACED_CARD,SECOND_REPLACED_CARD,THIRD_REPLACED_CARD,Card account status 
9,Ismailia,2018-04-19,150000,A,NEW,New,0,2026-04-25,Travel Rewards Card,100,500,54420.51,95385.67,9774.16,2026-04-26,213.78,F,1987-01-02,Vodafone Egypt,Primary,100001,,0.0,97,,,,NEW
6,Assiut,2019-09-29,20000,A,NORM,Normal,0,2026-04-26,Cashback Card,500,0,9084.31,10691.8,4507.17,2026-04-21,1406.5,F,1972-06-18,IBM Egypt,Primary,100002,,0.0,80,,,,NORM
6,Assiut,2019-09-29,20000,I,CLSB,Closed by Bank,0,2026-04-29,Classic Credit Card,500,0,8372.53,11470.11,3266.66,2026-04-28,1066.12,F,1972-06-18,IBM Egypt,Primary,100002,2026-03-23,0.0,80,,,,CLSB
6,Assiut,2019-09-29,20000,A,WROF,Write Off,180,2026-04-27,Travel Rewards Card,500,0,-1492.31,18398.37,698.09,2026-04-19,1730.99,F,1972-06-18,IBM Egypt,Primary,100002,2026-04-21,10355.91,80,,,,WROF
9,Ismailia,2022-03-31,10000,I,CLSC,Closed by Customer,0,2026-04-20,Cashback Card,100,0,-60.98,9494.92,308.77,2026-04-12,450.49,M,1965-08-07,Elsewedy Capital,Primary,100003,2026-03-03,0.0,49,,,,CLSC
2,Giza,2021-02-12,100000,A,NORM,Normal,0,2026-04-26,Cashback Card,100,300,92225.14,7362.06,13790.51,2026-04-09,1515.48,F,1977-01-18,El Sewedy Electric,Primary,100004,,0.0,63,,VISA-OLD2,,NORM
3,Alexandria,2020-09-29,15000,A,NORM,Normal,0,2026-05-01,World Elite Card,100,300,4752.08,9929.3,702.45,2026-04-13,150.32,M,1983-12-17,Elsewedy Capital,Secondary,100005,,0.0,68,,,,NORM
5,Tanta,2020-05-14,200000,A,30DD,30 Days Delinquent,30,2026-04-29,Cashback Card,500,500,180547.87,19363.82,39160.43,2026-04-13,1665.04,F,1962-12-20,Banque Misr,Primary,100006,,102143.32,72,,VISA-OLD2,,30DD
5,Tanta,2020-05-14,200000,A,NORM,Normal,0,2026-04-19,Gold Credit Card,500,500,-4302.65,195239.41,16634.92,2026-04-11,164.73,F,1962-12-20,Banque Misr,Primary,100006,,0.0,72,,VISA-OLD2,,NORM
9,Ismailia,2024-07-22,75000,A,30DD,30 Days Delinquent,30,2026-04-26,Travel Rewards Card,100,150,56756.92,18225.15,3213.58,2026-04-15,72.65,F,1971-10-14,National Bank of Egypt,Primary,100007,,21211.39,21,,,,30DD
9,Ismailia,2024-07-22,75000,A,60DA,60 Days Delinquent,60,2026-04-25,Platinum Credit Card,100,150,21201.34,53450.61,12406.66,2026-04-17,1379.79,F,1971-10-14,National Bank of Egypt,Primary,100007,,25927.7,21,,,,60DA
3,Alexandria,2022-09-26,200000,I,CLSC,Closed by Customer,0,2026-04-28,Travel Rewards Card,500,1000,53674.47,146205.04,12408.56,2026-04-30,1909.44,F,1995-07-13,Ministry of Health,Secondary,100008,2026-03-17,0.0,43,,,,CLSC
9,Ismailia,2020-12-28,50000,A,NORM,Normal,0,2026-04-23,Travel Rewards Card,100,500,1932.46,47580.47,535.01,2026-04-04,755.73,M,1993-09-06,Talaat Moustafa Group,Secondary,100009,,0.0,65,,VISA-OLD2,,NORM
2,Giza,2021-05-07,150000,A,NORM,Normal,0,2026-04-21,Platinum Credit Card,200,150,23469.93,126090.83,16343.37,2026-04-28,200.99,M,1999-01-18,Military,Primary,100010,,0.0,60,,,,NORM
6,Assiut,2021-06-13,20000,A,NORM,Normal,0,2026-04-27,Gold Credit Card,0,500,637.08,19067.08,2658.78,2026-04-29,586.83,M,1999-06-01,Ministry of Health,Primary,100011,,0.0,59,,,,NORM
9,Ismailia,2020-12-21,150000,A,NORM,Normal,0,2026-04-18,Travel Rewards Card,100,300,33730.41,115950.73,9069.13,2026-04-12,829.75,F,1967-05-29,IBM Egypt,Primary,100012,,0.0,65,MC-OLD,,,NORM
9,Ismailia,2020-12-21,150000,A,NORM,Normal,0,2026-04-20,Gold Credit Card,100,300,73745.73,76143.12,17275.11,2026-04-09,961.03,F,1967-05-29,IBM Egypt,Primary,100012,,0.0,65,MC-OLD,,,NORM
2,Giza,2020-07-09,10000,A,NORM,Normal,0,2026-05-01,Titanium Credit Card,100,0,5352.62,4353.36,2620.78,2026-04-30,55.33,M,1971-02-13,Orange Egypt,Primary,100013,,0.0,70,,,,NORM
2,Giza,2020-09-01,30000,A,NEW,New,0,2026-04-30,Titanium Credit Card,100,1000,212.11,29717.08,3394.74,2026-04-19,185.05,F,1983-01-23,Elsewedy Capital,Primary,100014,,0.0,68,VISA-OLD,,,NEW
2,Giza,2022-11-01,50000,A,NORM,Normal,0,2026-05-01,Business Credit Card,0,0,22274.54,27401.27,4019.85,2026-04-19,1930.18,M,1964-05-07,Microsoft Egypt,Primary,100015,,0.0,42,,,,NORM
4,Mansoura,2024-01-06,100000,A,SUSP,Profit Suspended,120,2026-04-20,Platinum Credit Card,200,500,13640.64,86231.52,29561.76,2026-04-03,1021.74,M,1968-07-13,National Bank of Egypt,Primary,100016,,38170.94,28,MC-OLD,,,SUSP
1,Cairo Main,2024-01-24,5000,A,30DD,30 Days Delinquent,30,2026-04-30,Titanium Credit Card,500,500,3272.44,1582.33,431.36,2026-04-25,195.36,M,1989-04-02,Microsoft Egypt,Secondary,100017,,2650.87,27,,,,30DD
1,Cairo Main,2024-01-24,5000,A,NORM,Normal,0,2026-05-01,Gold Credit Card,500,500,2889.43,1811.67,210.67,2026-04-25,189.84,M,1989-04-02,Microsoft Egypt,Secondary,100017,,0.0,27,,,,NORM
1,Cairo Main,2024-01-24,5000,I,CNCD,Cancelled,0,2026-04-19,Business Credit Card,500,500,52.09,4686.76,1396.98,2026-04-30,1488.26,M,1989-04-02,Microsoft Egypt,Secondary,100017,,0.0,27,,,,CNCD
1,Cairo Main,2020-12-22,100000,I,CLSB,Closed by Bank,0,2026-04-21,Business Credit Card,100,150,1769.57,97987.13,10471.79,2026-04-16,239.97,F,1977-07-06,El Sewedy Electric,Secondary,100018,2026-03-15,0.0,65,MC-OLD,VISA-OLD2,,CLSB
1,Cairo Main,2021-07-08,5000,A,NEW,New,0,2026-04-20,Business Credit Card,100,0,347.96,4244.66,692.22,2026-04-10,1604.83,M,1993-07-20,Orascom,Primary,100019,,0.0,58,,,,NEW
7,Luxor,2024-05-22,20000,A,NORM,Normal,0,2026-04-22,Classic Credit Card,0,500,-22.98,19781.29,956.94,2026-04-26,1983.21,F,1965-05-18,Talaat Moustafa Group,Primary,100020,,0.0,23,,,,NORM
5,Tanta,2019-06-21,30000,A,60DA,60 Days Delinquent,60,2026-04-16,Gold Credit Card,0,500,18226.85,11600.26,6691.25,2026-04-10,1569.17,M,1977-10-02,National Bank of Egypt,Primary,100021,,9913.8,83,MC-OLD,,,60DA
9,Ismailia,2019-03-01,15000,A,NORM,Normal,0,2026-04-16,Gold Credit Card,100,300,739.38,14258.87,3803.92,2026-04-13,160.67,F,1973-06-06,Military,Primary,100023,,0.0,87,,,,NORM
5,Tanta,2023-06-25,30000,A,NORM,Normal,0,2026-04-16,Classic Credit Card,500,300,4162.11,25446.39,3054.24,2026-04-21,753.19,M,1982-09-02,Vodafone Egypt,Primary,100024,,0.0,34,,,,NORM
5,Tanta,2023-06-25,30000,A,NORM,Normal,0,2026-04-16,Business Credit Card,500,300,4954.42,24652.98,6503.24,2026-04-08,230.0,M,1982-09-02,Vodafone Egypt,Primary,100024,,0.0,34,,,,NORM
5,Tanta,2023-06-25,30000,I,CLSC,Closed by Customer,0,2026-04-22,Cashback Card,500,300,26471.61,3059.56,3034.04,2026-04-28,726.66,M,1982-09-02,Vodafone Egypt,Primary,100024,2026-04-08,0.0,34,,,,CLSC
3,Alexandria,2022-12-15,150000,A,NORM,Normal,0,2026-05-01,Classic Credit Card,0,150,135757.68,13761.85,2238.32,2026-04-10,1960.13,M,1993-04-01,IBM Egypt,Primary,100025,,0.0,41,,,,NORM
3,Alexandria,2022-12-15,150000,A,60DA,60 Days Delinquent,60,2026-04-23,Business Credit Card,0,150,40139.48,109625.28,19112.64,2026-04-01,270.46,M,1993-04-01,IBM Egypt,Primary,100025,,87662.45,41,,,,60DA
3,Alexandria,2021-06-16,50000,A,NORM,Normal,0,2026-04-30,Classic Credit Card,100,150,2297.4,47575.5,6192.47,2026-04-28,1907.87,M,1961-11-16,IBM Egypt,Primary,100026,,0.0,59,VISA-OLD,VISA-OLD2,,NORM
3,Alexandria,2021-06-16,50000,A,NEW,New,0,2026-04-28,Platinum Credit Card,100,150,24688.37,24841.42,3916.06,2026-04-29,528.23,M,1961-11-16,IBM Egypt,Primary,100026,,0.0,59,VISA-OLD,VISA-OLD2,,NEW
3,Alexandria,2019-10-28,15000,A,NORM,Normal,0,2026-05-01,Classic Credit Card,200,500,3179.76,11799.64,3762.18,2026-04-17,879.38,M,1970-08-14,Talaat Moustafa Group,Primary,100027,,0.0,79,,,,NORM
3,Alexandria,2019-10-28,15000,A,NORM,Normal,0,2026-04-26,Gold Credit Card,200,500,-566.83,14219.22,753.34,2026-04-19,671.25,M,1970-08-14,Talaat Moustafa Group,Primary,100027,,0.0,79,,,,NORM
1,Cairo Main,2023-04-12,20000,I,CLSC,Closed by Customer,0,2026-04-29,Business Credit Card,200,300,2245.23,17425.56,1129.25,2026-04-07,900.21,M,1998-07-07,Elsewedy Capital,Primary,100028,2026-04-20,0.0,37,,,,CLSC
6,Assiut,2018-10-12,30000,A,FRAD,Fraud,0,2026-04-29,Travel Rewards Card,200,0,14198.67,15347.59,3117.85,2026-04-01,983.57,M,1972-06-30,Talaat Moustafa Group,Primary,100029,,0.0,91,,,,FRAD
2,Giza,2022-11-15,50000,A,NORM,Normal,0,2026-04-30,Cashback Card,0,500,-3342.04,46463.78,14661.98,2026-04-16,701.99,M,1986-10-05,Talaat Moustafa Group,Primary,100030,,0.0,42,VISA-OLD,,,NORM
2,Giza,2022-11-15,50000,A,NEW,New,0,2026-04-25,Titanium Credit Card,0,500,24109.54,25613.61,6684.17,2026-04-11,422.57,M,1986-10-05,Talaat Moustafa Group,Primary,100030,,0.0,42,VISA-OLD,,,NEW
9,Ismailia,2024-01-15,20000,I,CLSB,Closed by Bank,0,2026-04-26,Gold Credit Card,200,1000,13600.79,6089.99,5422.83,2026-04-30,1602.71,F,1996-03-05,CIB,Primary,100031,2026-04-04,0.0,27,,VISA-OLD2,,CLSB
5,Tanta,2022-07-31,50000,A,30DD,30 Days Delinquent,30,2026-04-19,World Elite Card,100,150,46219.05,3563.92,12182.8,2026-04-05,569.78,F,1989-11-30,Microsoft Egypt,Primary,100032,,3718.11,45,,VISA-OLD2,,30DD
10,Suez,2022-07-22,150000,A,NORM,Normal,0,2026-04-17,World Elite Card,100,500,49384.93,100143.85,21577.93,2026-04-22,1110.01,F,1973-07-01,Freelancer,Primary,100033,,0.0,45,,VISA-OLD2,,NORM
10,Suez,2022-07-22,150000,A,NORM,Normal,0,2026-04-20,Platinum Credit Card,100,500,11707.76,137842.76,24978.63,2026-04-01,115.94,F,1973-07-01,Freelancer,Primary,100033,,0.0,45,,VISA-OLD2,,NORM
1,Cairo Main,2023-05-01,200000,A,30DD,30 Days Delinquent,30,2026-04-27,Gold Credit Card,500,1000,116241.95,83258.68,14868.8,2026-04-04,712.36,M,1970-12-25,Microsoft Egypt,Primary,100035,,113144.88,36,,,,30DD
1,Cairo Main,2023-05-01,200000,I,CLSC,Closed by Customer,0,2026-04-28,Titanium Credit Card,500,1000,164932.31,34778.21,10237.91,2026-04-17,16.57,M,1970-12-25,Microsoft Egypt,Primary,100035,2026-03-29,0.0,36,,,,CLSC
1,Cairo Main,2019-03-13,75000,A,NORM,Normal,0,2026-04-27,Business Credit Card,0,1000,18877.06,55706.6,5644.9,2026-04-14,644.67,M,1993-09-07,CIB,Primary,100036,,0.0,86,VISA-OLD,VISA-OLD2,,NORM
9,Ismailia,2021-07-23,100000,A,NORM,Normal,0,2026-04-18,Travel Rewards Card,500,150,-8823.3,91083.87,27764.98,2026-04-03,674.7,F,1986-09-16,Freelancer,Primary,100037,,0.0,58,,,,NORM
9,Ismailia,2020-09-06,30000,A,NEW,New,0,2026-04-30,World Elite Card,100,300,13906.76,15610.98,7749.9,2026-04-12,1557.9,F,1981-09-26,Edita Food Industries,Secondary,100038,,0.0,68,,,,NEW
3,Alexandria,2022-04-18,15000,A,NORM,Normal,0,2026-04-30,Gold Credit Card,500,300,11985.93,2609.41,3471.17,2026-04-02,1700.4,F,1970-05-16,Amazon Egypt,Primary,100039,,0.0,49,VISA-OLD,,,NORM
3,Alexandria,2022-04-18,15000,A,NORM,Normal,0,2026-04-24,Titanium Credit Card,500,300,-1261.97,13521.5,986.91,2026-04-30,1623.71,F,1970-05-16,Amazon Egypt,Primary,100039,,0.0,49,VISA-OLD,,,NORM
10,Suez,2018-03-22,200000,A,NORM,Normal,0,2026-04-16,Classic Credit Card,200,300,169264.0,30591.25,6276.21,2026-04-17,927.84,F,1991-03-14,Amazon Egypt,Primary,100040,,0.0,98,MC-OLD,VISA-OLD2,,NORM
4,Mansoura,2020-06-17,30000,A,NORM,Normal,0,2026-04-28,Classic Credit Card,500,300,1483.09,28172.59,586.5,2026-04-03,1468.91,F,1981-11-25,Orascom,Secondary,100041,,0.0,71,,VISA-OLD2,,NORM
9,Ismailia,2022-06-02,200000,A,NORM,Normal,0,2026-04-20,Classic Credit Card,0,500,157365.68,42193.74,34718.37,2026-04-29,1956.54,M,1961-03-17,Freelancer,Primary,100042,,0.0,47,,,,NORM
6,Assiut,2023-02-06,50000,A,NORM,Normal,0,2026-05-01,Travel Rewards Card,200,500,42843.17,7003.56,14043.1,2026-04-22,1699.32,F,1969-06-29,National Bank of Egypt,Primary,100043,,0.0,39,MC-OLD,,,NORM
6,Assiut,2018-10-09,5000,A,NEW,New,0,2026-04-17,Titanium Credit Card,0,1000,4688.75,253.07,464.11,2026-04-14,1596.96,M,1970-01-21,Elsewedy Capital,Primary,100044,,0.0,92,,VISA-OLD2,,NEW
6,Assiut,2018-10-09,5000,A,NORM,Normal,0,2026-04-21,Gold Credit Card,0,1000,2399.6,2447.81,174.67,2026-04-08,1490.22,M,1970-01-21,Elsewedy Capital,Primary,100044,,0.0,92,,VISA-OLD2,,NORM
4,Mansoura,2020-11-15,50000,A,NORM,Normal,0,2026-04-26,Gold Credit Card,100,300,21005.3,28690.56,8991.96,2026-04-16,1126.39,M,1980-11-10,Cairo University,Primary,100045,,0.0,66,,VISA-OLD2,,NORM
7,Luxor,2022-02-26,10000,A,NORM,Normal,0,2026-04-23,Cashback Card,0,500,3293.84,6624.13,1427.6,2026-04-25,1895.54,F,1989-09-03,CIB,Primary,100047,,0.0,50,,,,NORM
3,Alexandria,2019-12-23,150000,A,NORM,Normal,0,2026-04-30,World Elite Card,500,500,-8244.77,141417.04,28561.51,2026-04-28,652.93,F,1979-07-15,Cairo University,Primary,100048,,0.0,77,,,,NORM
3,Alexandria,2019-12-23,150000,A,NORM,Normal,0,2026-04-23,Business Credit Card,500,500,35580.29,114016.83,4914.43,2026-04-01,125.78,F,1979-07-15,Cairo University,Primary,100048,,0.0,77,,,,NORM
3,Alexandria,2019-12-23,150000,A,NORM,Normal,0,2026-04-24,Travel Rewards Card,500,500,15112.94,134440.67,17872.91,2026-04-10,300.63,F,1979-07-15,Cairo University,Primary,100048,,0.0,77,,,,NORM
5,Tanta,2023-01-21,20000,A,NEW,New,0,2026-04-18,Travel Rewards Card,0,500,8647.31,11160.36,4171.02,2026-04-28,66.79,F,1999-07-19,Orascom,Primary,100049,,0.0,39,,,,NEW
5,Tanta,2023-01-21,20000,A,NORM,Normal,0,2026-05-01,Platinum Credit Card,0,500,13140.52,6816.11,619.65,2026-04-05,320.28,F,1999-07-19,Orascom,Primary,100049,,0.0,39,,,,NORM
6,Assiut,2024-09-07,30000,A,NORM,Normal,0,2026-04-25,Titanium Credit Card,0,150,24269.49,5516.63,2162.84,2026-04-22,924.99,F,1972-07-17,Self Employed,Primary,100050,,0.0,20,,,,NORM
8,Zagazig,2018-03-12,10000,A,NEW,New,0,2026-04-25,Travel Rewards Card,100,300,-292.48,9222.53,1576.59,2026-04-22,574.49,F,1980-02-07,Self Employed,Primary,100051,,0.0,99,,,,NEW
9,Ismailia,2021-12-12,100000,A,NORM,Normal,0,2026-04-27,World Elite Card,100,0,80246.21,19513.02,3579.59,2026-04-17,828.11,M,1974-11-02,Edita Food Industries,Primary,100052,,0.0,53,MC-OLD,,,NORM
4,Mansoura,2023-06-07,30000,A,NORM,Normal,0,2026-04-26,World Elite Card,100,300,20324.07,9532.45,3435.77,2026-04-02,50.34,M,1969-09-15,IBM Egypt,Primary,100053,,0.0,35,,VISA-OLD2,,NORM
4,Mansoura,2023-06-07,30000,A,NORM,Normal,0,2026-04-20,Classic Credit Card,100,300,11529.79,18229.47,7120.3,2026-04-23,624.07,M,1969-09-15,IBM Egypt,Primary,100053,,0.0,35,,VISA-OLD2,,NORM
3,Alexandria,2018-07-06,5000,A,NORM,Normal,0,2026-04-22,Platinum Credit Card,500,0,4561.9,0.0,1190.25,2026-04-17,904.13,M,1972-04-21,Cairo University,Primary,100054,,0.0,95,VISA-OLD,,,NORM
6,Assiut,2018-07-30,30000,I,CLSD,Closed,0,2026-04-21,Business Credit Card,500,500,3110.82,26563.23,7005.96,2026-04-14,1184.91,M,1968-04-08,Cairo University,Primary,100055,2026-04-06,0.0,94,,,,CLSD
6,Assiut,2018-07-30,30000,A,NORM,Normal,0,2026-04-23,Classic Credit Card,500,500,11912.69,17724.23,124.15,2026-04-03,447.19,M,1968-04-08,Cairo University,Primary,100055,,0.0,94,,,,NORM
6,Assiut,2018-07-30,30000,A,NORM,Normal,0,2026-04-28,Travel Rewards Card,500,500,924.13,28802.37,3293.18,2026-04-14,809.2,M,1968-04-08,Cairo University,Primary,100055,,0.0,94,,,,NORM
3,Alexandria,2024-04-24,30000,I,CLSC,Closed by Customer,0,2026-04-23,Titanium Credit Card,0,1000,-2692.13,27043.11,425.16,2026-04-09,1794.13,F,1996-05-20,Military,Primary,100056,2026-03-30,0.0,24,MC-OLD,,,CLSC
4,Mansoura,2018-11-29,15000,A,30DD,30 Days Delinquent,30,2026-04-26,Gold Credit Card,100,0,-905.48,13619.58,1279.5,2026-04-18,1111.49,F,1971-11-14,Freelancer,Primary,100058,,1603.8,90,VISA-OLD,,,30DD
1,Cairo Main,2021-03-26,30000,A,SUSP,Profit Suspended,120,2026-04-17,Business Credit Card,100,300,10615.25,19151.11,3397.8,2026-04-01,435.06,M,1970-05-20,Amazon Egypt,Primary,100059,,5090.3,62,,,,SUSP
1,Cairo Main,2021-03-26,30000,A,WROF,Write Off,180,2026-04-29,Classic Credit Card,100,300,23286.71,6674.19,6205.93,2026-04-14,379.97,M,1970-05-20,Amazon Egypt,Primary,100059,2026-03-04,10369.55,62,,,,WROF
9,Ismailia,2023-07-16,100000,A,NORM,Normal,0,2026-04-22,Classic Credit Card,500,300,5928.94,93701.99,15602.94,2026-04-30,678.73,F,1984-03-22,Vodafone Egypt,Primary,100061,,0.0,34,MC-OLD,VISA-OLD2,,NORM
1,Cairo Main,2021-01-08,200000,A,30DD,30 Days Delinquent,30,2026-04-28,Platinum Credit Card,500,1000,-19310.1,180240.85,44306.14,2026-04-22,1309.06,F,1994-04-21,Talaat Moustafa Group,Primary,100062,,63196.54,64,MC-OLD,,,30DD
8,Zagazig,2023-04-10,50000,A,NORM,Normal,0,2026-04-25,Cashback Card,0,150,20729.37,29143.09,2773.82,2026-04-15,1121.73,F,1964-02-03,Amazon Egypt,Primary,100063,,0.0,37,,,,NORM
9,Ismailia,2023-02-06,10000,I,CNCD,Cancelled,0,2026-04-16,Cashback Card,0,500,4827.32,5124.8,2633.37,2026-04-01,1297.95,M,1961-08-24,Ministry of Health,Primary,100064,,0.0,39,,,,CNCD
9,Ismailia,2024-12-25,100000,I,CLSC,Closed by Customer,0,2026-04-28,Classic Credit Card,100,300,6943.34,92812.97,20867.71,2026-04-13,1116.53,M,1976-03-24,Juhayna,Primary,100065,2026-04-08,0.0,16,VISA-OLD,,,CLSC
1,Cairo Main,2024-10-29,20000,A,NORM,Normal,0,2026-04-24,World Elite Card,0,1000,2358.4,17351.78,2190.26,2026-04-14,68.36,F,1988-04-05,National Bank of Egypt,Primary,100066,,0.0,18,,,,NORM
1,Cairo Main,2024-10-29,20000,A,NORM,Normal,0,2026-04-24,Business Credit Card,0,1000,2202.05,17554.61,2448.53,2026-04-10,488.7,F,1988-04-05,National Bank of Egypt,Primary,100066,,0.0,18,,,,NORM
7,Luxor,2024-09-21,150000,A,NORM,Normal,0,2026-05-01,Platinum Credit Card,0,300,128934.46,20828.76,23449.68,2026-04-18,309.08,F,1968-07-19,Edita Food Industries,Secondary,100068,,0.0,19,MC-OLD,,,NORM
7,Luxor,2024-09-21,150000,A,NORM,Normal,0,2026-04-23,Travel Rewards Card,0,300,79161.04,70831.77,7193.89,2026-04-01,1061.51,F,1968-07-19,Edita Food Industries,Secondary,100068,,0.0,19,MC-OLD,,,NORM
1,Cairo Main,2021-05-07,200000,A,NORM,Normal,0,2026-04-16,Business Credit Card,100,500,51085.7,148899.16,35259.61,2026-04-17,1074.05,F,1972-09-08,IBM Egypt,Primary,100069,,0.0,60,MC-OLD,,,NORM
8,Zagazig,2020-02-12,20000,A,NORM,Normal,0,2026-04-21,Titanium Credit Card,500,0,8725.3,11153.03,3657.5,2026-04-23,1811.41,F,1974-06-08,Self Employed,Primary,100070,,0.0,75,VISA-OLD,,,NORM
3,Alexandria,2018-06-01,15000,A,NEW,New,0,2026-04-27,Cashback Card,0,500,13332.84,1169.39,3496.92,2026-04-02,1931.08,M,1982-03-21,Government,Secondary,100071,,0.0,96,,,,NEW
7,Luxor,2019-09-25,10000,A,SUSP,Profit Suspended,120,2026-04-20,World Elite Card,200,1000,7265.05,2411.83,821.68,2026-04-12,499.86,F,1999-01-25,National Bank of Egypt,Secondary,100072,,3342.91,80,MC-OLD,,,SUSP
6,Assiut,2023-06-22,150000,A,NORM,Normal,0,2026-04-24,Gold Credit Card,100,300,115336.79,34452.34,23246.22,2026-04-26,1892.84,M,1988-02-12,National Bank of Egypt,Primary,100073,,0.0,34,,,,NORM
8,Zagazig,2021-05-11,5000,A,90DA,90 Days Delinquent,90,2026-04-29,Classic Credit Card,200,300,-275.63,4640.67,767.52,2026-04-27,681.32,F,1967-06-18,Amazon Egypt,Primary,100074,,1251.28,60,MC-OLD,,,90DA
10,Suez,2020-01-08,15000,A,SUSP,Profit Suspended,120,2026-04-19,Travel Rewards Card,100,500,9084.45,5521.51,1040.4,2026-04-29,996.6,M,1990-08-01,Elsewedy Capital,Primary,100075,,6895.8,76,,,,SUSP
5,Tanta,2018-02-08,100000,A,NORM,Normal,0,2026-04-23,Platinum Credit Card,200,1000,61313.1,38547.18,14736.39,2026-04-28,1407.51,F,1989-11-29,Amazon Egypt,Primary,100076,,0.0,100,VISA-OLD,,,NORM
5,Tanta,2018-02-08,100000,A,NORM,Normal,0,2026-04-17,Classic Credit Card,200,1000,5793.66,93762.65,26.26,2026-04-21,210.39,F,1989-11-29,Amazon Egypt,Primary,100076,,0.0,100,VISA-OLD,,,NORM
5,Tanta,2018-02-08,100000,I,CNCD,Cancelled,0,2026-04-18,Titanium Credit Card,200,1000,80717.15,19264.28,16855.24,2026-04-06,256.32,F,1989-11-29,Amazon Egypt,Primary,100076,,0.0,100,VISA-OLD,,,CNCD
4,Mansoura,2023-06-03,10000,A,NEW,New,0,2026-04-17,Cashback Card,200,300,2229.49,7605.65,557.46,2026-04-04,1089.08,M,1977-04-03,Microsoft Egypt,Primary,100077,,0.0,35,MC-OLD,,,NEW
10,Suez,2023-07-28,30000,I,CNCD,Cancelled,0,2026-04-27,Titanium Credit Card,200,150,10410.45,19554.44,8340.01,2026-04-05,1595.52,M,1993-06-04,Military,Primary,100078,,0.0,33,,,,CNCD
10,Suez,2023-07-28,30000,A,NORM,Normal,0,2026-04-21,World Elite Card,200,150,9827.67,19820.58,8768.05,2026-04-24,1281.24,M,1993-06-04,Military,Primary,100078,,0.0,33,,,,NORM
1,Cairo Main,2022-12-11,5000,A,30DD,30 Days Delinquent,30,2026-04-16,Platinum Credit Card,0,300,1640.11,3075.38,639.97,2026-04-06,583.55,F,1973-11-09,Amazon Egypt,Primary,100079,,1955.32,41,,VISA-OLD2,,30DD
6,Assiut,2023-08-18,30000,A,30DD,30 Days Delinquent,30,2026-04-24,World Elite Card,500,300,15700.4,14174.1,7989.41,2026-04-18,1350.91,F,1983-10-24,CIB,Primary,100080,,4337.82,32,,,,30DD
6,Assiut,2023-08-18,30000,A,NORM,Normal,0,2026-04-23,Travel Rewards Card,500,300,23280.51,6533.73,7029.51,2026-04-02,707.09,F,1983-10-24,CIB,Primary,100080,,0.0,32,,,,NORM
4,Mansoura,2022-06-16,150000,A,NORM,Normal,0,2026-04-27,Travel Rewards Card,0,300,56329.65,93313.11,40013.82,2026-04-19,1375.98,M,1998-08-01,Freelancer,Primary,100081,,0.0,47,,VISA-OLD2,,NORM
7,Luxor,2022-03-02,10000,A,NORM,Normal,0,2026-04-25,Business Credit Card,0,1000,2561.59,7321.55,221.13,2026-04-09,879.62,F,1996-11-21,Military,Primary,100082,,0.0,50,,,,NORM
5,Tanta,2022-07-31,10000,A,NORM,Normal,0,2026-04-19,Classic Credit Card,200,500,8199.85,1348.16,570.33,2026-04-11,75.06,M,1989-02-14,CIB,Primary,100083,,0.0,45,MC-OLD,,,NORM
7,Luxor,2022-02-28,150000,A,NORM,Normal,0,2026-04-19,Platinum Credit Card,500,0,27049.19,122948.64,15813.33,2026-04-03,993.06,F,1980-05-07,Military,Primary,100084,,0.0,50,,,,NORM
6,Assiut,2022-12-22,100000,A,NORM,Normal,0,2026-04-21,Cashback Card,200,1000,2656.94,97103.37,15511.08,2026-04-11,1578.97,F,1969-09-29,Orange Egypt,Primary,100085,,0.0,40,,,,NORM
6,Assiut,2022-12-22,100000,A,NEW,New,0,2026-05-01,Classic Credit Card,200,1000,47388.51,52575.68,11938.91,2026-04-27,1925.07,F,1969-09-29,Orange Egypt,Primary,100085,,0.0,40,,,,NEW
6,Assiut,2022-12-22,100000,A,NORM,Normal,0,2026-04-24,Business Credit Card,200,1000,33158.66,66459.31,17673.0,2026-04-30,1668.07,F,1969-09-29,Orange Egypt,Primary,100085,,0.0,40,,,,NORM
8,Zagazig,2020-05-18,200000,A,NORM,Normal,0,2026-04-23,Classic Credit Card,100,150,152081.99,47439.55,18241.21,2026-04-15,180.05,M,1964-02-10,National Bank of Egypt,Secondary,100086,,0.0,72,MC-OLD,,,NORM
8,Zagazig,2020-05-18,200000,A,NORM,Normal,0,2026-04-19,Travel Rewards Card,100,150,108298.63,91290.38,56268.87,2026-04-14,637.65,M,1964-02-10,National Bank of Egypt,Secondary,100086,,0.0,72,MC-OLD,,,NORM
8,Zagazig,2020-05-18,200000,I,CLSB,Closed by Bank,0,2026-04-17,Platinum Credit Card,100,150,-16812.26,182981.14,51192.98,2026-04-11,1835.88,M,1964-02-10,National Bank of Egypt,Secondary,100086,2026-05-01,0.0,72,MC-OLD,,,CLSB
10,Suez,2020-08-12,50000,I,CLSB,Closed by Bank,0,2026-04-25,Classic Credit Card,100,150,39518.04,10108.81,3104.67,2026-04-05,1356.83,F,1969-09-08,Orascom,Primary,100087,2026-04-16,0.0,69,,,,CLSB
10,Suez,2020-08-12,50000,A,NORM,Normal,0,2026-04-22,Platinum Credit Card,100,150,10959.5,38957.27,7064.23,2026-04-19,363.22,F,1969-09-08,Orascom,Primary,100087,,0.0,69,,,,NORM
1,Cairo Main,2020-09-01,200000,I,CLSC,Closed by Customer,0,2026-04-20,Platinum Credit Card,200,0,-6148.56,193381.2,22408.81,2026-04-19,638.69,M,1976-01-26,Amazon Egypt,Primary,100088,2026-04-12,0.0,68,,,,CLSC
8,Zagazig,2022-01-22,150000,A,NORM,Normal,0,2026-04-16,Business Credit Card,100,1000,18419.66,131506.11,3205.88,2026-04-30,1339.28,M,1994-11-25,Government,Primary,100089,,0.0,52,,,,NORM
8,Zagazig,2022-07-04,75000,A,90DA,90 Days Delinquent,90,2026-04-16,Business Credit Card,500,0,54257.03,20545.82,7591.14,2026-04-20,420.36,M,1998-01-03,Edita Food Industries,Primary,100090,,39279.46,46,,,,90DA
5,Tanta,2024-07-25,150000,A,60DA,60 Days Delinquent,60,2026-05-01,Travel Rewards Card,200,500,105190.64,44390.31,25750.99,2026-04-30,1492.74,F,1988-01-02,CIB,Primary,100091,,10863.9,21,,VISA-OLD2,,60DA
5,Tanta,2024-07-25,150000,I,CLSD,Closed,0,2026-04-29,World Elite Card,200,500,115417.56,34378.43,43820.29,2026-04-09,1319.98,F,1988-01-02,CIB,Primary,100091,2026-04-19,0.0,21,,VISA-OLD2,,CLSD
4,Mansoura,2023-01-24,20000,I,CNCD,Cancelled,0,2026-04-22,Business Credit Card,500,500,7250.61,12546.45,4827.04,2026-04-25,583.74,M,1979-04-17,Edita Food Industries,Primary,100092,,0.0,39,,,,CNCD
3,Alexandria,2023-04-27,10000,A,NORM,Normal,0,2026-04-22,Gold Credit Card,0,500,5308.67,4340.14,274.21,2026-04-28,425.84,M,1990-10-22,IBM Egypt,Secondary,100093,,0.0,36,MC-OLD,,,NORM
10,Suez,2024-04-19,50000,A,90DA,90 Days Delinquent,90,2026-04-17,Travel Rewards Card,200,500,42044.54,7547.02,14626.73,2026-04-20,664.8,M,1985-03-11,Juhayna,Primary,100094,,26070.86,24,,,,90DA
7,Luxor,2024-04-16,200000,A,SUSP,Profit Suspended,120,2026-04-26,Classic Credit Card,200,0,35200.02,164407.33,11432.27,2026-04-06,835.84,M,1997-11-29,Talaat Moustafa Group,Primary,100096,,46448.41,24,,,,SUSP
6,Assiut,2020-01-14,15000,A,NORM,Normal,0,2026-04-22,Travel Rewards Card,0,150,2208.61,12528.94,708.31,2026-04-10,1216.0,M,1960-04-10,National Bank of Egypt,Primary,100097,,0.0,76,,,,NORM
7,Luxor,2021-10-28,15000,A,NEW,New,0,2026-04-28,Cashback Card,0,0,5354.95,9444.92,3266.71,2026-04-13,1027.79,M,1980-05-07,Orascom,Primary,100098,,0.0,54,,,,NEW
5,Tanta,2022-10-03,100000,A,90DA,90 Days Delinquent,90,2026-04-18,Travel Rewards Card,200,150,44340.48,55641.42,19182.74,2026-04-24,1962.26,M,1979-11-16,IBM Egypt,Primary,100099,,6924.79,43,,VISA-OLD2,,90DA
8,Zagazig,2021-06-17,5000,I,CLSD,Closed,0,2026-04-19,Classic Credit Card,0,150,2263.82,2606.13,157.95,2026-04-05,241.88,F,1983-08-21,El Sewedy Electric,Primary,100100,2026-03-26,0.0,59,,,,CLSD
6,Assiut,2018-02-01,100000,I,CLSC,Closed by Customer,0,2026-04-25,Platinum Credit Card,500,1000,80990.78,18702.99,25978.32,2026-04-25,1758.35,M,1965-05-19,Government,Primary,100101,2026-03-24,0.0,100,,,,CLSC
6,Assiut,2018-02-01,100000,A,30DD,30 Days Delinquent,30,2026-04-25,Gold Credit Card,500,1000,20578.07,79314.21,20595.22,2026-04-28,549.36,M,1965-05-19,Government,Primary,100101,,56400.48,100,,,,30DD
7,Luxor,2018-06-23,75000,I,CLSB,Closed by Bank,0,2026-05-01,Gold Credit Card,200,1000,17978.93,56605.37,13649.82,2026-04-11,1839.39,F,1998-08-28,Cairo University,Primary,100102,2026-04-01,0.0,95,VISA-OLD,,,CLSB
2,Giza,2018-03-27,50000,A,NORM,Normal,0,2026-04-16,Business Credit Card,200,0,16056.45,33552.73,12788.99,2026-04-13,262.24,F,1978-03-03,CIB,Primary,100103,,0.0,98,MC-OLD,,,NORM
9,Ismailia,2022-06-10,30000,A,NORM,Normal,0,2026-04-25,Titanium Credit Card,100,0,9020.09,20875.04,3771.88,2026-04-16,884.12,M,1963-07-12,Government,Primary,100104,,0.0,47,,,,NORM
9,Ismailia,2022-06-10,30000,A,NORM,Normal,0,2026-04-28,Platinum Credit Card,100,0,18451.83,11493.59,7087.51,2026-04-21,472.29,M,1963-07-12,Government,Primary,100104,,0.0,47,,,,NORM
3,Alexandria,2019-02-26,15000,A,NORM,Normal,0,2026-04-25,Platinum Credit Card,100,0,6111.59,8698.59,2189.75,2026-04-19,1486.76,M,1970-08-07,Self Employed,Primary,100105,,0.0,87,MC-OLD,VISA-OLD2,,NORM
8,Zagazig,2024-05-01,200000,A,60DA,60 Days Delinquent,60,2026-04-18,Cashback Card,100,500,7846.04,191718.82,13087.3,2026-04-28,943.31,M,1990-07-21,Self Employed,Primary,100106,,46272.14,24,,,,60DA
10,Suez,2021-12-12,150000,A,NORM,Normal,0,2026-04-22,Business Credit Card,500,0,56119.36,93389.74,36407.59,2026-04-30,668.97,M,1962-07-09,IBM Egypt,Secondary,100107,,0.0,53,,,,NORM
1,Cairo Main,2019-02-28,50000,A,30DD,30 Days Delinquent,30,2026-04-22,Gold Credit Card,100,0,43435.53,6295.42,10316.25,2026-04-02,406.76,M,1980-03-17,Freelancer,Secondary,100109,,18925.1,87,MC-OLD,VISA-OLD2,,30DD
1,Cairo Main,2019-02-28,50000,I,CLSD,Closed,0,2026-04-23,World Elite Card,100,0,22736.9,27074.57,8820.08,2026-04-18,1911.92,M,1980-03-17,Freelancer,Secondary,100109,2026-04-16,0.0,87,MC-OLD,VISA-OLD2,,CLSD
1,Cairo Main,2019-02-28,50000,A,30DD,30 Days Delinquent,30,2026-04-19,Cashback Card,100,0,15311.3,34553.93,6396.5,2026-04-14,1205.05,M,1980-03-17,Freelancer,Secondary,100109,,16604.09,87,MC-OLD,VISA-OLD2,,30DD
10,Suez,2022-01-30,50000,A,NORM,Normal,0,2026-04-29,Travel Rewards Card,0,300,35215.53,14525.36,3479.18,2026-04-01,1973.8,M,1967-02-13,Edita Food Industries,Primary,100110,,0.0,51,VISA-OLD,,,NORM
10,Suez,2022-01-30,50000,A,NORM,Normal,0,2026-04-22,Titanium Credit Card,0,300,23309.62,26570.71,8761.28,2026-04-07,1219.81,M,1967-02-13,Edita Food Industries,Primary,100110,,0.0,51,VISA-OLD,,,NORM
10,Suez,2022-01-30,50000,A,30DD,30 Days Delinquent,30,2026-04-27,Platinum Credit Card,0,300,36472.56,13397.23,6870.62,2026-04-16,724.6,M,1967-02-13,Edita Food Industries,Primary,100110,,8725.7,51,VISA-OLD,,,30DD
9,Ismailia,2021-09-07,15000,A,NORM,Normal,0,2026-04-21,Gold Credit Card,500,1000,9939.89,4819.9,1853.84,2026-04-29,505.09,F,1976-11-23,Vodafone Egypt,Primary,100112,,0.0,56,,,,NORM
6,Assiut,2023-06-15,20000,A,WROF,Write Off,180,2026-04-24,Platinum Credit Card,100,0,1425.3,18337.07,2738.24,2026-04-28,1221.9,F,1994-05-14,CIB,Primary,100113,2026-03-03,10905.55,35,MC-OLD,VISA-OLD2,,WROF
1,Cairo Main,2021-10-11,200000,A,NORM,Normal,0,2026-05-01,Travel Rewards Card,100,150,147547.85,52332.53,32768.3,2026-04-13,456.78,M,1989-09-10,Military,Secondary,100114,,0.0,55,,,,NORM
1,Cairo Main,2022-02-01,20000,A,NORM,Normal,0,2026-05-01,World Elite Card,500,150,17942.45,1752.89,690.9,2026-04-02,1119.66,M,1978-06-06,Juhayna,Secondary,100115,,0.0,51,VISA-OLD,,,NORM
1,Cairo Main,2022-02-01,20000,A,30DD,30 Days Delinquent,30,2026-05-01,Travel Rewards Card,500,150,9233.75,10526.1,4317.48,2026-04-19,212.62,M,1978-06-06,Juhayna,Secondary,100115,,504.88,51,VISA-OLD,,,30DD
1,Cairo Main,2022-02-01,20000,A,NEW,New,0,2026-04-26,Cashback Card,500,150,12119.29,7772.96,4815.98,2026-04-10,1970.26,M,1978-06-06,Juhayna,Secondary,100115,,0.0,51,VISA-OLD,,,NEW
6,Assiut,2024-05-25,100000,A,NORM,Normal,0,2026-04-22,World Elite Card,500,1000,89601.02,9980.22,27909.87,2026-04-15,1546.4,F,1990-06-05,Orascom,Secondary,100116,,0.0,23,MC-OLD,,,NORM
5,Tanta,2023-05-23,50000,A,WROF,Write Off,180,2026-04-19,Gold Credit Card,0,300,37759.8,12194.2,11665.6,2026-04-28,362.59,M,1962-05-04,Orascom,Primary,100117,2026-04-05,29481.49,35,MC-OLD,,,WROF
7,Luxor,2020-06-28,100000,A,60DA,60 Days Delinquent,60,2026-04-24,Classic Credit Card,0,500,67156.24,32418.34,12112.63,2026-04-23,1531.21,F,1964-02-11,Elsewedy Capital,Primary,100118,,24964.15,71,,,,60DA
7,Luxor,2020-06-28,100000,A,NORM,Normal,0,2026-04-27,Titanium Credit Card,0,500,73067.65,26872.66,310.52,2026-04-24,1488.45,F,1964-02-11,Elsewedy Capital,Primary,100118,,0.0,71,,,,NORM
4,Mansoura,2021-07-29,10000,A,NORM,Normal,0,2026-05-01,Cashback Card,100,150,2181.99,7408.38,1547.14,2026-04-21,1220.08,M,1961-04-06,Juhayna,Secondary,100119,,0.0,57,VISA-OLD,,,NORM
4,Mansoura,2021-07-29,10000,A,NORM,Normal,0,2026-05-01,Travel Rewards Card,100,150,2845.81,6741.66,1701.07,2026-04-16,1555.46,M,1961-04-06,Juhayna,Secondary,100119,,0.0,57,VISA-OLD,,,NORM
2,Giza,2020-09-03,75000,A,NORM,Normal,0,2026-04-23,Business Credit Card,0,0,15884.27,58633.84,18064.37,2026-04-04,1931.62,F,1962-02-21,Military,Primary,100121,,0.0,68,MC-OLD,VISA-OLD2,,NORM
4,Mansoura,2019-08-12,30000,A,30DD,30 Days Delinquent,30,2026-04-30,Cashback Card,100,1000,6048.82,23885.2,3422.62,2026-04-29,1695.69,F,1992-03-25,Orascom,Primary,100122,,11923.23,81,,VISA-OLD2,,30DD
6,Assiut,2023-11-25,150000,A,30DD,30 Days Delinquent,30,2026-05-01,Classic Credit Card,500,500,121085.8,28606.33,41304.96,2026-04-25,1834.25,M,1963-01-13,Microsoft Egypt,Secondary,100123,,80757.64,29,,,,30DD
6,Assiut,2018-10-04,50000,A,SUSP,Profit Suspended,120,2026-05-01,Gold Credit Card,200,150,25934.11,23654.48,12877.38,2026-04-20,577.67,M,1995-05-16,IBM Egypt,Primary,100124,,10982.84,92,,,,SUSP
8,Zagazig,2020-01-17,15000,A,NORM,Normal,0,2026-04-29,Business Credit Card,0,300,6763.02,7927.48,2694.01,2026-04-29,1202.22,M,1988-05-03,Orange Egypt,Primary,100125,,0.0,76,,,,NORM
5,Tanta,2022-06-20,150000,I,CLSC,Closed by Customer,0,2026-04-22,Classic Credit Card,100,300,14632.64,134974.54,14226.16,2026-04-05,29.16,F,1983-02-13,Orange Egypt,Secondary,100126,2026-04-14,0.0,47,,,,CLSC
2,Giza,2022-02-16,75000,I,CLSC,Closed by Customer,0,2026-04-23,Business Credit Card,200,150,2172.94,72670.43,10263.87,2026-04-14,1390.38,F,1995-11-09,Self Employed,Primary,100127,2026-04-22,0.0,51,MC-OLD,,,CLSC
2,Giza,2022-02-16,75000,A,NORM,Normal,0,2026-04-26,Titanium Credit Card,200,150,33234.98,41276.99,2096.91,2026-04-05,960.75,F,1995-11-09,Self Employed,Primary,100127,,0.0,51,MC-OLD,,,NORM
2,Giza,2022-10-05,10000,A,WROF,Write Off,180,2026-04-24,Platinum Credit Card,200,300,6646.41,2932.63,592.04,2026-04-23,478.05,M,1992-08-12,National Bank of Egypt,Primary,100128,2026-04-10,4585.19,43,,,,WROF
8,Zagazig,2022-10-12,15000,A,NORM,Normal,0,2026-04-23,Cashback Card,500,0,11752.55,3092.09,696.1,2026-04-28,513.0,F,1987-01-12,Military,Secondary,100129,,0.0,43,,,,NORM
2,Giza,2022-07-22,50000,A,NORM,Normal,0,2026-04-26,Platinum Credit Card,0,150,15671.26,34139.64,6212.54,2026-04-04,1768.47,F,1990-02-08,Orange Egypt,Primary,100130,,0.0,45,,,,NORM
6,Assiut,2024-05-12,5000,I,CLSB,Closed by Bank,0,2026-04-22,Business Credit Card,200,300,4298.15,316.19,79.57,2026-04-17,130.66,F,1977-03-04,National Bank of Egypt,Primary,100131,2026-04-18,0.0,23,MC-OLD,,,CLSB
7,Luxor,2021-02-15,20000,A,NORM,Normal,0,2026-04-24,Classic Credit Card,500,1000,4445.33,15236.51,5627.2,2026-04-15,1336.73,F,1974-02-06,Ministry of Health,Primary,100132,,0.0,63,,,,NORM
7,Luxor,2021-02-15,20000,A,NEW,New,0,2026-04-20,Cashback Card,500,1000,5740.64,14189.08,1533.79,2026-04-17,1402.28,F,1974-02-06,Ministry of Health,Primary,100132,,0.0,63,,,,NEW
7,Luxor,2021-02-15,20000,I,CLSC,Closed by Customer,0,2026-04-30,Gold Credit Card,500,1000,3910.3,15715.82,764.85,2026-04-09,440.76,F,1974-02-06,Ministry of Health,Primary,100132,2026-03-14,0.0,63,,,,CLSC
4,Mansoura,2021-03-15,100000,A,NEW,New,0,2026-04-23,Platinum Credit Card,0,500,67429.87,32364.45,20262.53,2026-04-17,605.43,M,1987-06-12,Freelancer,Secondary,100133,,0.0,62,,,,NEW
2,Giza,2024-01-30,30000,A,NORM,Normal,0,2026-04-26,Platinum Credit Card,100,300,24489.72,5038.56,6783.07,2026-04-11,1410.72,M,1984-09-02,CIB,Secondary,100134,,0.0,27,,,,NORM
2,Giza,2024-01-30,30000,A,NORM,Normal,0,2026-04-21,Cashback Card,100,300,15950.88,13602.81,6116.83,2026-04-04,1964.16,M,1984-09-02,CIB,Secondary,100134,,0.0,27,,,,NORM
8,Zagazig,2022-01-18,150000,A,NORM,Normal,0,2026-04-18,Business Credit Card,100,1000,113410.51,36458.42,8107.55,2026-04-10,250.74,M,1961-03-06,National Bank of Egypt,Primary,100135,,0.0,52,VISA-OLD,VISA-OLD2,,NORM
7,Luxor,2022-08-05,200000,I,CNCD,Cancelled,0,2026-04-16,Cashback Card,0,500,120353.78,79434.8,44876.71,2026-04-30,1387.13,F,1994-07-02,Government,Primary,100136,,0.0,45,MC-OLD,VISA-OLD2,,CNCD
3,Alexandria,2019-06-13,75000,A,NORM,Normal,0,2026-04-22,Classic Credit Card,0,1000,58310.47,16565.5,21540.41,2026-04-14,1937.67,M,1994-06-10,Juhayna,Primary,100137,,0.0,83,,,,NORM
6,Assiut,2021-03-09,10000,A,NORM,Normal,0,2026-04-30,World Elite Card,100,300,2497.47,7466.04,2216.92,2026-04-22,926.4,M,1983-04-11,Government,Primary,100138,,0.0,62,MC-OLD,VISA-OLD2,,NORM
3,Alexandria,2024-10-14,50000,A,NORM,Normal,0,2026-04-27,Classic Credit Card,0,0,-368.98,49196.3,4759.38,2026-04-19,1339.75,M,1967-09-05,Cairo University,Primary,100139,,0.0,18,,VISA-OLD2,,NORM
3,Alexandria,2024-10-14,50000,A,NORM,Normal,0,2026-04-20,Travel Rewards Card,0,0,13152.79,36380.32,11532.64,2026-04-17,156.16,M,1967-09-05,Cairo University,Primary,100139,,0.0,18,,VISA-OLD2,,NORM
7,Luxor,2018-05-05,100000,A,NORM,Normal,0,2026-04-28,World Elite Card,200,500,54766.32,44902.74,19340.45,2026-04-27,1248.47,M,1987-09-23,Microsoft Egypt,Primary,100140,,0.0,97,,,,NORM
7,Luxor,2018-05-05,100000,A,SUSP,Profit Suspended,120,2026-04-24,Cashback Card,200,500,26621.71,73082.36,13188.87,2026-04-20,1581.35,M,1987-09-23,Microsoft Egypt,Primary,100140,,13502.23,97,,,,SUSP
3,Alexandria,2022-08-30,100000,A,NORM,Normal,0,2026-04-23,Cashback Card,100,300,23137.37,76726.19,9281.27,2026-04-06,542.93,F,1979-09-20,IBM Egypt,Secondary,100141,,0.0,44,,,,NORM
9,Ismailia,2019-03-11,50000,I,CLSB,Closed by Bank,0,2026-05-01,Gold Credit Card,200,500,1704.9,48286.89,4806.26,2026-04-09,122.36,M,1985-03-12,Banque Misr,Primary,100142,2026-04-21,0.0,86,,,,CLSB
10,Suez,2020-10-13,15000,A,SUSP,Profit Suspended,120,2026-04-16,Cashback Card,100,500,10018.67,4875.98,4203.4,2026-04-29,1120.4,F,1978-10-03,Self Employed,Secondary,100143,,5387.42,67,VISA-OLD,,,SUSP
10,Suez,2020-10-13,15000,A,NORM,Normal,0,2026-04-30,Gold Credit Card,100,500,12368.12,2460.75,850.27,2026-04-30,479.79,F,1978-10-03,Self Employed,Secondary,100143,,0.0,67,VISA-OLD,,,NORM
2,Giza,2023-09-02,100000,A,NORM,Normal,0,2026-04-26,Titanium Credit Card,0,0,66769.22,32914.55,28367.8,2026-04-07,1759.86,F,1977-08-21,Self Employed,Primary,100144,,0.0,32,VISA-OLD,,,NORM
2,Giza,2023-09-02,100000,A,NORM,Normal,0,2026-04-20,World Elite Card,0,0,83828.67,15830.65,23069.17,2026-04-19,1878.7,F,1977-08-21,Self Employed,Primary,100144,,0.0,32,VISA-OLD,,,NORM
2,Giza,2023-09-02,100000,A,60DA,60 Days Delinquent,60,2026-04-19,Platinum Credit Card,0,0,30170.27,69755.9,18209.99,2026-04-19,1593.32,F,1977-08-21,Self Employed,Primary,100144,,30546.89,32,VISA-OLD,,,60DA
9,Ismailia,2019-03-17,75000,A,60DA,60 Days Delinquent,60,2026-04-24,World Elite Card,200,500,27352.55,47301.73,18230.96,2026-04-11,1204.72,F,1960-05-13,Orange Egypt,Primary,100145,,37626.4,86,MC-OLD,VISA-OLD2,,60DA
4,Mansoura,2024-03-16,30000,A,90DA,90 Days Delinquent,90,2026-04-20,Business Credit Card,200,1000,3536.91,26448.35,715.03,2026-04-13,1523.72,M,1976-04-05,Banque Misr,Secondary,100146,,12435.68,25,VISA-OLD,,,90DA
6,Assiut,2022-02-06,15000,A,NEW,New,0,2026-05-01,Travel Rewards Card,0,0,6859.39,8047.21,3963.1,2026-04-03,1357.71,M,1985-01-08,Banque Misr,Primary,100147,,0.0,51,VISA-OLD,VISA-OLD2,,NEW
8,Zagazig,2024-10-19,150000,A,NEW,New,0,2026-04-17,Cashback Card,100,500,60961.76,88675.22,37366.48,2026-04-23,1036.86,F,1966-09-06,Cairo University,Primary,100148,,0.0,18,MC-OLD,VISA-OLD2,,NEW
8,Zagazig,2024-04-24,30000,A,NORM,Normal,0,2026-04-20,Classic Credit Card,200,300,23899.08,5820.49,5062.09,2026-04-04,1262.33,M,1991-10-16,Amazon Egypt,Primary,100149,,0.0,24,,VISA-OLD2,,NORM
1,Cairo Main,2019-07-20,150000,A,NEW,New,0,2026-05-01,Cashback Card,500,1000,105782.91,43955.78,18189.55,2026-04-05,1665.16,F,1991-08-29,Edita Food Industries,Secondary,100152,,0.0,82,VISA-OLD,VISA-OLD2,,NEW
6,Assiut,2021-12-22,30000,A,90DA,90 Days Delinquent,90,2026-04-17,Titanium Credit Card,100,300,7756.38,22033.84,6110.23,2026-04-18,7.09,F,1984-07-03,Elsewedy Capital,Secondary,100153,,12213.0,53,,,,90DA
4,Mansoura,2023-06-26,50000,A,NORM,Normal,0,2026-04-17,World Elite Card,200,0,3218.5,46731.8,8014.36,2026-04-10,713.36,F,1990-12-17,Microsoft Egypt,Secondary,100154,,0.0,34,,,,NORM
1,Cairo Main,2018-11-20,50000,A,NORM,Normal,0,2026-04-27,World Elite Card,100,150,12230.97,37371.7,8282.5,2026-04-29,69.11,F,1972-11-25,Ministry of Health,Primary,100155,,0.0,90,,,,NORM
1,Cairo Main,2018-11-20,50000,A,NORM,Normal,0,2026-04-30,Cashback Card,100,150,46529.33,3017.54,684.69,2026-04-18,1773.34,F,1972-11-25,Ministry of Health,Primary,100155,,0.0,90,,,,NORM
1,Cairo Main,2018-11-20,50000,I,CNCD,Cancelled,0,2026-04-23,Titanium Credit Card,100,150,5928.25,44061.32,5983.51,2026-04-22,960.02,F,1972-11-25,Ministry of Health,Primary,100155,,0.0,90,,,,CNCD
10,Suez,2024-07-31,20000,A,NORM,Normal,0,2026-04-23,Titanium Credit Card,100,0,10891.43,9087.85,1787.23,2026-04-05,1649.39,M,1993-03-26,Amazon Egypt,Primary,100156,,0.0,21,VISA-OLD,,,NORM
3,Alexandria,2024-03-04,15000,A,SUSP,Profit Suspended,120,2026-05-01,Business Credit Card,500,150,-1294.77,13466.4,2583.71,2026-04-28,241.59,F,1960-03-25,Edita Food Industries,Primary,100157,,5901.33,26,,,,SUSP
10,Suez,2024-01-01,5000,A,NORM,Normal,0,2026-04-29,Platinum Credit Card,0,500,3475.77,1145.57,732.45,2026-04-25,1469.95,F,1970-06-01,Orascom,Secondary,100158,,0.0,28,,,,NORM
10,Suez,2024-01-01,5000,A,NEW,New,0,2026-04-19,Titanium Credit Card,0,500,2808.54,1727.55,1339.81,2026-04-28,830.22,F,1970-06-01,Orascom,Secondary,100158,,0.0,28,,,,NEW
10,Suez,2024-01-01,5000,A,NORM,Normal,0,2026-04-24,Gold Credit Card,0,500,2037.93,2466.56,733.07,2026-04-12,693.14,F,1970-06-01,Orascom,Secondary,100158,,0.0,28,,,,NORM
1,Cairo Main,2024-05-15,200000,A,NORM,Normal,0,2026-04-24,Cashback Card,200,500,68263.01,131669.4,42060.38,2026-04-30,212.79,F,1973-05-20,Banque Misr,Secondary,100159,,0.0,23,VISA-OLD,,,NORM
4,Mansoura,2019-04-07,50000,A,30DD,30 Days Delinquent,30,2026-04-19,Business Credit Card,200,150,41989.79,7634.65,77.49,2026-04-07,160.11,M,1996-04-12,Edita Food Industries,Primary,100160,,837.37,86,MC-OLD,,,30DD
5,Tanta,2020-08-22,100000,I,CLSB,Closed by Bank,0,2026-04-30,Cashback Card,0,300,13226.67,86728.04,4750.14,2026-04-12,118.83,F,1977-03-16,Elsewedy Capital,Primary,100162,2026-03-31,0.0,69,,,,CLSB
5,Tanta,2020-08-22,100000,A,NORM,Normal,0,2026-04-23,Platinum Credit Card,0,300,74770.54,25037.87,11326.5,2026-04-08,421.59,F,1977-03-16,Elsewedy Capital,Primary,100162,,0.0,69,,,,NORM
5,Tanta,2022-07-19,150000,A,NORM,Normal,0,2026-04-24,World Elite Card,200,300,44501.72,105096.86,6676.53,2026-04-03,192.85,M,1967-03-01,Elsewedy Capital,Secondary,100163,,0.0,46,VISA-OLD,,,NORM
5,Tanta,2022-07-19,150000,A,NORM,Normal,0,2026-04-23,Cashback Card,200,300,18430.91,131143.44,13531.38,2026-04-04,1970.98,M,1967-03-01,Elsewedy Capital,Secondary,100163,,0.0,46,VISA-OLD,,,NORM
5,Tanta,2022-07-19,150000,A,NORM,Normal,0,2026-04-17,Classic Credit Card,200,300,-8993.46,140982.42,17705.49,2026-04-17,1918.78,M,1967-03-01,Elsewedy Capital,Secondary,100163,,0.0,46,VISA-OLD,,,NORM
8,Zagazig,2024-10-17,50000,A,NORM,Normal,0,2026-04-29,Business Credit Card,100,150,42664.08,7071.74,13283.19,2026-04-25,511.27,M,1993-07-16,Government,Primary,100164,,0.0,18,,,,NORM
10,Suez,2018-09-10,150000,A,NEW,New,0,2026-04-23,Titanium Credit Card,100,150,-8801.59,140968.84,36284.36,2026-04-30,941.85,F,1965-01-12,Government,Primary,100165,,0.0,93,,VISA-OLD2,,NEW
10,Suez,2018-09-10,150000,A,WROF,Write Off,180,2026-04-30,World Elite Card,100,150,115993.73,33646.27,29488.6,2026-04-16,1469.7,F,1965-01-12,Government,Primary,100165,2026-03-13,65514.14,93,,VISA-OLD2,,WROF
10,Suez,2018-09-10,150000,A,NORM,Normal,0,2026-04-20,Travel Rewards Card,100,150,58229.72,91335.33,19285.28,2026-04-20,909.09,F,1965-01-12,Government,Primary,100165,,0.0,93,,VISA-OLD2,,NORM
8,Zagazig,2023-09-22,100000,A,NORM,Normal,0,2026-04-19,Business Credit Card,500,500,52219.44,47337.36,24166.68,2026-04-23,1256.86,M,1964-01-29,Ministry of Health,Primary,100166,,0.0,31,,,,NORM
8,Zagazig,2023-09-22,100000,I,CLSC,Closed by Customer,0,2026-04-16,Gold Credit Card,500,500,23621.0,76084.46,21837.44,2026-04-22,1863.33,M,1964-01-29,Ministry of Health,Primary,100166,2026-04-26,0.0,31,,,,CLSC
7,Luxor,2018-01-13,20000,I,CLSB,Closed by Bank,0,2026-04-25,Classic Credit Card,500,300,-1564.68,18143.77,3707.94,2026-04-11,1484.57,M,1971-06-01,Ministry of Health,Secondary,100167,2026-03-02,0.0,101,,,,CLSB
1,Cairo Main,2022-08-02,15000,A,NORM,Normal,0,2026-04-25,Travel Rewards Card,500,500,2947.08,11694.8,1809.97,2026-04-25,1541.83,F,1972-11-16,Microsoft Egypt,Primary,100168,,0.0,45,MC-OLD,,,NORM
1,Cairo Main,2022-08-02,15000,A,NEW,New,0,2026-04-25,Platinum Credit Card,500,500,3051.95,11528.35,871.18,2026-04-02,49.61,F,1972-11-16,Microsoft Egypt,Primary,100168,,0.0,45,MC-OLD,,,NEW
6,Assiut,2020-01-02,150000,A,NEW,New,0,2026-05-01,Platinum Credit Card,100,0,70769.71,79217.27,20835.39,2026-04-29,46.91,M,1965-04-27,Juhayna,Primary,100169,,0.0,77,MC-OLD,,,NEW
9,Ismailia,2020-07-29,20000,A,NORM,Normal,0,2026-04-25,Platinum Credit Card,200,150,14154.33,5670.91,1571.35,2026-04-19,1624.88,M,1977-01-05,Orange Egypt,Secondary,100170,,0.0,70,VISA-OLD,VISA-OLD2,,NORM
1,Cairo Main,2020-04-24,10000,A,90DA,90 Days Delinquent,90,2026-04-27,Classic Credit Card,500,1000,3558.75,6295.94,2845.43,2026-04-24,683.0,M,1970-10-18,Elsewedy Capital,Primary,100171,,4412.82,73,VISA-OLD,,,90DA
4,Mansoura,2020-06-08,5000,A,NORM,Normal,0,2026-04-30,World Elite Card,100,1000,3982.31,947.16,1479.31,2026-04-24,384.92,F,1984-03-18,Cairo University,Primary,100172,,0.0,71,,,,NORM
5,Tanta,2019-08-10,150000,A,WROF,Write Off,180,2026-04-24,World Elite Card,200,0,64845.76,85109.37,7887.53,2026-04-18,1370.31,M,1999-04-22,Amazon Egypt,Primary,100173,2026-03-07,72234.93,81,,,,WROF
7,Luxor,2023-11-19,50000,A,NORM,Normal,0,2026-04-23,Travel Rewards Card,100,300,35250.26,14723.27,14189.91,2026-04-01,1106.78,F,1995-04-01,Orascom,Primary,100174,,0.0,29,VISA-OLD,,,NORM
4,Mansoura,2019-08-15,100000,I,CNCD,Cancelled,0,2026-04-18,Travel Rewards Card,100,500,75437.5,24067.98,390.35,2026-04-02,1761.09,M,1973-06-28,Talaat Moustafa Group,Primary,100175,,0.0,81,,,,CNCD
4,Mansoura,2019-08-15,100000,A,NORM,Normal,0,2026-04-24,Titanium Credit Card,100,500,7457.95,92358.38,620.94,2026-04-21,120.15,M,1973-06-28,Talaat Moustafa Group,Primary,100175,,0.0,81,,,,NORM
4,Mansoura,2019-08-15,100000,I,CNCD,Cancelled,0,2026-04-29,World Elite Card,100,500,61548.93,38061.65,27677.77,2026-04-26,199.85,M,1973-06-28,Talaat Moustafa Group,Primary,100175,,0.0,81,,,,CNCD
6,Assiut,2024-01-03,20000,A,NORM,Normal,0,2026-04-28,Travel Rewards Card,0,0,12749.73,6992.0,4.75,2026-04-14,1929.11,M,1964-02-23,Cairo University,Primary,100176,,0.0,28,MC-OLD,,,NORM
8,Zagazig,2021-09-25,30000,I,CLSB,Closed by Bank,0,2026-04-20,Classic Credit Card,0,500,24470.42,5029.96,8102.71,2026-04-23,257.39,M,1969-05-15,Military,Primary,100177,2026-04-10,0.0,55,VISA-OLD,,,CLSB
8,Zagazig,2021-09-25,30000,A,NORM,Normal,0,2026-04-29,Gold Credit Card,0,500,10173.94,19725.07,5881.08,2026-04-27,24.99,M,1969-05-15,Military,Primary,100177,,0.0,55,VISA-OLD,,,NORM
8,Zagazig,2021-09-25,30000,A,90DA,90 Days Delinquent,90,2026-04-22,Travel Rewards Card,0,500,26483.84,3249.09,3898.3,2026-04-17,201.7,M,1969-05-15,Military,Primary,100177,,9704.64,55,VISA-OLD,,,90DA
9,Ismailia,2021-03-05,75000,A,NORM,Normal,0,2026-04-21,Cashback Card,200,300,11024.31,63538.26,18897.96,2026-04-17,382.86,F,1974-06-05,Government,Secondary,100178,,0.0,62,VISA-OLD,,,NORM
8,Zagazig,2021-08-04,20000,A,NORM,Normal,0,2026-04-19,Travel Rewards Card,0,1000,18517.11,1311.49,1905.05,2026-04-16,1076.74,M,1994-03-01,Banque Misr,Primary,100179,,0.0,57,MC-OLD,VISA-OLD2,,NORM
8,Zagazig,2023-07-03,100000,I,CLSB,Closed by Bank,0,2026-04-24,Cashback Card,100,150,57208.32,42546.02,14471.56,2026-04-06,1361.03,F,1992-06-15,Orascom,Secondary,100181,2026-03-26,0.0,34,MC-OLD,,,CLSB
9,Ismailia,2018-11-01,5000,A,NORM,Normal,0,2026-04-26,Travel Rewards Card,100,0,1537.15,3012.59,51.01,2026-04-07,1948.33,M,1961-07-08,Vodafone Egypt,Primary,100182,,0.0,91,VISA-OLD,,,NORM
9,Ismailia,2018-11-01,5000,A,30DD,30 Days Delinquent,30,2026-05-01,Gold Credit Card,100,0,2947.08,1683.12,397.56,2026-04-07,1763.69,M,1961-07-08,Vodafone Egypt,Primary,100182,,575.33,91,VISA-OLD,,,30DD
1,Cairo Main,2024-11-30,100000,A,NORM,Normal,0,2026-04-29,Classic Credit Card,0,1000,57880.57,42088.54,13196.86,2026-04-10,702.29,F,1987-09-18,Vodafone Egypt,Primary,100183,,0.0,17,,VISA-OLD2,,NORM
5,Tanta,2023-08-20,75000,A,FRAD,Fraud,0,2026-04-24,Platinum Credit Card,0,1000,185.68,74509.36,8549.53,2026-04-09,281.67,M,1960-10-07,Elsewedy Capital,Primary,100184,,0.0,32,MC-OLD,,,FRAD
5,Tanta,2023-08-20,75000,A,NORM,Normal,0,2026-04-18,Classic Credit Card,0,1000,16672.84,57871.72,3396.31,2026-04-08,150.6,M,1960-10-07,Elsewedy Capital,Primary,100184,,0.0,32,MC-OLD,,,NORM
6,Assiut,2022-06-14,10000,A,NORM,Normal,0,2026-04-24,Travel Rewards Card,500,1000,5705.65,3973.13,2930.0,2026-04-19,460.21,M,1971-12-28,Elsewedy Capital,Primary,100185,,0.0,47,,,,NORM
2,Giza,2022-04-03,75000,A,90DA,90 Days Delinquent,90,2026-05-01,Classic Credit Card,0,150,53418.04,21536.15,17027.15,2026-04-09,868.82,M,1978-03-07,Self Employed,Secondary,100186,,6093.87,49,,VISA-OLD2,,90DA
2,Giza,2018-06-24,20000,A,NEW,New,0,2026-04-18,Business Credit Card,200,0,14042.81,5913.65,4317.84,2026-04-07,795.21,M,1983-09-10,Talaat Moustafa Group,Secondary,100187,,0.0,95,MC-OLD,,,NEW
3,Alexandria,2021-07-12,5000,A,30DD,30 Days Delinquent,30,2026-04-20,Platinum Credit Card,500,0,3655.75,1247.74,863.53,2026-04-29,1883.29,F,1998-02-23,Orascom,Primary,100188,,2925.95,58,MC-OLD,,,30DD
3,Alexandria,2021-07-12,5000,A,NEW,New,0,2026-04-25,Travel Rewards Card,500,0,631.19,3903.28,411.17,2026-04-12,814.82,F,1998-02-23,Orascom,Primary,100188,,0.0,58,MC-OLD,,,NEW
3,Alexandria,2021-07-12,5000,A,NORM,Normal,0,2026-04-17,Cashback Card,500,0,2269.11,2384.7,1399.24,2026-04-15,1231.08,F,1998-02-23,Orascom,Primary,100188,,0.0,58,MC-OLD,,,NORM
9,Ismailia,2022-04-22,15000,I,CLSC,Closed by Customer,0,2026-04-23,Gold Credit Card,200,0,13713.79,1161.8,2192.59,2026-04-21,188.19,M,1974-11-18,Amazon Egypt,Primary,100189,2026-04-04,0.0,49,,,,CLSC
9,Ismailia,2022-04-22,15000,A,NORM,Normal,0,2026-04-24,World Elite Card,200,0,771.87,13827.76,2208.48,2026-04-21,41.18,M,1974-11-18,Amazon Egypt,Primary,100189,,0.0,49,,,,NORM
10,Suez,2024-11-19,200000,A,NORM,Normal,0,2026-04-19,Cashback Card,0,300,84953.0,114981.76,38416.83,2026-04-26,1056.54,F,1994-06-30,Self Employed,Primary,100190,,0.0,17,MC-OLD,,,NORM
7,Luxor,2024-07-27,75000,A,60DA,60 Days Delinquent,60,2026-04-21,World Elite Card,100,0,33646.23,41341.68,14363.83,2026-04-12,208.5,M,1968-05-01,Talaat Moustafa Group,Primary,100191,,32505.87,21,,,,60DA
6,Assiut,2019-03-13,10000,A,30DD,30 Days Delinquent,30,2026-04-27,World Elite Card,500,300,4881.58,4823.8,1045.35,2026-04-14,755.25,F,1976-03-06,CIB,Primary,100192,,3560.68,86,,,,30DD
8,Zagazig,2024-03-22,150000,A,NORM,Normal,0,2026-04-21,Classic Credit Card,0,300,127660.21,22228.17,38769.81,2026-04-25,1042.42,M,1984-12-25,Military,Primary,100193,,0.0,25,,,,NORM
1,Cairo Main,2022-08-22,75000,A,NORM,Normal,0,2026-04-19,Titanium Credit Card,100,500,53023.13,21556.18,20509.56,2026-04-18,445.88,M,1973-02-02,Banque Misr,Primary,100194,,0.0,44,,,,NORM
1,Cairo Main,2022-08-22,75000,A,NORM,Normal,0,2026-04-23,World Elite Card,100,500,55299.98,19388.58,21931.42,2026-04-07,522.47,M,1973-02-02,Banque Misr,Primary,100194,,0.0,44,,,,NORM
3,Alexandria,2019-11-16,75000,I,CNCD,Cancelled,0,2026-04-22,World Elite Card,500,0,25994.39,48648.1,19120.07,2026-04-26,801.87,F,1962-11-02,Talaat Moustafa Group,Secondary,100195,,0.0,78,VISA-OLD,VISA-OLD2,,CNCD
10,Suez,2023-02-19,10000,A,NEW,New,0,2026-04-26,Classic Credit Card,500,300,4418.46,5416.0,2287.62,2026-04-17,133.06,F,1968-10-08,Edita Food Industries,Primary,100196,,0.0,38,VISA-OLD,VISA-OLD2,,NEW
3,Alexandria,2021-08-06,200000,A,NORM,Normal,0,2026-04-22,Titanium Credit Card,100,500,76888.74,122987.49,41260.44,2026-04-26,655.41,F,1973-06-23,Juhayna,Primary,100197,,0.0,57,VISA-OLD,VISA-OLD2,,NORM
3,Alexandria,2021-08-06,200000,A,NEW,New,0,2026-05-01,Business Credit Card,100,500,-13875.31,185811.6,19625.42,2026-04-10,708.89,F,1973-06-23,Juhayna,Primary,100197,,0.0,57,VISA-OLD,VISA-OLD2,,NEW
3,Alexandria,2021-08-06,200000,I,CLSC,Closed by Customer,0,2026-04-16,Platinum Credit Card,100,500,34561.43,165272.31,31592.75,2026-04-29,831.97,F,1973-06-23,Juhayna,Primary,100197,2026-04-12,0.0,57,VISA-OLD,VISA-OLD2,,CLSC
4,Mansoura,2022-03-21,30000,A,NEW,New,0,2026-04-28,Travel Rewards Card,0,1000,13306.2,16636.28,4910.62,2026-04-23,357.6,M,1974-08-14,Cairo University,Secondary,100198,,0.0,50,,VISA-OLD2,,NEW
4,Mansoura,2022-03-21,30000,A,NORM,Normal,0,2026-04-22,Platinum Credit Card,0,1000,12605.16,17008.33,1768.57,2026-04-11,1081.32,M,1974-08-14,Cairo University,Secondary,100198,,0.0,50,,VISA-OLD2,,NORM
1,Cairo Main,2023-03-06,20000,A,NEW,New,0,2026-04-22,World Elite Card,0,500,16347.49,3588.74,1536.73,2026-04-26,1652.22,F,1992-08-14,Banque Misr,Primary,100199,,0.0,38,,,,NEW
3,Alexandria,2022-09-30,75000,A,SUSP,Profit Suspended,120,2026-04-20,Business Credit Card,500,1000,35110.22,39830.43,14925.59,2026-04-02,1613.85,F,1992-01-31,Ministry of Health,Primary,100200,,39332.99,43,,VISA-OLD2,,SUSP
10,Suez,2018-12-15,10000,A,NORM,Normal,0,2026-04-28,Cashback Card,0,1000,4115.63,5534.29,1058.54,2026-04-17,1614.82,F,1988-08-16,Edita Food Industries,Secondary,100201,,0.0,89,VISA-OLD,,,NORM
10,Suez,2018-12-15,10000,A,NORM,Normal,0,2026-04-28,Gold Credit Card,0,1000,5769.66,3940.99,327.64,2026-04-10,585.8,F,1988-08-16,Edita Food Industries,Secondary,100201,,0.0,89,VISA-OLD,,,NORM
9,Ismailia,2021-11-27,100000,A,90DA,90 Days Delinquent,90,2026-04-26,Business Credit Card,200,0,80758.68,18957.23,26603.37,2026-04-10,1656.63,F,1981-08-30,Orange Egypt,Secondary,100204,,39797.15,53,,,,90DA
6,Assiut,2019-03-24,15000,A,NORM,Normal,0,2026-04-22,Titanium Credit Card,100,300,8773.33,5756.34,1410.22,2026-04-22,1120.11,F,1989-01-24,Freelancer,Primary,100205,,0.0,86,VISA-OLD,,,NORM
6,Assiut,2019-03-24,15000,I,CLSC,Closed by Customer,0,2026-04-27,World Elite Card,100,300,-1370.94,13579.53,2064.09,2026-04-28,1773.29,F,1989-01-24,Freelancer,Primary,100205,2026-03-31,0.0,86,VISA-OLD,,,CLSC
6,Assiut,2019-03-24,15000,A,30DD,30 Days Delinquent,30,2026-05-01,Gold Credit Card,100,300,12903.81,1903.6,1521.45,2026-04-04,1666.13,F,1989-01-24,Freelancer,Primary,100205,,4766.17,86,VISA-OLD,,,30DD
3,Alexandria,2022-11-06,75000,A,NORM,Normal,0,2026-05-01,Titanium Credit Card,500,1000,28007.84,46856.45,12823.24,2026-04-22,1824.29,F,1988-09-23,Microsoft Egypt,Primary,100206,,0.0,42,,,,NORM
5,Tanta,2018-09-14,200000,A,NORM,Normal,0,2026-04-26,Platinum Credit Card,200,300,20382.81,179220.52,58248.87,2026-04-06,333.15,M,1993-09-30,Freelancer,Primary,100207,,0.0,92,VISA-OLD,VISA-OLD2,,NORM
6,Assiut,2022-05-11,200000,A,NEW,New,0,2026-04-19,Gold Credit Card,200,300,161064.88,38804.41,5813.57,2026-04-11,651.59,F,1986-10-11,Military,Primary,100208,,0.0,48,,VISA-OLD2,,NEW
10,Suez,2019-07-03,50000,A,90DA,90 Days Delinquent,90,2026-04-27,World Elite Card,0,150,-3270.83,46381.9,6311.73,2026-04-20,1642.85,F,1963-10-20,Banque Misr,Primary,100209,,7730.6,83,VISA-OLD,VISA-OLD2,,90DA
3,Alexandria,2022-04-21,75000,A,NEW,New,0,2026-04-26,Platinum Credit Card,100,500,36213.92,38302.99,11805.28,2026-04-01,476.01,F,1985-10-13,Banque Misr,Primary,100210,,0.0,49,VISA-OLD,VISA-OLD2,,NEW
1,Cairo Main,2022-01-10,5000,I,CLSC,Closed by Customer,0,2026-05-01,Titanium Credit Card,500,1000,1181.3,3729.49,621.08,2026-04-30,730.11,F,1998-10-28,Amazon Egypt,Primary,100211,2026-03-28,0.0,52,VISA-OLD,,,CLSC
8,Zagazig,2018-12-05,200000,A,NORM,Normal,0,2026-05-01,Titanium Credit Card,200,0,162453.97,37114.53,46104.31,2026-04-14,13.85,F,1967-07-03,Elsewedy Capital,Primary,100212,,0.0,90,,,,NORM
10,Suez,2023-07-22,150000,A,NORM,Normal,0,2026-04-19,Gold Credit Card,200,1000,-14927.21,134608.92,20522.91,2026-04-26,1730.53,F,1993-04-22,Ministry of Health,Secondary,100213,,0.0,33,,,,NORM
9,Ismailia,2022-10-08,10000,A,60DA,60 Days Delinquent,60,2026-04-25,Titanium Credit Card,0,500,5611.1,3995.91,1881.32,2026-04-29,20.16,F,1969-10-20,IBM Egypt,Secondary,100214,,4106.06,43,,,,60DA
9,Ismailia,2022-10-08,10000,A,NORM,Normal,0,2026-04-26,Platinum Credit Card,0,500,9342.98,385.82,2698.9,2026-04-17,1879.08,F,1969-10-20,IBM Egypt,Secondary,100214,,0.0,43,,,,NORM
2,Giza,2020-08-28,20000,A,NORM,Normal,0,2026-04-26,Cashback Card,500,150,12859.69,6906.62,5668.57,2026-04-18,225.7,M,1994-10-16,El Sewedy Electric,Secondary,100215,,0.0,69,,VISA-OLD2,,NORM
2,Giza,2020-08-28,20000,A,NORM,Normal,0,2026-04-30,Travel Rewards Card,500,150,5316.34,14194.72,406.57,2026-04-12,890.68,M,1994-10-16,El Sewedy Electric,Secondary,100215,,0.0,69,,VISA-OLD2,,NORM
6,Assiut,2021-02-25,200000,I,CLSB,Closed by Bank,0,2026-04-26,Cashback Card,200,300,122582.61,77353.95,44031.26,2026-04-11,1663.64,F,1983-11-16,Government,Secondary,100216,2026-03-18,0.0,63,,,,CLSB
7,Luxor,2021-02-09,15000,A,NEW,New,0,2026-04-25,Platinum Credit Card,100,300,11869.92,2664.0,2979.92,2026-04-17,664.27,M,1962-08-29,Microsoft Egypt,Primary,100217,,0.0,63,MC-OLD,,,NEW
7,Luxor,2021-02-09,15000,A,90DA,90 Days Delinquent,90,2026-04-16,Gold Credit Card,100,300,2243.95,12464.17,1756.99,2026-04-13,1289.73,M,1962-08-29,Microsoft Egypt,Primary,100217,,6479.65,63,MC-OLD,,,90DA
10,Suez,2019-01-17,100000,A,NORM,Normal,0,2026-04-24,Cashback Card,0,1000,23999.5,75696.0,1590.49,2026-04-26,1880.29,F,1960-02-10,El Sewedy Electric,Secondary,100219,,0.0,88,,,,NORM
5,Tanta,2021-03-07,50000,A,NORM,Normal,0,2026-04-24,Platinum Credit Card,500,300,39581.98,10165.94,6833.09,2026-04-26,525.09,M,1974-06-25,Orange Egypt,Primary,100220,,0.0,62,VISA-OLD,,,NORM
2,Giza,2019-10-10,100000,A,30DD,30 Days Delinquent,30,2026-05-01,Travel Rewards Card,100,150,58002.13,41589.85,13040.27,2026-04-09,700.29,F,1998-06-21,Orascom,Secondary,100221,,6298.05,79,,,,30DD
6,Assiut,2018-12-04,50000,I,CNCD,Cancelled,0,2026-04-27,Platinum Credit Card,0,500,24142.1,25675.06,278.26,2026-04-10,1174.04,F,1971-03-26,Elsewedy Capital,Primary,100222,,0.0,90,,,,CNCD
1,Cairo Main,2023-05-08,10000,A,NORM,Normal,0,2026-04-22,Titanium Credit Card,500,0,6555.54,3143.73,2273.99,2026-04-05,128.97,M,1969-07-28,Edita Food Industries,Secondary,100223,,0.0,36,VISA-OLD,,,NORM
8,Zagazig,2020-07-26,75000,A,NORM,Normal,0,2026-04-17,Gold Credit Card,0,300,18310.01,56360.67,14671.86,2026-04-25,1191.6,F,1963-03-06,Juhayna,Primary,100224,,0.0,70,,,,NORM
2,Giza,2024-04-26,5000,I,CLSC,Closed by Customer,0,2026-04-23,Platinum Credit Card,500,300,2729.48,1905.22,143.82,2026-04-20,1844.28,M,1983-10-18,Banque Misr,Secondary,100225,2026-04-26,0.0,24,MC-OLD,,,CLSC
4,Mansoura,2019-02-16,15000,A,WROF,Write Off,180,2026-04-23,Travel Rewards Card,500,300,7358.18,7333.83,2818.5,2026-04-14,674.37,M,1963-11-21,Elsewedy Capital,Primary,100226,2026-03-29,1528.41,87,,,,WROF
4,Mansoura,2019-02-16,15000,A,NORM,Normal,0,2026-04-30,Platinum Credit Card,500,300,10134.16,4730.62,1158.59,2026-04-04,1152.63,M,1963-11-21,Elsewedy Capital,Primary,100226,,0.0,87,,,,NORM
9,Ismailia,2024-09-23,200000,A,NORM,Normal,0,2026-04-20,Classic Credit Card,200,150,18608.29,180936.05,31005.61,2026-04-18,1470.04,M,1986-12-16,Microsoft Egypt,Primary,100227,,0.0,19,,,,NORM
8,Zagazig,2019-04-07,20000,I,CLSB,Closed by Bank,0,2026-04-30,Gold Credit Card,0,300,18581.07,1172.31,1112.4,2026-04-30,1114.9,F,1977-04-23,Banque Misr,Primary,100228,2026-03-20,0.0,86,MC-OLD,,,CLSB
6,Assiut,2019-12-09,100000,A,NORM,Normal,0,2026-04-22,Gold Credit Card,0,0,37967.28,62022.39,17095.35,2026-04-15,1728.13,F,1984-07-04,El Sewedy Electric,Primary,100229,,0.0,77,,,,NORM
6,Assiut,2019-12-09,100000,I,CNCD,Cancelled,0,2026-04-27,Classic Credit Card,0,0,59047.58,40455.25,13390.9,2026-04-09,1315.19,F,1984-07-04,El Sewedy Electric,Primary,100229,,0.0,77,,,,CNCD
6,Assiut,2019-12-09,100000,A,NEW,New,0,2026-04-20,World Elite Card,0,0,24668.46,74834.31,27139.22,2026-04-06,1746.49,F,1984-07-04,El Sewedy Electric,Primary,100229,,0.0,77,,,,NEW
9,Ismailia,2023-08-15,75000,A,NORM,Normal,0,2026-05-01,Travel Rewards Card,0,1000,-5571.31,69084.9,6042.04,2026-04-04,2.87,M,1972-11-06,Talaat Moustafa Group,Primary,100230,,0.0,33,,VISA-OLD2,,NORM
4,Mansoura,2019-09-29,150000,A,NORM,Normal,0,2026-04-27,Gold Credit Card,200,500,87896.61,62047.78,35117.88,2026-04-18,546.4,M,1996-03-31,Orange Egypt,Primary,100231,,0.0,80,VISA-OLD,,,NORM
8,Zagazig,2024-10-29,5000,A,NORM,Normal,0,2026-04-30,Platinum Credit Card,0,0,2758.56,1750.83,428.16,2026-04-15,9.34,M,1987-06-19,Vodafone Egypt,Primary,100232,,0.0,18,,VISA-OLD2,,NORM
9,Ismailia,2020-11-27,15000,I,CNCD,Cancelled,0,2026-04-17,World Elite Card,0,0,3933.02,10780.9,179.04,2026-04-02,1808.29,F,1995-02-14,Amazon Egypt,Primary,100233,,0.0,66,,,,CNCD
10,Suez,2018-11-12,100000,A,NORM,Normal,0,2026-04-16,Cashback Card,0,500,18278.09,81509.43,18644.8,2026-04-19,1378.19,M,1988-02-24,IBM Egypt,Primary,100234,,0.0,90,,VISA-OLD2,,NORM
2,Giza,2023-09-16,5000,I,CLSC,Closed by Customer,0,2026-04-19,Classic Credit Card,100,0,3897.6,836.07,726.6,2026-04-16,485.63,F,1970-03-31,IBM Egypt,Primary,100235,2026-03-05,0.0,31,,,,CLSC
1,Cairo Main,2022-09-14,20000,A,LOST,Lost,0,2026-05-01,Travel Rewards Card,200,300,17822.43,1911.86,1999.8,2026-04-26,1889.44,M,1984-10-19,Cairo University,Primary,100236,,0.0,44,MC-OLD,,,LOST
3,Alexandria,2023-10-14,5000,A,NORM,Normal,0,2026-04-18,Gold Credit Card,200,300,3618.12,1353.49,1074.18,2026-04-04,499.69,M,1970-01-04,Ministry of Health,Primary,100237,,0.0,31,,,,NORM
3,Alexandria,2023-10-14,5000,A,NEW,New,0,2026-04-23,Titanium Credit Card,200,300,1113.82,3501.02,120.75,2026-04-30,1778.75,M,1970-01-04,Ministry of Health,Primary,100237,,0.0,31,,,,NEW
3,Alexandria,2023-10-14,5000,A,NORM,Normal,0,2026-04-16,Platinum Credit Card,200,300,3059.27,1862.29,23.12,2026-04-06,1751.27,M,1970-01-04,Ministry of Health,Primary,100237,,0.0,31,,,,NORM
5,Tanta,2021-05-29,200000,A,NORM,Normal,0,2026-04-26,Cashback Card,500,150,25107.69,174503.73,25963.29,2026-04-13,1861.52,M,1985-04-16,Banque Misr,Primary,100238,,0.0,59,VISA-OLD,,,NORM
4,Mansoura,2021-11-19,5000,I,CLSB,Closed by Bank,0,2026-04-20,Classic Credit Card,500,300,1485.27,3035.96,539.88,2026-04-19,277.56,M,1984-04-16,El Sewedy Electric,Primary,100239,2026-03-30,0.0,54,,,,CLSB
4,Mansoura,2021-11-19,5000,A,NORM,Normal,0,2026-04-18,Travel Rewards Card,500,300,1199.81,3608.1,810.91,2026-04-30,1524.41,M,1984-04-16,El Sewedy Electric,Primary,100239,,0.0,54,,,,NORM
4,Mansoura,2021-11-19,5000,A,NORM,Normal,0,2026-04-22,Cashback Card,500,300,4580.64,180.88,251.71,2026-04-18,1749.58,M,1984-04-16,El Sewedy Electric,Primary,100239,,0.0,54,,,,NORM
8,Zagazig,2019-08-07,30000,A,NORM,Normal,0,2026-04-20,Titanium Credit Card,500,300,514.35,29463.17,483.76,2026-04-20,522.39,F,1962-09-08,National Bank of Egypt,Primary,100240,,0.0,81,MC-OLD,,,NORM
7,Luxor,2024-08-21,200000,A,NEW,New,0,2026-04-20,Platinum Credit Card,100,300,51520.1,148355.24,17142.85,2026-04-11,272.46,F,1963-05-11,Edita Food Industries,Secondary,100241,,0.0,20,VISA-OLD,,,NEW
6,Assiut,2021-01-18,20000,A,NORM,Normal,0,2026-04-22,Titanium Credit Card,100,1000,11160.22,8585.42,1726.97,2026-04-30,1636.52,M,1980-04-22,Banque Misr,Primary,100242,,0.0,64,VISA-OLD,,,NORM
6,Assiut,2019-05-10,150000,A,30DD,30 Days Delinquent,30,2026-04-25,Titanium Credit Card,500,300,34040.5,115941.89,17353.66,2026-04-06,964.76,F,1978-03-27,Talaat Moustafa Group,Secondary,100243,,60139.08,84,,,,30DD
5,Tanta,2024-10-07,5000,A,NORM,Normal,0,2026-04-28,Cashback Card,100,0,4274.94,400.68,1279.13,2026-04-14,1181.08,M,1997-01-25,IBM Egypt,Primary,100244,,0.0,19,,,,NORM
5,Tanta,2019-12-14,5000,A,30DD,30 Days Delinquent,30,2026-04-20,Business Credit Card,100,0,538.57,4138.96,545.96,2026-04-11,651.38,F,1996-10-14,CIB,Secondary,100245,,2638.76,77,,,,30DD
5,Tanta,2019-12-14,5000,A,NORM,Normal,0,2026-04-24,World Elite Card,100,0,435.36,4302.39,154.79,2026-04-24,1769.01,F,1996-10-14,CIB,Secondary,100245,,0.0,77,,,,NORM
5,Tanta,2019-12-14,5000,A,30DD,30 Days Delinquent,30,2026-04-17,Cashback Card,100,0,1016.26,3675.74,1270.72,2026-04-02,1437.6,F,1996-10-14,CIB,Secondary,100245,,2036.36,77,,,,30DD
1,Cairo Main,2020-06-29,15000,A,NORM,Normal,0,2026-04-17,Travel Rewards Card,200,0,-1408.51,13537.52,3120.95,2026-04-16,589.02,F,1962-10-07,National Bank of Egypt,Primary,100246,,0.0,71,,,,NORM
8,Zagazig,2019-06-12,10000,A,WROF,Write Off,180,2026-04-21,Cashback Card,500,0,2979.7,6605.39,2916.28,2026-04-03,1207.23,M,1996-04-20,Cairo University,Primary,100247,2026-04-03,3500.27,83,VISA-OLD,,,WROF
8,Zagazig,2019-06-12,10000,A,NORM,Normal,0,2026-04-16,Classic Credit Card,500,0,1712.08,7945.69,1720.33,2026-04-22,505.79,M,1996-04-20,Cairo University,Primary,100247,,0.0,83,VISA-OLD,,,NORM
8,Zagazig,2019-06-12,10000,A,NEW,New,0,2026-04-25,Travel Rewards Card,500,0,9177.51,669.61,1439.89,2026-04-08,1430.66,M,1996-04-20,Cairo University,Primary,100247,,0.0,83,VISA-OLD,,,NEW
1,Cairo Main,2022-10-14,15000,A,NORM,Normal,0,2026-04-16,Platinum Credit Card,200,300,4657.66,9973.69,3152.75,2026-04-14,1610.35,F,1977-03-02,Banque Misr,Primary,100248,,0.0,43,MC-OLD,VISA-OLD2,,NORM
4,Mansoura,2021-04-23,100000,A,NORM,Normal,0,2026-04-22,Business Credit Card,0,0,91596.06,8245.74,20216.83,2026-04-13,378.1,F,1989-01-13,Microsoft Egypt,Primary,100249,,0.0,61,,VISA-OLD2,,NORM
4,Mansoura,2024-02-05,5000,A,SUSP,Profit Suspended,120,2026-04-30,Cashback Card,500,300,1674.86,3166.11,1357.78,2026-04-16,1280.39,F,1988-04-17,Microsoft Egypt,Primary,100250,,2314.09,27,,,,SUSP
4,Mansoura,2024-02-05,5000,A,NORM,Normal,0,2026-05-01,Titanium Credit Card,500,300,1186.75,3481.62,201.25,2026-04-17,741.02,F,1988-04-17,Microsoft Egypt,Primary,100250,,0.0,27,,,,NORM
4,Mansoura,2024-02-05,5000,A,30DD,30 Days Delinquent,30,2026-04-22,World Elite Card,500,300,2072.98,2895.96,1492.47,2026-04-13,1852.87,F,1988-04-17,Microsoft Egypt,Primary,100250,,2766.7,27,,,,30DD
9,Ismailia,2018-08-18,20000,A,NEW,New,0,2026-04-21,Travel Rewards Card,200,150,9292.8,10222.94,2650.95,2026-04-12,748.66,M,1996-08-13,Elsewedy Capital,Primary,100252,,0.0,93,,VISA-OLD2,,NEW
1,Cairo Main,2021-12-11,200000,I,CLSC,Closed by Customer,0,2026-04-30,Titanium Credit Card,500,1000,-244.9,199669.82,30951.02,2026-04-23,992.0,F,1991-07-22,Orascom,Primary,100253,2026-04-16,0.0,53,,,,CLSC
4,Mansoura,2020-06-15,5000,A,NORM,Normal,0,2026-04-20,Classic Credit Card,200,1000,600.95,4008.4,1042.39,2026-04-23,1163.04,M,1986-12-27,Banque Misr,Primary,100254,,0.0,71,,,,NORM
1,Cairo Main,2019-08-29,200000,A,NORM,Normal,0,2026-04-21,Platinum Credit Card,0,1000,15920.35,183961.68,44614.15,2026-04-22,1166.0,F,1960-12-25,National Bank of Egypt,Primary,100255,,0.0,81,VISA-OLD,VISA-OLD2,,NORM
1,Cairo Main,2019-08-29,200000,A,NORM,Normal,0,2026-04-26,Travel Rewards Card,0,1000,17052.62,182762.49,30979.92,2026-04-07,577.95,F,1960-12-25,National Bank of Egypt,Primary,100255,,0.0,81,VISA-OLD,VISA-OLD2,,NORM
2,Giza,2021-05-21,50000,A,NORM,Normal,0,2026-04-17,Platinum Credit Card,500,500,21246.96,28294.51,11487.85,2026-04-25,539.98,F,1975-02-05,Orascom,Primary,100256,,0.0,60,MC-OLD,VISA-OLD2,,NORM
6,Assiut,2024-08-09,15000,A,NORM,Normal,0,2026-04-18,World Elite Card,100,150,117.27,14491.08,2686.18,2026-04-14,402.32,M,1970-01-05,Cairo University,Primary,100257,,0.0,21,MC-OLD,,,NORM
2,Giza,2021-10-07,100000,A,NORM,Normal,0,2026-04-30,Titanium Credit Card,100,0,-4255.44,95641.79,13940.16,2026-04-10,259.42,F,1996-11-09,Talaat Moustafa Group,Primary,100259,,0.0,55,,,,NORM
7,Luxor,2022-09-15,15000,A,60DA,60 Days Delinquent,60,2026-04-24,Business Credit Card,200,1000,-799.57,14010.26,3839.22,2026-04-18,1660.83,F,1979-08-28,CIB,Secondary,100260,,7139.99,44,MC-OLD,,,60DA
7,Luxor,2022-09-15,15000,A,NORM,Normal,0,2026-04-19,Titanium Credit Card,200,1000,1770.14,12890.0,9.27,2026-04-10,1940.99,F,1979-08-28,CIB,Secondary,100260,,0.0,44,MC-OLD,,,NORM
3,Alexandria,2018-10-29,5000,A,NORM,Normal,0,2026-04-26,Cashback Card,200,0,3303.95,1497.01,110.75,2026-04-18,1184.84,M,1980-03-29,Edita Food Industries,Primary,100261,,0.0,91,VISA-OLD,,,NORM
2,Giza,2019-01-17,50000,A,NEW,New,0,2026-04-28,Business Credit Card,0,500,44486.85,5494.29,2565.83,2026-04-26,719.97,M,1984-07-15,Military,Secondary,100262,,0.0,88,,,,NEW
8,Zagazig,2018-08-12,50000,A,60DA,60 Days Delinquent,60,2026-04-28,Gold Credit Card,200,1000,-372.54,49288.46,3416.45,2026-04-19,949.7,F,1966-11-21,El Sewedy Electric,Primary,100264,,28718.95,93,,,,60DA
5,Tanta,2023-04-24,10000,A,30DD,30 Days Delinquent,30,2026-04-22,Travel Rewards Card,500,500,6019.77,3518.74,789.71,2026-04-07,1071.97,F,1963-09-04,National Bank of Egypt,Primary,100265,,2512.21,36,VISA-OLD,,,30DD
6,Assiut,2022-04-12,50000,A,NORM,Normal,0,2026-04-24,Classic Credit Card,200,500,-2307.2,47250.99,2125.67,2026-04-07,667.6,F,1999-09-20,Talaat Moustafa Group,Primary,100266,,0.0,49,,VISA-OLD2,,NORM
1,Cairo Main,2019-02-01,10000,A,30DD,30 Days Delinquent,30,2026-04-20,Travel Rewards Card,100,1000,614.53,9301.24,958.67,2026-04-07,1605.53,M,1966-10-12,Microsoft Egypt,Secondary,100267,,695.42,88,VISA-OLD,VISA-OLD2,,30DD
8,Zagazig,2020-08-23,100000,I,CLSC,Closed by Customer,0,2026-04-24,Travel Rewards Card,0,1000,-5226.86,94570.34,2305.77,2026-04-27,1225.62,M,1985-09-09,CIB,Secondary,100268,2026-05-01,0.0,69,VISA-OLD,,,CLSC
3,Alexandria,2020-02-29,15000,A,NORM,Normal,0,2026-04-26,Gold Credit Card,500,150,8832.36,5711.27,608.42,2026-04-19,392.64,M,1969-07-03,Military,Primary,100269,,0.0,75,,,,NORM
7,Luxor,2022-06-16,150000,A,NORM,Normal,0,2026-04-24,World Elite Card,500,0,62460.82,87163.18,18847.35,2026-04-05,437.87,F,1984-12-15,CIB,Primary,100270,,0.0,47,,VISA-OLD2,,NORM
10,Suez,2019-02-15,10000,A,NORM,Normal,0,2026-04-29,Gold Credit Card,200,1000,2755.95,7124.12,1111.9,2026-04-13,1051.63,F,1986-02-19,Amazon Egypt,Primary,100271,,0.0,87,VISA-OLD,VISA-OLD2,,NORM
10,Suez,2018-06-03,15000,A,NORM,Normal,0,2026-04-22,Platinum Credit Card,500,0,2605.0,12290.05,2537.23,2026-04-16,1059.75,F,1981-03-21,Edita Food Industries,Primary,100272,,0.0,96,,,,NORM
5,Tanta,2018-03-24,50000,A,NORM,Normal,0,2026-04-16,World Elite Card,200,500,24428.67,25549.43,5178.54,2026-04-19,1422.88,M,1976-09-15,Elsewedy Capital,Primary,100273,,0.0,98,VISA-OLD,,,NORM
5,Tanta,2018-03-24,50000,A,NORM,Normal,0,2026-04-27,Platinum Credit Card,200,500,40334.46,9564.32,7869.38,2026-04-16,812.11,M,1976-09-15,Elsewedy Capital,Primary,100273,,0.0,98,VISA-OLD,,,NORM
5,Tanta,2022-09-04,200000,A,NORM,Normal,0,2026-04-20,Titanium Credit Card,500,150,101381.06,98474.47,18238.93,2026-04-16,52.45,F,1992-09-09,Self Employed,Primary,100274,,0.0,44,,,,NORM
9,Ismailia,2019-10-14,10000,A,NORM,Normal,0,2026-04-20,Travel Rewards Card,100,1000,2303.68,7529.75,2038.22,2026-04-18,1563.54,M,1995-07-03,Orascom,Primary,100275,,0.0,79,,,,NORM
8,Zagazig,2023-01-02,15000,A,NORM,Normal,0,2026-04-19,Business Credit Card,200,300,10553.93,4129.15,3364.21,2026-04-10,646.15,M,1986-08-24,Talaat Moustafa Group,Primary,100277,,0.0,40,,,,NORM
8,Zagazig,2023-01-02,15000,I,CLSD,Closed,0,2026-04-27,World Elite Card,200,300,12163.39,2588.19,3551.06,2026-04-08,327.61,M,1986-08-24,Talaat Moustafa Group,Primary,100277,2026-04-21,0.0,40,,,,CLSD
8,Zagazig,2023-01-02,15000,A,NORM,Normal,0,2026-04-29,Travel Rewards Card,200,300,-836.44,14043.44,275.66,2026-04-23,1148.31,M,1986-08-24,Talaat Moustafa Group,Primary,100277,,0.0,40,,,,NORM
1,Cairo Main,2018-07-23,15000,I,CLSB,Closed by Bank,0,2026-04-28,Titanium Credit Card,100,150,11519.2,3054.51,2111.99,2026-04-03,1477.98,M,1977-05-04,Talaat Moustafa Group,Primary,100278,2026-04-16,0.0,94,MC-OLD,,,CLSB
1,Cairo Main,2018-07-23,15000,A,NORM,Normal,0,2026-04-29,Travel Rewards Card,100,150,2314.33,12389.8,3427.98,2026-04-05,1690.26,M,1977-05-04,Talaat Moustafa Group,Primary,100278,,0.0,94,MC-OLD,,,NORM
1,Cairo Main,2019-06-26,15000,I,CNCD,Cancelled,0,2026-04-19,Classic Credit Card,100,300,815.01,14160.28,3763.52,2026-04-13,217.62,F,1981-04-07,Talaat Moustafa Group,Primary,100279,,0.0,83,VISA-OLD,,,CNCD
8,Zagazig,2020-06-12,100000,A,WROF,Write Off,180,2026-04-28,Travel Rewards Card,0,0,12711.28,87011.83,27485.4,2026-04-06,539.14,F,1971-04-21,Ministry of Health,Primary,100280,2026-03-17,40919.89,71,MC-OLD,,,WROF
5,Tanta,2019-03-19,100000,A,90DA,90 Days Delinquent,90,2026-04-27,World Elite Card,200,300,56781.63,42753.42,4369.28,2026-04-07,341.62,F,1990-09-13,Juhayna,Primary,100281,,18227.82,86,MC-OLD,,,90DA
1,Cairo Main,2024-09-23,75000,A,NORM,Normal,0,2026-05-01,Platinum Credit Card,0,500,4207.25,70447.08,17414.95,2026-04-29,54.46,F,1996-02-17,Talaat Moustafa Group,Secondary,100282,,0.0,19,VISA-OLD,,,NORM
1,Cairo Main,2024-06-01,20000,A,NORM,Normal,0,2026-04-26,Titanium Credit Card,500,300,7399.39,12131.49,1027.8,2026-04-09,529.51,F,1986-02-25,Orascom,Secondary,100283,,0.0,23,MC-OLD,,,NORM
5,Tanta,2023-04-13,15000,A,NORM,Normal,0,2026-04-24,Platinum Credit Card,200,0,-533.39,14173.58,2197.38,2026-04-27,671.3,M,1964-05-18,IBM Egypt,Primary,100284,,0.0,37,,,,NORM
5,Tanta,2023-04-13,15000,A,90DA,90 Days Delinquent,90,2026-04-26,Cashback Card,200,0,8015.62,6497.79,4234.41,2026-04-17,1176.77,M,1964-05-18,IBM Egypt,Primary,100284,,1490.88,37,,,,90DA
6,Assiut,2020-12-03,200000,I,CLSC,Closed by Customer,0,2026-04-19,Gold Credit Card,500,0,126229.93,73632.67,44115.16,2026-04-05,571.75,M,1976-09-02,Self Employed,Secondary,100285,2026-03-05,0.0,65,MC-OLD,,,CLSC
7,Luxor,2021-05-07,75000,A,90DA,90 Days Delinquent,90,2026-04-20,Platinum Credit Card,100,150,51847.39,22703.49,10221.91,2026-04-12,431.06,F,1983-10-07,Amazon Egypt,Secondary,100286,,27025.61,60,VISA-OLD,,,90DA
6,Assiut,2020-01-09,10000,A,NORM,Normal,0,2026-04-30,Platinum Credit Card,200,0,1888.25,7835.84,0.8,2026-04-16,1194.83,M,1998-09-07,Freelancer,Primary,100287,,0.0,76,,VISA-OLD2,,NORM
3,Alexandria,2018-12-27,15000,A,NORM,Normal,0,2026-04-25,Travel Rewards Card,500,500,12613.94,2267.32,246.37,2026-04-15,1819.79,F,1981-12-17,Microsoft Egypt,Primary,100288,,0.0,89,MC-OLD,,,NORM
6,Assiut,2021-08-12,150000,A,60DA,60 Days Delinquent,60,2026-04-25,Classic Credit Card,100,150,37661.52,112103.54,18962.86,2026-04-15,858.64,F,1960-08-18,Juhayna,Primary,100289,,65301.02,57,VISA-OLD,VISA-OLD2,,60DA
10,Suez,2019-11-16,10000,A,NEW,New,0,2026-04-16,World Elite Card,500,1000,2060.53,7533.64,2005.53,2026-04-12,1415.39,F,1973-09-24,Amazon Egypt,Secondary,100290,,0.0,78,,,,NEW
10,Suez,2019-11-16,10000,I,CLSB,Closed by Bank,0,2026-04-25,Platinum Credit Card,500,1000,1052.57,8584.29,546.91,2026-04-21,1892.69,F,1973-09-24,Amazon Egypt,Secondary,100290,2026-04-22,0.0,78,,,,CLSB
8,Zagazig,2020-02-11,15000,A,NORM,Normal,0,2026-04-24,Travel Rewards Card,100,150,5306.78,9396.22,745.89,2026-04-25,393.59,M,1976-02-11,Vodafone Egypt,Primary,100291,,0.0,75,,,,NORM
8,Zagazig,2020-02-11,15000,A,60DA,60 Days Delinquent,60,2026-04-25,Classic Credit Card,100,150,-197.25,14552.7,794.71,2026-04-25,675.7,M,1976-02-11,Vodafone Egypt,Primary,100291,,8386.31,75,,,,60DA
8,Zagazig,2020-02-11,15000,A,FRAD,Fraud,0,2026-04-22,Gold Credit Card,100,150,4560.32,10197.01,123.33,2026-04-12,1838.74,M,1976-02-11,Vodafone Egypt,Primary,100291,,0.0,75,,,,FRAD
6,Assiut,2018-06-03,75000,A,WROF,Write Off,180,2026-04-26,World Elite Card,0,1000,-4163.61,70476.84,6252.76,2026-04-28,623.0,M,1991-11-24,CIB,Primary,100292,2026-03-03,4767.34,96,,,,WROF
6,Assiut,2018-06-03,75000,A,NORM,Normal,0,2026-04-17,Travel Rewards Card,0,1000,38983.21,35939.37,18246.88,2026-04-18,1350.7,M,1991-11-24,CIB,Primary,100292,,0.0,96,,,,NORM
2,Giza,2022-12-25,75000,A,NORM,Normal,0,2026-04-20,World Elite Card,500,150,57401.36,17314.99,12943.85,2026-04-23,69.21,M,1978-09-11,Vodafone Egypt,Primary,100293,,0.0,40,,VISA-OLD2,,NORM
5,Tanta,2024-10-16,15000,A,NORM,Normal,0,2026-04-17,Gold Credit Card,0,300,961.22,13556.07,3112.05,2026-04-24,556.67,M,1987-12-08,CIB,Primary,100294,,0.0,18,MC-OLD,,,NORM
5,Tanta,2023-11-13,20000,A,NORM,Normal,0,2026-04-24,Travel Rewards Card,200,150,2131.77,17697.23,4914.0,2026-04-07,414.45,M,1997-04-19,Ministry of Health,Primary,100295,,0.0,30,,,,NORM
6,Assiut,2018-01-12,5000,A,NORM,Normal,0,2026-04-29,Gold Credit Card,500,150,2169.44,2358.92,547.82,2026-04-11,1462.73,M,1970-07-09,Government,Primary,100296,,0.0,101,,,,NORM
4,Mansoura,2021-04-27,30000,A,SUSP,Profit Suspended,120,2026-04-23,Gold Credit Card,100,0,16196.4,13633.43,5213.75,2026-04-07,680.56,F,1980-06-27,IBM Egypt,Secondary,100297,,13842.78,61,,,,SUSP
2,Giza,2018-07-07,5000,A,NORM,Normal,0,2026-04-20,Platinum Credit Card,200,500,2494.51,2475.89,1048.97,2026-04-25,1617.24,F,1964-04-05,National Bank of Egypt,Primary,100298,,0.0,95,,,,NORM
2,Giza,2018-07-07,5000,A,NORM,Normal,0,2026-05-01,Business Credit Card,200,500,681.22,3948.25,1021.36,2026-04-30,964.11,F,1964-04-05,National Bank of Egypt,Primary,100298,,0.0,95,,,,NORM
2,Giza,2022-06-28,100000,A,NEW,New,0,2026-04-22,Travel Rewards Card,500,500,81767.53,18197.45,13071.95,2026-04-04,1005.91,M,1977-12-23,CIB,Primary,100299,,0.0,46,,,,NEW
2,Giza,2024-08-16,100000,A,NORM,Normal,0,2026-04-20,Business Credit Card,500,300,61533.49,38323.95,21572.87,2026-04-06,336.38,M,1978-08-30,Banque Misr,Primary,100300,,0.0,20,VISA-OLD,,,NORM
2,Giza,2024-08-16,100000,A,NEW,New,0,2026-04-19,Gold Credit Card,500,300,18232.11,81643.08,11001.99,2026-04-10,1738.88,M,1978-08-30,Banque Misr,Primary,100300,,0.0,20,VISA-OLD,,,NEW
7,Luxor,2018-07-08,10000,A,NORM,Normal,0,2026-04-27,Cashback Card,0,1000,5699.26,4110.25,409.14,2026-04-04,916.15,M,1979-10-08,Edita Food Industries,Primary,100301,,0.0,95,MC-OLD,,,NORM
7,Luxor,2020-10-15,100000,I,CLSD,Closed,0,2026-04-27,Travel Rewards Card,100,1000,88193.02,11806.64,5181.37,2026-04-04,1354.97,M,1989-09-06,Vodafone Egypt,Primary,100302,2026-04-08,0.0,67,,VISA-OLD2,,CLSD
8,Zagazig,2023-07-24,15000,A,SUSP,Profit Suspended,120,2026-04-30,Business Credit Card,200,150,8503.46,6143.14,464.87,2026-04-27,1784.32,F,1998-03-19,Talaat Moustafa Group,Primary,100303,,8084.64,33,,VISA-OLD2,,SUSP
7,Luxor,2020-08-20,10000,I,CLSC,Closed by Customer,0,2026-04-27,Business Credit Card,0,500,2728.41,7066.35,1960.03,2026-04-28,845.64,F,1978-02-02,Edita Food Industries,Primary,100304,2026-04-05,0.0,69,VISA-OLD,,,CLSC
2,Giza,2022-08-16,5000,A,NORM,Normal,0,2026-04-23,Classic Credit Card,0,1000,4205.82,540.48,1178.93,2026-04-01,1899.33,F,1978-02-04,Government,Primary,100305,,0.0,45,VISA-OLD,,,NORM
6,Assiut,2018-08-11,20000,A,60DA,60 Days Delinquent,60,2026-04-23,Cashback Card,500,300,9936.91,9911.98,1202.27,2026-04-04,341.05,F,1997-01-07,CIB,Primary,100306,,907.13,94,,,,60DA
6,Assiut,2018-08-11,20000,A,NORM,Normal,0,2026-05-01,World Elite Card,500,300,14079.2,5540.94,5870.48,2026-04-26,860.35,F,1997-01-07,CIB,Primary,100306,,0.0,94,,,,NORM
6,Assiut,2021-04-10,150000,A,NORM,Normal,0,2026-04-29,Gold Credit Card,0,150,99418.87,50468.67,44024.28,2026-04-10,589.86,F,1975-12-06,Banque Misr,Secondary,100307,,0.0,61,VISA-OLD,,,NORM
5,Tanta,2020-03-13,20000,A,NORM,Normal,0,2026-04-25,Travel Rewards Card,100,500,16238.01,3414.25,5434.1,2026-04-04,956.91,M,1987-05-27,Edita Food Industries,Primary,100308,,0.0,74,VISA-OLD,,,NORM
10,Suez,2023-01-20,100000,A,NORM,Normal,0,2026-04-30,Platinum Credit Card,500,0,83411.18,16233.19,5701.93,2026-04-27,1217.39,M,1965-07-11,Ministry of Health,Secondary,100309,,0.0,39,MC-OLD,,,NORM
9,Ismailia,2019-12-27,200000,A,NORM,Normal,0,2026-05-01,Platinum Credit Card,0,500,157095.51,42698.86,14847.5,2026-04-01,1238.19,F,1995-01-14,Government,Secondary,100310,,0.0,77,VISA-OLD,VISA-OLD2,,NORM
4,Mansoura,2022-06-18,50000,I,CLSC,Closed by Customer,0,2026-04-26,Business Credit Card,100,500,14170.71,35465.99,14222.92,2026-04-07,327.07,F,1972-04-09,Ministry of Health,Secondary,100311,2026-04-08,0.0,47,MC-OLD,,,CLSC
4,Mansoura,2022-06-18,50000,A,NORM,Normal,0,2026-04-17,Travel Rewards Card,100,500,40145.26,9653.81,8796.94,2026-04-21,1098.05,F,1972-04-09,Ministry of Health,Secondary,100311,,0.0,47,MC-OLD,,,NORM
4,Mansoura,2022-06-18,50000,A,NORM,Normal,0,2026-04-26,Gold Credit Card,100,500,18011.65,31675.32,5720.04,2026-04-21,1012.53,F,1972-04-09,Ministry of Health,Secondary,100311,,0.0,47,MC-OLD,,,NORM
4,Mansoura,2021-04-05,50000,A,NEW,New,0,2026-05-01,Platinum Credit Card,100,1000,40627.9,9353.59,14739.97,2026-04-07,920.41,F,1969-05-28,CIB,Primary,100312,,0.0,61,MC-OLD,,,NEW
4,Mansoura,2021-04-05,50000,A,NORM,Normal,0,2026-04-22,Cashback Card,100,1000,-2910.86,47054.55,549.93,2026-04-26,1999.09,F,1969-05-28,CIB,Primary,100312,,0.0,61,MC-OLD,,,NORM
4,Mansoura,2021-04-05,50000,I,CNCD,Cancelled,0,2026-04-22,Travel Rewards Card,100,1000,22494.85,27500.52,5875.93,2026-04-10,1884.89,F,1969-05-28,CIB,Primary,100312,,0.0,61,MC-OLD,,,CNCD
4,Mansoura,2019-10-22,30000,A,NORM,Normal,0,2026-05-01,Platinum Credit Card,0,300,20275.06,9483.76,6448.12,2026-04-10,51.04,M,1971-12-23,Ministry of Health,Primary,100314,,0.0,79,VISA-OLD,,,NORM
10,Suez,2024-04-20,20000,A,NORM,Normal,0,2026-04-30,Travel Rewards Card,200,0,-538.89,19433.79,5813.67,2026-04-07,878.64,F,1998-12-08,Microsoft Egypt,Primary,100315,,0.0,24,,VISA-OLD2,,NORM
10,Suez,2024-04-20,20000,A,30DD,30 Days Delinquent,30,2026-05-01,Gold Credit Card,200,0,12441.98,7192.04,5505.09,2026-04-25,566.46,F,1998-12-08,Microsoft Egypt,Primary,100315,,9764.43,24,,VISA-OLD2,,30DD
1,Cairo Main,2020-10-26,20000,A,NEW,New,0,2026-04-23,Business Credit Card,100,300,-1658.2,17862.99,1734.98,2026-04-02,171.2,M,1960-07-31,El Sewedy Electric,Primary,100316,,0.0,67,,,,NEW
6,Assiut,2019-09-27,5000,A,NORM,Normal,0,2026-04-29,Cashback Card,0,1000,1906.71,2757.67,411.75,2026-04-24,58.44,F,1980-12-01,Self Employed,Primary,100318,,0.0,80,MC-OLD,,,NORM
2,Giza,2021-07-25,150000,A,NORM,Normal,0,2026-04-17,Platinum Credit Card,0,1000,108770.77,41120.72,16399.46,2026-04-14,1099.27,M,1995-03-03,Amazon Egypt,Primary,100319,,0.0,58,VISA-OLD,,,NORM
6,Assiut,2020-05-23,50000,A,NORM,Normal,0,2026-04-20,World Elite Card,100,1000,16800.95,32813.67,6673.08,2026-04-05,1294.96,F,1969-12-03,Ministry of Health,Secondary,100320,,0.0,72,,,,NORM
6,Assiut,2020-09-11,200000,A,NORM,Normal,0,2026-04-19,Titanium Credit Card,200,500,35624.59,164261.44,56234.01,2026-04-20,42.04,M,1979-12-28,Microsoft Egypt,Primary,100321,,0.0,68,,,,NORM
6,Assiut,2020-09-11,200000,A,NORM,Normal,0,2026-04-27,Classic Credit Card,200,500,35825.32,164108.88,27469.65,2026-04-29,130.08,M,1979-12-28,Microsoft Egypt,Primary,100321,,0.0,68,,,,NORM
6,Assiut,2020-09-11,200000,A,SUSP,Profit Suspended,120,2026-04-18,Cashback Card,200,500,93375.44,106567.13,7329.88,2026-04-28,348.33,M,1979-12-28,Microsoft Egypt,Primary,100321,,115771.48,68,,,,SUSP
9,Ismailia,2022-03-16,150000,A,60DA,60 Days Delinquent,60,2026-04-28,Business Credit Card,0,300,118255.92,31616.05,27735.16,2026-04-22,71.52,M,1996-11-16,Edita Food Industries,Primary,100322,,67750.73,50,,,,60DA
9,Ismailia,2022-03-16,150000,A,NORM,Normal,0,2026-04-16,Titanium Credit Card,0,300,119978.66,29539.6,468.79,2026-04-22,373.55,M,1996-11-16,Edita Food Industries,Primary,100322,,0.0,50,,,,NORM
9,Ismailia,2018-01-31,10000,A,NORM,Normal,0,2026-04-16,Titanium Credit Card,500,0,1262.23,8313.09,108.1,2026-04-24,1793.38,M,1983-12-02,Ministry of Health,Secondary,100323,,0.0,100,VISA-OLD,,,NORM
3,Alexandria,2023-02-24,50000,A,NORM,Normal,0,2026-04-22,Gold Credit Card,0,150,-4637.95,45289.53,11004.94,2026-04-13,641.76,F,1961-01-24,Ministry of Health,Primary,100324,,0.0,38,,,,NORM
7,Luxor,2023-01-22,75000,A,60DA,60 Days Delinquent,60,2026-04-30,Classic Credit Card,500,0,6422.94,68113.86,9831.5,2026-04-05,1479.38,M,1977-05-28,Military,Primary,100325,,24921.32,39,MC-OLD,,,60DA
2,Giza,2023-08-22,10000,A,NORM,Normal,0,2026-04-24,World Elite Card,0,300,5226.3,4614.9,2835.77,2026-04-04,815.02,F,1976-01-17,Microsoft Egypt,Primary,100326,,0.0,32,,,,NORM
3,Alexandria,2020-06-19,15000,A,NORM,Normal,0,2026-04-24,World Elite Card,100,300,-1264.78,13269.88,3309.22,2026-04-11,1564.28,F,1983-12-06,Vodafone Egypt,Primary,100327,,0.0,71,MC-OLD,,,NORM
3,Alexandria,2020-06-19,15000,I,CLSB,Closed by Bank,0,2026-04-23,Cashback Card,100,300,7804.8,7146.01,3478.69,2026-04-04,1545.19,F,1983-12-06,Vodafone Egypt,Primary,100327,2026-04-30,0.0,71,MC-OLD,,,CLSB
2,Giza,2018-01-21,200000,A,WROF,Write Off,180,2026-04-17,Gold Credit Card,200,150,108342.97,91404.5,43130.96,2026-04-11,1882.99,F,1961-11-15,El Sewedy Electric,Primary,100328,2026-04-24,20186.53,100,MC-OLD,,,WROF
3,Alexandria,2020-06-23,200000,A,FRAD,Fraud,0,2026-04-26,Titanium Credit Card,100,1000,103318.58,96350.54,50718.34,2026-04-10,1032.7,M,1968-04-02,Ministry of Health,Primary,100329,,0.0,71,MC-OLD,,,FRAD
3,Alexandria,2020-06-23,200000,A,NORM,Normal,0,2026-04-23,Classic Credit Card,100,1000,168712.25,30921.26,20125.86,2026-04-12,1245.24,M,1968-04-02,Ministry of Health,Primary,100329,,0.0,71,MC-OLD,,,NORM
5,Tanta,2018-10-03,30000,A,SUSP,Profit Suspended,120,2026-04-19,Business Credit Card,200,300,5337.69,24566.45,7387.45,2026-04-26,852.75,M,1990-02-16,Elsewedy Capital,Primary,100330,,12884.63,92,MC-OLD,,,SUSP
4,Mansoura,2023-06-14,100000,A,NEW,New,0,2026-04-19,World Elite Card,100,1000,40316.37,59417.36,21294.96,2026-04-10,1679.69,F,1974-04-03,Edita Food Industries,Secondary,100331,,0.0,35,,,,NEW
6,Assiut,2020-06-26,75000,I,CLSC,Closed by Customer,0,2026-04-26,Cashback Card,100,300,35710.5,38850.14,844.33,2026-04-28,1131.05,F,1971-01-16,Freelancer,Primary,100332,2026-03-16,0.0,71,,,,CLSC
9,Ismailia,2019-12-21,200000,A,NORM,Normal,0,2026-04-18,World Elite Card,100,1000,164373.2,35552.59,16265.38,2026-04-30,985.42,M,1964-11-18,Talaat Moustafa Group,Primary,100333,,0.0,77,,,,NORM
1,Cairo Main,2023-09-09,5000,A,NORM,Normal,0,2026-04-29,Travel Rewards Card,100,0,2212.44,2455.95,683.28,2026-04-14,23.14,F,1998-02-09,Ministry of Health,Secondary,100334,,0.0,32,MC-OLD,,,NORM
1,Cairo Main,2023-09-09,5000,A,NORM,Normal,0,2026-04-24,Business Credit Card,100,0,3128.62,1804.0,1440.96,2026-04-14,1266.11,F,1998-02-09,Ministry of Health,Secondary,100334,,0.0,32,MC-OLD,,,NORM
3,Alexandria,2022-05-27,20000,A,NORM,Normal,0,2026-04-28,World Elite Card,500,1000,12586.92,6969.87,1145.97,2026-04-06,1986.73,M,1976-05-29,Microsoft Egypt,Primary,100335,,0.0,47,,,,NORM
3,Alexandria,2022-05-27,20000,A,NORM,Normal,0,2026-04-18,Gold Credit Card,500,1000,1746.71,17972.33,4031.0,2026-04-05,770.69,M,1976-05-29,Microsoft Egypt,Primary,100335,,0.0,47,,,,NORM
10,Suez,2019-11-11,150000,I,CLSB,Closed by Bank,0,2026-04-27,Platinum Credit Card,100,1000,46011.58,103906.43,3705.54,2026-04-04,1179.26,M,1990-09-09,Self Employed,Secondary,100336,2026-04-11,0.0,78,,,,CLSB
8,Zagazig,2018-09-15,30000,A,60DA,60 Days Delinquent,60,2026-04-18,Classic Credit Card,100,1000,18395.08,11414.24,3610.54,2026-04-02,1902.21,F,1970-05-24,Microsoft Egypt,Primary,100337,,15246.47,92,VISA-OLD,,,60DA
1,Cairo Main,2021-08-20,10000,A,NORM,Normal,0,2026-04-23,World Elite Card,200,1000,158.73,9797.55,2892.8,2026-04-13,3.29,M,1989-02-02,Microsoft Egypt,Primary,100338,,0.0,57,,VISA-OLD2,,NORM
1,Cairo Main,2021-08-20,10000,A,NORM,Normal,0,2026-04-16,Travel Rewards Card,200,1000,-716.86,8999.15,1974.87,2026-04-09,782.16,M,1989-02-02,Microsoft Egypt,Primary,100338,,0.0,57,,VISA-OLD2,,NORM
2,Giza,2020-10-27,75000,A,NORM,Normal,0,2026-04-25,Titanium Credit Card,200,300,52146.02,22843.66,11894.22,2026-04-23,437.09,F,1983-03-06,Self Employed,Secondary,100339,,0.0,67,,VISA-OLD2,,NORM
2,Giza,2020-10-27,75000,A,NEW,New,0,2026-04-19,World Elite Card,200,300,43543.48,31283.3,8800.39,2026-04-08,1285.54,F,1983-03-06,Self Employed,Secondary,100339,,0.0,67,,VISA-OLD2,,NEW
2,Giza,2020-10-27,75000,A,NORM,Normal,0,2026-05-01,Business Credit Card,200,300,-6823.75,67818.25,7969.97,2026-04-14,1297.21,F,1983-03-06,Self Employed,Secondary,100339,,0.0,67,,VISA-OLD2,,NORM
3,Alexandria,2019-11-10,20000,A,NORM,Normal,0,2026-04-30,World Elite Card,100,150,17350.62,2309.99,320.03,2026-04-24,832.18,M,1979-09-25,Orascom,Primary,100340,,0.0,78,,,,NORM
7,Luxor,2021-09-14,10000,A,NEW,New,0,2026-04-30,Business Credit Card,500,150,2787.42,6866.66,1771.62,2026-04-14,702.97,M,1996-05-21,Amazon Egypt,Primary,100341,,0.0,56,,,,NEW
10,Suez,2019-10-22,15000,I,CNCD,Cancelled,0,2026-04-29,Classic Credit Card,100,0,4339.63,10444.83,1327.47,2026-04-05,1170.08,M,1986-07-28,Talaat Moustafa Group,Secondary,100342,,0.0,79,MC-OLD,,,CNCD
10,Suez,2018-03-18,30000,A,90DA,90 Days Delinquent,90,2026-04-30,Titanium Credit Card,500,500,21407.35,8170.54,3760.02,2026-04-18,743.6,M,1985-04-13,Elsewedy Capital,Secondary,100343,,5071.86,98,MC-OLD,,,90DA
10,Suez,2018-03-18,30000,A,30DD,30 Days Delinquent,30,2026-04-19,Business Credit Card,500,500,15781.11,13843.09,8718.06,2026-04-16,184.42,M,1985-04-13,Elsewedy Capital,Secondary,100343,,10726.43,98,MC-OLD,,,30DD
10,Suez,2018-03-18,30000,A,NORM,Normal,0,2026-04-25,World Elite Card,500,500,16855.96,13089.26,8084.3,2026-04-21,826.11,M,1985-04-13,Elsewedy Capital,Secondary,100343,,0.0,98,MC-OLD,,,NORM
10,Suez,2020-01-15,200000,A,NORM,Normal,0,2026-04-17,World Elite Card,100,300,108081.98,91799.51,50255.12,2026-04-28,884.9,F,1996-10-20,Military,Primary,100344,,0.0,76,,,,NORM
7,Luxor,2019-03-21,5000,A,NEW,New,0,2026-04-18,Travel Rewards Card,100,1000,4517.22,435.99,178.35,2026-04-15,877.77,M,1965-12-06,Orascom,Primary,100345,,0.0,86,MC-OLD,VISA-OLD2,,NEW
1,Cairo Main,2023-12-17,150000,A,NORM,Normal,0,2026-04-25,Gold Credit Card,100,1000,137624.52,11877.07,35559.51,2026-04-22,1651.46,M,1999-05-17,Amazon Egypt,Primary,100346,,0.0,28,,,,NORM
1,Cairo Main,2023-12-17,150000,A,NORM,Normal,0,2026-04-17,Titanium Credit Card,100,1000,122150.76,27480.33,4734.72,2026-04-04,708.83,M,1999-05-17,Amazon Egypt,Primary,100346,,0.0,28,,,,NORM
9,Ismailia,2020-07-28,100000,A,LOST,Lost,0,2026-04-24,Travel Rewards Card,0,500,80265.8,19287.63,18623.84,2026-04-29,1646.49,M,1979-03-30,Talaat Moustafa Group,Primary,100347,,0.0,70,,,,LOST
9,Ismailia,2020-07-28,100000,A,NORM,Normal,0,2026-04-16,Platinum Credit Card,0,500,85255.21,14271.38,1766.64,2026-04-17,582.27,M,1979-03-30,Talaat Moustafa Group,Primary,100347,,0.0,70,,,,NORM
5,Tanta,2024-02-06,75000,A,NORM,Normal,0,2026-04-25,Classic Credit Card,0,1000,59463.06,15095.7,10619.59,2026-04-19,1544.04,M,1986-11-02,Government,Primary,100348,,0.0,27,,,,NORM
7,Luxor,2019-03-13,15000,A,NORM,Normal,0,2026-04-16,World Elite Card,200,1000,-318.58,14523.68,1164.2,2026-04-08,568.91,F,1976-04-01,Cairo University,Primary,100349,,0.0,86,,,,NORM
4,Mansoura,2024-03-11,150000,A,NEW,New,0,2026-04-17,Cashback Card,500,300,6519.16,143480.32,4709.41,2026-04-29,1091.38,F,1978-07-15,Cairo University,Primary,100350,,0.0,26,VISA-OLD,,,NEW
2,Giza,2020-07-30,100000,A,90DA,90 Days Delinquent,90,2026-05-01,Platinum Credit Card,100,1000,65096.72,34799.54,25687.41,2026-04-27,498.16,F,1993-07-18,Edita Food Industries,Secondary,100351,,32616.51,70,MC-OLD,,,90DA
2,Giza,2020-07-30,100000,A,NORM,Normal,0,2026-04-28,Classic Credit Card,100,1000,80870.88,18877.73,25412.27,2026-04-22,1625.48,F,1993-07-18,Edita Food Industries,Secondary,100351,,0.0,70,MC-OLD,,,NORM
3,Alexandria,2018-01-22,10000,A,NORM,Normal,0,2026-04-16,Business Credit Card,500,0,5271.43,4421.31,1730.41,2026-04-19,1408.59,M,1977-06-15,Talaat Moustafa Group,Primary,100352,,0.0,100,,VISA-OLD2,,NORM
3,Alexandria,2018-01-22,10000,A,NEW,New,0,2026-05-01,World Elite Card,500,0,7366.68,2576.43,1201.65,2026-04-28,997.37,M,1977-06-15,Talaat Moustafa Group,Primary,100352,,0.0,100,,VISA-OLD2,,NEW
1,Cairo Main,2022-04-24,75000,A,NORM,Normal,0,2026-04-22,World Elite Card,0,150,17103.86,57448.24,1079.46,2026-04-23,1489.71,F,1992-07-01,Freelancer,Primary,100353,,0.0,48,MC-OLD,,,NORM
4,Mansoura,2024-09-21,150000,A,30DD,30 Days Delinquent,30,2026-04-26,Titanium Credit Card,100,0,124693.44,24947.8,29108.52,2026-04-26,1970.38,F,1961-07-04,Elsewedy Capital,Primary,100354,,39358.24,19,,,,30DD
5,Tanta,2022-06-25,50000,A,30DD,30 Days Delinquent,30,2026-04-30,Travel Rewards Card,100,1000,41281.16,8652.72,5107.16,2026-04-06,338.75,M,1994-12-22,National Bank of Egypt,Secondary,100355,,3587.32,46,MC-OLD,,,30DD
9,Ismailia,2021-11-26,50000,A,NORM,Normal,0,2026-04-18,World Elite Card,100,500,34147.47,15762.49,9745.35,2026-04-03,711.4,F,1986-02-23,Cairo University,Primary,100356,,0.0,53,,,,NORM
9,Ismailia,2021-11-26,50000,A,NORM,Normal,0,2026-04-19,Gold Credit Card,100,500,2461.02,47493.47,7956.02,2026-04-20,1081.86,F,1986-02-23,Cairo University,Primary,100356,,0.0,53,,,,NORM
9,Ismailia,2021-11-26,50000,A,WROF,Write Off,180,2026-04-25,Business Credit Card,100,500,42419.36,7143.87,13464.92,2026-04-03,1337.35,F,1986-02-23,Cairo University,Primary,100356,2026-04-03,18930.46,53,,,,WROF
9,Ismailia,2024-04-07,10000,I,CNCD,Cancelled,0,2026-04-30,Cashback Card,0,1000,2698.91,6862.68,2890.17,2026-04-13,352.45,F,1964-10-10,Ministry of Health,Secondary,100357,,0.0,25,MC-OLD,,,CNCD
8,Zagazig,2024-04-25,100000,A,NEW,New,0,2026-04-22,Cashback Card,500,500,48428.11,51366.58,23546.86,2026-04-21,510.03,M,1976-11-30,Self Employed,Primary,100358,,0.0,24,,,,NEW
8,Zagazig,2024-04-25,100000,A,60DA,60 Days Delinquent,60,2026-04-30,Travel Rewards Card,500,500,78958.58,20706.61,27119.91,2026-04-18,1240.96,M,1976-11-30,Self Employed,Primary,100358,,46210.94,24,,,,60DA
4,Mansoura,2020-07-30,50000,I,CLSB,Closed by Bank,0,2026-04-17,Cashback Card,0,300,21884.75,27896.07,3340.87,2026-04-07,1205.7,M,1990-05-13,Juhayna,Primary,100359,2026-04-03,0.0,70,,,,CLSB
9,Ismailia,2023-05-06,50000,A,NORM,Normal,0,2026-04-26,World Elite Card,100,150,6343.88,43391.81,3267.26,2026-04-22,1420.96,F,1968-01-03,El Sewedy Electric,Primary,100360,,0.0,36,,,,NORM
4,Mansoura,2020-04-10,20000,A,NORM,Normal,0,2026-04-21,Cashback Card,0,0,1327.41,18206.35,995.64,2026-04-15,314.14,M,1970-04-13,Self Employed,Primary,100361,,0.0,73,MC-OLD,,,NORM
4,Mansoura,2020-04-10,20000,A,NORM,Normal,0,2026-04-26,Gold Credit Card,0,0,6389.39,13135.36,470.53,2026-04-28,222.72,M,1970-04-13,Self Employed,Primary,100361,,0.0,73,MC-OLD,,,NORM
8,Zagazig,2024-12-17,50000,A,WROF,Write Off,180,2026-04-30,World Elite Card,500,150,20826.81,28805.62,13970.69,2026-04-17,177.25,F,1976-08-25,Microsoft Egypt,Primary,100362,2026-04-07,24707.88,16,MC-OLD,,,WROF
1,Cairo Main,2022-09-30,100000,A,LOST,Lost,0,2026-04-26,Classic Credit Card,500,150,34855.77,64985.56,26568.35,2026-04-16,1411.36,F,1983-08-01,CIB,Primary,100363,,0.0,43,VISA-OLD,,,LOST
1,Cairo Main,2022-09-30,100000,A,NORM,Normal,0,2026-04-25,World Elite Card,500,150,28799.57,70989.66,16570.93,2026-04-06,1113.58,F,1983-08-01,CIB,Primary,100363,,0.0,43,VISA-OLD,,,NORM
1,Cairo Main,2022-09-30,100000,A,NORM,Normal,0,2026-04-22,Platinum Credit Card,500,150,63756.85,35784.87,18838.61,2026-04-21,1252.01,F,1983-08-01,CIB,Primary,100363,,0.0,43,VISA-OLD,,,NORM
1,Cairo Main,2020-05-13,75000,A,NORM,Normal,0,2026-04-25,Cashback Card,200,1000,10814.26,63898.61,8986.54,2026-04-14,1493.01,F,1960-07-12,Orascom,Primary,100364,,0.0,72,,,,NORM
8,Zagazig,2021-11-06,50000,A,NORM,Normal,0,2026-04-28,Travel Rewards Card,100,500,44794.79,5010.18,11332.36,2026-04-14,1997.91,F,1987-07-02,IBM Egypt,Secondary,100365,,0.0,54,,,,NORM
1,Cairo Main,2022-09-23,100000,A,NORM,Normal,0,2026-04-19,Cashback Card,500,300,45761.06,53740.72,4123.38,2026-04-08,1587.31,F,1967-12-03,Ministry of Health,Secondary,100367,,0.0,43,,,,NORM
2,Giza,2019-11-01,5000,I,CNCD,Cancelled,0,2026-04-29,World Elite Card,500,0,462.37,4259.68,1338.36,2026-04-03,689.11,F,1990-12-22,Edita Food Industries,Primary,100368,,0.0,79,,VISA-OLD2,,CNCD
9,Ismailia,2020-11-21,50000,I,CLSD,Closed,0,2026-04-28,Gold Credit Card,200,1000,-3836.63,46155.04,13380.44,2026-04-05,1235.94,M,1996-05-02,Cairo University,Primary,100369,2026-03-12,0.0,66,MC-OLD,,,CLSD
5,Tanta,2021-08-24,150000,A,NORM,Normal,0,2026-04-29,Business Credit Card,0,500,67980.13,81771.77,19117.37,2026-04-30,717.83,F,1975-12-06,Freelancer,Primary,100370,,0.0,57,,,,NORM
6,Assiut,2024-11-13,200000,A,NORM,Normal,0,2026-04-23,Gold Credit Card,0,150,140680.99,58918.15,54721.67,2026-04-23,1618.74,F,1978-12-03,Elsewedy Capital,Primary,100371,,0.0,17,,,,NORM
10,Suez,2022-06-08,30000,A,NORM,Normal,0,2026-04-23,Cashback Card,500,500,16094.64,13830.88,8926.06,2026-04-07,694.12,M,1988-11-30,Orascom,Secondary,100372,,0.0,47,,,,NORM
10,Suez,2022-06-08,30000,A,90DA,90 Days Delinquent,90,2026-04-16,Business Credit Card,500,500,13000.5,16899.85,4687.89,2026-04-21,1505.53,M,1988-11-30,Orascom,Secondary,100372,,9183.04,47,,,,90DA
5,Tanta,2018-11-24,20000,A,60DA,60 Days Delinquent,60,2026-04-27,Gold Credit Card,0,0,1038.82,18786.15,5489.27,2026-04-23,91.65,F,1993-05-14,Ministry of Health,Primary,100373,,5765.35,90,VISA-OLD,VISA-OLD2,,60DA
2,Giza,2020-12-11,200000,A,NORM,Normal,0,2026-04-30,Travel Rewards Card,200,150,54664.67,144998.67,39021.9,2026-04-05,886.57,M,1964-08-29,Juhayna,Primary,100374,,0.0,65,,,,NORM
9,Ismailia,2019-11-30,5000,A,NORM,Normal,0,2026-04-21,Cashback Card,200,500,1843.92,2989.61,0.88,2026-04-06,380.22,F,1997-08-12,Ministry of Health,Secondary,100375,,0.0,78,MC-OLD,,,NORM
3,Alexandria,2024-01-18,15000,A,90DA,90 Days Delinquent,90,2026-04-30,Business Credit Card,500,1000,6125.55,8420.55,4017.28,2026-04-18,1304.62,F,1991-04-17,IBM Egypt,Primary,100376,,5914.77,27,,,,90DA
8,Zagazig,2022-02-07,75000,A,NORM,Normal,0,2026-04-26,World Elite Card,0,0,28121.86,46769.5,8753.65,2026-04-22,1944.2,M,1973-10-23,IBM Egypt,Primary,100377,,0.0,51,MC-OLD,,,NORM
8,Zagazig,2023-05-09,30000,A,NORM,Normal,0,2026-04-18,Travel Rewards Card,200,1000,-337.15,29484.71,7454.06,2026-04-04,1469.17,M,1993-11-20,Vodafone Egypt,Primary,100378,,0.0,36,,,,NORM
9,Ismailia,2022-06-05,20000,A,NORM,Normal,0,2026-04-26,Travel Rewards Card,500,150,4635.76,15156.37,386.34,2026-04-22,1921.48,F,1979-08-10,National Bank of Egypt,Primary,100379,,0.0,47,,VISA-OLD2,,NORM
10,Suez,2021-01-18,30000,A,NORM,Normal,0,2026-04-26,World Elite Card,500,150,4625.43,25223.7,3078.2,2026-04-16,1390.77,M,1996-03-23,Orascom,Primary,100380,,0.0,64,,,,NORM
10,Suez,2021-01-19,200000,A,30DD,30 Days Delinquent,30,2026-04-19,Cashback Card,0,150,136361.82,63401.14,23209.4,2026-04-22,58.97,M,1980-04-23,Ministry of Health,Primary,100381,,7690.7,64,,,,30DD
8,Zagazig,2018-05-10,50000,A,NORM,Normal,0,2026-04-30,Platinum Credit Card,0,300,8383.1,41573.91,5667.79,2026-04-30,122.8,F,1991-04-06,National Bank of Egypt,Primary,100383,,0.0,97,,,,NORM
5,Tanta,2022-04-12,5000,A,60DA,60 Days Delinquent,60,2026-04-21,Titanium Credit Card,500,500,314.19,4479.65,303.38,2026-04-03,1854.44,M,1996-08-28,Orange Egypt,Primary,100384,,1776.88,49,,VISA-OLD2,,60DA
4,Mansoura,2022-05-13,30000,A,30DD,30 Days Delinquent,30,2026-04-16,Platinum Credit Card,0,1000,10438.75,19498.05,5632.84,2026-04-13,955.16,M,1981-03-17,Talaat Moustafa Group,Primary,100385,,9605.01,48,,,,30DD
4,Mansoura,2022-05-13,30000,A,NORM,Normal,0,2026-04-28,Cashback Card,0,1000,5212.29,24720.68,2678.95,2026-04-15,566.24,M,1981-03-17,Talaat Moustafa Group,Primary,100385,,0.0,48,,,,NORM
4,Mansoura,2022-05-13,30000,A,NORM,Normal,0,2026-04-27,Travel Rewards Card,0,1000,3087.82,26775.91,7902.66,2026-04-06,1063.4,M,1981-03-17,Talaat Moustafa Group,Primary,100385,,0.0,48,,,,NORM
6,Assiut,2018-08-02,20000,A,SUSP,Profit Suspended,120,2026-04-26,Titanium Credit Card,200,0,6781.17,13040.79,4629.06,2026-04-20,1140.14,M,1999-10-24,Talaat Moustafa Group,Primary,100386,,9850.02,94,VISA-OLD,,,SUSP
6,Assiut,2018-08-02,20000,I,CLSC,Closed by Customer,0,2026-04-23,Cashback Card,200,0,5904.96,13914.07,1072.47,2026-04-19,682.1,M,1999-10-24,Talaat Moustafa Group,Primary,100386,2026-03-10,0.0,94,VISA-OLD,,,CLSC
6,Assiut,2018-08-02,20000,A,NORM,Normal,0,2026-04-24,Business Credit Card,200,0,2921.66,16925.86,3803.37,2026-04-14,1210.11,M,1999-10-24,Talaat Moustafa Group,Primary,100386,,0.0,94,VISA-OLD,,,NORM
1,Cairo Main,2024-07-08,100000,A,NORM,Normal,0,2026-04-26,Platinum Credit Card,200,0,27593.24,72288.33,19701.08,2026-04-10,362.41,M,1961-11-19,Orascom,Primary,100387,,0.0,22,MC-OLD,,,NORM
1,Cairo Main,2021-12-27,15000,A,NORM,Normal,0,2026-04-23,Gold Credit Card,500,150,7609.51,7171.47,1492.62,2026-04-02,989.75,F,1962-09-06,Ministry of Health,Primary,100388,,0.0,52,,,,NORM
1,Cairo Main,2021-12-27,15000,A,NORM,Normal,0,2026-05-01,Business Credit Card,500,150,6443.15,8202.5,903.99,2026-04-09,136.12,F,1962-09-06,Ministry of Health,Primary,100388,,0.0,52,,,,NORM
4,Mansoura,2022-03-28,50000,A,NEW,New,0,2026-04-26,World Elite Card,500,500,29390.56,20416.89,10368.51,2026-04-11,1669.64,F,1960-12-15,Ministry of Health,Primary,100389,,0.0,49,,VISA-OLD2,,NEW
4,Mansoura,2022-03-28,50000,A,NORM,Normal,0,2026-04-27,Classic Credit Card,500,500,40025.34,9718.94,4967.42,2026-04-07,1732.3,F,1960-12-15,Ministry of Health,Primary,100389,,0.0,49,,VISA-OLD2,,NORM
3,Alexandria,2021-11-25,50000,A,NORM,Normal,0,2026-04-24,World Elite Card,100,0,-1704.17,47857.82,11539.65,2026-04-14,542.84,M,1984-05-20,Freelancer,Primary,100390,,0.0,53,,VISA-OLD2,,NORM
3,Alexandria,2021-11-25,50000,I,CNCD,Cancelled,0,2026-04-17,Travel Rewards Card,100,0,35857.59,14030.05,1971.81,2026-04-12,1797.18,M,1984-05-20,Freelancer,Primary,100390,,0.0,53,,VISA-OLD2,,CNCD
6,Assiut,2018-01-03,150000,A,NORM,Normal,0,2026-04-23,Platinum Credit Card,0,1000,35072.4,114792.44,38126.27,2026-04-05,121.38,F,1980-05-14,Military,Primary,100391,,0.0,101,,VISA-OLD2,,NORM
7,Luxor,2023-11-17,100000,A,NEW,New,0,2026-05-01,Platinum Credit Card,200,300,94522.98,5347.25,26628.83,2026-04-06,603.09,F,1968-07-07,Edita Food Industries,Primary,100392,,0.0,29,MC-OLD,,,NEW
7,Luxor,2023-11-17,100000,A,NORM,Normal,0,2026-04-30,World Elite Card,200,300,45141.58,54507.12,26696.36,2026-04-11,1078.53,F,1968-07-07,Edita Food Industries,Primary,100392,,0.0,29,MC-OLD,,,NORM
1,Cairo Main,2019-06-16,15000,A,NORM,Normal,0,2026-04-26,Titanium Credit Card,500,150,1639.97,12911.45,1147.24,2026-04-09,975.28,M,1997-06-18,Orange Egypt,Primary,100393,,0.0,83,VISA-OLD,,,NORM
1,Cairo Main,2019-06-16,15000,A,NORM,Normal,0,2026-04-17,Classic Credit Card,500,150,11182.15,3766.05,1579.29,2026-04-13,387.06,M,1997-06-18,Orange Egypt,Primary,100393,,0.0,83,VISA-OLD,,,NORM
9,Ismailia,2024-08-14,30000,A,SUSP,Profit Suspended,120,2026-04-26,Titanium Credit Card,0,0,13916.03,15913.28,7550.07,2026-04-18,129.96,M,1987-12-28,Self Employed,Secondary,100394,,7616.14,20,,,,SUSP
1,Cairo Main,2024-04-04,75000,A,NORM,Normal,0,2026-04-16,Classic Credit Card,200,1000,22274.26,52488.88,1930.57,2026-04-07,394.98,M,1976-03-10,National Bank of Egypt,Secondary,100395,,0.0,25,,,,NORM
1,Cairo Main,2024-04-04,75000,A,NORM,Normal,0,2026-04-28,Travel Rewards Card,200,1000,47522.5,26986.82,20380.59,2026-04-12,795.6,M,1976-03-10,National Bank of Egypt,Secondary,100395,,0.0,25,,,,NORM
9,Ismailia,2019-02-19,20000,A,NORM,Normal,0,2026-04-19,Titanium Credit Card,100,1000,14270.38,5669.48,1017.7,2026-04-07,1234.66,M,1964-05-10,Cairo University,Primary,100396,,0.0,87,,VISA-OLD2,,NORM
9,Ismailia,2019-03-09,200000,A,NEW,New,0,2026-04-19,Business Credit Card,500,0,131825.83,67852.65,25894.84,2026-04-02,344.59,M,1978-08-16,Orascom,Primary,100397,,0.0,87,MC-OLD,,,NEW
3,Alexandria,2024-09-23,100000,A,60DA,60 Days Delinquent,60,2026-04-26,Cashback Card,200,500,42731.88,57178.04,29209.67,2026-04-10,251.92,F,1983-12-13,Edita Food Industries,Primary,100398,,28134.34,19,MC-OLD,VISA-OLD2,,60DA
3,Alexandria,2024-09-23,100000,A,NORM,Normal,0,2026-04-30,World Elite Card,200,500,58486.61,41068.5,16561.43,2026-04-16,1973.8,F,1983-12-13,Edita Food Industries,Primary,100398,,0.0,19,MC-OLD,VISA-OLD2,,NORM
3,Alexandria,2024-09-23,100000,A,NORM,Normal,0,2026-04-20,Platinum Credit Card,200,500,31204.41,68574.03,19135.96,2026-04-14,920.51,F,1983-12-13,Edita Food Industries,Primary,100398,,0.0,19,MC-OLD,VISA-OLD2,,NORM
4,Mansoura,2024-03-03,30000,A,NORM,Normal,0,2026-04-27,Business Credit Card,500,500,11367.28,18447.42,1552.8,2026-04-20,1195.31,M,1976-10-28,Orange Egypt,Secondary,100399,,0.0,26,MC-OLD,,,NORM
9,Ismailia,2021-05-21,5000,A,NORM,Normal,0,2026-04-29,Titanium Credit Card,100,300,4737.24,0.0,283.66,2026-04-06,445.41,M,1966-01-22,Talaat Moustafa Group,Secondary,100400,,0.0,60,MC-OLD,VISA-OLD2,,NORM
10,Suez,2019-09-26,10000,A,NORM,Normal,0,2026-04-28,Cashback Card,100,150,1636.91,8228.4,2986.88,2026-04-15,1928.14,F,1985-08-22,IBM Egypt,Secondary,100401,,0.0,80,,,,NORM
5,Tanta,2021-05-15,10000,A,NORM,Normal,0,2026-04-28,Titanium Credit Card,0,300,2304.23,7199.83,2572.48,2026-04-28,1653.31,F,1996-05-19,Orascom,Primary,100402,,0.0,60,MC-OLD,,,NORM
10,Suez,2021-05-15,5000,A,NORM,Normal,0,2026-05-01,Travel Rewards Card,0,300,1834.23,2774.68,1451.92,2026-04-16,869.57,F,1988-10-22,Amazon Egypt,Primary,100403,,0.0,60,,,,NORM
10,Suez,2021-05-15,5000,A,NORM,Normal,0,2026-04-28,Classic Credit Card,0,300,1744.05,2922.22,296.13,2026-04-03,419.06,F,1988-10-22,Amazon Egypt,Primary,100403,,0.0,60,,,,NORM
10,Suez,2022-04-16,5000,A,SUSP,Profit Suspended,120,2026-04-19,Classic Credit Card,200,1000,1553.78,3014.42,830.31,2026-04-24,1779.42,M,1960-07-06,Edita Food Industries,Primary,100404,,1281.78,49,,,,SUSP
1,Cairo Main,2022-05-29,100000,A,NORM,Normal,0,2026-04-24,Gold Credit Card,500,300,23851.35,76144.59,6687.11,2026-04-19,486.15,F,1990-03-20,Banque Misr,Primary,100405,,0.0,47,,,,NORM
1,Cairo Main,2022-05-29,100000,I,CLSC,Closed by Customer,0,2026-04-30,Business Credit Card,500,300,68471.62,31045.08,24460.51,2026-04-28,200.46,F,1990-03-20,Banque Misr,Primary,100405,2026-04-10,0.0,47,,,,CLSC
4,Mansoura,2022-06-08,200000,A,LOST,Lost,0,2026-04-29,Titanium Credit Card,100,0,126602.64,73171.78,46155.98,2026-04-11,584.47,F,1981-11-19,Amazon Egypt,Primary,100407,,0.0,47,MC-OLD,,,LOST
2,Giza,2022-08-22,75000,A,NEW,New,0,2026-04-17,Titanium Credit Card,200,300,40167.63,34407.83,17166.69,2026-04-06,942.45,M,1990-02-17,Juhayna,Primary,100408,,0.0,44,,VISA-OLD2,,NEW
10,Suez,2021-03-24,5000,A,NORM,Normal,0,2026-04-27,Gold Credit Card,200,500,3190.13,1569.83,540.56,2026-04-13,739.38,F,1966-08-16,Vodafone Egypt,Primary,100410,,0.0,62,MC-OLD,,,NORM
4,Mansoura,2023-11-14,30000,A,NORM,Normal,0,2026-04-21,Platinum Credit Card,0,500,-1704.95,27845.56,7214.51,2026-04-24,613.23,M,1984-07-05,Talaat Moustafa Group,Primary,100411,,0.0,29,,,,NORM
10,Suez,2018-08-06,100000,A,NORM,Normal,0,2026-04-24,Classic Credit Card,0,500,86015.9,13887.61,11881.53,2026-04-15,873.89,F,1972-03-02,IBM Egypt,Secondary,100412,,0.0,94,,,,NORM
1,Cairo Main,2023-12-09,30000,A,NORM,Normal,0,2026-04-22,Travel Rewards Card,100,0,10209.74,19364.4,2702.7,2026-04-09,1438.71,F,1971-02-05,IBM Egypt,Primary,100414,,0.0,29,,,,NORM
9,Ismailia,2018-09-11,30000,I,CLSC,Closed by Customer,0,2026-04-25,Classic Credit Card,200,150,12994.41,16947.05,5955.28,2026-04-01,1503.18,M,1972-05-16,Edita Food Industries,Secondary,100415,2026-03-12,0.0,92,,,,CLSC
9,Ismailia,2018-09-11,30000,A,NORM,Normal,0,2026-04-19,World Elite Card,200,150,11126.83,18776.73,1256.55,2026-04-30,1641.37,M,1972-05-16,Edita Food Industries,Secondary,100415,,0.0,92,,,,NORM
10,Suez,2020-04-08,15000,A,SUSP,Profit Suspended,120,2026-04-27,Platinum Credit Card,500,150,2827.37,11738.86,660.7,2026-04-11,1512.69,M,1984-04-13,Edita Food Industries,Primary,100417,,5434.8,73,MC-OLD,,,SUSP
3,Alexandria,2019-08-20,5000,A,NORM,Normal,0,2026-04-21,Travel Rewards Card,200,500,3854.92,1011.9,393.97,2026-04-24,100.27,F,1974-03-31,Banque Misr,Primary,100418,,0.0,81,,,,NORM
3,Alexandria,2019-08-20,5000,A,NEW,New,0,2026-04-25,Titanium Credit Card,200,500,2037.4,2512.77,89.63,2026-04-12,1005.28,F,1974-03-31,Banque Misr,Primary,100418,,0.0,81,,,,NEW
3,Alexandria,2024-11-11,200000,A,NORM,Normal,0,2026-04-27,Titanium Credit Card,100,150,4920.02,195010.78,1111.24,2026-04-14,1446.59,M,1961-03-05,IBM Egypt,Primary,100419,,0.0,17,VISA-OLD,,,NORM
9,Ismailia,2024-10-12,100000,A,NEW,New,0,2026-04-30,Cashback Card,500,500,10156.81,89464.84,29158.12,2026-04-02,209.71,F,1997-12-15,Banque Misr,Primary,100420,,0.0,18,,,,NEW
9,Ismailia,2024-10-12,100000,I,CLSC,Closed by Customer,0,2026-04-20,Gold Credit Card,500,500,72005.61,27519.07,20326.99,2026-04-19,1880.47,F,1997-12-15,Banque Misr,Primary,100420,2026-03-31,0.0,18,,,,CLSC
8,Zagazig,2021-08-23,100000,I,CNCD,Cancelled,0,2026-04-19,Travel Rewards Card,0,1000,-1744.32,97976.27,22559.43,2026-04-07,1025.72,F,1990-11-08,Edita Food Industries,Primary,100422,,0.0,57,MC-OLD,VISA-OLD2,,CNCD
8,Zagazig,2021-08-23,100000,A,LOST,Lost,0,2026-04-21,Titanium Credit Card,0,1000,-5997.2,93639.1,25647.77,2026-04-30,1364.31,F,1990-11-08,Edita Food Industries,Primary,100422,,0.0,57,MC-OLD,VISA-OLD2,,LOST
9,Ismailia,2018-06-07,150000,A,30DD,30 Days Delinquent,30,2026-04-28,Business Credit Card,0,150,122051.98,27687.61,31533.2,2026-04-24,1640.22,F,1983-07-24,Orange Egypt,Primary,100423,,7592.39,96,MC-OLD,,,30DD
4,Mansoura,2022-12-06,75000,I,CLSC,Closed by Customer,0,2026-04-16,World Elite Card,100,500,9133.85,65746.03,21.87,2026-04-19,523.98,F,1973-01-22,Military,Secondary,100424,2026-04-20,0.0,41,MC-OLD,,,CLSC
4,Mansoura,2022-12-06,75000,A,NORM,Normal,0,2026-04-21,Titanium Credit Card,100,500,61985.91,12954.23,22179.43,2026-04-22,1238.9,F,1973-01-22,Military,Secondary,100424,,0.0,41,MC-OLD,,,NORM
8,Zagazig,2023-01-25,10000,A,60DA,60 Days Delinquent,60,2026-04-28,Gold Credit Card,100,500,5789.56,4145.41,2050.19,2026-04-11,1192.63,F,1997-03-23,Edita Food Industries,Primary,100425,,951.01,39,,,,60DA
8,Zagazig,2023-01-25,10000,I,CLSB,Closed by Bank,0,2026-04-29,Business Credit Card,100,500,9425.02,264.2,1973.84,2026-04-11,469.89,F,1997-03-23,Edita Food Industries,Primary,100425,2026-04-13,0.0,39,,,,CLSB
10,Suez,2020-04-07,100000,A,NORM,Normal,0,2026-05-01,Cashback Card,100,0,57561.43,42280.07,20980.79,2026-04-26,1817.54,M,1991-12-19,CIB,Primary,100426,,0.0,73,,,,NORM
9,Ismailia,2022-04-23,150000,A,WROF,Write Off,180,2026-05-01,Platinum Credit Card,500,1000,139077.56,10771.13,35377.93,2026-04-30,1779.71,F,1991-09-23,Orange Egypt,Primary,100427,2026-04-27,57285.86,48,,VISA-OLD2,,WROF
3,Alexandria,2019-08-16,15000,A,NORM,Normal,0,2026-04-25,Classic Credit Card,200,300,6687.53,8258.76,369.59,2026-04-02,1980.06,F,1967-04-10,Juhayna,Primary,100428,,0.0,81,,,,NORM
3,Alexandria,2019-08-16,15000,A,NORM,Normal,0,2026-04-25,Titanium Credit Card,200,300,8329.07,6524.94,2738.1,2026-04-19,1310.44,F,1967-04-10,Juhayna,Primary,100428,,0.0,81,,,,NORM
4,Mansoura,2024-12-25,30000,I,CLSC,Closed by Customer,0,2026-04-18,Business Credit Card,500,1000,12526.39,17410.56,26.84,2026-04-12,66.74,M,1960-02-27,Military,Secondary,100429,2026-04-24,0.0,16,,,,CLSC
3,Alexandria,2018-08-14,50000,A,NORM,Normal,0,2026-05-01,Classic Credit Card,200,300,12575.37,37022.58,14767.0,2026-04-05,717.62,M,1966-08-26,Orange Egypt,Primary,100431,,0.0,93,,,,NORM
5,Tanta,2024-09-02,200000,A,NORM,Normal,0,2026-04-22,Platinum Credit Card,200,0,141926.28,57591.1,44701.13,2026-04-01,1354.32,M,1987-05-31,Juhayna,Primary,100432,,0.0,20,VISA-OLD,,,NORM
5,Tanta,2024-09-02,200000,A,FRAD,Fraud,0,2026-05-01,Titanium Credit Card,200,0,94825.83,104744.94,38811.79,2026-04-08,1728.31,M,1987-05-31,Juhayna,Primary,100432,,0.0,20,VISA-OLD,,,FRAD
7,Luxor,2024-03-04,10000,A,NORM,Normal,0,2026-04-21,Platinum Credit Card,0,300,5257.36,4721.03,1235.4,2026-04-13,645.41,F,1997-10-29,Government,Primary,100433,,0.0,26,,,,NORM
10,Suez,2019-03-24,200000,I,CNCD,Cancelled,0,2026-04-22,Gold Credit Card,200,500,426.32,199371.42,43933.17,2026-04-25,63.18,F,1962-08-11,Talaat Moustafa Group,Primary,100434,,0.0,86,MC-OLD,,,CNCD
10,Suez,2019-03-24,200000,A,NORM,Normal,0,2026-04-22,Titanium Credit Card,200,500,140602.28,58951.4,45403.14,2026-04-09,199.48,F,1962-08-11,Talaat Moustafa Group,Primary,100434,,0.0,86,MC-OLD,,,NORM
3,Alexandria,2024-04-23,100000,I,CLSC,Closed by Customer,0,2026-05-01,Business Credit Card,500,150,49403.35,50411.85,17004.19,2026-04-10,468.89,M,1987-07-22,Juhayna,Secondary,100435,2026-03-21,0.0,24,,,,CLSC
1,Cairo Main,2019-04-29,20000,A,90DA,90 Days Delinquent,90,2026-05-01,Travel Rewards Card,0,300,-454.53,19347.25,2985.68,2026-04-09,1248.94,F,1980-11-07,Ministry of Health,Secondary,100436,,9345.45,85,,,,90DA
1,Cairo Main,2019-04-29,20000,A,30DD,30 Days Delinquent,30,2026-04-19,Titanium Credit Card,0,300,5565.68,14398.07,4994.71,2026-04-09,1061.29,F,1980-11-07,Ministry of Health,Secondary,100436,,6334.65,85,,,,30DD
4,Mansoura,2021-02-27,30000,A,60DA,60 Days Delinquent,60,2026-04-30,World Elite Card,200,0,5226.57,24275.67,1299.63,2026-04-30,1993.24,M,1990-12-14,Edita Food Industries,Primary,100437,,11106.87,62,MC-OLD,VISA-OLD2,,60DA
4,Mansoura,2021-02-27,30000,A,NORM,Normal,0,2026-04-21,Platinum Credit Card,200,0,17799.94,11906.57,1286.35,2026-04-06,968.14,M,1990-12-14,Edita Food Industries,Primary,100437,,0.0,62,MC-OLD,VISA-OLD2,,NORM
1,Cairo Main,2019-12-21,20000,A,SUSP,Profit Suspended,120,2026-04-25,Cashback Card,500,500,10783.51,8807.04,1150.37,2026-04-30,904.39,M,1997-04-28,Banque Misr,Primary,100438,,6759.8,77,VISA-OLD,VISA-OLD2,,SUSP
6,Assiut,2022-08-23,5000,A,NORM,Normal,0,2026-04-18,World Elite Card,200,1000,-66.62,4907.51,1450.74,2026-04-05,1133.74,M,1980-09-29,El Sewedy Electric,Primary,100439,,0.0,44,,,,NORM
6,Assiut,2022-08-23,5000,A,30DD,30 Days Delinquent,30,2026-04-29,Business Credit Card,200,1000,2226.65,2670.72,378.01,2026-04-16,1607.56,M,1980-09-29,El Sewedy Electric,Primary,100439,,653.87,44,,,,30DD
2,Giza,2021-02-22,5000,A,NORM,Normal,0,2026-04-23,Travel Rewards Card,100,1000,-382.28,4321.46,1037.04,2026-04-27,28.52,F,1966-09-12,Orascom,Primary,100440,,0.0,63,,,,NORM
1,Cairo Main,2022-08-23,10000,A,NORM,Normal,0,2026-04-19,Titanium Credit Card,200,500,-245.08,9704.43,2131.25,2026-04-08,149.93,F,1972-03-06,El Sewedy Electric,Primary,100441,,0.0,44,,,,NORM
6,Assiut,2018-06-03,20000,I,CLSC,Closed by Customer,0,2026-04-22,Business Credit Card,500,1000,-1950.54,17565.29,3088.23,2026-04-19,1456.31,M,1995-03-18,El Sewedy Electric,Primary,100442,2026-04-25,0.0,96,VISA-OLD,VISA-OLD2,,CLSC
6,Assiut,2018-06-03,20000,A,60DA,60 Days Delinquent,60,2026-04-28,World Elite Card,500,1000,14190.15,5439.34,3992.65,2026-04-14,16.79,M,1995-03-18,El Sewedy Electric,Primary,100442,,8343.21,96,VISA-OLD,VISA-OLD2,,60DA
6,Assiut,2018-06-03,20000,A,60DA,60 Days Delinquent,60,2026-04-19,Classic Credit Card,500,1000,3972.88,15864.44,5304.52,2026-04-08,292.22,M,1995-03-18,El Sewedy Electric,Primary,100442,,4160.75,96,VISA-OLD,VISA-OLD2,,60DA
5,Tanta,2021-09-02,15000,I,CLSB,Closed by Bank,0,2026-04-17,Gold Credit Card,100,150,5293.97,9570.25,455.08,2026-04-26,122.49,M,1994-10-15,Freelancer,Primary,100443,2026-03-04,0.0,56,MC-OLD,,,CLSB
5,Tanta,2021-09-02,15000,I,CLSB,Closed by Bank,0,2026-04-23,Travel Rewards Card,100,150,8141.41,6527.92,545.21,2026-04-26,215.74,M,1994-10-15,Freelancer,Primary,100443,2026-03-11,0.0,56,MC-OLD,,,CLSB
1,Cairo Main,2018-06-30,200000,A,NORM,Normal,0,2026-04-26,Cashback Card,0,0,3243.38,196314.21,18474.23,2026-04-23,500.99,F,1973-12-13,Vodafone Egypt,Primary,100444,,0.0,95,,,,NORM
1,Cairo Main,2018-06-30,200000,A,30DD,30 Days Delinquent,30,2026-04-18,Titanium Credit Card,0,0,105771.44,93853.83,8131.47,2026-04-09,1626.74,F,1973-12-13,Vodafone Egypt,Primary,100444,,111405.39,95,,,,30DD
6,Assiut,2020-02-28,30000,A,NORM,Normal,0,2026-04-22,Cashback Card,500,0,9222.28,20383.78,8966.12,2026-04-12,1032.53,F,1968-12-29,Banque Misr,Primary,100445,,0.0,75,,,,NORM
10,Suez,2023-10-07,10000,I,CLSC,Closed by Customer,0,2026-04-25,Cashback Card,200,300,7875.84,2093.99,231.05,2026-04-25,438.5,M,1985-02-06,Juhayna,Primary,100446,2026-03-18,0.0,31,,,,CLSC
5,Tanta,2021-10-19,150000,A,NORM,Normal,0,2026-04-19,Platinum Credit Card,0,500,51113.15,98597.0,17169.5,2026-04-19,1301.08,M,1987-07-05,CIB,Primary,100447,,0.0,55,,,,NORM
7,Luxor,2024-09-07,200000,I,CLSC,Closed by Customer,0,2026-04-19,Business Credit Card,200,300,19219.57,180506.25,38828.1,2026-04-24,1009.88,F,1968-01-11,El Sewedy Electric,Primary,100448,2026-04-25,0.0,20,MC-OLD,,,CLSC
8,Zagazig,2019-06-24,10000,A,NORM,Normal,0,2026-05-01,Business Credit Card,500,300,2226.46,7577.0,509.6,2026-04-05,1499.93,F,1985-06-20,Self Employed,Primary,100449,,0.0,83,,,,NORM
8,Zagazig,2019-06-24,10000,A,NORM,Normal,0,2026-05-01,Classic Credit Card,500,300,5328.88,4643.23,2944.21,2026-04-14,685.48,F,1985-06-20,Self Employed,Primary,100449,,0.0,83,,,,NORM
10,Suez,2022-01-28,75000,A,NEW,New,0,2026-04-26,Cashback Card,200,500,-6916.6,67701.75,20701.75,2026-04-22,1049.42,F,1971-07-29,Vodafone Egypt,Primary,100450,,0.0,51,,,,NEW
8,Zagazig,2019-12-01,30000,A,NORM,Normal,0,2026-04-16,Platinum Credit Card,0,500,14117.11,15684.26,2982.23,2026-04-16,358.26,M,1980-09-08,Edita Food Industries,Primary,100451,,0.0,78,,,,NORM
8,Zagazig,2019-12-01,30000,A,NORM,Normal,0,2026-04-28,World Elite Card,0,500,12810.63,17096.86,2580.17,2026-04-01,1906.85,M,1980-09-08,Edita Food Industries,Primary,100451,,0.0,78,,,,NORM
9,Ismailia,2022-06-30,200000,I,CLSB,Closed by Bank,0,2026-04-17,Titanium Credit Card,100,500,58263.1,141697.12,57448.61,2026-04-19,1810.35,F,1980-09-04,National Bank of Egypt,Primary,100452,2026-03-26,0.0,46,MC-OLD,,,CLSB
7,Luxor,2021-11-02,150000,A,NORM,Normal,0,2026-04-29,Platinum Credit Card,0,1000,116874.71,32687.66,16790.67,2026-04-20,1103.62,F,1985-06-11,CIB,Primary,100453,,0.0,54,VISA-OLD,,,NORM
9,Ismailia,2022-12-29,15000,A,NEW,New,0,2026-04-23,Travel Rewards Card,0,1000,9811.38,4793.59,753.6,2026-04-17,493.64,M,1964-05-18,Military,Primary,100454,,0.0,40,VISA-OLD,,,NEW
8,Zagazig,2018-09-09,10000,A,NORM,Normal,0,2026-04-27,Platinum Credit Card,0,150,446.14,9311.9,384.64,2026-04-21,528.98,M,1988-12-06,Freelancer,Primary,100455,,0.0,93,VISA-OLD,VISA-OLD2,,NORM
10,Suez,2020-03-12,20000,A,NORM,Normal,0,2026-04-26,Cashback Card,200,1000,17449.85,2215.15,3399.15,2026-04-29,44.99,F,1980-01-22,Amazon Egypt,Primary,100456,,0.0,74,,,,NORM
10,Suez,2024-11-09,150000,A,NORM,Normal,0,2026-04-21,Platinum Credit Card,200,0,-3018.92,146516.49,44504.32,2026-04-18,1549.87,F,1960-05-13,Ministry of Health,Secondary,100457,,0.0,17,,VISA-OLD2,,NORM
8,Zagazig,2020-02-10,150000,A,30DD,30 Days Delinquent,30,2026-04-16,Cashback Card,500,150,23425.43,126443.22,28130.4,2026-04-04,1031.39,F,1966-03-28,Banque Misr,Primary,100459,,3431.24,75,,,,30DD
3,Alexandria,2023-06-17,75000,A,NORM,Normal,0,2026-04-19,Platinum Credit Card,500,500,70345.45,4601.21,8165.19,2026-04-06,274.37,F,1992-05-10,Military,Primary,100460,,0.0,34,MC-OLD,,,NORM
3,Alexandria,2023-06-17,75000,A,NORM,Normal,0,2026-04-29,Classic Credit Card,500,500,-2731.13,72238.64,3116.12,2026-04-03,439.21,F,1992-05-10,Military,Primary,100460,,0.0,34,MC-OLD,,,NORM
3,Alexandria,2023-06-17,75000,A,NORM,Normal,0,2026-04-22,Gold Credit Card,500,500,1408.3,73558.74,9546.59,2026-04-04,369.83,F,1992-05-10,Military,Primary,100460,,0.0,34,MC-OLD,,,NORM
9,Ismailia,2023-01-18,75000,A,NORM,Normal,0,2026-05-01,Platinum Credit Card,500,1000,29116.58,45644.36,15252.49,2026-04-09,1929.05,M,1996-10-14,Cairo University,Primary,100461,,0.0,39,,VISA-OLD2,,NORM
5,Tanta,2024-02-16,200000,A,NORM,Normal,0,2026-04-16,Classic Credit Card,500,300,119396.05,80295.37,44339.11,2026-04-02,1931.56,M,1978-06-06,Cairo University,Primary,100462,,0.0,26,,,,NORM
9,Ismailia,2021-02-18,100000,A,NORM,Normal,0,2026-04-17,Gold Credit Card,100,500,59362.34,40423.95,22214.66,2026-04-12,799.0,M,1998-07-19,Ministry of Health,Primary,100463,,0.0,63,,VISA-OLD2,,NORM
1,Cairo Main,2024-01-01,5000,I,CLSD,Closed,0,2026-04-17,Business Credit Card,200,500,1983.42,2724.73,1449.2,2026-04-01,1391.66,F,1975-05-30,Juhayna,Primary,100464,2026-04-09,0.0,28,,VISA-OLD2,,CLSD
5,Tanta,2024-04-27,30000,A,NORM,Normal,0,2026-04-25,Business Credit Card,100,1000,15636.99,14039.03,2751.48,2026-04-28,695.32,M,1992-08-10,Juhayna,Secondary,100465,,0.0,24,MC-OLD,,,NORM
5,Tanta,2018-12-04,15000,I,CLSB,Closed by Bank,0,2026-04-17,World Elite Card,200,150,9383.16,5223.71,2781.57,2026-04-18,335.79,F,1981-09-29,Talaat Moustafa Group,Secondary,100466,2026-04-03,0.0,90,,,,CLSB
10,Suez,2024-08-20,15000,A,30DD,30 Days Delinquent,30,2026-04-28,Cashback Card,100,300,1492.51,13225.12,4255.07,2026-04-16,1821.47,M,1967-10-31,Self Employed,Primary,100467,,4801.25,20,MC-OLD,,,30DD
6,Assiut,2019-08-18,200000,A,NEW,New,0,2026-04-20,Platinum Credit Card,500,500,39362.5,160480.41,39489.75,2026-04-06,1270.0,M,1963-10-14,Freelancer,Primary,100468,,0.0,81,,,,NEW
6,Assiut,2019-08-18,200000,A,NORM,Normal,0,2026-04-16,Travel Rewards Card,500,500,-18.43,199909.55,50601.8,2026-04-04,1629.12,M,1963-10-14,Freelancer,Primary,100468,,0.0,81,,,,NORM
6,Assiut,2019-08-18,200000,I,CNCD,Cancelled,0,2026-04-24,Titanium Credit Card,500,500,133766.61,66162.2,57373.31,2026-04-19,470.94,M,1963-10-14,Freelancer,Primary,100468,,0.0,81,,,,CNCD
4,Mansoura,2022-05-17,100000,A,60DA,60 Days Delinquent,60,2026-04-28,Travel Rewards Card,0,300,4521.99,95096.03,9136.05,2026-04-24,812.56,F,1977-01-13,Microsoft Egypt,Primary,100470,,5599.92,48,MC-OLD,,,60DA
2,Giza,2021-12-20,75000,I,CNCD,Cancelled,0,2026-04-16,World Elite Card,200,300,-1642.54,72865.04,16619.59,2026-04-11,614.8,F,1983-10-31,CIB,Primary,100471,,0.0,53,MC-OLD,,,CNCD
8,Zagazig,2020-09-17,200000,A,NORM,Normal,0,2026-04-28,Cashback Card,100,300,164306.36,35402.53,2380.1,2026-04-27,1207.26,M,1994-09-06,Vodafone Egypt,Secondary,100472,,0.0,68,,,,NORM
8,Zagazig,2020-09-17,200000,A,NEW,New,0,2026-04-28,Business Credit Card,100,300,130692.39,69142.36,4076.54,2026-04-27,740.15,M,1994-09-06,Vodafone Egypt,Secondary,100472,,0.0,68,,,,NEW
2,Giza,2019-03-02,100000,A,NEW,New,0,2026-04-16,World Elite Card,200,150,37633.56,62246.5,1800.86,2026-04-24,234.87,M,1983-07-24,Vodafone Egypt,Primary,100473,,0.0,87,,VISA-OLD2,,NEW
4,Mansoura,2019-05-14,10000,A,30DD,30 Days Delinquent,30,2026-04-25,Platinum Credit Card,500,1000,8825.7,916.41,1207.03,2026-04-26,806.41,M,1986-11-20,CIB,Primary,100474,,557.55,84,,,,30DD
8,Zagazig,2018-11-07,100000,A,NORM,Normal,0,2026-04-22,World Elite Card,200,300,78255.28,21575.26,15284.47,2026-04-07,1422.52,M,1989-08-17,National Bank of Egypt,Primary,100475,,0.0,91,,,,NORM
8,Zagazig,2018-11-07,100000,A,60DA,60 Days Delinquent,60,2026-04-16,Travel Rewards Card,200,300,79320.97,20456.04,13850.59,2026-04-13,692.79,M,1989-08-17,National Bank of Egypt,Primary,100475,,48840.43,91,,,,60DA
8,Zagazig,2018-11-07,100000,A,NORM,Normal,0,2026-04-29,Titanium Credit Card,200,300,60355.91,39465.6,20811.38,2026-04-10,135.0,M,1989-08-17,National Bank of Egypt,Primary,100475,,0.0,91,,,,NORM
7,Luxor,2018-09-04,30000,I,CNCD,Cancelled,0,2026-04-30,World Elite Card,0,500,23617.81,6117.88,5689.19,2026-04-22,120.89,M,1974-12-03,Military,Primary,100476,,0.0,93,VISA-OLD,,,CNCD
7,Luxor,2018-09-04,30000,A,60DA,60 Days Delinquent,60,2026-04-24,Gold Credit Card,0,500,22996.94,6616.13,1529.87,2026-04-21,883.12,M,1974-12-03,Military,Primary,100476,,11041.68,93,VISA-OLD,,,60DA
7,Luxor,2018-09-04,30000,A,WROF,Write Off,180,2026-04-19,Titanium Credit Card,0,500,9789.44,19996.68,2786.02,2026-04-06,1571.63,M,1974-12-03,Military,Primary,100476,2026-03-15,1412.8,93,VISA-OLD,,,WROF
3,Alexandria,2022-11-02,20000,A,NORM,Normal,0,2026-04-26,Gold Credit Card,500,300,510.11,19227.88,2442.71,2026-04-14,1479.65,M,1984-04-01,Orange Egypt,Primary,100477,,0.0,42,MC-OLD,,,NORM
8,Zagazig,2023-08-01,15000,A,60DA,60 Days Delinquent,60,2026-04-17,Classic Credit Card,0,500,8652.71,6199.37,1297.01,2026-04-17,1944.77,F,1960-11-03,Banque Misr,Primary,100478,,4285.9,33,VISA-OLD,VISA-OLD2,,60DA
1,Cairo Main,2023-07-03,100000,A,60DA,60 Days Delinquent,60,2026-04-28,Gold Credit Card,100,0,29364.26,70573.03,20748.37,2026-04-23,1281.18,F,1983-02-13,Self Employed,Primary,100479,,53810.71,34,MC-OLD,,,60DA
6,Assiut,2021-05-25,75000,I,CLSB,Closed by Bank,0,2026-04-22,Gold Credit Card,200,1000,63659.82,11287.9,9346.37,2026-04-20,241.82,F,1990-08-02,National Bank of Egypt,Secondary,100480,2026-04-18,0.0,60,,,,CLSB
3,Alexandria,2018-06-11,75000,A,SUSP,Profit Suspended,120,2026-04-17,World Elite Card,500,0,14336.25,60280.01,7729.21,2026-04-16,1273.55,F,1984-11-14,Self Employed,Primary,100481,,28665.55,96,VISA-OLD,,,SUSP
3,Alexandria,2020-03-01,5000,A,NORM,Normal,0,2026-04-17,Titanium Credit Card,500,0,1916.48,2691.68,91.54,2026-04-02,1283.87,F,1961-08-07,Self Employed,Primary,100482,,0.0,75,VISA-OLD,,,NORM
3,Alexandria,2020-03-01,5000,I,CLSB,Closed by Bank,0,2026-05-01,Business Credit Card,500,0,2812.29,2001.07,1453.07,2026-04-30,142.47,F,1961-08-07,Self Employed,Primary,100482,2026-04-19,0.0,75,VISA-OLD,,,CLSB
1,Cairo Main,2018-08-18,50000,A,NORM,Normal,0,2026-04-26,Classic Credit Card,0,150,43725.58,6222.26,7061.34,2026-04-19,216.89,F,1975-03-21,Ministry of Health,Primary,100483,,0.0,93,MC-OLD,,,NORM
1,Cairo Main,2018-08-18,50000,A,NORM,Normal,0,2026-04-23,Titanium Credit Card,0,150,27883.74,21937.57,6716.97,2026-04-26,104.53,F,1975-03-21,Ministry of Health,Primary,100483,,0.0,93,MC-OLD,,,NORM
2,Giza,2019-08-03,100000,A,NORM,Normal,0,2026-04-28,Business Credit Card,0,150,72752.45,26790.0,4877.49,2026-04-03,996.14,M,1961-08-27,Vodafone Egypt,Primary,100484,,0.0,82,,,,NORM
2,Giza,2024-11-08,15000,A,NORM,Normal,0,2026-04-19,Gold Credit Card,0,0,6875.68,7908.78,702.06,2026-04-10,616.07,F,1980-06-18,Military,Primary,100485,,0.0,17,,,,NORM
2,Giza,2024-11-08,15000,A,NORM,Normal,0,2026-04-27,Travel Rewards Card,0,0,12346.9,2518.27,1969.95,2026-04-26,1564.22,F,1980-06-18,Military,Primary,100485,,0.0,17,,,,NORM
4,Mansoura,2021-10-13,75000,A,NORM,Normal,0,2026-04-19,Platinum Credit Card,200,150,2515.76,72346.64,79.38,2026-04-21,83.93,M,1979-02-13,Cairo University,Primary,100486,,0.0,55,,,,NORM
5,Tanta,2022-08-28,15000,A,NORM,Normal,0,2026-04-28,Platinum Credit Card,500,150,3862.17,10780.79,4292.84,2026-04-02,1448.36,M,1966-05-03,Banque Misr,Primary,100487,,0.0,44,MC-OLD,,,NORM
3,Alexandria,2023-06-18,10000,A,NORM,Normal,0,2026-04-17,Platinum Credit Card,0,1000,3403.42,6285.13,1354.25,2026-04-23,340.48,F,1960-09-13,Amazon Egypt,Primary,100488,,0.0,34,VISA-OLD,,,NORM
4,Mansoura,2021-01-14,150000,A,NORM,Normal,0,2026-04-21,Titanium Credit Card,100,1000,75338.49,74165.85,43840.92,2026-04-07,779.45,M,1966-06-02,Military,Primary,100489,,0.0,64,VISA-OLD,VISA-OLD2,,NORM
2,Giza,2021-05-18,50000,I,CLSB,Closed by Bank,0,2026-05-01,Titanium Credit Card,100,0,27661.83,21943.56,888.13,2026-04-07,844.95,M,1988-02-18,Military,Primary,100490,2026-04-09,0.0,60,MC-OLD,VISA-OLD2,,CLSB
4,Mansoura,2020-05-02,30000,A,NORM,Normal,0,2026-04-21,Gold Credit Card,100,500,25147.96,4657.91,5655.3,2026-04-09,1830.55,F,1980-10-27,Orascom,Primary,100491,,0.0,73,,,,NORM
6,Assiut,2020-05-08,75000,A,NORM,Normal,0,2026-04-23,Business Credit Card,0,0,13961.77,60862.61,4891.97,2026-04-22,144.38,M,1972-10-14,Ministry of Health,Primary,100492,,0.0,72,,,,NORM
9,Ismailia,2018-10-18,20000,I,CLSC,Closed by Customer,0,2026-04-30,Cashback Card,100,300,-1427.69,18555.69,5332.0,2026-04-25,1075.54,M,1965-03-16,CIB,Primary,100493,2026-04-07,0.0,91,,,,CLSC
9,Ismailia,2018-10-18,20000,A,NORM,Normal,0,2026-04-27,Titanium Credit Card,100,300,13681.51,6169.75,5685.86,2026-04-17,489.91,M,1965-03-16,CIB,Primary,100493,,0.0,91,,,,NORM
7,Luxor,2020-03-30,75000,A,NORM,Normal,0,2026-04-21,Gold Credit Card,500,0,58374.94,16565.15,21672.95,2026-04-16,249.22,F,1999-01-08,Banque Misr,Primary,100494,,0.0,74,MC-OLD,,,NORM
7,Luxor,2020-03-30,75000,A,NORM,Normal,0,2026-04-21,Titanium Credit Card,500,0,38981.45,35929.13,12973.04,2026-04-30,1046.02,F,1999-01-08,Banque Misr,Primary,100494,,0.0,74,MC-OLD,,,NORM
3,Alexandria,2022-03-10,15000,A,NORM,Normal,0,2026-04-26,Titanium Credit Card,200,300,-230.31,14634.38,3584.6,2026-04-22,358.99,M,1977-05-17,Edita Food Industries,Primary,100495,,0.0,50,MC-OLD,,,NORM
5,Tanta,2019-04-01,100000,A,NORM,Normal,0,2026-04-30,Platinum Credit Card,200,150,-5098.96,94757.64,2360.09,2026-04-09,1863.54,F,1966-02-14,Military,Primary,100496,,0.0,86,MC-OLD,,,NORM
10,Suez,2020-07-29,10000,A,NORM,Normal,0,2026-04-21,Business Credit Card,100,1000,742.68,8976.64,761.39,2026-04-01,1825.07,F,1984-10-17,Freelancer,Primary,100497,,0.0,70,VISA-OLD,,,NORM
4,Mansoura,2022-11-14,200000,A,NEW,New,0,2026-04-19,Platinum Credit Card,0,500,134113.2,65643.48,17583.44,2026-04-13,65.96,M,1974-09-06,Orange Egypt,Secondary,100498,,0.0,42,MC-OLD,,,NEW
7,Luxor,2022-06-04,100000,A,NORM,Normal,0,2026-04-17,Gold Credit Card,500,150,31147.46,68409.18,19234.41,2026-04-09,1910.84,M,1983-10-28,Ministry of Health,Primary,100499,,0.0,47,VISA-OLD,,,NORM
7,Luxor,2022-06-04,100000,I,CLSC,Closed by Customer,0,2026-04-25,Titanium Credit Card,500,150,70112.88,29629.15,3542.53,2026-04-28,66.17,M,1983-10-28,Ministry of Health,Primary,100499,2026-04-09,0.0,47,VISA-OLD,,,CLSC
3,Alexandria,2021-04-26,20000,A,NORM,Normal,0,2026-04-20,Gold Credit Card,0,500,17619.25,2305.55,1247.27,2026-04-23,1847.66,F,1976-01-29,Orascom,Primary,100500,,0.0,61,MC-OLD,VISA-OLD2,,NORM
1,Cairo Main,2023-03-15,15000,A,NORM,Normal,0,2026-05-01,Travel Rewards Card,200,500,1813.39,12939.71,199.06,2026-04-21,795.07,M,1980-05-27,National Bank of Egypt,Primary,100501,,0.0,38,,VISA-OLD2,,NORM
1,Cairo Main,2023-03-15,15000,A,NORM,Normal,0,2026-04-23,Gold Credit Card,200,500,1447.07,13413.6,3065.69,2026-04-18,819.52,M,1980-05-27,National Bank of Egypt,Primary,100501,,0.0,38,,VISA-OLD2,,NORM
1,Cairo Main,2022-10-11,30000,A,NORM,Normal,0,2026-04-19,Titanium Credit Card,0,1000,453.8,29078.71,1523.84,2026-04-27,1447.92,F,1973-04-21,Orange Egypt,Primary,100502,,0.0,43,,,,NORM
2,Giza,2022-02-06,100000,A,NORM,Normal,0,2026-04-16,Cashback Card,200,150,56255.11,43679.99,17566.27,2026-04-24,111.38,M,1977-03-06,Ministry of Health,Primary,100503,,0.0,51,,,,NORM
6,Assiut,2024-01-20,10000,A,NORM,Normal,0,2026-04-30,Titanium Credit Card,100,300,8280.43,1384.4,232.2,2026-04-18,623.74,F,1970-09-14,Talaat Moustafa Group,Primary,100504,,0.0,27,VISA-OLD,,,NORM
1,Cairo Main,2022-03-08,50000,A,30DD,30 Days Delinquent,30,2026-04-20,Gold Credit Card,500,1000,-1174.83,48750.76,6409.0,2026-04-06,527.08,F,1962-11-04,Freelancer,Primary,100505,,18516.16,50,,,,30DD
4,Mansoura,2018-04-03,30000,A,NORM,Normal,0,2026-04-17,Platinum Credit Card,500,300,20569.27,9051.94,2386.65,2026-04-15,1733.75,F,1983-05-10,Freelancer,Primary,100507,,0.0,98,,,,NORM
4,Mansoura,2018-04-01,20000,A,NORM,Normal,0,2026-05-01,Cashback Card,200,300,11864.93,7905.87,5272.3,2026-04-20,411.17,F,1962-10-28,Cairo University,Primary,100508,,0.0,98,MC-OLD,VISA-OLD2,,NORM
4,Mansoura,2018-04-01,20000,A,NORM,Normal,0,2026-04-26,Titanium Credit Card,200,300,15366.12,4549.69,5695.97,2026-04-04,1960.72,F,1962-10-28,Cairo University,Primary,100508,,0.0,98,MC-OLD,VISA-OLD2,,NORM
8,Zagazig,2021-05-30,200000,A,NORM,Normal,0,2026-04-19,World Elite Card,100,300,120185.1,79429.09,58929.73,2026-04-05,19.22,M,1980-07-17,Self Employed,Primary,100509,,0.0,59,,,,NORM
3,Alexandria,2021-03-10,100000,A,NEW,New,0,2026-04-30,Platinum Credit Card,200,150,84206.8,15614.56,2592.65,2026-04-12,1822.83,M,1975-11-03,Banque Misr,Primary,100510,,0.0,62,,,,NEW
3,Alexandria,2021-03-10,100000,A,NORM,Normal,0,2026-04-19,Cashback Card,200,150,31256.46,68625.88,25844.16,2026-04-09,970.44,M,1975-11-03,Banque Misr,Primary,100510,,0.0,62,,,,NORM
3,Alexandria,2021-03-10,100000,A,NORM,Normal,0,2026-04-26,World Elite Card,200,150,2112.64,97480.25,15260.41,2026-04-27,695.28,M,1975-11-03,Banque Misr,Primary,100510,,0.0,62,,,,NORM
8,Zagazig,2019-10-28,150000,A,60DA,60 Days Delinquent,60,2026-04-22,Classic Credit Card,500,500,92347.27,57563.46,3473.02,2026-04-11,1888.27,M,1984-03-20,Freelancer,Secondary,100512,,87094.67,79,,,,60DA
9,Ismailia,2021-09-18,30000,A,90DA,90 Days Delinquent,90,2026-04-23,World Elite Card,100,1000,1118.33,28457.63,3133.36,2026-04-13,141.38,F,1982-10-05,Edita Food Industries,Primary,100513,,2985.56,56,VISA-OLD,,,90DA
3,Alexandria,2024-03-06,10000,A,NORM,Normal,0,2026-04-16,Travel Rewards Card,100,500,7301.75,2459.05,2786.65,2026-04-28,810.43,F,1990-05-31,National Bank of Egypt,Primary,100514,,0.0,26,MC-OLD,,,NORM
10,Suez,2020-06-28,30000,A,30DD,30 Days Delinquent,30,2026-04-24,Gold Credit Card,500,0,2096.59,27568.47,8361.84,2026-04-04,871.99,F,1983-08-13,El Sewedy Electric,Primary,100515,,15599.52,71,MC-OLD,VISA-OLD2,,30DD
9,Ismailia,2022-01-18,75000,A,NORM,Normal,0,2026-04-30,Travel Rewards Card,200,500,38592.91,36298.95,22434.31,2026-04-21,1027.55,F,1962-07-07,Vodafone Egypt,Primary,100516,,0.0,52,,,,NORM
8,Zagazig,2024-04-16,10000,A,60DA,60 Days Delinquent,60,2026-04-20,Business Credit Card,500,500,7427.75,2336.3,2550.85,2026-04-27,1666.41,F,1999-03-21,Orascom,Secondary,100517,,1699.78,24,VISA-OLD,,,60DA
3,Alexandria,2024-08-02,200000,A,NEW,New,0,2026-05-01,Titanium Credit Card,200,500,158898.9,40893.78,24348.74,2026-04-10,1084.19,F,1997-06-24,National Bank of Egypt,Secondary,100518,,0.0,21,MC-OLD,,,NEW
2,Giza,2022-08-05,30000,A,NORM,Normal,0,2026-04-30,Business Credit Card,100,150,15548.5,14242.96,2147.23,2026-04-30,372.83,M,1960-04-18,Microsoft Egypt,Primary,100519,,0.0,45,VISA-OLD,,,NORM
5,Tanta,2024-07-25,30000,A,NORM,Normal,0,2026-05-01,Business Credit Card,100,0,28461.2,1532.04,1815.42,2026-04-17,561.83,M,1997-06-08,Banque Misr,Primary,100520,,0.0,21,VISA-OLD,,,NORM
5,Tanta,2020-01-05,100000,I,CLSC,Closed by Customer,0,2026-04-17,Titanium Credit Card,200,500,54973.15,44746.69,7045.87,2026-04-23,1603.45,M,1978-09-17,Military,Primary,100521,2026-04-15,0.0,76,MC-OLD,,,CLSC
5,Tanta,2020-01-05,100000,A,NORM,Normal,0,2026-04-26,Classic Credit Card,200,500,1703.42,97894.34,8660.52,2026-04-04,997.64,M,1978-09-17,Military,Primary,100521,,0.0,76,MC-OLD,,,NORM
5,Tanta,2020-01-05,100000,A,NEW,New,0,2026-04-23,Travel Rewards Card,200,500,50772.37,48912.2,20557.16,2026-04-07,1748.07,M,1978-09-17,Military,Primary,100521,,0.0,76,MC-OLD,,,NEW
10,Suez,2020-11-22,100000,A,NORM,Normal,0,2026-04-24,Gold Credit Card,0,300,6569.31,93019.08,22242.81,2026-04-26,1457.87,M,1979-07-24,Cairo University,Primary,100522,,0.0,66,,,,NORM
10,Suez,2020-11-22,100000,A,90DA,90 Days Delinquent,90,2026-04-22,Platinum Credit Card,0,300,88688.29,10946.23,15322.8,2026-04-26,59.56,M,1979-07-24,Cairo University,Primary,100522,,52393.13,66,,,,90DA
10,Suez,2020-11-22,100000,A,NORM,Normal,0,2026-04-20,World Elite Card,0,300,73811.58,25930.89,23459.41,2026-04-11,1223.44,M,1979-07-24,Cairo University,Primary,100522,,0.0,66,,,,NORM
3,Alexandria,2019-10-31,5000,A,NORM,Normal,0,2026-05-01,Travel Rewards Card,200,0,4277.39,514.39,112.96,2026-04-14,1179.05,F,1976-01-12,Juhayna,Primary,100523,,0.0,79,,VISA-OLD2,,NORM
4,Mansoura,2020-01-21,10000,A,NORM,Normal,0,2026-04-23,Platinum Credit Card,200,300,6887.2,2812.9,1683.92,2026-04-29,38.83,F,1994-05-19,Talaat Moustafa Group,Primary,100524,,0.0,76,,,,NORM
9,Ismailia,2021-12-11,15000,A,NORM,Normal,0,2026-04-22,World Elite Card,200,500,4706.07,10205.43,659.66,2026-04-22,658.62,F,1986-01-07,Edita Food Industries,Secondary,100525,,0.0,53,,,,NORM
4,Mansoura,2023-08-24,20000,A,NORM,Normal,0,2026-04-24,Gold Credit Card,500,0,8161.98,11536.87,816.51,2026-04-15,1594.52,M,1966-12-07,Banque Misr,Secondary,100526,,0.0,32,VISA-OLD,,,NORM
4,Mansoura,2023-08-24,20000,A,30DD,30 Days Delinquent,30,2026-04-21,Titanium Credit Card,500,0,12928.37,6829.44,886.22,2026-04-05,1993.34,M,1966-12-07,Banque Misr,Secondary,100526,,2631.74,32,VISA-OLD,,,30DD
5,Tanta,2022-01-25,15000,A,NORM,Normal,0,2026-04-25,Cashback Card,200,0,3541.35,11070.08,1765.58,2026-04-03,1554.63,M,1990-12-31,Elsewedy Capital,Primary,100527,,0.0,51,,,,NORM
5,Tanta,2022-01-25,15000,A,NORM,Normal,0,2026-04-19,Gold Credit Card,200,0,13184.41,1594.3,1626.71,2026-04-28,676.5,M,1990-12-31,Elsewedy Capital,Primary,100527,,0.0,51,,,,NORM
5,Tanta,2020-05-09,15000,A,30DD,30 Days Delinquent,30,2026-04-22,Travel Rewards Card,0,0,10795.95,4169.8,1795.41,2026-04-06,1666.49,F,1965-08-15,Amazon Egypt,Primary,100528,,535.82,72,,,,30DD
5,Tanta,2020-05-09,15000,A,SUSP,Profit Suspended,120,2026-05-01,Cashback Card,0,0,12340.25,2547.38,1917.43,2026-04-07,1898.68,F,1965-08-15,Amazon Egypt,Primary,100528,,5439.02,72,,,,SUSP
5,Tanta,2020-05-09,15000,A,LOST,Lost,0,2026-04-19,Classic Credit Card,0,0,11540.07,3298.08,670.23,2026-04-12,790.23,F,1965-08-15,Amazon Egypt,Primary,100528,,0.0,72,,,,LOST
9,Ismailia,2018-08-31,100000,A,NORM,Normal,0,2026-04-29,World Elite Card,0,0,90758.51,9208.64,20405.92,2026-04-14,424.39,F,1986-08-10,Vodafone Egypt,Primary,100529,,0.0,93,,VISA-OLD2,,NORM
4,Mansoura,2020-03-30,15000,I,CLSC,Closed by Customer,0,2026-04-28,Classic Credit Card,0,150,8869.09,5904.17,869.89,2026-04-12,1165.9,F,1986-05-11,Cairo University,Primary,100530,2026-04-26,0.0,74,,VISA-OLD2,,CLSC
10,Suez,2023-08-31,200000,A,NEW,New,0,2026-04-18,Classic Credit Card,100,150,184409.08,15426.11,21896.73,2026-04-29,1874.52,F,1970-11-06,Orascom,Secondary,100531,,0.0,32,MC-OLD,,,NEW
2,Giza,2023-08-28,100000,A,NORM,Normal,0,2026-04-29,Platinum Credit Card,500,0,62981.33,36589.81,10206.59,2026-04-02,1939.88,M,1969-08-07,IBM Egypt,Secondary,100532,,0.0,32,VISA-OLD,,,NORM
9,Ismailia,2022-07-28,10000,A,NORM,Normal,0,2026-04-29,Cashback Card,500,0,6742.85,3046.89,2622.02,2026-04-19,1883.09,M,1970-03-17,Self Employed,Primary,100533,,0.0,45,,VISA-OLD2,,NORM
9,Ismailia,2022-07-28,10000,A,NEW,New,0,2026-04-26,Classic Credit Card,500,0,9480.98,312.79,1328.46,2026-04-29,275.82,M,1970-03-17,Self Employed,Primary,100533,,0.0,45,,VISA-OLD2,,NEW
1,Cairo Main,2021-09-05,100000,A,NORM,Normal,0,2026-04-20,World Elite Card,500,1000,93261.35,6452.6,17200.54,2026-04-05,1372.56,F,1963-09-09,Freelancer,Primary,100534,,0.0,56,VISA-OLD,,,NORM
7,Luxor,2018-10-13,100000,I,CLSB,Closed by Bank,0,2026-04-23,Cashback Card,500,0,14622.13,85044.56,22138.57,2026-04-24,1947.67,F,1968-06-20,Freelancer,Primary,100535,2026-04-13,0.0,91,,,,CLSB
7,Luxor,2018-10-13,100000,A,NEW,New,0,2026-04-17,Gold Credit Card,500,0,79414.14,20508.19,5925.96,2026-04-15,938.75,F,1968-06-20,Freelancer,Primary,100535,,0.0,91,,,,NEW
7,Luxor,2018-10-13,100000,A,NORM,Normal,0,2026-04-26,Classic Credit Card,500,0,84571.64,15354.4,4353.77,2026-04-03,1359.45,F,1968-06-20,Freelancer,Primary,100535,,0.0,91,,,,NORM
3,Alexandria,2022-06-29,200000,A,NORM,Normal,0,2026-04-16,Platinum Credit Card,100,300,115598.78,83996.18,47637.51,2026-04-04,383.6,M,1977-09-16,Military,Secondary,100536,,0.0,46,VISA-OLD,,,NORM
3,Alexandria,2022-06-29,200000,A,NORM,Normal,0,2026-04-24,Classic Credit Card,100,300,120312.12,79250.94,40948.54,2026-04-30,514.75,M,1977-09-16,Military,Secondary,100536,,0.0,46,VISA-OLD,,,NORM
3,Alexandria,2022-06-29,200000,A,NORM,Normal,0,2026-04-20,Business Credit Card,100,300,75277.28,124672.25,39698.13,2026-04-12,1080.9,M,1977-09-16,Military,Secondary,100536,,0.0,46,VISA-OLD,,,NORM
4,Mansoura,2022-10-06,100000,A,60DA,60 Days Delinquent,60,2026-05-01,World Elite Card,500,300,24327.43,75419.51,5048.75,2026-04-27,596.84,F,1997-08-05,Military,Secondary,100537,,12744.46,43,VISA-OLD,VISA-OLD2,,60DA
5,Tanta,2023-02-06,10000,A,NORM,Normal,0,2026-04-18,Business Credit Card,500,150,9037.75,918.46,652.76,2026-04-10,1463.73,M,1966-08-11,Vodafone Egypt,Primary,100538,,0.0,39,,,,NORM
8,Zagazig,2018-04-20,15000,I,CNCD,Cancelled,0,2026-04-29,Cashback Card,100,300,9666.22,4835.67,294.47,2026-04-16,1210.89,M,1990-06-02,National Bank of Egypt,Primary,100539,,0.0,97,MC-OLD,,,CNCD
8,Zagazig,2021-04-17,100000,I,CNCD,Cancelled,0,2026-04-25,World Elite Card,200,1000,91457.25,8095.84,11421.51,2026-04-01,1519.4,M,1969-01-21,Orange Egypt,Secondary,100540,,0.0,61,,,,CNCD
8,Zagazig,2022-03-22,100000,A,NORM,Normal,0,2026-04-25,Classic Credit Card,100,1000,55962.92,43686.29,26148.97,2026-04-03,486.22,F,1974-02-09,Orascom,Primary,100541,,0.0,50,,,,NORM
7,Luxor,2019-03-25,200000,A,NEW,New,0,2026-04-16,Business Credit Card,500,1000,86240.9,113309.37,19418.81,2026-04-27,1601.62,M,1981-11-12,Government,Primary,100542,,0.0,86,,,,NEW
10,Suez,2024-12-01,50000,A,NEW,New,0,2026-04-27,World Elite Card,0,0,45605.78,4049.55,2206.74,2026-04-18,1139.22,M,1976-12-11,Banque Misr,Secondary,100543,,0.0,17,,VISA-OLD2,,NEW
10,Suez,2024-12-01,50000,A,NEW,New,0,2026-04-30,Platinum Credit Card,0,0,42372.69,7499.96,11587.43,2026-04-08,347.45,M,1976-12-11,Banque Misr,Secondary,100543,,0.0,17,,VISA-OLD2,,NEW
5,Tanta,2018-12-14,10000,A,NORM,Normal,0,2026-04-28,Gold Credit Card,100,0,2188.22,7581.35,2022.84,2026-04-17,1513.06,F,1986-07-31,Orange Egypt,Primary,100545,,0.0,89,VISA-OLD,VISA-OLD2,,NORM
5,Tanta,2018-12-14,10000,A,30DD,30 Days Delinquent,30,2026-04-25,Platinum Credit Card,100,0,4399.38,5557.98,1107.44,2026-04-21,213.56,F,1986-07-31,Orange Egypt,Primary,100545,,4589.54,89,VISA-OLD,VISA-OLD2,,30DD
9,Ismailia,2020-12-28,5000,A,NORM,Normal,0,2026-04-18,Classic Credit Card,200,500,806.24,3984.65,149.72,2026-04-24,221.96,F,1978-11-22,Edita Food Industries,Primary,100546,,0.0,65,VISA-OLD,,,NORM
4,Mansoura,2023-07-28,150000,A,NORM,Normal,0,2026-04-28,Cashback Card,200,300,58386.46,91468.15,17371.34,2026-04-17,858.69,F,1975-01-26,El Sewedy Electric,Primary,100547,,0.0,33,,VISA-OLD2,,NORM
4,Mansoura,2023-07-28,150000,A,NORM,Normal,0,2026-04-24,Gold Credit Card,200,300,27950.98,121935.76,30687.86,2026-04-15,765.11,F,1975-01-26,El Sewedy Electric,Primary,100547,,0.0,33,,VISA-OLD2,,NORM
4,Mansoura,2020-12-22,5000,A,NORM,Normal,0,2026-04-20,Travel Rewards Card,100,1000,2115.32,2754.85,6.09,2026-04-11,1926.52,M,1972-11-21,Cairo University,Primary,100548,,0.0,65,,,,NORM
2,Giza,2023-12-16,100000,A,SUSP,Profit Suspended,120,2026-05-01,Cashback Card,0,300,8278.37,91494.92,22976.74,2026-04-21,1326.09,F,1985-05-29,Amazon Egypt,Primary,100549,,31954.55,28,,,,SUSP
7,Luxor,2020-10-26,200000,A,NORM,Normal,0,2026-04-27,Platinum Credit Card,0,1000,141618.8,58310.99,35644.87,2026-04-16,1708.1,M,1978-01-17,Cairo University,Primary,100550,,0.0,67,VISA-OLD,,,NORM
9,Ismailia,2024-11-21,75000,A,NORM,Normal,0,2026-04-28,Classic Credit Card,200,500,36175.64,38739.51,4395.99,2026-04-11,1289.72,M,1996-04-14,Elsewedy Capital,Primary,100551,,0.0,17,,,,NORM
9,Ismailia,2024-11-21,75000,I,CLSC,Closed by Customer,0,2026-04-19,World Elite Card,200,500,35966.37,38590.96,10175.96,2026-04-07,1380.5,M,1996-04-14,Elsewedy Capital,Primary,100551,2026-03-31,0.0,17,,,,CLSC
9,Ismailia,2024-11-21,75000,I,CNCD,Cancelled,0,2026-04-27,Gold Credit Card,200,500,-6375.94,68234.49,2632.97,2026-04-04,1276.37,M,1996-04-14,Elsewedy Capital,Primary,100551,,0.0,17,,,,CNCD
7,Luxor,2018-09-21,20000,A,NORM,Normal,0,2026-05-01,World Elite Card,200,150,16417.47,3356.0,2009.25,2026-04-05,520.99,F,1974-04-17,Military,Primary,100552,,0.0,92,,,,NORM
7,Luxor,2018-09-21,20000,I,CLSB,Closed by Bank,0,2026-04-23,Travel Rewards Card,200,150,7123.58,12728.94,1403.83,2026-04-03,97.73,F,1974-04-17,Military,Primary,100552,2026-03-24,0.0,92,,,,CLSB
3,Alexandria,2018-04-24,20000,I,CLSC,Closed by Customer,0,2026-04-17,World Elite Card,500,1000,639.71,19170.97,2017.8,2026-04-19,836.33,F,1968-08-10,Amazon Egypt,Primary,100553,2026-03-25,0.0,97,,,,CLSC
3,Alexandria,2018-04-24,20000,A,NEW,New,0,2026-04-30,Titanium Credit Card,500,1000,10219.31,9736.18,777.17,2026-04-01,1233.02,F,1968-08-10,Amazon Egypt,Primary,100553,,0.0,97,,,,NEW
3,Alexandria,2019-07-13,5000,A,NORM,Normal,0,2026-04-21,World Elite Card,100,0,1645.6,2988.78,327.1,2026-04-20,320.93,F,1972-03-26,Vodafone Egypt,Primary,100554,,0.0,82,,,,NORM
10,Suez,2018-09-18,75000,A,90DA,90 Days Delinquent,90,2026-04-16,Gold Credit Card,100,150,7150.93,67791.13,13899.2,2026-04-17,1023.48,M,1973-05-14,Cairo University,Primary,100555,,9850.5,92,,VISA-OLD2,,90DA
10,Suez,2018-09-18,75000,I,CLSC,Closed by Customer,0,2026-04-20,Titanium Credit Card,100,150,60195.51,14703.15,8075.98,2026-04-08,1235.18,M,1973-05-14,Cairo University,Primary,100555,2026-04-25,0.0,92,,VISA-OLD2,,CLSC
10,Suez,2023-11-22,30000,I,CLSC,Closed by Customer,0,2026-04-20,Gold Credit Card,100,1000,11592.11,18020.28,3683.64,2026-04-14,1023.63,M,1994-10-08,Edita Food Industries,Primary,100556,2026-04-06,0.0,29,MC-OLD,,,CLSC
4,Mansoura,2020-06-11,15000,A,30DD,30 Days Delinquent,30,2026-04-24,Titanium Credit Card,200,500,8855.95,6070.04,2912.19,2026-04-22,975.48,F,1978-12-20,Talaat Moustafa Group,Secondary,100557,,3339.89,71,,,,30DD
9,Ismailia,2019-04-08,50000,A,NORM,Normal,0,2026-04-17,Business Credit Card,100,300,17099.01,32812.67,7459.86,2026-04-28,1624.78,M,1976-10-22,IBM Egypt,Primary,100558,,0.0,86,,,,NORM
1,Cairo Main,2024-10-17,5000,I,CNCD,Cancelled,0,2026-04-21,Classic Credit Card,100,300,1795.4,2773.99,1447.8,2026-04-20,694.19,F,1988-12-13,Juhayna,Primary,100559,,0.0,18,,,,CNCD
1,Cairo Main,2024-10-17,5000,A,NORM,Normal,0,2026-04-21,Cashback Card,100,300,914.06,3901.29,71.49,2026-04-09,1005.11,F,1988-12-13,Juhayna,Primary,100559,,0.0,18,,,,NORM
9,Ismailia,2020-08-26,100000,A,30DD,30 Days Delinquent,30,2026-04-17,Travel Rewards Card,200,300,53726.23,46004.71,24063.53,2026-04-11,1407.76,M,1998-11-21,Elsewedy Capital,Primary,100560,,14510.57,69,,,,30DD
6,Assiut,2022-07-23,5000,A,NORM,Normal,0,2026-04-25,Gold Credit Card,500,500,1207.67,3478.39,182.1,2026-04-12,1401.62,F,1999-06-14,Edita Food Industries,Primary,100561,,0.0,45,,,,NORM
5,Tanta,2018-09-29,50000,A,90DA,90 Days Delinquent,90,2026-04-23,Cashback Card,500,0,10708.16,39182.17,8489.59,2026-04-27,317.78,M,1982-09-17,Orascom,Primary,100562,,9710.84,92,,,,90DA
7,Luxor,2021-06-05,50000,A,NORM,Normal,0,2026-04-19,Gold Credit Card,100,150,8252.75,41386.14,14681.91,2026-04-29,925.22,M,1968-12-22,Military,Primary,100563,,0.0,59,,,,NORM
8,Zagazig,2019-07-01,30000,A,NORM,Normal,0,2026-04-16,Cashback Card,200,150,6805.38,23123.32,8585.73,2026-04-19,523.4,M,1999-03-08,Amazon Egypt,Primary,100564,,0.0,83,VISA-OLD,,,NORM
10,Suez,2018-03-26,5000,A,NORM,Normal,0,2026-04-16,Titanium Credit Card,100,300,4479.5,335.47,1116.89,2026-04-08,1273.24,M,1970-01-25,Orange Egypt,Primary,100565,,0.0,98,VISA-OLD,VISA-OLD2,,NORM
10,Suez,2018-03-26,5000,A,NORM,Normal,0,2026-04-17,Classic Credit Card,100,300,4374.77,615.36,552.27,2026-04-01,862.01,M,1970-01-25,Orange Egypt,Primary,100565,,0.0,98,VISA-OLD,VISA-OLD2,,NORM
10,Suez,2018-03-26,5000,I,CLSD,Closed,0,2026-04-17,Business Credit Card,100,300,3699.37,1184.9,1447.09,2026-04-05,1140.68,M,1970-01-25,Orange Egypt,Primary,100565,2026-03-24,0.0,98,VISA-OLD,VISA-OLD2,,CLSD
5,Tanta,2018-12-31,50000,A,NORM,Normal,0,2026-04-20,Gold Credit Card,0,1000,-961.79,48715.83,8741.68,2026-04-18,1533.11,F,1966-09-11,Freelancer,Secondary,100566,,0.0,89,VISA-OLD,,,NORM
4,Mansoura,2020-04-12,20000,I,CNCD,Cancelled,0,2026-04-24,World Elite Card,500,500,67.61,19506.97,138.68,2026-04-25,560.98,M,1992-01-04,Amazon Egypt,Secondary,100567,,0.0,73,MC-OLD,,,CNCD
4,Mansoura,2020-04-12,20000,A,SUSP,Profit Suspended,120,2026-04-16,Platinum Credit Card,500,500,153.45,19483.36,4272.85,2026-04-28,99.74,M,1992-01-04,Amazon Egypt,Secondary,100567,,3627.38,73,MC-OLD,,,SUSP
4,Mansoura,2020-04-12,20000,A,NORM,Normal,0,2026-04-29,Cashback Card,500,500,1182.45,18791.23,861.23,2026-04-20,1514.13,M,1992-01-04,Amazon Egypt,Secondary,100567,,0.0,73,MC-OLD,,,NORM
5,Tanta,2020-02-15,75000,A,NORM,Normal,0,2026-04-29,Platinum Credit Card,0,300,-5265.08,69645.25,15485.76,2026-04-29,1566.09,F,1992-08-06,Elsewedy Capital,Primary,100568,,0.0,75,,,,NORM
10,Suez,2023-02-20,10000,A,NORM,Normal,0,2026-04-26,Platinum Credit Card,200,500,3632.66,5915.9,2486.91,2026-04-16,1233.8,M,1990-09-11,Microsoft Egypt,Primary,100569,,0.0,38,MC-OLD,,,NORM
2,Giza,2024-03-31,5000,A,NORM,Normal,0,2026-04-25,Titanium Credit Card,500,300,1324.04,3490.89,189.82,2026-04-15,1388.45,M,1964-04-10,Vodafone Egypt,Primary,100570,,0.0,25,MC-OLD,,,NORM
5,Tanta,2022-02-28,15000,A,NORM,Normal,0,2026-04-22,Classic Credit Card,200,150,8157.86,6384.51,1552.19,2026-04-08,626.62,F,1977-09-14,Edita Food Industries,Secondary,100571,,0.0,50,,,,NORM
5,Tanta,2022-02-28,15000,I,CLSD,Closed,0,2026-04-25,World Elite Card,200,150,2960.37,11971.43,1719.79,2026-04-24,1646.69,F,1977-09-14,Edita Food Industries,Secondary,100571,2026-04-16,0.0,50,,,,CLSD
5,Tanta,2022-02-28,15000,A,90DA,90 Days Delinquent,90,2026-04-18,Gold Credit Card,200,150,11901.31,2819.64,3979.42,2026-04-03,685.3,F,1977-09-14,Edita Food Industries,Secondary,100571,,8078.81,50,,,,90DA
6,Assiut,2023-12-13,75000,A,NEW,New,0,2026-04-30,Gold Credit Card,200,0,-4189.12,70454.41,12632.71,2026-04-05,1118.31,M,1991-11-10,Self Employed,Secondary,100572,,0.0,29,,,,NEW
7,Luxor,2020-12-14,200000,A,NORM,Normal,0,2026-04-23,World Elite Card,200,500,23775.26,176165.99,47678.9,2026-04-18,1322.96,M,1972-09-09,Edita Food Industries,Primary,100573,,0.0,65,VISA-OLD,,,NORM
7,Luxor,2020-12-14,200000,A,60DA,60 Days Delinquent,60,2026-04-22,Business Credit Card,200,500,148954.16,51025.33,44656.26,2026-04-23,1854.52,M,1972-09-09,Edita Food Industries,Primary,100573,,44253.77,65,VISA-OLD,,,60DA
9,Ismailia,2022-12-08,5000,A,NORM,Normal,0,2026-04-25,Classic Credit Card,100,150,2047.95,2710.03,1326.16,2026-04-24,569.41,M,1998-04-07,Self Employed,Primary,100574,,0.0,41,VISA-OLD,,,NORM
2,Giza,2018-06-17,100000,A,30DD,30 Days Delinquent,30,2026-04-17,Business Credit Card,500,500,14540.87,85083.66,28713.52,2026-04-08,222.06,M,1982-03-14,Banque Misr,Primary,100575,,38013.69,95,,,,30DD
5,Tanta,2019-11-21,150000,A,60DA,60 Days Delinquent,60,2026-04-19,Titanium Credit Card,0,1000,8917.91,140594.06,23909.29,2026-04-28,1341.08,M,1968-02-07,Amazon Egypt,Secondary,100576,,56487.04,78,,,,60DA
5,Tanta,2019-11-21,150000,I,CLSC,Closed by Customer,0,2026-04-19,World Elite Card,0,1000,89761.35,59954.16,43271.23,2026-04-28,922.61,M,1968-02-07,Amazon Egypt,Secondary,100576,2026-03-22,0.0,78,,,,CLSC
2,Giza,2021-09-08,5000,A,30DD,30 Days Delinquent,30,2026-04-30,Gold Credit Card,500,300,95.83,4861.69,40.91,2026-04-05,308.5,M,1999-10-21,Edita Food Industries,Primary,100577,,2513.96,56,,,,30DD
8,Zagazig,2021-01-08,200000,I,CLSC,Closed by Customer,0,2026-04-16,Cashback Card,0,1000,172864.98,26856.47,53239.38,2026-04-12,1819.67,F,1980-05-14,Edita Food Industries,Secondary,100578,2026-03-13,0.0,64,MC-OLD,,,CLSC
4,Mansoura,2018-07-19,30000,A,30DD,30 Days Delinquent,30,2026-04-24,Classic Credit Card,0,1000,22129.07,7535.87,5473.34,2026-04-20,1564.67,F,1998-09-21,National Bank of Egypt,Primary,100579,,6727.87,94,,,,30DD
7,Luxor,2018-03-26,20000,A,NORM,Normal,0,2026-04-25,Travel Rewards Card,200,150,3679.07,16289.01,417.05,2026-04-10,697.36,M,1964-01-01,Juhayna,Primary,100580,,0.0,98,VISA-OLD,,,NORM
10,Suez,2022-01-10,10000,I,CLSC,Closed by Customer,0,2026-04-19,Titanium Credit Card,500,500,3739.25,6168.34,1172.08,2026-04-12,325.08,F,1965-11-21,Talaat Moustafa Group,Primary,100581,2026-03-11,0.0,52,VISA-OLD,,,CLSC
10,Suez,2022-01-10,10000,A,NORM,Normal,0,2026-04-27,Business Credit Card,500,500,646.51,9102.39,787.28,2026-04-11,115.16,F,1965-11-21,Talaat Moustafa Group,Primary,100581,,0.0,52,VISA-OLD,,,NORM
7,Luxor,2022-02-17,200000,A,NORM,Normal,0,2026-04-30,Travel Rewards Card,0,0,113071.85,86616.63,15680.81,2026-04-30,1203.01,F,1996-05-18,Freelancer,Primary,100582,,0.0,51,,,,NORM
9,Ismailia,2021-04-25,200000,A,NORM,Normal,0,2026-04-19,Gold Credit Card,0,1000,20161.89,179500.67,46026.29,2026-04-26,1231.43,M,1979-03-09,Government,Primary,100584,,0.0,61,,,,NORM
10,Suez,2020-11-03,50000,A,NEW,New,0,2026-04-29,Gold Credit Card,0,0,7366.69,42157.93,11733.05,2026-04-02,49.12,F,1996-06-17,Orascom,Primary,100585,,0.0,66,VISA-OLD,,,NEW
2,Giza,2021-05-04,50000,I,CLSB,Closed by Bank,0,2026-04-17,Business Credit Card,500,1000,20243.57,29646.34,13795.16,2026-04-25,768.0,F,1978-09-02,Edita Food Industries,Secondary,100586,2026-04-11,0.0,60,,,,CLSB
3,Alexandria,2024-10-10,30000,A,WROF,Write Off,180,2026-04-22,Gold Credit Card,0,0,26863.13,2989.13,7731.92,2026-04-08,1152.96,F,1963-07-05,CIB,Primary,100587,2026-04-06,12222.29,18,VISA-OLD,,,WROF
3,Alexandria,2024-10-10,30000,A,NORM,Normal,0,2026-04-20,Titanium Credit Card,0,0,15107.13,14807.24,8665.61,2026-04-19,1449.11,F,1963-07-05,CIB,Primary,100587,,0.0,18,VISA-OLD,,,NORM
7,Luxor,2024-10-01,100000,A,60DA,60 Days Delinquent,60,2026-04-20,Cashback Card,500,300,-7142.03,92857.16,29459.88,2026-04-08,1357.11,M,1998-12-21,Banque Misr,Primary,100588,,55408.36,19,,,,60DA
8,Zagazig,2018-03-31,10000,A,NORM,Normal,0,2026-05-01,Platinum Credit Card,500,500,2235.83,7339.56,1473.86,2026-04-26,893.17,F,1978-12-04,Vodafone Egypt,Secondary,100590,,0.0,98,MC-OLD,,,NORM
4,Mansoura,2024-05-21,75000,A,NORM,Normal,0,2026-04-17,Classic Credit Card,0,500,756.79,73879.3,15555.66,2026-04-03,27.84,F,1973-03-23,Self Employed,Primary,100591,,0.0,23,MC-OLD,VISA-OLD2,,NORM
5,Tanta,2023-06-20,75000,A,NORM,Normal,0,2026-04-21,Business Credit Card,100,0,3105.07,71843.59,14663.68,2026-04-16,1230.69,M,1961-08-29,Amazon Egypt,Primary,100592,,0.0,34,MC-OLD,,,NORM
5,Tanta,2022-09-05,100000,A,NORM,Normal,0,2026-04-24,Cashback Card,500,500,26161.59,73712.84,26906.55,2026-04-11,1148.34,M,1989-01-29,Orascom,Primary,100593,,0.0,44,,,,NORM
6,Assiut,2020-08-08,150000,A,NORM,Normal,0,2026-04-30,Cashback Card,500,150,140124.04,9787.99,31101.15,2026-04-27,459.1,F,1979-08-27,Microsoft Egypt,Secondary,100594,,0.0,69,,,,NORM
3,Alexandria,2020-04-28,30000,A,NORM,Normal,0,2026-04-17,Gold Credit Card,500,150,13008.28,16957.94,8885.4,2026-04-01,344.65,M,1987-11-23,El Sewedy Electric,Primary,100595,,0.0,73,VISA-OLD,,,NORM
7,Luxor,2021-05-28,20000,A,NORM,Normal,0,2026-04-27,Classic Credit Card,0,300,15484.8,4351.83,2143.19,2026-04-27,862.64,F,1982-02-23,IBM Egypt,Primary,100596,,0.0,59,,VISA-OLD2,,NORM
1,Cairo Main,2018-09-18,50000,A,NORM,Normal,0,2026-04-25,Titanium Credit Card,0,1000,28788.65,20964.41,9108.74,2026-04-06,415.7,M,1996-03-10,Self Employed,Primary,100597,,0.0,92,,,,NORM
1,Cairo Main,2024-03-31,30000,A,NORM,Normal,0,2026-04-18,Gold Credit Card,0,500,2691.51,27134.01,4202.64,2026-04-17,1671.37,F,1994-07-18,CIB,Secondary,100598,,0.0,25,MC-OLD,VISA-OLD2,,NORM
1,Cairo Main,2024-03-31,30000,A,NEW,New,0,2026-04-26,Cashback Card,0,500,2489.93,27057.02,4401.92,2026-04-17,197.31,F,1994-07-18,CIB,Secondary,100598,,0.0,25,MC-OLD,VISA-OLD2,,NEW
2,Giza,2024-04-22,5000,A,NORM,Normal,0,2026-04-26,Platinum Credit Card,0,150,1090.2,3621.25,1075.55,2026-04-13,1277.97,F,1996-12-11,Orascom,Primary,100599,,0.0,24,VISA-OLD,VISA-OLD2,,NORM
8,Zagazig,2019-02-11,15000,A,LOST,Lost,0,2026-04-26,Cashback Card,100,0,13650.81,880.82,1789.93,2026-04-28,1195.86,M,1992-11-10,Freelancer,Secondary,100600,,0.0,87,,,,LOST
8,Zagazig,2021-03-20,150000,A,60DA,60 Days Delinquent,60,2026-04-22,World Elite Card,200,500,118084.29,31899.27,25506.92,2026-04-03,150.17,F,1975-04-24,Elsewedy Capital,Primary,100601,,80708.06,62,MC-OLD,,,60DA
4,Mansoura,2022-10-23,75000,A,NORM,Normal,0,2026-04-25,Business Credit Card,200,0,21202.77,53693.21,9877.33,2026-04-03,1510.57,F,1966-03-10,Banque Misr,Primary,100602,,0.0,42,MC-OLD,,,NORM
4,Mansoura,2022-10-23,75000,A,90DA,90 Days Delinquent,90,2026-04-22,Travel Rewards Card,200,0,63934.81,10575.65,21629.68,2026-04-01,1539.3,F,1966-03-10,Banque Misr,Primary,100602,,8304.15,42,MC-OLD,,,90DA
4,Mansoura,2022-10-23,75000,A,NORM,Normal,0,2026-04-20,World Elite Card,200,0,26237.35,48606.78,11198.47,2026-04-17,1797.31,F,1966-03-10,Banque Misr,Primary,100602,,0.0,42,MC-OLD,,,NORM
2,Giza,2021-07-13,75000,A,NORM,Normal,0,2026-04-18,Platinum Credit Card,500,0,31612.13,43026.41,7235.03,2026-04-13,1723.14,M,1975-03-05,Cairo University,Primary,100603,,0.0,58,MC-OLD,,,NORM
2,Giza,2021-07-13,75000,A,LOST,Lost,0,2026-04-18,Titanium Credit Card,500,0,-3384.76,71383.26,16418.17,2026-04-12,1846.76,M,1975-03-05,Cairo University,Primary,100603,,0.0,58,MC-OLD,,,LOST
2,Giza,2021-07-13,75000,I,CLSB,Closed by Bank,0,2026-04-27,Classic Credit Card,500,0,-2253.64,72559.33,14426.16,2026-04-20,1747.01,M,1975-03-05,Cairo University,Primary,100603,2026-03-09,0.0,58,MC-OLD,,,CLSB
7,Luxor,2024-03-17,30000,A,NORM,Normal,0,2026-04-23,Cashback Card,0,300,12847.0,17151.61,7853.24,2026-04-17,755.81,M,1978-01-12,Microsoft Egypt,Primary,100604,,0.0,25,,VISA-OLD2,,NORM
7,Luxor,2024-03-17,30000,A,NEW,New,0,2026-04-22,Platinum Credit Card,0,300,16445.89,13530.92,6565.33,2026-04-29,1377.28,M,1978-01-12,Microsoft Egypt,Primary,100604,,0.0,25,,VISA-OLD2,,NEW
10,Suez,2024-12-07,100000,A,NORM,Normal,0,2026-04-26,Travel Rewards Card,100,300,-9293.56,90230.45,11692.21,2026-04-14,1009.06,M,1995-05-13,Orange Egypt,Primary,100605,,0.0,17,VISA-OLD,,,NORM
9,Ismailia,2021-03-08,20000,A,NORM,Normal,0,2026-05-01,World Elite Card,200,150,4210.76,15580.48,4578.15,2026-04-20,1717.85,M,1984-04-04,Vodafone Egypt,Secondary,100606,,0.0,62,MC-OLD,VISA-OLD2,,NORM
5,Tanta,2021-05-29,75000,A,NEW,New,0,2026-04-26,Gold Credit Card,200,300,5317.42,69362.88,3552.79,2026-04-20,219.81,F,1970-10-29,CIB,Primary,100607,,0.0,59,,,,NEW
5,Tanta,2021-05-29,75000,A,90DA,90 Days Delinquent,90,2026-04-22,Cashback Card,200,300,56559.88,18159.58,18382.86,2026-04-07,530.91,F,1970-10-29,CIB,Primary,100607,,8267.84,59,,,,90DA
5,Tanta,2021-05-29,75000,A,WROF,Write Off,180,2026-04-21,Classic Credit Card,200,300,69601.28,4959.3,11083.71,2026-04-23,1912.67,F,1970-10-29,CIB,Primary,100607,2026-04-25,6481.47,59,,,,WROF
5,Tanta,2018-01-22,100000,I,CLSC,Closed by Customer,0,2026-04-29,Titanium Credit Card,100,300,20832.66,78935.32,17703.34,2026-04-15,630.23,F,1985-09-04,Juhayna,Primary,100608,2026-04-25,0.0,100,MC-OLD,,,CLSC
7,Luxor,2020-10-11,10000,A,NORM,Normal,0,2026-04-24,Titanium Credit Card,200,500,5272.41,4563.19,1109.11,2026-04-05,1460.25,M,1983-04-24,Banque Misr,Primary,100609,,0.0,67,VISA-OLD,,,NORM
2,Giza,2022-10-07,15000,A,NEW,New,0,2026-04-22,Business Credit Card,0,300,2021.76,12662.21,3895.61,2026-04-20,1140.96,F,1962-10-15,Cairo University,Primary,100610,,0.0,43,VISA-OLD,,,NEW
10,Suez,2022-10-01,100000,A,NEW,New,0,2026-04-20,Business Credit Card,500,150,53309.2,46383.73,22569.68,2026-04-17,445.68,M,1982-05-17,Government,Primary,100611,,0.0,43,VISA-OLD,,,NEW
9,Ismailia,2023-12-08,10000,A,NORM,Normal,0,2026-04-27,Business Credit Card,500,0,6998.95,2677.18,2136.92,2026-04-26,1100.25,M,1998-09-21,Ministry of Health,Primary,100612,,0.0,29,,VISA-OLD2,,NORM
7,Luxor,2019-05-11,50000,A,NORM,Normal,0,2026-04-30,Classic Credit Card,100,0,30676.36,19284.06,14871.43,2026-04-12,131.49,F,1964-12-12,Juhayna,Secondary,100613,,0.0,84,,,,NORM
8,Zagazig,2019-08-09,15000,A,NORM,Normal,0,2026-04-29,Travel Rewards Card,200,300,9011.03,5611.94,2058.81,2026-04-06,245.0,M,1961-04-03,Orascom,Secondary,100614,,0.0,81,VISA-OLD,,,NORM
8,Zagazig,2019-08-09,15000,A,NORM,Normal,0,2026-04-28,Classic Credit Card,200,300,8063.98,6816.61,1906.34,2026-04-30,1858.64,M,1961-04-03,Orascom,Secondary,100614,,0.0,81,VISA-OLD,,,NORM
2,Giza,2021-11-29,10000,A,NORM,Normal,0,2026-04-19,Travel Rewards Card,200,1000,6029.23,3829.85,2985.88,2026-04-20,1270.22,F,1984-07-23,Edita Food Industries,Primary,100615,,0.0,53,VISA-OLD,VISA-OLD2,,NORM
2,Giza,2021-11-29,10000,A,NORM,Normal,0,2026-05-01,Titanium Credit Card,200,1000,5871.28,3678.78,2886.44,2026-04-29,1693.79,F,1984-07-23,Edita Food Industries,Primary,100615,,0.0,53,VISA-OLD,VISA-OLD2,,NORM
3,Alexandria,2019-07-22,150000,A,NORM,Normal,0,2026-04-22,Business Credit Card,500,150,62293.41,87318.32,9357.16,2026-04-01,715.22,F,1994-03-06,National Bank of Egypt,Primary,100616,,0.0,82,MC-OLD,,,NORM
7,Luxor,2022-06-08,50000,A,60DA,60 Days Delinquent,60,2026-04-22,Business Credit Card,200,0,3821.56,46170.2,250.43,2026-04-14,1627.29,M,1970-06-11,Vodafone Egypt,Primary,100617,,9340.79,47,,VISA-OLD2,,60DA
2,Giza,2024-04-10,10000,I,CLSC,Closed by Customer,0,2026-04-23,Classic Credit Card,100,500,963.15,8723.26,2847.69,2026-04-20,1140.55,M,1988-11-18,CIB,Primary,100618,2026-03-09,0.0,25,MC-OLD,,,CLSC
1,Cairo Main,2020-04-22,20000,A,NORM,Normal,0,2026-04-22,Business Credit Card,200,500,7301.76,12536.02,208.98,2026-04-19,238.86,M,1972-05-01,Self Employed,Secondary,100619,,0.0,73,,,,NORM
1,Cairo Main,2020-04-22,20000,A,FRAD,Fraud,0,2026-04-17,Classic Credit Card,200,500,536.74,19439.18,1230.37,2026-04-19,1518.26,M,1972-05-01,Self Employed,Secondary,100619,,0.0,73,,,,FRAD
7,Luxor,2022-08-27,5000,I,CNCD,Cancelled,0,2026-04-19,Cashback Card,200,0,4657.1,0.0,1242.6,2026-04-12,1314.74,M,1968-02-05,CIB,Primary,100620,,0.0,44,,,,CNCD
7,Luxor,2022-08-27,5000,A,NORM,Normal,0,2026-04-23,Titanium Credit Card,200,0,4002.48,796.56,1362.28,2026-04-17,225.49,M,1968-02-05,CIB,Primary,100620,,0.0,44,,,,NORM
3,Alexandria,2019-01-03,15000,A,90DA,90 Days Delinquent,90,2026-04-25,Travel Rewards Card,100,0,11356.32,3557.76,3546.81,2026-04-13,759.75,F,1971-06-19,Orascom,Primary,100621,,5106.79,89,,,,90DA
7,Luxor,2021-08-03,15000,A,NEW,New,0,2026-04-26,Cashback Card,200,500,13907.68,699.91,2645.85,2026-04-19,968.76,M,1964-06-05,Orange Egypt,Primary,100622,,0.0,57,MC-OLD,VISA-OLD2,,NEW
4,Mansoura,2023-09-15,150000,A,60DA,60 Days Delinquent,60,2026-04-28,Gold Credit Card,200,0,94174.99,55533.5,39878.84,2026-04-17,1641.25,F,1982-02-10,Freelancer,Primary,100623,,76265.28,31,,,,60DA
1,Cairo Main,2020-08-15,5000,A,NORM,Normal,0,2026-05-01,Gold Credit Card,100,1000,3032.31,1522.11,897.05,2026-04-17,1701.84,M,1978-04-12,Juhayna,Primary,100624,,0.0,69,VISA-OLD,,,NORM
9,Ismailia,2019-08-07,50000,A,NEW,New,0,2026-04-24,Platinum Credit Card,100,1000,21109.88,28827.91,161.54,2026-04-08,708.24,F,1969-02-15,Ministry of Health,Primary,100625,,0.0,81,,,,NEW
10,Suez,2019-11-17,5000,A,NORM,Normal,0,2026-04-20,Business Credit Card,200,1000,221.91,4316.64,1144.2,2026-04-22,1985.39,F,1972-12-22,Microsoft Egypt,Secondary,100626,,0.0,78,,VISA-OLD2,,NORM
9,Ismailia,2018-07-06,15000,A,60DA,60 Days Delinquent,60,2026-04-23,Gold Credit Card,0,500,4543.91,10401.25,2112.02,2026-04-08,1201.8,M,1972-08-14,Banque Misr,Primary,100627,,8587.59,95,,,,60DA
9,Ismailia,2018-07-06,15000,I,CLSC,Closed by Customer,0,2026-04-25,Platinum Credit Card,0,500,7358.89,7177.46,2972.01,2026-04-24,953.31,M,1972-08-14,Banque Misr,Primary,100627,2026-03-26,0.0,95,,,,CLSC
4,Mansoura,2023-08-30,50000,I,CLSB,Closed by Bank,0,2026-04-16,Cashback Card,200,500,31486.99,18378.72,10390.64,2026-04-23,1781.2,F,1987-05-20,Elsewedy Capital,Primary,100628,2026-03-29,0.0,32,,,,CLSB
4,Mansoura,2023-08-30,50000,A,NORM,Normal,0,2026-04-29,Business Credit Card,200,500,-4857.28,44862.14,1328.51,2026-04-05,239.97,F,1987-05-20,Elsewedy Capital,Primary,100628,,0.0,32,,,,NORM
4,Mansoura,2024-09-21,50000,A,NORM,Normal,0,2026-04-26,Platinum Credit Card,0,1000,36809.53,12885.42,13161.19,2026-04-01,416.93,F,1980-08-16,Vodafone Egypt,Secondary,100629,,0.0,19,,,,NORM
9,Ismailia,2023-06-26,75000,A,NORM,Normal,0,2026-05-01,Gold Credit Card,0,500,11016.38,63845.88,14163.73,2026-04-16,1338.33,M,1991-03-30,IBM Egypt,Secondary,100630,,0.0,34,VISA-OLD,VISA-OLD2,,NORM
6,Assiut,2019-12-27,5000,I,CLSC,Closed by Customer,0,2026-04-18,Cashback Card,100,500,3500.75,1426.97,754.84,2026-04-06,479.98,M,1977-05-07,Elsewedy Capital,Primary,100631,2026-03-15,0.0,77,,,,CLSC
4,Mansoura,2024-11-17,30000,A,NORM,Normal,0,2026-04-29,Titanium Credit Card,500,300,20923.07,8768.79,368.42,2026-04-14,383.96,M,1964-01-14,Talaat Moustafa Group,Primary,100632,,0.0,17,MC-OLD,,,NORM
4,Mansoura,2024-11-17,30000,A,LOST,Lost,0,2026-04-26,Gold Credit Card,500,300,2439.33,27535.41,4567.41,2026-04-26,1758.38,M,1964-01-14,Talaat Moustafa Group,Primary,100632,,0.0,17,MC-OLD,,,LOST
1,Cairo Main,2022-06-11,10000,A,NORM,Normal,0,2026-04-21,Business Credit Card,100,1000,4450.12,5220.48,2148.92,2026-04-03,224.43,M,1968-10-17,National Bank of Egypt,Primary,100633,,0.0,47,,,,NORM
1,Cairo Main,2022-06-11,10000,A,NORM,Normal,0,2026-04-23,Gold Credit Card,100,1000,7151.23,2459.62,294.28,2026-04-02,1172.26,M,1968-10-17,National Bank of Egypt,Primary,100633,,0.0,47,,,,NORM
5,Tanta,2020-07-22,150000,A,NORM,Normal,0,2026-04-21,World Elite Card,0,1000,111492.01,38490.8,13091.0,2026-04-26,1983.26,F,1985-07-25,Ministry of Health,Secondary,100634,,0.0,70,,,,NORM
5,Tanta,2020-07-22,150000,A,NEW,New,0,2026-04-22,Gold Credit Card,0,1000,-12659.6,136949.53,28439.88,2026-04-14,328.13,F,1985-07-25,Ministry of Health,Secondary,100634,,0.0,70,,,,NEW
1,Cairo Main,2021-08-16,75000,A,NORM,Normal,0,2026-04-24,Travel Rewards Card,0,1000,177.91,74800.23,2799.06,2026-04-05,1703.7,F,1998-04-20,Self Employed,Primary,100635,,0.0,57,,,,NORM
1,Cairo Main,2021-08-16,75000,A,SUSP,Profit Suspended,120,2026-04-30,Platinum Credit Card,0,1000,11286.47,63467.43,5792.5,2026-04-23,1679.25,F,1998-04-20,Self Employed,Primary,100635,,12771.78,57,,,,SUSP
1,Cairo Main,2022-09-17,150000,A,60DA,60 Days Delinquent,60,2026-04-24,Classic Credit Card,500,150,59496.4,90418.32,28760.32,2026-04-15,445.93,F,1972-06-19,National Bank of Egypt,Secondary,100636,,63795.25,44,,,,60DA
7,Luxor,2020-10-20,20000,I,CLSD,Closed,0,2026-04-26,World Elite Card,0,0,8931.67,10952.01,3005.0,2026-04-06,93.75,M,1963-05-04,Self Employed,Primary,100637,2026-03-22,0.0,67,,VISA-OLD2,,CLSD
6,Assiut,2020-10-22,20000,I,CLSC,Closed by Customer,0,2026-04-18,Titanium Credit Card,200,0,15990.06,3703.34,5564.61,2026-04-15,1106.07,F,1997-09-13,Government,Primary,100638,2026-04-13,0.0,67,,VISA-OLD2,,CLSC
10,Suez,2019-01-27,100000,A,NORM,Normal,0,2026-04-30,Gold Credit Card,0,0,-1460.02,98347.29,13550.5,2026-04-10,834.12,F,1979-09-02,Edita Food Industries,Secondary,100639,,0.0,88,,,,NORM
1,Cairo Main,2022-12-16,5000,A,NORM,Normal,0,2026-04-17,Travel Rewards Card,0,0,218.74,4728.38,199.08,2026-04-30,1679.54,M,1995-12-29,Ministry of Health,Primary,100640,,0.0,41,VISA-OLD,,,NORM
2,Giza,2022-08-11,20000,A,30DD,30 Days Delinquent,30,2026-04-19,Classic Credit Card,500,500,7086.86,12553.62,4006.91,2026-04-24,304.73,F,1987-09-09,Military,Primary,100641,,7815.56,45,,,,30DD
2,Giza,2022-08-11,20000,A,NEW,New,0,2026-04-30,Titanium Credit Card,500,500,441.7,19210.24,5331.81,2026-04-20,1265.97,F,1987-09-09,Military,Primary,100641,,0.0,45,,,,NEW
3,Alexandria,2023-09-16,30000,A,NORM,Normal,0,2026-04-21,Business Credit Card,500,150,4554.38,25317.48,5451.68,2026-04-13,54.12,M,1988-08-03,Banque Misr,Primary,100643,,0.0,31,,,,NORM
5,Tanta,2022-11-21,150000,A,NORM,Normal,0,2026-04-23,Cashback Card,100,150,73738.63,75840.44,23698.85,2026-04-14,711.94,F,1986-03-21,Juhayna,Primary,100644,,0.0,41,,,,NORM
5,Tanta,2022-11-21,150000,A,30DD,30 Days Delinquent,30,2026-04-17,Platinum Credit Card,100,150,98632.21,51228.79,6335.99,2026-04-21,1685.28,F,1986-03-21,Juhayna,Primary,100644,,53645.02,41,,,,30DD
5,Tanta,2022-11-21,150000,A,30DD,30 Days Delinquent,30,2026-04-28,World Elite Card,100,150,105258.95,44596.63,37546.74,2026-04-26,895.54,F,1986-03-21,Juhayna,Primary,100644,,22938.21,41,,,,30DD
1,Cairo Main,2024-07-30,15000,A,NORM,Normal,0,2026-04-19,Classic Credit Card,500,300,2137.19,12734.24,8.53,2026-04-22,651.12,M,1983-03-22,El Sewedy Electric,Primary,100645,,0.0,21,,,,NORM
6,Assiut,2023-05-03,100000,I,CLSC,Closed by Customer,0,2026-04-16,Cashback Card,200,1000,21610.95,78236.47,20812.96,2026-04-19,618.93,F,1968-06-29,Amazon Egypt,Primary,100646,2026-04-27,0.0,36,,,,CLSC
1,Cairo Main,2020-06-17,5000,A,SUSP,Profit Suspended,120,2026-04-19,Titanium Credit Card,500,1000,3381.02,1538.95,1331.07,2026-04-06,595.98,M,1982-03-31,Elsewedy Capital,Primary,100647,,836.58,71,,,,SUSP
4,Mansoura,2020-01-25,5000,A,NORM,Normal,0,2026-04-23,Gold Credit Card,200,0,-409.83,4310.04,344.01,2026-04-30,476.46,M,1977-12-15,Banque Misr,Primary,100648,,0.0,76,,VISA-OLD2,,NORM
6,Assiut,2018-05-02,20000,A,NORM,Normal,0,2026-04-28,Platinum Credit Card,100,300,17497.12,2356.01,458.64,2026-04-11,447.62,M,1961-12-20,Edita Food Industries,Secondary,100649,,0.0,97,,,,NORM
4,Mansoura,2019-12-23,30000,A,NORM,Normal,0,2026-04-24,Classic Credit Card,100,500,16194.97,13330.82,3062.1,2026-04-14,1230.49,M,1960-12-18,Edita Food Industries,Secondary,100650,,0.0,77,,,,NORM
4,Mansoura,2019-12-23,30000,A,NORM,Normal,0,2026-04-28,Travel Rewards Card,100,500,12236.95,17263.35,6735.64,2026-04-16,1997.27,M,1960-12-18,Edita Food Industries,Secondary,100650,,0.0,77,,,,NORM
4,Mansoura,2019-12-23,30000,A,NORM,Normal,0,2026-05-01,Cashback Card,100,500,1775.74,28095.57,1477.51,2026-04-20,1433.16,M,1960-12-18,Edita Food Industries,Secondary,100650,,0.0,77,,,,NORM
4,Mansoura,2022-03-06,15000,I,CLSB,Closed by Bank,0,2026-04-16,Travel Rewards Card,0,150,9169.05,5693.42,440.74,2026-04-21,274.89,M,1976-07-31,El Sewedy Electric,Primary,100651,2026-04-17,0.0,50,VISA-OLD,,,CLSB
4,Mansoura,2022-03-06,15000,I,CNCD,Cancelled,0,2026-04-29,Cashback Card,0,150,11973.76,2569.36,196.05,2026-04-21,1198.4,M,1976-07-31,El Sewedy Electric,Primary,100651,,0.0,50,VISA-OLD,,,CNCD
4,Mansoura,2022-03-06,15000,A,NORM,Normal,0,2026-04-18,Classic Credit Card,0,150,11463.82,3511.53,3036.56,2026-04-03,472.42,M,1976-07-31,El Sewedy Electric,Primary,100651,,0.0,50,VISA-OLD,,,NORM
6,Assiut,2022-10-26,20000,A,NORM,Normal,0,2026-04-16,Titanium Credit Card,200,150,17257.72,2440.21,3984.25,2026-04-13,1876.01,F,1986-11-23,Elsewedy Capital,Primary,100652,,0.0,42,,,,NORM
6,Assiut,2022-10-26,20000,A,NORM,Normal,0,2026-04-21,Travel Rewards Card,200,150,18076.9,1843.45,5953.39,2026-04-14,1832.13,F,1986-11-23,Elsewedy Capital,Primary,100652,,0.0,42,,,,NORM
6,Assiut,2022-10-26,20000,A,NORM,Normal,0,2026-04-26,World Elite Card,200,150,11443.35,8373.8,4094.32,2026-04-13,1938.69,F,1986-11-23,Elsewedy Capital,Primary,100652,,0.0,42,,,,NORM
9,Ismailia,2023-06-26,20000,A,LOST,Lost,0,2026-04-20,Business Credit Card,0,150,1341.46,18614.74,3621.7,2026-04-05,1758.04,F,1986-03-14,Government,Primary,100653,,0.0,34,MC-OLD,,,LOST
9,Ismailia,2023-06-26,20000,A,60DA,60 Days Delinquent,60,2026-04-29,Travel Rewards Card,0,150,9692.23,10134.44,4234.98,2026-04-12,1055.54,F,1986-03-14,Government,Primary,100653,,6335.1,34,MC-OLD,,,60DA
4,Mansoura,2020-08-18,75000,I,CLSC,Closed by Customer,0,2026-04-28,Travel Rewards Card,500,1000,55421.89,19277.29,6081.05,2026-04-13,993.83,M,1980-04-11,IBM Egypt,Primary,100655,2026-03-06,0.0,69,,,,CLSC
2,Giza,2022-12-26,150000,A,60DA,60 Days Delinquent,60,2026-04-25,Classic Credit Card,500,1000,22035.85,127896.7,18528.22,2026-04-24,1316.05,F,1973-03-27,Amazon Egypt,Primary,100656,,58006.07,40,VISA-OLD,,,60DA
6,Assiut,2023-07-31,50000,A,NEW,New,0,2026-04-22,Classic Credit Card,100,500,29435.11,20073.88,5091.03,2026-04-05,390.93,M,1996-02-02,Talaat Moustafa Group,Primary,100657,,0.0,33,,,,NEW
5,Tanta,2023-08-18,150000,A,NORM,Normal,0,2026-04-27,Gold Credit Card,200,150,91657.54,57986.32,34589.4,2026-04-16,1250.89,M,1997-10-18,CIB,Primary,100658,,0.0,32,,VISA-OLD2,,NORM
4,Mansoura,2020-03-16,50000,A,NORM,Normal,0,2026-04-26,World Elite Card,100,1000,38504.13,11060.03,10124.7,2026-04-24,582.08,M,1974-12-21,Ministry of Health,Secondary,100659,,0.0,74,,,,NORM
5,Tanta,2021-11-20,75000,A,NORM,Normal,0,2026-04-30,Classic Credit Card,100,500,7933.01,66753.67,17373.49,2026-04-03,1731.81,M,1996-11-19,Elsewedy Capital,Primary,100660,,0.0,54,,,,NORM
5,Tanta,2021-11-20,75000,A,NEW,New,0,2026-04-28,Titanium Credit Card,100,500,-1117.47,73512.3,17165.07,2026-04-23,752.36,M,1996-11-19,Elsewedy Capital,Primary,100660,,0.0,54,,,,NEW
5,Tanta,2021-11-20,75000,A,NORM,Normal,0,2026-04-16,Cashback Card,100,500,15604.48,59281.81,14797.34,2026-04-10,1529.8,M,1996-11-19,Elsewedy Capital,Primary,100660,,0.0,54,,,,NORM
8,Zagazig,2024-04-06,5000,A,NORM,Normal,0,2026-05-01,Platinum Credit Card,200,0,836.08,3912.56,1258.51,2026-04-07,1845.58,F,1980-03-08,IBM Egypt,Primary,100662,,0.0,25,VISA-OLD,,,NORM
7,Luxor,2024-01-12,30000,A,NORM,Normal,0,2026-04-18,Classic Credit Card,0,150,1263.98,28280.66,1503.15,2026-04-15,1869.08,M,1994-03-21,Edita Food Industries,Primary,100663,,0.0,28,MC-OLD,VISA-OLD2,,NORM
10,Suez,2022-05-21,75000,I,CNCD,Cancelled,0,2026-04-26,Travel Rewards Card,0,1000,-3574.3,71274.06,2508.45,2026-04-14,941.52,F,1998-11-21,El Sewedy Electric,Primary,100664,,0.0,48,,VISA-OLD2,,CNCD
8,Zagazig,2021-06-01,10000,A,NORM,Normal,0,2026-04-17,Platinum Credit Card,0,1000,1950.32,7723.95,1079.86,2026-04-29,767.8,F,1988-08-30,Vodafone Egypt,Primary,100665,,0.0,59,,,,NORM
5,Tanta,2020-08-12,30000,A,NEW,New,0,2026-04-25,Gold Credit Card,500,0,22661.42,7160.75,7345.06,2026-04-13,170.52,F,1969-03-27,Government,Primary,100666,,0.0,69,,,,NEW
7,Luxor,2019-03-30,15000,I,CLSD,Closed,0,2026-04-18,Business Credit Card,0,500,7406.23,7347.27,2593.18,2026-04-27,811.38,M,1967-01-16,Banque Misr,Secondary,100667,2026-03-08,0.0,86,,,,CLSD
8,Zagazig,2024-10-08,200000,I,CLSC,Closed by Customer,0,2026-04-23,Titanium Credit Card,500,300,175556.78,24003.61,2898.99,2026-04-19,593.52,M,1967-02-14,Vodafone Egypt,Secondary,100668,2026-04-30,0.0,19,VISA-OLD,,,CLSC
8,Zagazig,2024-10-08,200000,A,90DA,90 Days Delinquent,90,2026-04-28,World Elite Card,500,300,78021.81,121783.26,51917.71,2026-04-23,777.93,M,1967-02-14,Vodafone Egypt,Secondary,100668,,14497.55,19,VISA-OLD,,,90DA
8,Zagazig,2024-10-08,200000,A,NORM,Normal,0,2026-04-25,Cashback Card,500,300,78983.55,120970.4,58974.92,2026-04-30,771.87,M,1967-02-14,Vodafone Egypt,Secondary,100668,,0.0,19,VISA-OLD,,,NORM
7,Luxor,2020-10-08,150000,A,NORM,Normal,0,2026-04-16,Business Credit Card,500,500,69647.36,80116.9,14051.48,2026-04-12,1987.45,M,1987-02-17,National Bank of Egypt,Primary,100669,,0.0,67,VISA-OLD,,,NORM
5,Tanta,2024-11-15,15000,A,NORM,Normal,0,2026-04-29,Platinum Credit Card,500,500,2754.57,11846.45,4371.9,2026-04-04,1490.17,F,1977-07-17,Orascom,Primary,100670,,0.0,17,,,,NORM
1,Cairo Main,2019-10-09,30000,A,NEW,New,0,2026-04-24,World Elite Card,0,150,22260.76,7556.19,670.79,2026-04-18,1721.98,F,1970-10-02,Amazon Egypt,Secondary,100671,,0.0,79,MC-OLD,,,NEW
1,Cairo Main,2019-10-09,30000,I,CLSD,Closed,0,2026-04-25,Cashback Card,0,150,375.38,29328.5,700.09,2026-04-25,814.1,F,1970-10-02,Amazon Egypt,Secondary,100671,2026-03-08,0.0,79,MC-OLD,,,CLSD
6,Assiut,2019-03-07,150000,A,NORM,Normal,0,2026-04-30,Cashback Card,500,150,6120.52,143466.79,4201.7,2026-04-11,1487.87,F,1963-06-07,El Sewedy Electric,Primary,100672,,0.0,87,VISA-OLD,,,NORM
6,Assiut,2019-03-07,150000,A,NORM,Normal,0,2026-04-24,Titanium Credit Card,500,150,103851.92,46104.86,6940.4,2026-04-26,881.32,F,1963-06-07,El Sewedy Electric,Primary,100672,,0.0,87,VISA-OLD,,,NORM
2,Giza,2023-03-07,75000,A,NORM,Normal,0,2026-04-26,Travel Rewards Card,100,500,22707.95,52064.87,6633.48,2026-04-07,1352.98,M,1988-08-28,Vodafone Egypt,Primary,100673,,0.0,38,,,,NORM
8,Zagazig,2023-03-05,10000,A,NORM,Normal,0,2026-04-19,Titanium Credit Card,500,150,9456.79,255.33,978.03,2026-04-03,673.33,F,1981-09-29,Talaat Moustafa Group,Secondary,100674,,0.0,38,,,,NORM
10,Suez,2019-12-27,30000,A,WROF,Write Off,180,2026-04-29,Travel Rewards Card,100,0,19171.74,10688.97,7305.71,2026-04-17,593.79,M,1964-07-04,Talaat Moustafa Group,Primary,100675,2026-04-09,7081.04,77,,,,WROF
4,Mansoura,2018-05-22,150000,I,CLSC,Closed by Customer,0,2026-04-20,Classic Credit Card,0,500,134966.47,15006.75,17319.48,2026-04-23,1998.08,F,1992-01-17,Freelancer,Primary,100676,2026-03-03,0.0,96,,,,CLSC
7,Luxor,2020-04-06,20000,I,CLSB,Closed by Bank,0,2026-04-23,Titanium Credit Card,100,0,3924.88,15658.61,1224.14,2026-04-25,873.98,M,1994-05-30,Amazon Egypt,Primary,100677,2026-04-03,0.0,73,,,,CLSB
4,Mansoura,2018-09-16,20000,I,CLSB,Closed by Bank,0,2026-04-16,Gold Credit Card,100,150,13652.48,6284.68,2456.06,2026-04-08,779.68,M,1990-07-02,Amazon Egypt,Primary,100678,2026-03-31,0.0,92,,,,CLSB
4,Mansoura,2018-09-16,20000,A,NORM,Normal,0,2026-04-21,Travel Rewards Card,100,150,7244.52,12749.55,4828.48,2026-04-06,1879.38,M,1990-07-02,Amazon Egypt,Primary,100678,,0.0,92,,,,NORM
4,Mansoura,2018-09-16,20000,A,90DA,90 Days Delinquent,90,2026-04-18,Cashback Card,100,150,4179.15,15442.44,2160.13,2026-04-05,521.45,M,1990-07-02,Amazon Egypt,Primary,100678,,8458.97,92,,,,90DA
9,Ismailia,2020-02-16,200000,I,CNCD,Cancelled,0,2026-04-23,Travel Rewards Card,500,0,56906.39,142791.47,31944.06,2026-04-18,458.82,M,1988-02-12,El Sewedy Electric,Primary,100679,,0.0,75,,,,CNCD
1,Cairo Main,2021-07-19,5000,A,NORM,Normal,0,2026-04-25,Business Credit Card,100,0,3920.3,599.78,1390.42,2026-04-29,580.1,F,1978-01-14,Military,Primary,100680,,0.0,58,,,,NORM
7,Luxor,2024-09-18,100000,A,90DA,90 Days Delinquent,90,2026-04-30,Gold Credit Card,100,300,43715.56,56041.53,2072.84,2026-04-17,245.72,M,1973-07-11,Military,Primary,100681,,56757.04,19,VISA-OLD,,,90DA
7,Luxor,2024-09-18,100000,A,NORM,Normal,0,2026-04-26,Cashback Card,100,300,26038.4,73517.61,16984.58,2026-04-19,1853.96,M,1973-07-11,Military,Primary,100681,,0.0,19,VISA-OLD,,,NORM
7,Luxor,2024-09-18,100000,A,NORM,Normal,0,2026-04-26,World Elite Card,100,300,67926.39,31708.09,20455.53,2026-04-22,510.14,M,1973-07-11,Military,Primary,100681,,0.0,19,VISA-OLD,,,NORM
6,Assiut,2021-07-26,100000,A,NORM,Normal,0,2026-04-17,Classic Credit Card,500,500,-7594.01,92035.33,6410.29,2026-04-10,1222.13,M,1967-11-12,Government,Primary,100682,,0.0,58,,,,NORM
4,Mansoura,2022-03-20,20000,A,SUSP,Profit Suspended,120,2026-04-24,Titanium Credit Card,500,300,12778.7,7013.35,3187.34,2026-04-14,676.81,M,1966-10-20,Talaat Moustafa Group,Primary,100684,,6802.68,50,,VISA-OLD2,,SUSP
10,Suez,2022-04-12,150000,A,60DA,60 Days Delinquent,60,2026-04-18,Business Credit Card,0,0,43153.48,106670.37,42632.02,2026-04-23,521.72,F,1999-02-23,National Bank of Egypt,Secondary,100686,,45487.65,49,,,,60DA
4,Mansoura,2019-01-11,15000,A,NORM,Normal,0,2026-04-16,Titanium Credit Card,100,1000,7348.92,7464.55,2758.18,2026-04-12,519.88,M,1965-08-19,Amazon Egypt,Primary,100687,,0.0,88,,,,NORM
4,Mansoura,2022-10-03,15000,A,NORM,Normal,0,2026-04-22,World Elite Card,200,1000,3106.06,11812.93,2614.08,2026-04-29,425.99,F,1970-12-26,El Sewedy Electric,Primary,100688,,0.0,43,VISA-OLD,,,NORM
6,Assiut,2022-03-28,15000,A,NEW,New,0,2026-04-16,Travel Rewards Card,500,150,11056.88,3779.81,2318.09,2026-04-12,1772.41,F,1977-11-11,Vodafone Egypt,Primary,100689,,0.0,49,VISA-OLD,,,NEW
5,Tanta,2024-01-10,15000,A,NEW,New,0,2026-04-18,Platinum Credit Card,200,500,-527.74,14125.87,4148.41,2026-04-14,1814.8,F,1986-09-12,Juhayna,Primary,100690,,0.0,28,VISA-OLD,VISA-OLD2,,NEW
10,Suez,2018-10-22,50000,A,NORM,Normal,0,2026-04-28,Business Credit Card,100,150,4518.89,45322.39,850.9,2026-04-14,667.1,M,1981-07-27,Vodafone Egypt,Primary,100691,,0.0,91,MC-OLD,,,NORM
8,Zagazig,2022-08-31,75000,A,NORM,Normal,0,2026-04-23,Cashback Card,200,1000,60109.43,14408.86,11754.87,2026-04-06,746.27,M,1978-02-23,Amazon Egypt,Secondary,100692,,0.0,44,,,,NORM
8,Zagazig,2022-08-31,75000,A,NORM,Normal,0,2026-04-26,Titanium Credit Card,200,1000,67642.4,7056.38,5005.06,2026-04-02,1606.92,M,1978-02-23,Amazon Egypt,Secondary,100692,,0.0,44,,,,NORM
8,Zagazig,2022-08-31,75000,A,NORM,Normal,0,2026-04-27,Travel Rewards Card,200,1000,-1906.56,72736.49,12660.4,2026-04-12,928.32,M,1978-02-23,Amazon Egypt,Secondary,100692,,0.0,44,,,,NORM
10,Suez,2020-03-06,75000,A,NORM,Normal,0,2026-04-27,Cashback Card,500,300,27079.48,47867.77,19732.67,2026-04-07,1456.37,M,1967-04-14,Microsoft Egypt,Secondary,100693,,0.0,74,,,,NORM
10,Suez,2020-03-06,75000,A,NEW,New,0,2026-04-21,World Elite Card,500,300,54869.0,19696.77,14414.17,2026-04-24,147.48,M,1967-04-14,Microsoft Egypt,Secondary,100693,,0.0,74,,,,NEW
10,Suez,2020-03-06,75000,A,90DA,90 Days Delinquent,90,2026-04-30,Business Credit Card,500,300,59221.61,15602.96,4587.97,2026-04-25,1125.43,M,1967-04-14,Microsoft Egypt,Secondary,100693,,2973.67,74,,,,90DA
8,Zagazig,2022-01-20,5000,A,NORM,Normal,0,2026-04-22,Platinum Credit Card,200,1000,-99.39,4558.61,30.2,2026-04-21,1614.0,F,1961-07-19,Banque Misr,Primary,100694,,0.0,52,MC-OLD,VISA-OLD2,,NORM
7,Luxor,2021-05-22,150000,A,NORM,Normal,0,2026-04-22,Travel Rewards Card,500,0,137009.08,12680.03,21707.32,2026-04-08,141.96,M,1971-05-06,Cairo University,Primary,100696,,0.0,60,,,,NORM
7,Luxor,2021-05-22,150000,A,NORM,Normal,0,2026-04-24,World Elite Card,500,0,52310.58,97525.37,42883.25,2026-04-18,307.39,M,1971-05-06,Cairo University,Primary,100696,,0.0,60,,,,NORM
7,Luxor,2021-05-22,150000,A,60DA,60 Days Delinquent,60,2026-04-17,Platinum Credit Card,500,0,106773.74,42964.1,1791.11,2026-04-28,155.23,M,1971-05-06,Cairo University,Primary,100696,,53431.93,60,,,,60DA
5,Tanta,2020-05-08,75000,A,NORM,Normal,0,2026-04-17,Classic Credit Card,100,500,-4833.31,70042.48,15905.31,2026-04-30,202.68,M,1993-08-02,CIB,Primary,100697,,0.0,72,VISA-OLD,VISA-OLD2,,NORM
7,Luxor,2021-03-27,75000,A,NORM,Normal,0,2026-04-24,Cashback Card,100,150,58138.42,16566.05,12417.5,2026-04-15,951.6,M,1989-05-11,Self Employed,Primary,100698,,0.0,62,,,,NORM
10,Suez,2020-05-20,15000,I,CNCD,Cancelled,0,2026-04-17,Platinum Credit Card,100,300,162.86,14629.07,2570.03,2026-04-26,690.07,F,1996-07-12,Freelancer,Primary,100699,,0.0,72,MC-OLD,,,CNCD
3,Alexandria,2021-04-15,10000,A,NORM,Normal,0,2026-04-19,World Elite Card,0,300,2250.04,7286.72,253.01,2026-04-30,1274.53,M,1963-07-31,Cairo University,Primary,100700,,0.0,61,VISA-OLD,,,NORM
1,Cairo Main,2020-12-25,5000,I,CLSC,Closed by Customer,0,2026-04-17,Classic Credit Card,0,150,3778.19,986.49,77.31,2026-04-11,110.09,M,1962-09-27,Microsoft Egypt,Primary,100701,2026-03-30,0.0,65,,,,CLSC
8,Zagazig,2021-10-12,200000,A,NORM,Normal,0,2026-04-29,Cashback Card,200,300,57782.65,141879.56,46949.76,2026-04-18,1088.36,M,1993-12-14,IBM Egypt,Primary,100702,,0.0,55,VISA-OLD,VISA-OLD2,,NORM
1,Cairo Main,2021-09-14,10000,A,NORM,Normal,0,2026-04-17,Travel Rewards Card,100,0,-966.05,8578.75,2359.33,2026-04-05,82.03,M,1975-12-21,Government,Primary,100703,,0.0,56,,,,NORM
8,Zagazig,2023-05-01,150000,A,NORM,Normal,0,2026-04-27,Titanium Credit Card,0,300,115622.12,34327.76,41364.79,2026-04-06,264.82,M,1987-09-27,IBM Egypt,Secondary,100704,,0.0,36,,,,NORM
4,Mansoura,2023-06-08,75000,A,NORM,Normal,0,2026-04-30,Gold Credit Card,500,500,47801.04,26919.16,4908.99,2026-04-11,637.26,M,1987-03-21,Microsoft Egypt,Primary,100705,,0.0,35,,,,NORM
4,Mansoura,2023-06-08,75000,I,CLSB,Closed by Bank,0,2026-04-29,Platinum Credit Card,500,500,-4684.01,69854.64,18725.28,2026-04-06,1467.88,M,1987-03-21,Microsoft Egypt,Primary,100705,2026-03-26,0.0,35,,,,CLSB
9,Ismailia,2024-05-31,150000,A,NORM,Normal,0,2026-04-17,Business Credit Card,0,300,27305.9,122400.09,233.6,2026-04-18,872.74,F,1999-04-22,Orascom,Secondary,100706,,0.0,23,,,,NORM
9,Ismailia,2020-09-23,20000,A,NORM,Normal,0,2026-04-22,Gold Credit Card,0,500,8013.95,11953.66,5032.79,2026-04-27,1227.75,M,1970-10-21,Orascom,Secondary,100707,,0.0,68,,,,NORM
5,Tanta,2020-11-21,100000,A,NORM,Normal,0,2026-04-26,Gold Credit Card,500,0,73105.61,26424.32,29770.35,2026-04-23,1117.29,F,1969-11-19,Elsewedy Capital,Secondary,100708,,0.0,66,MC-OLD,,,NORM
5,Tanta,2020-11-21,100000,A,60DA,60 Days Delinquent,60,2026-04-21,Cashback Card,500,0,28094.17,71622.12,4053.56,2026-04-01,1013.74,F,1969-11-19,Elsewedy Capital,Secondary,100708,,15808.82,66,MC-OLD,,,60DA
5,Tanta,2020-11-21,100000,A,NORM,Normal,0,2026-04-16,Business Credit Card,500,0,35426.82,64500.25,1887.4,2026-04-03,39.52,F,1969-11-19,Elsewedy Capital,Secondary,100708,,0.0,66,MC-OLD,,,NORM
6,Assiut,2022-04-13,150000,A,SUSP,Profit Suspended,120,2026-04-21,Travel Rewards Card,100,300,113007.01,36866.4,36652.91,2026-04-18,653.68,M,1976-11-28,Juhayna,Primary,100709,,27477.32,49,,,,SUSP
6,Assiut,2022-04-13,150000,I,CNCD,Cancelled,0,2026-04-29,Business Credit Card,100,300,96212.21,53326.01,7050.66,2026-04-08,1688.98,M,1976-11-28,Juhayna,Primary,100709,,0.0,49,,,,CNCD
6,Assiut,2022-04-13,150000,A,30DD,30 Days Delinquent,30,2026-04-30,Gold Credit Card,100,300,109860.8,39681.23,11851.85,2026-04-14,662.67,M,1976-11-28,Juhayna,Primary,100709,,75127.85,49,,,,30DD
10,Suez,2019-04-21,200000,A,NORM,Normal,0,2026-04-26,Cashback Card,500,1000,52511.02,147070.42,19721.09,2026-04-02,588.8,M,1968-06-09,Juhayna,Primary,100710,,0.0,85,MC-OLD,,,NORM
7,Luxor,2021-08-02,50000,I,CNCD,Cancelled,0,2026-04-26,Platinum Credit Card,100,0,29169.53,20761.31,3229.04,2026-04-19,454.29,F,1979-01-02,Vodafone Egypt,Primary,100711,,0.0,57,VISA-OLD,,,CNCD
7,Luxor,2021-08-02,50000,A,30DD,30 Days Delinquent,30,2026-04-25,World Elite Card,100,0,28041.24,21815.02,14145.36,2026-04-03,307.27,F,1979-01-02,Vodafone Egypt,Primary,100711,,13557.65,57,VISA-OLD,,,30DD
3,Alexandria,2021-04-30,20000,A,NORM,Normal,0,2026-04-27,Business Credit Card,100,1000,6413.02,13241.88,3693.67,2026-04-10,28.69,F,1996-08-10,Banque Misr,Primary,100712,,0.0,60,,VISA-OLD2,,NORM
6,Assiut,2023-08-20,10000,A,NORM,Normal,0,2026-04-17,Business Credit Card,100,500,4502.11,5273.08,2495.11,2026-04-05,560.15,F,1973-11-08,Microsoft Egypt,Primary,100713,,0.0,32,,,,NORM
4,Mansoura,2020-07-10,5000,A,NORM,Normal,0,2026-04-16,Platinum Credit Card,500,300,377.88,4366.98,733.79,2026-04-30,1824.04,M,1998-01-15,Vodafone Egypt,Primary,100714,,0.0,70,,,,NORM
4,Mansoura,2020-07-10,5000,A,NEW,New,0,2026-04-24,Travel Rewards Card,500,300,-269.54,4313.42,448.93,2026-04-17,62.58,M,1998-01-15,Vodafone Egypt,Primary,100714,,0.0,70,,,,NEW
4,Mansoura,2020-07-10,5000,A,NEW,New,0,2026-04-18,Titanium Credit Card,500,300,1530.14,3274.16,673.67,2026-04-04,349.27,M,1998-01-15,Vodafone Egypt,Primary,100714,,0.0,70,,,,NEW
8,Zagazig,2022-05-23,75000,A,NORM,Normal,0,2026-04-18,World Elite Card,200,150,42330.41,32195.93,15953.82,2026-04-03,1890.94,F,1975-08-16,CIB,Primary,100715,,0.0,47,MC-OLD,,,NORM
5,Tanta,2019-11-02,200000,A,NORM,Normal,0,2026-04-23,Business Credit Card,200,150,108088.14,91876.82,58844.68,2026-04-29,1584.02,M,1980-07-10,El Sewedy Electric,Secondary,100716,,0.0,79,,,,NORM
6,Assiut,2024-06-15,10000,A,NORM,Normal,0,2026-04-23,Platinum Credit Card,500,500,9331.84,519.26,2993.05,2026-04-20,1974.86,M,1992-07-25,Orange Egypt,Primary,100717,,0.0,22,VISA-OLD,,,NORM
1,Cairo Main,2023-10-13,50000,I,CNCD,Cancelled,0,2026-04-18,Platinum Credit Card,500,150,28492.38,21083.27,10993.63,2026-04-01,688.34,M,1965-04-06,CIB,Primary,100718,,0.0,31,VISA-OLD,,,CNCD
10,Suez,2022-03-18,10000,A,NORM,Normal,0,2026-04-17,Travel Rewards Card,500,300,8939.17,938.27,2445.67,2026-04-10,222.52,M,1967-09-27,CIB,Primary,100719,,0.0,50,,,,NORM
10,Suez,2022-03-18,10000,A,NORM,Normal,0,2026-04-26,Platinum Credit Card,500,300,756.78,8992.23,1746.04,2026-04-10,1042.25,M,1967-09-27,CIB,Primary,100719,,0.0,50,,,,NORM
9,Ismailia,2018-04-05,200000,I,CLSB,Closed by Bank,0,2026-04-17,Business Credit Card,200,0,141648.15,58278.84,46979.4,2026-04-25,1535.02,M,1970-02-02,Microsoft Egypt,Primary,100720,2026-04-04,0.0,98,VISA-OLD,,,CLSB
10,Suez,2019-02-12,50000,I,CNCD,Cancelled,0,2026-04-16,Platinum Credit Card,500,0,8495.58,41137.6,9473.62,2026-04-26,1722.49,F,1965-08-13,Ministry of Health,Secondary,100721,,0.0,87,MC-OLD,,,CNCD
2,Giza,2024-07-23,150000,A,90DA,90 Days Delinquent,90,2026-04-23,Gold Credit Card,100,0,106344.93,43510.25,13740.93,2026-04-10,1295.28,M,1983-04-11,Military,Primary,100722,,38836.93,21,,VISA-OLD2,,90DA
2,Giza,2024-07-23,150000,A,NORM,Normal,0,2026-04-22,Travel Rewards Card,100,0,99902.44,49737.52,6989.56,2026-04-27,467.36,M,1983-04-11,Military,Primary,100722,,0.0,21,,VISA-OLD2,,NORM
8,Zagazig,2021-07-11,10000,A,NORM,Normal,0,2026-04-25,Titanium Credit Card,100,0,6946.46,2607.3,1690.37,2026-04-19,1108.26,F,1995-11-28,Orange Egypt,Primary,100723,,0.0,58,,VISA-OLD2,,NORM
5,Tanta,2024-02-08,15000,A,NEW,New,0,2026-04-21,Classic Credit Card,100,300,13986.04,906.42,4410.99,2026-04-21,1446.49,M,1976-04-22,Government,Secondary,100724,,0.0,27,,VISA-OLD2,,NEW
8,Zagazig,2024-06-21,100000,A,NORM,Normal,0,2026-04-18,Cashback Card,100,0,30697.71,69044.94,4857.34,2026-04-26,1631.94,M,1966-04-10,Elsewedy Capital,Primary,100725,,0.0,22,,,,NORM
4,Mansoura,2024-10-02,150000,A,90DA,90 Days Delinquent,90,2026-04-24,Cashback Card,200,150,90658.06,59190.31,6694.15,2026-04-30,1682.55,F,1966-01-07,National Bank of Egypt,Primary,100726,,81195.91,19,,,,90DA
3,Alexandria,2023-02-12,10000,A,NEW,New,0,2026-04-19,Travel Rewards Card,100,0,-992.4,8906.68,2428.43,2026-04-16,146.45,F,1977-12-11,El Sewedy Electric,Primary,100727,,0.0,39,MC-OLD,VISA-OLD2,,NEW
3,Alexandria,2023-02-12,10000,A,NEW,New,0,2026-04-28,Cashback Card,100,0,8452.06,1211.94,1445.46,2026-04-30,1828.45,F,1977-12-11,El Sewedy Electric,Primary,100727,,0.0,39,MC-OLD,VISA-OLD2,,NEW
3,Alexandria,2023-02-12,10000,I,CLSC,Closed by Customer,0,2026-04-28,Gold Credit Card,100,0,209.6,9750.91,2246.08,2026-04-14,1273.42,F,1977-12-11,El Sewedy Electric,Primary,100727,2026-03-09,0.0,39,MC-OLD,VISA-OLD2,,CLSC
10,Suez,2022-09-16,15000,A,NORM,Normal,0,2026-04-29,Travel Rewards Card,500,0,-411.15,14467.18,1229.97,2026-04-13,226.31,M,1967-05-11,National Bank of Egypt,Primary,100728,,0.0,44,MC-OLD,,,NORM
9,Ismailia,2018-09-28,50000,A,NEW,New,0,2026-04-29,Cashback Card,200,300,40953.48,8586.79,5068.17,2026-04-12,752.75,M,1978-03-31,Elsewedy Capital,Primary,100729,,0.0,92,,,,NEW
4,Mansoura,2019-03-07,10000,I,CLSC,Closed by Customer,0,2026-04-17,World Elite Card,500,0,3709.13,5972.08,68.04,2026-04-02,1640.55,F,1976-12-25,Cairo University,Secondary,100730,2026-03-24,0.0,87,MC-OLD,,,CLSC
10,Suez,2018-07-16,15000,A,90DA,90 Days Delinquent,90,2026-04-29,Travel Rewards Card,100,300,10465.52,4474.1,289.59,2026-04-10,124.24,F,1964-06-11,Self Employed,Primary,100731,,7321.07,94,,,,90DA
9,Ismailia,2019-09-29,15000,A,NEW,New,0,2026-04-17,World Elite Card,0,300,11965.6,2886.95,68.09,2026-04-26,976.24,M,1991-12-29,Military,Primary,100732,,0.0,80,VISA-OLD,,,NEW
8,Zagazig,2023-04-04,150000,A,NORM,Normal,0,2026-04-27,Travel Rewards Card,100,300,-12773.15,137039.31,17864.1,2026-04-21,892.94,M,1975-11-17,Juhayna,Primary,100733,,0.0,37,,,,NORM
2,Giza,2020-09-10,10000,A,NORM,Normal,0,2026-04-19,Classic Credit Card,0,300,981.31,9014.43,1898.71,2026-04-25,1727.01,F,1963-06-10,Vodafone Egypt,Secondary,100734,,0.0,68,VISA-OLD,VISA-OLD2,,NORM
3,Alexandria,2023-08-02,150000,I,CLSD,Closed,0,2026-04-28,Gold Credit Card,500,0,122235.29,27359.78,18773.16,2026-04-23,175.44,M,1981-07-07,Vodafone Egypt,Primary,100735,2026-04-16,0.0,33,MC-OLD,,,CLSD
4,Mansoura,2023-12-04,200000,A,NORM,Normal,0,2026-04-16,Business Credit Card,100,1000,-7104.94,192725.21,51572.78,2026-04-14,1985.0,M,1993-02-23,Orascom,Primary,100736,,0.0,29,,VISA-OLD2,,NORM
6,Assiut,2022-09-28,100000,A,NORM,Normal,0,2026-04-22,Cashback Card,0,300,17944.17,81567.45,5578.48,2026-04-07,268.06,M,1962-04-14,Ministry of Health,Secondary,100737,,0.0,43,,,,NORM
5,Tanta,2021-04-17,30000,A,NORM,Normal,0,2026-04-19,Travel Rewards Card,100,300,22014.69,7650.18,7207.2,2026-04-07,1777.22,M,1981-09-02,Freelancer,Secondary,100738,,0.0,61,VISA-OLD,,,NORM
6,Assiut,2024-11-26,100000,A,NORM,Normal,0,2026-04-29,Cashback Card,0,0,10869.0,88764.15,25011.86,2026-04-07,826.06,F,1960-04-06,Orascom,Primary,100739,,0.0,17,,,,NORM
7,Luxor,2020-03-20,10000,A,NORM,Normal,0,2026-04-21,Platinum Credit Card,500,0,6604.24,3050.5,2178.78,2026-04-04,1816.56,F,1982-01-26,Vodafone Egypt,Primary,100740,,0.0,74,,,,NORM
8,Zagazig,2022-03-14,30000,I,CLSC,Closed by Customer,0,2026-04-22,Platinum Credit Card,200,0,8206.57,21651.24,4271.17,2026-04-23,977.14,F,1977-09-25,Freelancer,Primary,100741,2026-04-10,0.0,50,,,,CLSC
1,Cairo Main,2020-03-23,10000,A,NORM,Normal,0,2026-04-22,Classic Credit Card,100,500,4337.15,5368.13,2403.38,2026-04-25,667.46,F,1976-02-11,Edita Food Industries,Secondary,100742,,0.0,74,,,,NORM
8,Zagazig,2020-12-24,10000,A,NEW,New,0,2026-04-26,Business Credit Card,100,300,8581.18,1140.89,1768.8,2026-04-25,1851.54,F,1989-11-03,Government,Primary,100743,,0.0,65,VISA-OLD,,,NEW
2,Giza,2018-03-28,15000,A,NORM,Normal,0,2026-04-27,Classic Credit Card,100,0,3930.97,10921.48,3276.38,2026-04-22,244.24,F,1964-11-02,Amazon Egypt,Secondary,100744,,0.0,98,,,,NORM
8,Zagazig,2021-03-01,100000,A,NORM,Normal,0,2026-04-16,Travel Rewards Card,100,1000,21521.71,78182.51,11983.64,2026-04-27,891.05,M,1972-12-25,Government,Primary,100745,,0.0,62,,,,NORM
5,Tanta,2020-10-10,75000,A,NORM,Normal,0,2026-04-30,Gold Credit Card,100,150,14531.53,60364.1,16625.46,2026-04-10,1442.6,M,1991-06-11,Elsewedy Capital,Primary,100746,,0.0,67,VISA-OLD,,,NORM
5,Tanta,2019-08-22,75000,A,NORM,Normal,0,2026-04-18,Titanium Credit Card,0,0,41320.72,33489.14,21004.03,2026-04-07,1189.11,F,1968-08-14,Amazon Egypt,Primary,100747,,0.0,81,,,,NORM
6,Assiut,2023-05-17,5000,I,CLSB,Closed by Bank,0,2026-05-01,Classic Credit Card,200,0,628.5,4088.24,1201.81,2026-04-01,65.06,F,1979-02-10,IBM Egypt,Primary,100748,2026-03-20,0.0,36,,,,CLSB
4,Mansoura,2018-07-14,15000,A,NEW,New,0,2026-04-21,Classic Credit Card,200,150,513.65,14313.15,1580.61,2026-04-24,1721.31,F,1974-05-07,Self Employed,Primary,100749,,0.0,94,MC-OLD,,,NEW
7,Luxor,2020-10-30,100000,A,NORM,Normal,0,2026-04-16,World Elite Card,0,0,57157.85,42641.99,6184.35,2026-04-04,1336.39,M,1968-04-16,Ministry of Health,Primary,100750,,0.0,66,,,,NORM
6,Assiut,2022-01-20,200000,A,NORM,Normal,0,2026-04-16,Cashback Card,100,300,16899.29,182921.31,18687.3,2026-04-14,1613.4,M,1993-04-02,Cairo University,Primary,100751,,0.0,52,,,,NORM
10,Suez,2018-06-18,200000,A,NORM,Normal,0,2026-04-20,Titanium Credit Card,500,0,189960.76,9670.2,7018.36,2026-04-16,243.84,M,1965-05-25,Ministry of Health,Primary,100752,,0.0,95,,,,NORM
10,Suez,2018-06-18,200000,A,NORM,Normal,0,2026-04-22,Gold Credit Card,500,0,23310.18,176411.23,24675.37,2026-04-02,1664.61,M,1965-05-25,Ministry of Health,Primary,100752,,0.0,95,,,,NORM
10,Suez,2018-06-18,200000,A,NEW,New,0,2026-04-22,Cashback Card,500,0,6109.64,193847.09,25724.41,2026-04-21,440.56,M,1965-05-25,Ministry of Health,Primary,100752,,0.0,95,,,,NEW
4,Mansoura,2019-09-22,5000,A,NORM,Normal,0,2026-04-21,Travel Rewards Card,200,1000,2375.1,2589.94,1397.71,2026-04-23,1901.84,F,1983-12-07,IBM Egypt,Primary,100753,,0.0,80,,,,NORM
2,Giza,2022-09-13,150000,I,CLSC,Closed by Customer,0,2026-04-29,Classic Credit Card,200,150,18980.85,130571.13,30107.12,2026-04-09,1825.98,F,1981-08-28,Orange Egypt,Secondary,100754,2026-03-04,0.0,44,,,,CLSC
2,Giza,2022-09-13,150000,A,NORM,Normal,0,2026-04-21,Gold Credit Card,200,150,114290.56,35440.18,34707.1,2026-04-25,866.44,F,1981-08-28,Orange Egypt,Secondary,100754,,0.0,44,,,,NORM
2,Giza,2022-09-13,150000,A,60DA,60 Days Delinquent,60,2026-04-25,World Elite Card,200,150,61215.76,88478.78,8959.82,2026-04-06,1711.27,F,1981-08-28,Orange Egypt,Secondary,100754,,70851.57,44,,,,60DA
7,Luxor,2023-12-21,150000,A,NORM,Normal,0,2026-04-18,Platinum Credit Card,500,1000,105841.07,44158.83,26975.92,2026-04-26,1321.87,F,1982-03-16,Microsoft Egypt,Primary,100755,,0.0,28,,,,NORM
7,Luxor,2023-12-21,150000,A,30DD,30 Days Delinquent,30,2026-04-21,Titanium Credit Card,500,1000,95828.42,53892.4,31258.94,2026-04-15,205.8,F,1982-03-16,Microsoft Egypt,Primary,100755,,14208.72,28,,,,30DD
7,Luxor,2023-12-21,150000,A,NORM,Normal,0,2026-04-17,World Elite Card,500,1000,88526.28,61078.63,2121.28,2026-04-12,1722.64,F,1982-03-16,Microsoft Egypt,Primary,100755,,0.0,28,,,,NORM
1,Cairo Main,2024-05-31,20000,A,90DA,90 Days Delinquent,90,2026-04-27,Classic Credit Card,500,1000,5428.05,14158.51,3556.7,2026-04-09,1993.63,F,1967-03-06,Juhayna,Secondary,100756,,4818.26,23,,,,90DA
9,Ismailia,2019-12-02,20000,A,NEW,New,0,2026-04-23,Titanium Credit Card,200,0,18281.98,1348.9,3107.92,2026-04-12,582.62,M,1965-05-05,Talaat Moustafa Group,Secondary,100757,,0.0,78,,,,NEW
4,Mansoura,2020-05-10,150000,A,NORM,Normal,0,2026-04-29,Cashback Card,200,300,114403.56,35478.15,4470.72,2026-04-02,174.3,M,1996-12-07,Ministry of Health,Primary,100758,,0.0,72,,,,NORM
10,Suez,2021-08-22,5000,A,NORM,Normal,0,2026-04-26,Classic Credit Card,200,150,2845.39,1883.65,468.26,2026-04-30,773.68,F,1973-03-24,Orascom,Primary,100759,,0.0,57,,VISA-OLD2,,NORM
10,Suez,2022-04-14,30000,I,CLSB,Closed by Bank,0,2026-05-01,Titanium Credit Card,500,150,130.61,29848.75,6449.13,2026-04-09,1431.53,F,1964-10-09,Talaat Moustafa Group,Primary,100760,2026-03-14,0.0,49,VISA-OLD,,,CLSB
10,Suez,2022-04-14,30000,I,CNCD,Cancelled,0,2026-04-21,Travel Rewards Card,500,150,4869.43,25015.12,3323.93,2026-04-27,1733.94,F,1964-10-09,Talaat Moustafa Group,Primary,100760,,0.0,49,VISA-OLD,,,CNCD
8,Zagazig,2022-11-13,50000,A,NORM,Normal,0,2026-04-25,Business Credit Card,0,500,29606.68,20179.55,5311.57,2026-04-28,1390.5,M,1970-05-24,Freelancer,Primary,100761,,0.0,42,,,,NORM
10,Suez,2020-01-09,30000,A,NORM,Normal,0,2026-04-17,Platinum Credit Card,100,500,10866.78,18727.31,7195.54,2026-04-14,157.07,M,1982-01-01,National Bank of Egypt,Primary,100762,,0.0,76,VISA-OLD,,,NORM
8,Zagazig,2022-07-07,10000,A,30DD,30 Days Delinquent,30,2026-04-25,Platinum Credit Card,0,1000,4367.27,5291.92,923.76,2026-04-03,59.31,M,1988-12-08,Microsoft Egypt,Primary,100763,,5742.78,46,,,,30DD
8,Zagazig,2022-07-07,10000,A,NORM,Normal,0,2026-04-17,Cashback Card,0,1000,2068.64,7762.9,2026.39,2026-04-02,1476.17,M,1988-12-08,Microsoft Egypt,Primary,100763,,0.0,46,,,,NORM
1,Cairo Main,2020-10-14,10000,A,NORM,Normal,0,2026-04-20,Classic Credit Card,0,0,2055.59,7620.28,880.51,2026-04-17,1735.63,F,1965-12-05,National Bank of Egypt,Primary,100764,,0.0,67,VISA-OLD,VISA-OLD2,,NORM
8,Zagazig,2019-10-31,30000,A,NORM,Normal,0,2026-04-20,Platinum Credit Card,100,0,58.38,29819.38,6819.91,2026-04-02,443.38,F,1996-07-30,Ministry of Health,Primary,100765,,0.0,79,,,,NORM
9,Ismailia,2019-02-25,150000,A,SUSP,Profit Suspended,120,2026-04-20,Travel Rewards Card,0,150,124998.54,24648.56,14963.32,2026-04-07,926.67,M,1973-04-23,Elsewedy Capital,Primary,100766,,18118.34,87,,,,SUSP
9,Ismailia,2019-02-25,150000,A,NORM,Normal,0,2026-04-26,Gold Credit Card,0,150,44809.91,104752.71,20394.64,2026-04-29,1654.58,M,1973-04-23,Elsewedy Capital,Primary,100766,,0.0,87,,,,NORM
6,Assiut,2018-06-27,200000,I,CLSB,Closed by Bank,0,2026-04-30,Travel Rewards Card,200,1000,-15122.07,184518.4,22907.51,2026-04-17,1872.69,M,1963-10-21,Amazon Egypt,Primary,100768,2026-03-26,0.0,95,,VISA-OLD2,,CLSB
8,Zagazig,2018-10-03,10000,A,NEW,New,0,2026-04-18,World Elite Card,100,0,2749.8,6992.4,1083.08,2026-04-26,163.76,F,1996-07-17,Banque Misr,Primary,100770,,0.0,92,VISA-OLD,,,NEW
6,Assiut,2022-10-03,100000,A,NORM,Normal,0,2026-04-25,Travel Rewards Card,200,150,43854.15,55940.97,10384.24,2026-04-03,271.89,M,1982-03-03,Microsoft Egypt,Primary,100771,,0.0,43,VISA-OLD,VISA-OLD2,,NORM
9,Ismailia,2023-12-22,150000,A,90DA,90 Days Delinquent,90,2026-04-26,Travel Rewards Card,500,1000,25105.88,124758.55,31911.23,2026-04-28,1344.98,M,1982-02-04,National Bank of Egypt,Primary,100772,,10102.92,28,,,,90DA
9,Ismailia,2023-12-22,150000,A,NORM,Normal,0,2026-04-22,Classic Credit Card,500,1000,103527.96,46342.04,25596.21,2026-04-14,1029.59,M,1982-02-04,National Bank of Egypt,Primary,100772,,0.0,28,,,,NORM
1,Cairo Main,2024-04-06,100000,A,NORM,Normal,0,2026-04-29,Gold Credit Card,200,150,51222.09,48391.93,1502.52,2026-04-30,1104.35,F,1976-04-03,Freelancer,Primary,100773,,0.0,25,MC-OLD,,,NORM
1,Cairo Main,2024-04-06,100000,A,30DD,30 Days Delinquent,30,2026-04-28,Classic Credit Card,200,150,-9188.35,90554.83,18965.38,2026-04-14,1184.83,F,1976-04-03,Freelancer,Primary,100773,,6787.66,25,MC-OLD,,,30DD
1,Cairo Main,2024-04-06,100000,A,60DA,60 Days Delinquent,60,2026-04-24,Platinum Credit Card,200,150,51081.18,48598.35,16991.55,2026-04-14,1118.06,F,1976-04-03,Freelancer,Primary,100773,,28866.93,25,MC-OLD,,,60DA
4,Mansoura,2020-07-08,5000,I,CLSB,Closed by Bank,0,2026-04-28,Gold Credit Card,100,500,4506.35,226.51,1312.87,2026-04-26,826.63,M,1969-06-14,Amazon Egypt,Primary,100774,2026-05-01,0.0,70,,VISA-OLD2,,CLSB
4,Mansoura,2020-07-08,5000,A,NORM,Normal,0,2026-04-18,Cashback Card,100,500,2254.85,2708.15,1105.53,2026-04-16,1488.93,M,1969-06-14,Amazon Egypt,Primary,100774,,0.0,70,,VISA-OLD2,,NORM
2,Giza,2024-08-29,15000,A,NORM,Normal,0,2026-04-21,Cashback Card,100,0,-996.23,13743.81,3207.57,2026-04-09,1498.8,M,1981-05-22,National Bank of Egypt,Primary,100775,,0.0,20,VISA-OLD,,,NORM
3,Alexandria,2019-07-28,150000,A,NORM,Normal,0,2026-04-24,World Elite Card,500,500,5658.87,144042.58,3892.85,2026-04-26,336.11,F,1981-01-26,Freelancer,Primary,100776,,0.0,82,,,,NORM
2,Giza,2018-09-03,5000,A,NORM,Normal,0,2026-04-29,Platinum Credit Card,100,0,3678.98,904.11,1308.45,2026-04-20,974.99,F,1966-12-29,Amazon Egypt,Primary,100777,,0.0,93,VISA-OLD,VISA-OLD2,,NORM
5,Tanta,2023-08-18,30000,A,NORM,Normal,0,2026-04-17,Travel Rewards Card,200,0,-552.57,29405.71,5528.61,2026-04-05,1801.74,F,1985-08-29,Banque Misr,Primary,100778,,0.0,32,VISA-OLD,VISA-OLD2,,NORM
5,Tanta,2023-08-18,30000,A,NEW,New,0,2026-04-16,Gold Credit Card,200,0,645.21,29191.71,6418.74,2026-04-05,1352.73,F,1985-08-29,Banque Misr,Primary,100778,,0.0,32,VISA-OLD,VISA-OLD2,,NEW
1,Cairo Main,2022-05-26,15000,A,NORM,Normal,0,2026-04-16,Gold Credit Card,500,500,1372.26,13226.98,1542.09,2026-04-23,846.15,F,1969-10-26,Microsoft Egypt,Secondary,100779,,0.0,47,,,,NORM
1,Cairo Main,2022-05-26,15000,A,NORM,Normal,0,2026-04-18,Travel Rewards Card,500,500,-37.96,14702.7,573.93,2026-04-17,1252.08,F,1969-10-26,Microsoft Egypt,Secondary,100779,,0.0,47,,,,NORM
6,Assiut,2022-10-04,20000,A,NORM,Normal,0,2026-04-28,Gold Credit Card,0,300,6050.83,13651.1,2734.57,2026-04-15,1534.54,F,1989-01-02,Vodafone Egypt,Primary,100780,,0.0,43,,VISA-OLD2,,NORM
2,Giza,2020-05-17,200000,A,NORM,Normal,0,2026-04-25,World Elite Card,100,1000,125578.15,74215.15,32100.26,2026-04-03,574.65,M,1962-12-06,Orange Egypt,Primary,100781,,0.0,72,,VISA-OLD2,,NORM
10,Suez,2024-04-28,100000,A,NORM,Normal,0,2026-04-16,Cashback Card,0,300,25043.51,74862.58,8497.52,2026-04-30,622.33,M,1962-01-05,IBM Egypt,Primary,100782,,0.0,24,VISA-OLD,VISA-OLD2,,NORM
4,Mansoura,2022-05-20,50000,A,NEW,New,0,2026-04-22,Gold Credit Card,0,1000,39391.7,10127.7,6614.67,2026-04-16,1291.44,M,1974-02-08,Vodafone Egypt,Primary,100783,,0.0,48,VISA-OLD,,,NEW
4,Mansoura,2022-05-20,50000,A,NORM,Normal,0,2026-04-28,Platinum Credit Card,0,1000,31741.95,18105.77,3794.22,2026-04-26,1030.56,M,1974-02-08,Vodafone Egypt,Primary,100783,,0.0,48,VISA-OLD,,,NORM
4,Mansoura,2022-05-20,50000,I,CLSC,Closed by Customer,0,2026-04-26,Titanium Credit Card,0,1000,47186.45,2704.71,14708.8,2026-04-09,211.46,M,1974-02-08,Vodafone Egypt,Primary,100783,2026-04-23,0.0,48,VISA-OLD,,,CLSC
10,Suez,2018-06-03,30000,I,CLSC,Closed by Customer,0,2026-04-23,Business Credit Card,0,0,25523.13,4221.82,8454.89,2026-04-15,1642.83,M,1998-12-21,El Sewedy Electric,Secondary,100784,2026-03-05,0.0,96,,,,CLSC
9,Ismailia,2024-10-29,150000,A,SUSP,Profit Suspended,120,2026-04-19,Cashback Card,200,300,-5851.76,143763.48,9359.89,2026-04-06,746.83,F,1983-02-28,Military,Secondary,100785,,30969.52,18,VISA-OLD,,,SUSP
9,Ismailia,2024-10-29,150000,A,NEW,New,0,2026-04-18,Titanium Credit Card,200,300,89383.76,60454.63,18815.53,2026-04-12,1379.47,F,1983-02-28,Military,Secondary,100785,,0.0,18,VISA-OLD,,,NEW
9,Ismailia,2024-10-29,150000,A,NORM,Normal,0,2026-04-29,Gold Credit Card,200,300,62236.09,87630.67,21569.37,2026-04-15,456.95,F,1983-02-28,Military,Secondary,100785,,0.0,18,VISA-OLD,,,NORM
7,Luxor,2020-05-05,200000,A,NORM,Normal,0,2026-04-24,Platinum Credit Card,500,0,51287.39,148593.43,48098.8,2026-04-04,527.24,M,1970-09-22,Banque Misr,Primary,100786,,0.0,72,,VISA-OLD2,,NORM
2,Giza,2019-01-21,100000,I,CLSB,Closed by Bank,0,2026-04-27,World Elite Card,100,0,-7321.32,92494.36,13761.76,2026-04-02,1221.75,F,1982-05-19,Cairo University,Primary,100787,2026-03-16,0.0,88,,,,CLSB
3,Alexandria,2023-03-03,30000,I,CNCD,Cancelled,0,2026-04-18,World Elite Card,100,0,16554.34,13222.89,7549.87,2026-04-19,1528.87,F,1991-11-17,Orange Egypt,Primary,100788,,0.0,38,,,,CNCD
3,Alexandria,2023-03-03,30000,A,LOST,Lost,0,2026-04-30,Travel Rewards Card,100,0,21359.79,8201.86,7361.94,2026-04-10,1734.02,F,1991-11-17,Orange Egypt,Primary,100788,,0.0,38,,,,LOST
3,Alexandria,2023-03-03,30000,I,CLSC,Closed by Customer,0,2026-04-16,Titanium Credit Card,100,0,4342.54,25167.98,3965.4,2026-04-09,908.29,F,1991-11-17,Orange Egypt,Primary,100788,2026-04-12,0.0,38,,,,CLSC
7,Luxor,2024-12-13,15000,I,CLSB,Closed by Bank,0,2026-04-23,Cashback Card,200,0,-972.82,13659.5,4463.21,2026-04-13,405.95,F,1998-06-11,Government,Primary,100789,2026-04-01,0.0,16,,VISA-OLD2,,CLSB
1,Cairo Main,2020-09-29,150000,I,CLSC,Closed by Customer,0,2026-04-30,Gold Credit Card,200,500,103022.14,46596.9,23389.74,2026-04-08,1804.21,M,1993-03-29,Cairo University,Primary,100790,2026-04-18,0.0,68,,,,CLSC
7,Luxor,2023-03-09,10000,A,30DD,30 Days Delinquent,30,2026-04-26,Business Credit Card,500,0,8603.17,1379.24,1006.0,2026-04-06,954.71,M,1999-03-19,Orascom,Primary,100791,,4546.56,38,VISA-OLD,,,30DD
8,Zagazig,2020-05-24,50000,A,30DD,30 Days Delinquent,30,2026-04-30,Travel Rewards Card,0,300,43274.22,6482.97,13813.95,2026-04-04,422.33,F,1966-07-12,Self Employed,Primary,100793,,20780.72,72,,,,30DD
7,Luxor,2020-10-29,15000,A,30DD,30 Days Delinquent,30,2026-04-23,Gold Credit Card,200,500,5385.0,9417.72,3160.46,2026-04-27,949.78,M,1972-02-08,Juhayna,Secondary,100794,,8159.66,67,VISA-OLD,,,30DD
9,Ismailia,2020-11-28,15000,A,SUSP,Profit Suspended,120,2026-04-22,Gold Credit Card,200,300,6349.5,8197.52,2366.79,2026-04-14,699.31,M,1969-08-08,El Sewedy Electric,Primary,100795,,5788.63,66,VISA-OLD,,,SUSP
9,Ismailia,2020-11-28,15000,A,NORM,Normal,0,2026-04-17,Titanium Credit Card,200,300,9596.51,5157.69,3296.07,2026-04-19,1401.14,M,1969-08-08,El Sewedy Electric,Primary,100795,,0.0,66,VISA-OLD,,,NORM
8,Zagazig,2019-10-21,75000,A,NORM,Normal,0,2026-04-22,Travel Rewards Card,0,1000,292.6,74270.5,1948.59,2026-04-01,833.47,M,1984-01-08,National Bank of Egypt,Primary,100796,,0.0,79,MC-OLD,VISA-OLD2,,NORM
3,Alexandria,2021-07-20,5000,A,30DD,30 Days Delinquent,30,2026-04-24,Business Credit Card,100,500,2713.71,1820.78,1361.84,2026-04-25,1277.23,F,1974-07-10,CIB,Primary,100797,,1972.27,58,VISA-OLD,,,30DD
9,Ismailia,2018-01-16,100000,A,NEW,New,0,2026-04-25,Platinum Credit Card,0,0,27206.81,72782.81,25809.1,2026-04-03,1896.51,M,1992-05-25,El Sewedy Electric,Primary,100798,,0.0,100,MC-OLD,,,NEW
9,Ismailia,2018-01-16,100000,A,90DA,90 Days Delinquent,90,2026-04-22,Cashback Card,0,0,60414.02,39104.9,25699.29,2026-04-13,292.2,M,1992-05-25,El Sewedy Electric,Primary,100798,,23852.69,100,MC-OLD,,,90DA
9,Ismailia,2018-01-16,100000,A,NORM,Normal,0,2026-04-24,Titanium Credit Card,0,0,9664.88,90142.49,24307.54,2026-04-29,1992.08,M,1992-05-25,El Sewedy Electric,Primary,100798,,0.0,100,MC-OLD,,,NORM
10,Suez,2020-06-04,50000,I,CLSC,Closed by Customer,0,2026-04-26,Titanium Credit Card,0,300,43082.8,6786.44,1449.6,2026-04-06,78.67,F,1976-12-07,Vodafone Egypt,Primary,100799,2026-04-03,0.0,71,,VISA-OLD2,,CLSC
2,Giza,2023-08-07,100000,A,FRAD,Fraud,0,2026-04-21,Cashback Card,200,1000,29261.46,70690.95,24196.27,2026-04-24,355.56,F,1991-05-15,Government,Secondary,100800,,0.0,33,,,,FRAD
3,Alexandria,2022-10-21,50000,A,NEW,New,0,2026-04-18,Platinum Credit Card,500,500,26509.92,23251.89,795.67,2026-04-08,1725.76,F,1980-07-31,Amazon Egypt,Primary,100801,,0.0,42,MC-OLD,,,NEW
2,Giza,2019-03-02,10000,A,NORM,Normal,0,2026-04-26,Travel Rewards Card,0,500,-682.1,9182.66,2923.8,2026-04-10,1510.33,M,1996-02-25,Freelancer,Primary,100802,,0.0,87,,,,NORM
7,Luxor,2020-07-01,100000,A,NEW,New,0,2026-04-17,Gold Credit Card,100,500,-4357.58,95256.03,6180.24,2026-04-17,796.86,M,1969-07-03,IBM Egypt,Secondary,100803,,0.0,71,VISA-OLD,,,NEW
7,Luxor,2022-03-15,20000,A,NORM,Normal,0,2026-04-28,World Elite Card,200,300,13772.05,6003.63,2945.48,2026-04-26,1899.67,F,1960-05-04,Elsewedy Capital,Primary,100804,,0.0,50,VISA-OLD,,,NORM
1,Cairo Main,2019-09-21,50000,A,LOST,Lost,0,2026-04-29,Cashback Card,100,1000,5298.42,44551.57,4812.99,2026-04-06,1986.01,F,1961-03-06,Elsewedy Capital,Primary,100805,,0.0,80,VISA-OLD,,,LOST
1,Cairo Main,2019-09-21,50000,A,60DA,60 Days Delinquent,60,2026-04-25,Platinum Credit Card,100,1000,46825.01,3114.74,14017.55,2026-04-01,1367.91,F,1961-03-06,Elsewedy Capital,Primary,100805,,22360.59,80,VISA-OLD,,,60DA
10,Suez,2022-05-31,5000,A,NORM,Normal,0,2026-04-20,Travel Rewards Card,500,150,3821.31,858.31,1301.68,2026-04-08,490.05,F,1988-11-27,Edita Food Industries,Primary,100806,,0.0,47,VISA-OLD,,,NORM
10,Suez,2022-05-31,5000,I,CLSD,Closed,0,2026-04-21,Gold Credit Card,500,150,435.82,4071.79,75.78,2026-04-14,1153.96,F,1988-11-27,Edita Food Industries,Primary,100806,2026-04-29,0.0,47,VISA-OLD,,,CLSD
7,Luxor,2024-08-27,15000,A,NORM,Normal,0,2026-04-17,Gold Credit Card,500,0,13814.95,1170.28,789.17,2026-04-27,64.02,M,1960-07-08,Freelancer,Primary,100808,,0.0,20,,,,NORM
4,Mansoura,2020-06-27,30000,A,NORM,Normal,0,2026-04-24,Titanium Credit Card,500,300,4923.15,24634.62,7183.97,2026-04-07,435.46,M,1989-04-08,Talaat Moustafa Group,Primary,100809,,0.0,71,,,,NORM
10,Suez,2019-02-28,10000,A,NORM,Normal,0,2026-04-17,Gold Credit Card,0,150,7581.12,2344.33,187.82,2026-04-02,247.83,F,1998-11-20,Talaat Moustafa Group,Secondary,100810,,0.0,87,,,,NORM
8,Zagazig,2022-01-20,20000,A,NORM,Normal,0,2026-04-29,Business Credit Card,0,500,16870.69,2693.75,2361.17,2026-04-03,1519.29,M,1997-11-20,Self Employed,Secondary,100811,,0.0,52,,,,NORM
7,Luxor,2021-07-08,100000,A,SUSP,Profit Suspended,120,2026-04-27,Platinum Credit Card,0,150,39250.41,60322.81,22010.83,2026-04-21,1923.64,M,1976-10-31,CIB,Secondary,100812,,39729.52,58,,,,SUSP
7,Luxor,2021-07-08,100000,A,NEW,New,0,2026-04-16,Business Credit Card,0,150,8653.81,91328.66,3108.5,2026-04-26,1784.68,M,1976-10-31,CIB,Secondary,100812,,0.0,58,,,,NEW
10,Suez,2024-02-17,5000,A,NEW,New,0,2026-04-16,World Elite Card,0,150,200.25,4445.48,1340.07,2026-04-02,1533.26,M,1986-11-30,Ministry of Health,Primary,100813,,0.0,26,MC-OLD,,,NEW
4,Mansoura,2022-02-03,10000,I,CNCD,Cancelled,0,2026-04-29,Classic Credit Card,100,150,6686.42,3068.41,1702.29,2026-04-23,449.82,M,1998-11-19,Banque Misr,Primary,100814,,0.0,51,VISA-OLD,,,CNCD
4,Mansoura,2022-02-03,10000,A,NORM,Normal,0,2026-04-19,Platinum Credit Card,100,150,-366.14,9200.68,2801.36,2026-04-12,1632.94,M,1998-11-19,Banque Misr,Primary,100814,,0.0,51,VISA-OLD,,,NORM
2,Giza,2024-03-08,30000,A,NEW,New,0,2026-04-19,Business Credit Card,500,1000,10222.0,19456.06,5698.28,2026-04-28,784.34,F,1975-08-20,El Sewedy Electric,Primary,100815,,0.0,26,,,,NEW
7,Luxor,2024-07-18,200000,A,NORM,Normal,0,2026-04-18,Titanium Credit Card,500,500,38033.89,161723.99,59344.6,2026-04-20,1557.74,F,1964-08-12,Amazon Egypt,Primary,100816,,0.0,21,,,,NORM
10,Suez,2024-10-23,75000,A,NORM,Normal,0,2026-04-20,Cashback Card,200,0,58326.52,16211.94,4819.03,2026-04-14,1392.59,F,1964-10-28,Orascom,Secondary,100817,,0.0,18,MC-OLD,,,NORM
10,Suez,2021-04-17,200000,A,NORM,Normal,0,2026-04-29,Cashback Card,0,0,271.18,199286.69,27786.46,2026-04-25,1150.44,M,1978-05-20,Edita Food Industries,Primary,100818,,0.0,61,,,,NORM
10,Suez,2021-04-17,200000,A,NEW,New,0,2026-04-29,Titanium Credit Card,0,0,20943.65,178709.3,52305.52,2026-04-05,985.31,M,1978-05-20,Edita Food Industries,Primary,100818,,0.0,61,,,,NEW
4,Mansoura,2020-05-31,50000,A,60DA,60 Days Delinquent,60,2026-05-01,Cashback Card,0,0,20109.46,29557.61,7341.87,2026-04-30,253.92,F,1963-04-05,Vodafone Egypt,Primary,100819,,22687.2,72,,,,60DA
10,Suez,2021-08-10,20000,A,30DD,30 Days Delinquent,30,2026-04-26,Travel Rewards Card,200,1000,10125.84,9662.21,1659.89,2026-04-20,884.91,M,1995-09-03,Government,Primary,100820,,2349.5,57,MC-OLD,,,30DD
10,Suez,2018-11-03,200000,A,FRAD,Fraud,0,2026-04-24,Travel Rewards Card,500,300,40946.39,158955.63,41963.71,2026-04-30,1212.87,F,1999-08-16,El Sewedy Electric,Primary,100821,,0.0,91,VISA-OLD,,,FRAD
10,Suez,2018-11-03,200000,A,NORM,Normal,0,2026-04-18,Cashback Card,500,300,113796.64,86183.37,59256.4,2026-04-21,1796.17,F,1999-08-16,El Sewedy Electric,Primary,100821,,0.0,91,VISA-OLD,,,NORM
1,Cairo Main,2022-09-22,10000,A,NORM,Normal,0,2026-04-18,Platinum Credit Card,200,1000,4922.37,4708.74,263.04,2026-04-06,1085.6,F,1972-04-23,Elsewedy Capital,Primary,100822,,0.0,43,,,,NORM
10,Suez,2023-03-07,30000,A,60DA,60 Days Delinquent,60,2026-04-25,Travel Rewards Card,0,1000,23211.9,6487.57,6272.59,2026-04-11,1397.55,M,1960-03-17,Edita Food Industries,Primary,100823,,9446.05,38,,,,60DA
2,Giza,2022-08-28,30000,A,NORM,Normal,0,2026-04-19,Cashback Card,500,0,19733.5,10195.89,3402.79,2026-04-03,1002.41,F,1997-03-23,Self Employed,Primary,100824,,0.0,44,VISA-OLD,,,NORM
8,Zagazig,2019-05-13,50000,A,NORM,Normal,0,2026-04-16,Gold Credit Card,0,0,30965.12,18799.66,5582.36,2026-04-07,1062.59,M,1982-02-16,CIB,Secondary,100825,,0.0,84,VISA-OLD,,,NORM
8,Zagazig,2019-05-13,50000,A,SUSP,Profit Suspended,120,2026-04-25,Classic Credit Card,0,0,10064.71,39693.23,5797.82,2026-04-20,8.51,M,1982-02-16,CIB,Secondary,100825,,20962.72,84,VISA-OLD,,,SUSP
8,Zagazig,2019-05-13,50000,A,NORM,Normal,0,2026-04-28,Business Credit Card,0,0,34230.26,15560.46,3076.85,2026-04-01,445.0,M,1982-02-16,CIB,Secondary,100825,,0.0,84,VISA-OLD,,,NORM
3,Alexandria,2020-02-22,50000,A,NORM,Normal,0,2026-04-27,Classic Credit Card,0,300,13165.61,36604.14,285.88,2026-04-28,327.25,M,1963-12-13,CIB,Primary,100826,,0.0,75,,,,NORM
3,Alexandria,2020-02-22,50000,A,NORM,Normal,0,2026-05-01,Cashback Card,0,300,34504.39,15149.5,5601.78,2026-04-06,1143.99,M,1963-12-13,CIB,Primary,100826,,0.0,75,,,,NORM
5,Tanta,2024-11-14,75000,I,CLSB,Closed by Bank,0,2026-04-24,Platinum Credit Card,100,1000,17322.01,57194.14,14554.52,2026-04-16,196.09,F,1974-10-09,CIB,Primary,100827,2026-03-13,0.0,17,,VISA-OLD2,,CLSB
7,Luxor,2023-01-05,10000,A,NEW,New,0,2026-04-23,Titanium Credit Card,500,500,5924.71,3863.32,531.95,2026-04-05,982.62,F,1988-07-27,Edita Food Industries,Primary,100828,,0.0,40,VISA-OLD,,,NEW
2,Giza,2021-04-28,10000,A,NORM,Normal,0,2026-04-30,Titanium Credit Card,100,0,1115.07,8607.21,2416.39,2026-04-14,962.57,M,1971-11-01,Self Employed,Primary,100829,,0.0,60,,,,NORM
8,Zagazig,2022-04-27,20000,A,NORM,Normal,0,2026-04-18,Cashback Card,100,1000,-971.91,18900.56,3153.71,2026-04-03,545.67,F,1996-09-18,Juhayna,Primary,100830,,0.0,48,,VISA-OLD2,,NORM
2,Giza,2020-06-15,50000,A,NEW,New,0,2026-04-16,Business Credit Card,100,500,29400.24,20480.12,9045.05,2026-04-18,1206.09,M,1965-10-31,National Bank of Egypt,Primary,100831,,0.0,71,,,,NEW
10,Suez,2019-02-23,15000,A,30DD,30 Days Delinquent,30,2026-04-25,Gold Credit Card,0,150,10420.13,4185.41,3579.52,2026-04-06,491.54,M,1989-01-31,Freelancer,Primary,100832,,2402.66,87,,,,30DD
6,Assiut,2022-12-13,30000,A,NORM,Normal,0,2026-04-25,Classic Credit Card,500,500,3171.44,26605.51,3866.15,2026-04-14,1103.4,M,1962-05-20,Juhayna,Primary,100834,,0.0,41,,VISA-OLD2,,NORM
5,Tanta,2024-10-24,100000,A,SUSP,Profit Suspended,120,2026-04-25,Gold Credit Card,0,150,44810.41,54794.13,15381.77,2026-04-16,1114.58,M,1983-10-03,Elsewedy Capital,Primary,100835,,9404.29,18,,VISA-OLD2,,SUSP
5,Tanta,2018-09-27,150000,A,60DA,60 Days Delinquent,60,2026-04-27,Titanium Credit Card,500,500,137265.37,12683.38,15686.67,2026-04-07,498.95,F,1970-09-16,CIB,Primary,100836,,89808.97,92,,,,60DA
4,Mansoura,2020-04-13,50000,A,NORM,Normal,0,2026-04-24,World Elite Card,0,0,37434.12,12248.39,12507.15,2026-04-10,959.84,M,1967-09-03,Government,Secondary,100837,,0.0,73,MC-OLD,,,NORM
5,Tanta,2020-09-04,15000,I,CNCD,Cancelled,0,2026-05-01,Gold Credit Card,100,150,2167.3,12516.8,598.81,2026-04-12,753.8,F,1998-03-30,Freelancer,Primary,100838,,0.0,68,,,,CNCD
7,Luxor,2018-03-27,15000,A,NORM,Normal,0,2026-04-25,Gold Credit Card,0,1000,13046.42,1655.17,137.16,2026-04-24,1858.33,F,1974-12-26,Self Employed,Primary,100839,,0.0,98,VISA-OLD,,,NORM
7,Luxor,2018-03-27,15000,A,NORM,Normal,0,2026-04-19,Business Credit Card,0,1000,12812.05,1797.96,3261.15,2026-04-29,927.4,F,1974-12-26,Self Employed,Primary,100839,,0.0,98,VISA-OLD,,,NORM
7,Luxor,2018-03-27,15000,A,FRAD,Fraud,0,2026-04-29,Cashback Card,0,1000,929.61,13739.06,1952.64,2026-04-13,1796.52,F,1974-12-26,Self Employed,Primary,100839,,0.0,98,VISA-OLD,,,FRAD
6,Assiut,2023-07-03,50000,A,NORM,Normal,0,2026-04-18,World Elite Card,200,300,18119.26,31510.24,6664.14,2026-04-06,1923.65,F,1980-04-20,Vodafone Egypt,Secondary,100841,,0.0,34,,,,NORM
6,Assiut,2023-07-03,50000,A,30DD,30 Days Delinquent,30,2026-04-30,Cashback Card,200,300,7018.32,42680.8,14938.08,2026-04-11,717.77,F,1980-04-20,Vodafone Egypt,Secondary,100841,,2719.46,34,,,,30DD
6,Assiut,2023-07-03,50000,A,NEW,New,0,2026-04-24,Titanium Credit Card,200,300,8900.41,40884.49,14244.31,2026-04-12,434.42,F,1980-04-20,Vodafone Egypt,Secondary,100841,,0.0,34,,,,NEW
9,Ismailia,2024-09-06,100000,A,NORM,Normal,0,2026-04-23,Classic Credit Card,100,500,62675.82,37183.87,20059.0,2026-04-25,280.57,M,1994-09-28,Banque Misr,Primary,100842,,0.0,20,,,,NORM
10,Suez,2022-10-31,50000,A,NORM,Normal,0,2026-04-16,Gold Credit Card,100,500,32232.24,17646.95,4194.82,2026-04-13,996.2,M,1993-03-28,Talaat Moustafa Group,Secondary,100843,,0.0,42,MC-OLD,,,NORM
10,Suez,2022-11-11,100000,A,NORM,Normal,0,2026-04-18,Cashback Card,200,0,1411.04,98320.69,23397.85,2026-04-27,1508.59,M,1965-07-07,Self Employed,Secondary,100845,,0.0,42,,,,NORM
3,Alexandria,2021-04-01,200000,A,NORM,Normal,0,2026-04-16,Platinum Credit Card,200,500,9658.53,190190.9,24012.97,2026-04-19,364.97,F,1983-06-20,National Bank of Egypt,Primary,100846,,0.0,61,,,,NORM
1,Cairo Main,2021-03-05,200000,A,NORM,Normal,0,2026-04-27,Business Credit Card,200,0,158180.37,41519.92,20894.41,2026-04-06,1616.0,F,1969-09-30,IBM Egypt,Primary,100847,,0.0,62,,,,NORM
5,Tanta,2021-12-05,30000,A,30DD,30 Days Delinquent,30,2026-04-22,Platinum Credit Card,200,150,13487.0,16495.74,4974.81,2026-04-09,1686.98,M,1966-03-06,Amazon Egypt,Primary,100848,,8638.81,53,,,,30DD
5,Tanta,2021-12-05,30000,A,NORM,Normal,0,2026-05-01,Classic Credit Card,200,150,19429.56,10392.99,6973.01,2026-04-05,54.03,M,1966-03-06,Amazon Egypt,Primary,100848,,0.0,53,,,,NORM
4,Mansoura,2023-04-23,50000,A,NEW,New,0,2026-04-26,Travel Rewards Card,500,500,25912.11,23832.41,6505.35,2026-04-09,1568.26,M,1961-06-10,Talaat Moustafa Group,Secondary,100849,,0.0,36,MC-OLD,,,NEW
3,Alexandria,2022-11-21,50000,I,CNCD,Cancelled,0,2026-04-21,Platinum Credit Card,100,300,28855.82,20705.93,4695.22,2026-04-30,129.59,M,1985-04-18,Amazon Egypt,Primary,100850,,0.0,41,,,,CNCD
3,Alexandria,2022-11-21,50000,A,NORM,Normal,0,2026-04-20,Cashback Card,100,300,-3493.07,46255.32,7007.49,2026-04-23,1441.67,M,1985-04-18,Amazon Egypt,Primary,100850,,0.0,41,,,,NORM
2,Giza,2024-05-10,100000,A,NORM,Normal,0,2026-04-24,Travel Rewards Card,500,0,18687.79,80894.04,28539.32,2026-04-20,1982.8,M,1973-05-03,Government,Primary,100851,,0.0,24,,VISA-OLD2,,NORM
5,Tanta,2020-09-20,200000,I,CLSB,Closed by Bank,0,2026-04-16,Platinum Credit Card,200,0,109910.66,89893.46,42948.92,2026-04-15,1443.2,F,1995-04-15,Banque Misr,Primary,100853,2026-03-26,0.0,68,,,,CLSB
9,Ismailia,2018-08-11,10000,A,NEW,New,0,2026-04-18,Gold Credit Card,200,1000,3668.61,6260.18,482.11,2026-04-08,614.95,M,1980-08-23,Juhayna,Primary,100854,,0.0,94,,,,NEW
2,Giza,2024-07-22,150000,I,CLSC,Closed by Customer,0,2026-04-24,Classic Credit Card,100,1000,100047.73,49909.98,44550.68,2026-04-01,473.89,M,1993-03-19,Ministry of Health,Primary,100855,2026-04-29,0.0,21,VISA-OLD,,,CLSC
2,Giza,2024-07-22,150000,A,NORM,Normal,0,2026-04-30,Cashback Card,100,1000,63242.55,86689.54,34882.45,2026-04-07,1712.13,M,1993-03-19,Ministry of Health,Primary,100855,,0.0,21,VISA-OLD,,,NORM
4,Mansoura,2019-09-26,30000,A,NORM,Normal,0,2026-04-18,Classic Credit Card,500,1000,10213.44,19350.0,8907.29,2026-04-15,1387.59,M,1990-04-23,CIB,Primary,100856,,0.0,80,,VISA-OLD2,,NORM
2,Giza,2019-02-01,20000,A,NORM,Normal,0,2026-04-20,Business Credit Card,0,1000,9287.98,10692.67,1915.1,2026-04-22,480.64,F,1983-04-26,Microsoft Egypt,Primary,100857,,0.0,88,,,,NORM
7,Luxor,2020-01-24,20000,A,NEW,New,0,2026-04-29,World Elite Card,500,1000,11630.76,8030.49,702.1,2026-04-17,309.89,M,1981-09-12,Amazon Egypt,Primary,100858,,0.0,76,,,,NEW
7,Luxor,2020-01-24,20000,A,LOST,Lost,0,2026-04-19,Travel Rewards Card,500,1000,-1212.89,18616.09,38.38,2026-04-30,1223.73,M,1981-09-12,Amazon Egypt,Primary,100858,,0.0,76,,,,LOST
3,Alexandria,2020-09-12,15000,A,90DA,90 Days Delinquent,90,2026-04-20,Titanium Credit Card,500,500,8230.01,6729.55,2383.84,2026-04-01,1855.88,F,1996-09-19,Juhayna,Primary,100859,,3457.84,68,MC-OLD,,,90DA
6,Assiut,2021-02-01,75000,A,NORM,Normal,0,2026-04-23,Gold Credit Card,500,500,38601.96,36067.19,19461.38,2026-04-03,512.28,F,1989-12-13,Banque Misr,Primary,100860,,0.0,63,VISA-OLD,,,NORM
10,Suez,2018-02-15,200000,A,NORM,Normal,0,2026-04-22,Business Credit Card,0,300,71587.21,128321.42,10889.86,2026-04-27,1486.13,M,1977-06-20,Freelancer,Secondary,100861,,0.0,99,VISA-OLD,,,NORM
1,Cairo Main,2022-01-05,150000,A,NEW,New,0,2026-04-20,Titanium Credit Card,500,1000,81867.86,67992.32,3776.45,2026-04-11,1311.91,M,1967-02-06,Orascom,Primary,100862,,0.0,52,,VISA-OLD2,,NEW
1,Cairo Main,2022-01-05,150000,I,CLSC,Closed by Customer,0,2026-04-24,Platinum Credit Card,500,1000,48319.16,101380.99,9387.43,2026-04-29,1103.26,M,1967-02-06,Orascom,Primary,100862,2026-04-11,0.0,52,,VISA-OLD2,,CLSC
6,Assiut,2019-07-28,30000,A,NORM,Normal,0,2026-04-18,World Elite Card,0,500,7305.15,22238.77,4334.62,2026-04-19,1195.47,F,1980-08-11,Self Employed,Primary,100863,,0.0,82,,VISA-OLD2,,NORM
6,Assiut,2019-07-28,30000,A,60DA,60 Days Delinquent,60,2026-04-29,Titanium Credit Card,0,500,-2589.9,27194.41,3700.82,2026-04-27,1615.66,F,1980-08-11,Self Employed,Primary,100863,,14801.76,82,,VISA-OLD2,,60DA
9,Ismailia,2023-11-23,30000,A,NORM,Normal,0,2026-04-28,Cashback Card,200,1000,12267.49,17711.99,7262.29,2026-04-10,127.69,F,1994-10-13,National Bank of Egypt,Primary,100864,,0.0,29,,,,NORM
2,Giza,2019-03-12,100000,A,WROF,Write Off,180,2026-04-27,Business Credit Card,100,0,93057.72,6598.86,18033.87,2026-04-04,138.5,M,1989-11-03,Microsoft Egypt,Primary,100865,2026-04-11,34885.44,86,VISA-OLD,,,WROF
2,Giza,2019-03-12,100000,A,NORM,Normal,0,2026-04-19,Platinum Credit Card,100,0,36284.56,63215.85,15583.31,2026-04-11,269.91,M,1989-11-03,Microsoft Egypt,Primary,100865,,0.0,86,VISA-OLD,,,NORM
2,Giza,2019-03-12,100000,A,NEW,New,0,2026-04-22,Gold Credit Card,100,0,88613.38,11382.9,19252.6,2026-04-13,112.82,M,1989-11-03,Microsoft Egypt,Primary,100865,,0.0,86,VISA-OLD,,,NEW
1,Cairo Main,2020-10-22,10000,A,NORM,Normal,0,2026-04-25,Gold Credit Card,500,300,4275.81,5700.52,1149.97,2026-04-29,1488.09,M,1987-06-13,Orascom,Primary,100866,,0.0,67,VISA-OLD,,,NORM
3,Alexandria,2024-06-08,150000,A,NEW,New,0,2026-04-20,World Elite Card,500,500,8588.72,141207.08,11820.32,2026-04-07,1488.59,F,1988-08-04,Elsewedy Capital,Primary,100867,,0.0,23,,,,NEW
9,Ismailia,2020-02-27,10000,A,NEW,New,0,2026-04-23,Gold Credit Card,100,0,3420.9,6447.38,2807.23,2026-04-28,544.68,M,1996-04-10,Vodafone Egypt,Primary,100868,,0.0,75,VISA-OLD,VISA-OLD2,,NEW
9,Ismailia,2018-10-22,50000,A,NORM,Normal,0,2026-04-20,Business Credit Card,100,150,40879.19,8849.0,14106.61,2026-04-17,1980.11,F,1998-10-11,Government,Primary,100869,,0.0,91,MC-OLD,VISA-OLD2,,NORM
3,Alexandria,2018-10-03,100000,A,NORM,Normal,0,2026-04-30,Travel Rewards Card,0,1000,55331.6,44575.03,14987.39,2026-04-03,1374.67,M,1995-12-16,Banque Misr,Primary,100870,,0.0,92,,,,NORM
2,Giza,2020-08-02,5000,A,NORM,Normal,0,2026-04-19,Cashback Card,0,150,2179.33,2667.64,707.89,2026-04-20,761.13,F,1982-05-15,Talaat Moustafa Group,Primary,100871,,0.0,69,,,,NORM
3,Alexandria,2018-11-03,150000,A,NORM,Normal,0,2026-04-19,World Elite Card,500,1000,120119.37,29417.33,2128.39,2026-04-19,1993.18,M,1972-12-02,Ministry of Health,Primary,100872,,0.0,91,,VISA-OLD2,,NORM
8,Zagazig,2018-05-03,5000,A,NEW,New,0,2026-04-20,World Elite Card,100,300,4746.17,117.72,587.01,2026-04-27,21.03,M,1971-10-19,Banque Misr,Primary,100873,,0.0,97,,,,NEW
4,Mansoura,2018-10-26,200000,A,NORM,Normal,0,2026-04-24,Classic Credit Card,500,1000,156411.23,43134.84,40367.26,2026-04-07,1833.94,M,1982-02-20,Ministry of Health,Primary,100874,,0.0,91,,,,NORM
4,Mansoura,2018-10-26,200000,A,NORM,Normal,0,2026-04-30,Platinum Credit Card,500,1000,62893.83,136918.68,22568.91,2026-04-04,1692.88,M,1982-02-20,Ministry of Health,Primary,100874,,0.0,91,,,,NORM
4,Mansoura,2018-10-26,200000,I,CLSB,Closed by Bank,0,2026-04-20,Business Credit Card,500,1000,-13890.31,185935.24,1249.2,2026-04-14,1287.84,M,1982-02-20,Ministry of Health,Primary,100874,2026-03-18,0.0,91,,,,CLSB
1,Cairo Main,2018-05-26,100000,A,NORM,Normal,0,2026-04-16,Cashback Card,500,500,24632.05,75099.04,17234.63,2026-04-04,1145.87,F,1964-08-31,Elsewedy Capital,Primary,100875,,0.0,96,,,,NORM
4,Mansoura,2024-10-26,75000,I,CNCD,Cancelled,0,2026-04-24,Classic Credit Card,500,0,38461.45,36075.18,6938.61,2026-04-22,923.34,F,1983-12-18,Microsoft Egypt,Primary,100876,,0.0,18,VISA-OLD,,,CNCD
9,Ismailia,2019-04-19,100000,I,CLSC,Closed by Customer,0,2026-04-27,Cashback Card,200,150,78549.85,21429.32,5720.84,2026-04-03,165.3,F,1966-03-07,Amazon Egypt,Secondary,100877,2026-03-12,0.0,85,,,,CLSC
2,Giza,2018-02-11,20000,A,90DA,90 Days Delinquent,90,2026-04-28,Classic Credit Card,0,150,9896.95,9639.08,5080.86,2026-04-12,53.81,M,1986-05-27,National Bank of Egypt,Primary,100878,,4957.45,100,VISA-OLD,,,90DA
5,Tanta,2021-07-10,50000,A,NORM,Normal,0,2026-04-22,Titanium Credit Card,200,150,42592.23,7271.78,1068.69,2026-04-06,374.58,F,1961-12-17,Self Employed,Primary,100879,,0.0,58,,,,NORM
5,Tanta,2020-04-23,100000,A,30DD,30 Days Delinquent,30,2026-04-27,Cashback Card,100,500,13927.18,86032.49,18970.37,2026-04-29,873.71,F,1984-05-21,IBM Egypt,Primary,100880,,4919.05,73,,,,30DD
5,Tanta,2020-04-23,100000,A,NORM,Normal,0,2026-04-28,Travel Rewards Card,100,500,60742.68,39140.04,13500.54,2026-04-10,1565.58,F,1984-05-21,IBM Egypt,Primary,100880,,0.0,73,,,,NORM
9,Ismailia,2021-07-30,150000,A,LOST,Lost,0,2026-04-24,Classic Credit Card,200,500,109246.77,40749.51,40780.94,2026-04-13,195.48,F,1972-01-01,Talaat Moustafa Group,Primary,100881,,0.0,57,,VISA-OLD2,,LOST
4,Mansoura,2024-03-14,20000,A,NORM,Normal,0,2026-05-01,Platinum Credit Card,0,150,18542.97,1332.08,3204.07,2026-04-06,414.57,F,1973-09-05,Freelancer,Secondary,100882,,0.0,25,,,,NORM
1,Cairo Main,2021-02-12,200000,A,NORM,Normal,0,2026-04-23,Gold Credit Card,0,300,148042.74,51588.36,10840.34,2026-04-16,1266.15,F,1972-02-15,Self Employed,Primary,100883,,0.0,63,VISA-OLD,,,NORM
8,Zagazig,2020-07-08,20000,A,SUSP,Profit Suspended,120,2026-04-30,Travel Rewards Card,0,300,6753.77,13044.52,3314.78,2026-04-17,1495.84,M,1961-12-28,Ministry of Health,Primary,100884,,10837.13,70,,VISA-OLD2,,SUSP
9,Ismailia,2021-03-23,150000,A,LOST,Lost,0,2026-04-20,World Elite Card,100,500,129925.72,20053.91,2232.93,2026-04-19,1841.49,F,1977-05-29,Elsewedy Capital,Primary,100886,,0.0,62,,,,LOST
5,Tanta,2020-10-20,150000,A,30DD,30 Days Delinquent,30,2026-04-30,Travel Rewards Card,0,1000,18897.19,131044.89,16761.03,2026-04-02,1825.73,F,1963-11-02,IBM Egypt,Primary,100887,,42486.2,67,,VISA-OLD2,,30DD
1,Cairo Main,2021-06-11,200000,I,CLSB,Closed by Bank,0,2026-04-21,World Elite Card,100,500,36607.35,163050.35,59248.58,2026-04-07,908.11,F,1965-07-29,Vodafone Egypt,Primary,100888,2026-04-25,0.0,59,VISA-OLD,,,CLSB
6,Assiut,2024-03-29,20000,A,NEW,New,0,2026-04-23,Gold Credit Card,200,1000,-964.21,18795.35,3725.97,2026-04-01,1238.45,F,1981-07-16,National Bank of Egypt,Primary,100889,,0.0,25,,,,NEW
5,Tanta,2023-07-21,15000,A,60DA,60 Days Delinquent,60,2026-04-28,Platinum Credit Card,100,1000,179.37,14679.61,2338.28,2026-04-05,695.11,M,1998-12-25,Elsewedy Capital,Primary,100890,,5009.28,33,,,,60DA
9,Ismailia,2022-12-09,200000,A,90DA,90 Days Delinquent,90,2026-04-18,Titanium Credit Card,0,300,113266.4,86340.05,17697.75,2026-04-17,185.31,F,1998-08-08,Vodafone Egypt,Primary,100891,,14141.0,41,,VISA-OLD2,,90DA
1,Cairo Main,2020-08-19,50000,A,NEW,New,0,2026-05-01,Business Credit Card,0,1000,26180.55,23693.18,6812.16,2026-04-29,1735.35,M,1986-12-09,Elsewedy Capital,Primary,100892,,0.0,69,MC-OLD,,,NEW
7,Luxor,2022-10-13,30000,A,NORM,Normal,0,2026-04-18,Cashback Card,200,300,8448.42,21129.87,8196.29,2026-04-18,1072.66,F,1963-03-15,IBM Egypt,Primary,100893,,0.0,43,,VISA-OLD2,,NORM
1,Cairo Main,2022-02-17,5000,A,NORM,Normal,0,2026-04-19,Platinum Credit Card,0,0,3997.53,845.62,498.8,2026-04-06,439.66,M,1967-03-11,Edita Food Industries,Primary,100894,,0.0,51,MC-OLD,VISA-OLD2,,NORM
6,Assiut,2022-04-01,200000,I,CLSD,Closed,0,2026-04-20,Platinum Credit Card,500,0,84219.09,115564.13,36269.43,2026-04-02,1236.57,M,1969-08-21,Elsewedy Capital,Primary,100895,2026-04-29,0.0,49,MC-OLD,VISA-OLD2,,CLSD
7,Luxor,2019-05-12,150000,A,NORM,Normal,0,2026-04-24,Business Credit Card,500,300,21009.73,128849.48,34825.28,2026-04-26,1788.13,F,1984-03-05,El Sewedy Electric,Secondary,100896,,0.0,84,,,,NORM
7,Luxor,2019-05-12,150000,A,NEW,New,0,2026-04-22,Cashback Card,500,300,116472.69,33436.81,17153.89,2026-04-22,1227.81,F,1984-03-05,El Sewedy Electric,Secondary,100896,,0.0,84,,,,NEW
6,Assiut,2022-01-22,20000,A,NORM,Normal,0,2026-04-24,Gold Credit Card,100,500,11610.72,8340.93,2309.56,2026-04-25,807.79,F,1970-11-26,IBM Egypt,Primary,100897,,0.0,52,MC-OLD,VISA-OLD2,,NORM
2,Giza,2023-06-07,200000,A,60DA,60 Days Delinquent,60,2026-04-20,Travel Rewards Card,100,1000,92874.26,107095.84,12398.17,2026-04-28,164.13,M,1976-04-01,Ministry of Health,Primary,100898,,45198.91,35,VISA-OLD,VISA-OLD2,,60DA
3,Alexandria,2020-12-02,30000,A,NORM,Normal,0,2026-04-28,Gold Credit Card,0,500,18343.03,11558.48,3878.76,2026-04-04,1892.48,F,1987-03-01,Government,Secondary,100899,,0.0,65,MC-OLD,,,NORM
4,Mansoura,2023-02-03,5000,I,CLSC,Closed by Customer,0,2026-04-22,Travel Rewards Card,200,1000,360.24,4386.38,712.23,2026-04-21,912.48,F,1968-01-26,CIB,Primary,100900,2026-03-09,0.0,39,,,,CLSC
1,Cairo Main,2019-11-15,10000,A,NEW,New,0,2026-04-28,Travel Rewards Card,500,300,1010.08,8904.51,527.13,2026-04-06,965.17,M,1990-12-14,Microsoft Egypt,Primary,100901,,0.0,78,,,,NEW
2,Giza,2021-10-10,200000,A,NORM,Normal,0,2026-04-26,Gold Credit Card,0,0,108131.48,91382.5,24438.96,2026-04-25,692.49,F,1975-02-09,Freelancer,Secondary,100902,,0.0,55,VISA-OLD,,,NORM
5,Tanta,2023-05-09,15000,A,NEW,New,0,2026-04-23,Gold Credit Card,0,1000,8993.92,5744.75,4264.66,2026-04-04,1323.06,F,1993-12-26,Freelancer,Primary,100903,,0.0,36,VISA-OLD,,,NEW
5,Tanta,2023-05-09,15000,A,NORM,Normal,0,2026-04-16,Business Credit Card,0,1000,8494.79,6129.57,3132.98,2026-04-09,608.83,F,1993-12-26,Freelancer,Primary,100903,,0.0,36,VISA-OLD,,,NORM
9,Ismailia,2024-08-05,30000,A,NEW,New,0,2026-04-16,Gold Credit Card,500,300,6684.51,23178.56,7787.3,2026-04-24,302.96,M,1992-05-29,Cairo University,Primary,100904,,0.0,21,MC-OLD,VISA-OLD2,,NEW
9,Ismailia,2024-08-05,30000,A,NEW,New,0,2026-04-16,Business Credit Card,500,300,287.15,29469.3,3665.94,2026-04-16,1179.54,M,1992-05-29,Cairo University,Primary,100904,,0.0,21,MC-OLD,VISA-OLD2,,NEW
9,Ismailia,2024-08-05,30000,A,WROF,Write Off,180,2026-04-27,Platinum Credit Card,500,300,-1249.54,28688.11,6666.97,2026-04-22,657.61,M,1992-05-29,Cairo University,Primary,100904,2026-04-26,16218.69,21,MC-OLD,VISA-OLD2,,WROF
9,Ismailia,2022-10-14,30000,A,NORM,Normal,0,2026-04-27,Cashback Card,100,150,15815.59,14054.06,2819.05,2026-04-12,578.79,M,1997-11-11,El Sewedy Electric,Primary,100905,,0.0,43,,VISA-OLD2,,NORM
10,Suez,2019-02-12,50000,A,NORM,Normal,0,2026-04-23,Gold Credit Card,200,300,1791.6,47729.31,3553.41,2026-04-13,12.13,F,1974-02-06,Freelancer,Primary,100906,,0.0,87,,,,NORM
9,Ismailia,2020-03-10,5000,I,CNCD,Cancelled,0,2026-04-19,Classic Credit Card,200,150,3935.71,1020.73,677.13,2026-04-02,503.84,F,1995-11-03,Cairo University,Primary,100908,,0.0,74,VISA-OLD,VISA-OLD2,,CNCD
3,Alexandria,2023-02-02,30000,I,CLSC,Closed by Customer,0,2026-04-20,Gold Credit Card,500,300,6585.02,23252.27,8993.97,2026-04-15,1686.3,M,1997-04-11,Banque Misr,Secondary,100909,2026-04-30,0.0,39,,,,CLSC
3,Alexandria,2023-02-02,30000,A,NORM,Normal,0,2026-04-28,Titanium Credit Card,500,300,8321.5,21371.99,2484.8,2026-04-09,759.2,M,1997-04-11,Banque Misr,Secondary,100909,,0.0,39,,,,NORM
3,Alexandria,2023-02-02,30000,A,LOST,Lost,0,2026-04-16,Travel Rewards Card,500,300,28302.52,1522.13,4266.31,2026-04-24,850.92,M,1997-04-11,Banque Misr,Secondary,100909,,0.0,39,,,,LOST
2,Giza,2020-06-30,10000,I,CNCD,Cancelled,0,2026-04-29,Cashback Card,200,500,1836.35,7801.73,265.89,2026-04-22,1258.58,M,1993-05-21,Edita Food Industries,Secondary,100910,,0.0,71,,,,CNCD
2,Giza,2023-11-06,50000,A,NORM,Normal,0,2026-04-16,Classic Credit Card,0,150,-4180.93,45816.19,1669.14,2026-04-19,1284.71,M,1991-08-18,Cairo University,Primary,100911,,0.0,30,,,,NORM
5,Tanta,2019-09-13,100000,A,30DD,30 Days Delinquent,30,2026-04-20,Business Credit Card,100,150,21404.72,78422.87,10752.99,2026-04-22,653.78,M,1981-02-01,Government,Secondary,100912,,19041.89,80,,,,30DD
5,Tanta,2019-09-13,100000,A,90DA,90 Days Delinquent,90,2026-04-17,Platinum Credit Card,100,150,46976.66,52594.6,1088.48,2026-04-03,349.68,M,1981-02-01,Government,Secondary,100912,,23327.79,80,,,,90DA
7,Luxor,2023-07-03,150000,A,NORM,Normal,0,2026-04-23,Platinum Credit Card,0,500,99419.68,50157.87,23285.7,2026-04-13,482.49,F,1963-01-07,Military,Primary,100913,,0.0,34,MC-OLD,,,NORM
6,Assiut,2023-12-13,15000,A,NORM,Normal,0,2026-04-27,Titanium Credit Card,500,500,12437.27,2371.42,2433.96,2026-04-14,1715.19,F,1981-09-20,Military,Primary,100914,,0.0,29,VISA-OLD,,,NORM
6,Assiut,2023-12-13,15000,A,60DA,60 Days Delinquent,60,2026-04-17,Platinum Credit Card,500,500,13919.82,754.11,2675.31,2026-04-29,1856.1,F,1981-09-20,Military,Primary,100914,,697.17,29,VISA-OLD,,,60DA
2,Giza,2019-04-06,30000,A,SUSP,Profit Suspended,120,2026-05-01,Business Credit Card,200,150,19789.07,10018.35,28.86,2026-04-30,755.32,F,1969-10-26,CIB,Primary,100915,,4887.97,86,,,,SUSP
6,Assiut,2022-06-19,15000,A,NORM,Normal,0,2026-04-30,Business Credit Card,500,1000,4132.48,10505.66,3033.33,2026-04-11,1023.25,F,1991-04-07,Elsewedy Capital,Primary,100916,,0.0,47,,VISA-OLD2,,NORM
6,Assiut,2022-06-19,15000,I,CLSB,Closed by Bank,0,2026-04-19,Travel Rewards Card,500,1000,6050.68,8843.82,128.37,2026-04-15,478.32,F,1991-04-07,Elsewedy Capital,Primary,100916,2026-04-23,0.0,47,,VISA-OLD2,,CLSB
4,Mansoura,2022-08-03,5000,A,SUSP,Profit Suspended,120,2026-04-21,Cashback Card,200,300,1899.14,3017.7,332.97,2026-04-17,118.5,F,1999-11-30,Microsoft Egypt,Secondary,100917,,2455.42,45,VISA-OLD,,,SUSP
5,Tanta,2021-01-04,100000,I,CLSB,Closed by Bank,0,2026-04-30,Cashback Card,0,300,5344.86,94330.65,26718.16,2026-04-20,520.73,F,1962-06-14,Amazon Egypt,Primary,100918,2026-04-17,0.0,64,,VISA-OLD2,,CLSB
5,Tanta,2021-01-04,100000,A,NORM,Normal,0,2026-04-20,Business Credit Card,0,300,24373.98,75555.6,12549.73,2026-04-04,520.35,F,1962-06-14,Amazon Egypt,Primary,100918,,0.0,64,,VISA-OLD2,,NORM
4,Mansoura,2019-03-28,200000,A,NORM,Normal,0,2026-04-17,Platinum Credit Card,0,0,182719.76,16872.15,20638.65,2026-04-24,1777.25,F,1994-12-20,National Bank of Egypt,Primary,100919,,0.0,86,,,,NORM
9,Ismailia,2018-07-21,150000,A,90DA,90 Days Delinquent,90,2026-04-18,Titanium Credit Card,100,1000,117846.36,32105.37,15602.41,2026-04-11,591.96,F,1962-11-05,Elsewedy Capital,Primary,100920,,61095.68,94,,,,90DA
6,Assiut,2020-06-02,150000,A,NORM,Normal,0,2026-04-17,Classic Credit Card,0,1000,84769.26,64818.76,32175.66,2026-04-11,312.67,M,1978-07-18,Government,Primary,100921,,0.0,71,VISA-OLD,,,NORM
6,Assiut,2020-06-02,150000,A,NORM,Normal,0,2026-04-24,Business Credit Card,0,1000,-13256.29,136586.58,11626.43,2026-04-08,228.91,M,1978-07-18,Government,Primary,100921,,0.0,71,VISA-OLD,,,NORM
2,Giza,2018-10-30,150000,I,CLSB,Closed by Bank,0,2026-04-29,Travel Rewards Card,0,1000,30826.26,118778.18,27360.48,2026-04-03,1402.41,M,1963-06-07,CIB,Primary,100923,2026-04-04,0.0,91,VISA-OLD,,,CLSB
2,Giza,2018-10-30,150000,A,NORM,Normal,0,2026-04-26,Classic Credit Card,0,1000,33899.13,116076.18,28840.89,2026-04-06,1396.27,M,1963-06-07,CIB,Primary,100923,,0.0,91,VISA-OLD,,,NORM
10,Suez,2021-07-02,50000,I,CLSD,Closed,0,2026-04-27,Classic Credit Card,200,300,41474.03,8439.3,610.83,2026-04-17,1080.04,F,1998-07-18,El Sewedy Electric,Primary,100924,2026-03-21,0.0,58,MC-OLD,,,CLSD
7,Luxor,2022-10-26,10000,A,NEW,New,0,2026-04-17,Travel Rewards Card,200,500,923.09,8982.24,779.25,2026-04-19,1218.43,F,1973-01-23,Ministry of Health,Primary,100925,,0.0,42,VISA-OLD,,,NEW
8,Zagazig,2022-06-01,50000,A,NEW,New,0,2026-04-20,Gold Credit Card,100,1000,23233.08,26468.47,13856.92,2026-04-21,1752.01,M,1992-08-20,Microsoft Egypt,Primary,100926,,0.0,47,VISA-OLD,,,NEW
8,Zagazig,2022-06-01,50000,A,NEW,New,0,2026-04-16,Titanium Credit Card,100,1000,3779.26,46057.72,9614.52,2026-04-22,644.16,M,1992-08-20,Microsoft Egypt,Primary,100926,,0.0,47,VISA-OLD,,,NEW
8,Zagazig,2019-03-23,30000,A,NEW,New,0,2026-04-28,Gold Credit Card,0,1000,16614.16,13156.63,3583.34,2026-04-20,324.79,M,1985-04-05,El Sewedy Electric,Secondary,100927,,0.0,86,VISA-OLD,VISA-OLD2,,NEW
4,Mansoura,2019-08-02,75000,I,CLSB,Closed by Bank,0,2026-04-18,Business Credit Card,100,0,56309.87,18353.53,13903.36,2026-04-20,403.7,F,1963-10-06,Talaat Moustafa Group,Primary,100928,2026-04-19,0.0,82,,,,CLSB
8,Zagazig,2023-06-02,150000,A,NORM,Normal,0,2026-04-29,Gold Credit Card,0,500,49234.99,100591.48,20432.89,2026-04-24,1470.39,M,1991-10-19,Microsoft Egypt,Primary,100930,,0.0,35,,,,NORM
9,Ismailia,2019-05-13,15000,A,NORM,Normal,0,2026-04-16,Gold Credit Card,0,500,510.02,14454.29,1010.25,2026-04-06,712.87,F,1993-07-23,Orascom,Primary,100931,,0.0,84,MC-OLD,,,NORM
3,Alexandria,2024-02-19,75000,A,NORM,Normal,0,2026-04-22,World Elite Card,0,500,53691.12,20916.3,4017.47,2026-04-21,1474.19,F,1993-08-06,Talaat Moustafa Group,Primary,100932,,0.0,26,MC-OLD,,,NORM
10,Suez,2019-11-11,15000,A,NORM,Normal,0,2026-04-17,Titanium Credit Card,200,1000,10985.96,3869.78,3489.8,2026-04-20,577.08,F,1989-03-02,Self Employed,Primary,100933,,0.0,78,,,,NORM
2,Giza,2023-02-22,50000,A,NORM,Normal,0,2026-04-25,Business Credit Card,100,0,32388.71,17495.76,6374.24,2026-04-14,1123.86,F,1984-02-14,Ministry of Health,Secondary,100935,,0.0,38,,,,NORM
4,Mansoura,2021-03-10,75000,A,NORM,Normal,0,2026-04-25,World Elite Card,200,1000,4366.92,70199.28,4840.43,2026-04-11,1876.47,F,1972-04-25,Talaat Moustafa Group,Primary,100936,,0.0,62,,,,NORM
10,Suez,2019-02-26,20000,A,30DD,30 Days Delinquent,30,2026-04-25,World Elite Card,0,150,17571.33,2258.86,2111.83,2026-04-15,1360.55,F,1966-11-02,Edita Food Industries,Primary,100937,,11591.43,87,MC-OLD,VISA-OLD2,,30DD
5,Tanta,2024-11-27,100000,A,NORM,Normal,0,2026-04-18,Classic Credit Card,100,150,29876.51,69650.71,637.56,2026-04-05,1905.71,M,1996-03-18,Military,Primary,100938,,0.0,17,,,,NORM
1,Cairo Main,2018-11-15,5000,A,60DA,60 Days Delinquent,60,2026-04-23,Business Credit Card,500,500,2861.68,1733.73,227.45,2026-04-07,940.43,F,1974-07-03,Juhayna,Primary,100939,,2337.17,90,,,,60DA
9,Ismailia,2022-03-26,75000,I,CNCD,Cancelled,0,2026-04-30,Cashback Card,200,1000,29971.18,44868.37,20057.93,2026-04-30,1328.93,M,1977-08-21,Military,Secondary,100940,,0.0,49,,,,CNCD
9,Ismailia,2022-03-26,75000,A,NORM,Normal,0,2026-04-28,Platinum Credit Card,200,1000,55564.7,19025.67,3652.53,2026-04-02,1431.48,M,1977-08-21,Military,Secondary,100940,,0.0,49,,,,NORM
3,Alexandria,2022-11-26,150000,A,NORM,Normal,0,2026-04-18,World Elite Card,0,1000,38274.54,111543.77,8048.99,2026-04-03,1192.62,F,1997-09-03,IBM Egypt,Primary,100941,,0.0,41,,,,NORM
6,Assiut,2022-10-04,20000,A,NORM,Normal,0,2026-04-23,Titanium Credit Card,500,300,2011.63,17710.63,5467.33,2026-04-27,1952.36,M,1992-09-04,Vodafone Egypt,Primary,100942,,0.0,43,,VISA-OLD2,,NORM
4,Mansoura,2024-07-29,30000,I,CLSD,Closed,0,2026-04-27,Cashback Card,200,1000,9892.45,19992.21,1197.53,2026-04-07,227.58,M,1960-04-01,Military,Primary,100943,2026-04-15,0.0,21,,,,CLSD
7,Luxor,2020-11-02,30000,A,NORM,Normal,0,2026-04-21,Classic Credit Card,500,1000,25617.67,4329.13,5814.02,2026-04-22,249.27,F,1961-12-20,Self Employed,Primary,100944,,0.0,66,MC-OLD,,,NORM
1,Cairo Main,2018-04-29,200000,A,NEW,New,0,2026-04-30,Platinum Credit Card,100,150,82584.9,116984.16,29624.53,2026-04-14,1531.57,M,1976-07-29,Amazon Egypt,Secondary,100945,,0.0,97,,,,NEW
1,Cairo Main,2018-04-29,200000,I,CNCD,Cancelled,0,2026-04-25,Cashback Card,100,150,122588.75,77091.82,45693.34,2026-04-27,357.22,M,1976-07-29,Amazon Egypt,Secondary,100945,,0.0,97,,,,CNCD
8,Zagazig,2018-09-13,50000,A,NEW,New,0,2026-04-25,World Elite Card,100,1000,4775.66,44771.16,10593.95,2026-04-18,675.39,M,1988-08-05,Edita Food Industries,Secondary,100946,,0.0,92,,,,NEW
10,Suez,2022-02-09,150000,A,SUSP,Profit Suspended,120,2026-04-25,Travel Rewards Card,500,0,50287.05,99372.71,32276.94,2026-04-04,173.11,M,1992-05-23,El Sewedy Electric,Secondary,100947,,19082.28,51,MC-OLD,,,SUSP
5,Tanta,2019-12-08,100000,I,CLSC,Closed by Customer,0,2026-04-26,Titanium Credit Card,500,150,79539.27,20238.51,17027.16,2026-04-23,400.51,M,1963-10-07,Juhayna,Primary,100948,2026-03-27,0.0,77,,,,CLSC
6,Assiut,2024-05-16,10000,A,NORM,Normal,0,2026-04-16,Business Credit Card,0,0,2079.47,7751.26,1362.21,2026-04-13,874.08,M,1980-11-30,Orascom,Primary,100949,,0.0,23,,,,NORM
10,Suez,2018-03-24,15000,A,SUSP,Profit Suspended,120,2026-04-22,Titanium Credit Card,200,500,8422.54,6574.16,968.71,2026-04-17,43.8,M,1988-02-09,Elsewedy Capital,Primary,100950,,2048.28,98,,,,SUSP
10,Suez,2018-03-24,15000,A,30DD,30 Days Delinquent,30,2026-04-29,Cashback Card,200,500,2165.39,12523.34,2403.33,2026-04-14,1199.41,M,1988-02-09,Elsewedy Capital,Primary,100950,,6958.72,98,,,,30DD
5,Tanta,2022-04-03,30000,A,NORM,Normal,0,2026-04-19,Platinum Credit Card,200,500,12173.64,17546.02,4458.99,2026-04-12,1139.01,M,1962-05-23,El Sewedy Electric,Primary,100951,,0.0,49,,,,NORM
5,Tanta,2022-12-06,30000,A,NEW,New,0,2026-04-28,Cashback Card,200,300,3845.73,25891.97,974.12,2026-04-12,1773.83,F,1971-08-20,Orascom,Primary,100952,,0.0,41,MC-OLD,,,NEW
3,Alexandria,2024-05-18,20000,A,NEW,New,0,2026-04-23,Travel Rewards Card,200,150,4098.23,15416.75,5467.17,2026-04-16,777.55,F,1984-02-17,Government,Primary,100953,,0.0,23,,,,NEW
3,Alexandria,2024-05-18,20000,A,NORM,Normal,0,2026-04-30,Platinum Credit Card,200,150,18227.58,1730.68,4175.61,2026-04-30,284.04,F,1984-02-17,Government,Primary,100953,,0.0,23,,,,NORM
3,Alexandria,2024-05-18,20000,A,NORM,Normal,0,2026-04-19,Cashback Card,200,150,5073.88,14678.9,5476.86,2026-04-14,1812.06,F,1984-02-17,Government,Primary,100953,,0.0,23,,,,NORM
9,Ismailia,2020-05-13,30000,I,CLSC,Closed by Customer,0,2026-04-16,World Elite Card,0,0,26022.04,3872.59,1839.3,2026-04-25,68.52,M,1994-09-10,Self Employed,Primary,100954,2026-03-30,0.0,72,MC-OLD,,,CLSC
6,Assiut,2022-03-28,200000,A,90DA,90 Days Delinquent,90,2026-04-20,Cashback Card,200,0,104559.18,95239.9,30097.35,2026-04-05,1626.91,M,1985-04-15,Amazon Egypt,Primary,100955,,115553.76,49,,,,90DA
6,Assiut,2022-03-28,200000,I,CLSB,Closed by Bank,0,2026-04-29,Business Credit Card,200,0,36402.35,163562.85,23112.55,2026-04-01,118.75,M,1985-04-15,Amazon Egypt,Primary,100955,2026-03-20,0.0,49,,,,CLSB
6,Assiut,2022-03-28,200000,A,30DD,30 Days Delinquent,30,2026-04-17,Classic Credit Card,200,0,54451.58,145124.27,42046.41,2026-04-22,413.49,M,1985-04-15,Amazon Egypt,Primary,100955,,10565.43,49,,,,30DD
3,Alexandria,2021-06-08,15000,A,NEW,New,0,2026-04-25,Platinum Credit Card,0,500,4840.53,9977.64,3556.98,2026-04-07,156.34,F,1976-01-22,Cairo University,Primary,100956,,0.0,59,VISA-OLD,,,NEW
8,Zagazig,2020-09-24,30000,A,NORM,Normal,0,2026-04-30,Cashback Card,500,300,10826.84,19139.96,406.69,2026-04-24,1996.57,M,1997-05-31,Elsewedy Capital,Primary,100957,,0.0,68,MC-OLD,,,NORM
8,Zagazig,2020-09-24,30000,A,90DA,90 Days Delinquent,90,2026-04-21,Titanium Credit Card,500,300,11519.89,18193.47,8286.01,2026-04-13,1096.01,M,1997-05-31,Elsewedy Capital,Primary,100957,,1226.1,68,MC-OLD,,,90DA
7,Luxor,2021-01-08,200000,A,NEW,New,0,2026-04-25,Classic Credit Card,100,1000,107659.65,91846.02,52058.98,2026-04-21,511.7,M,1979-02-07,Juhayna,Secondary,100958,,0.0,64,MC-OLD,,,NEW
10,Suez,2019-07-26,15000,A,NORM,Normal,0,2026-04-28,Classic Credit Card,0,300,72.27,14644.04,3461.13,2026-04-25,337.65,M,1993-09-22,IBM Egypt,Primary,100959,,0.0,82,,,,NORM
1,Cairo Main,2019-08-28,20000,A,60DA,60 Days Delinquent,60,2026-05-01,World Elite Card,0,150,18270.56,1455.33,833.68,2026-04-06,1513.19,M,1989-07-17,El Sewedy Electric,Primary,100960,,1021.8,81,,,,60DA
1,Cairo Main,2019-08-28,20000,I,CLSC,Closed by Customer,0,2026-04-28,Platinum Credit Card,0,150,257.21,19720.54,1635.22,2026-04-10,633.93,M,1989-07-17,El Sewedy Electric,Primary,100960,2026-03-11,0.0,81,,,,CLSC
9,Ismailia,2022-03-13,5000,I,CNCD,Cancelled,0,2026-04-20,Cashback Card,0,500,3412.06,1442.03,537.41,2026-04-29,28.53,F,1997-12-07,El Sewedy Electric,Secondary,100961,,0.0,50,VISA-OLD,,,CNCD
4,Mansoura,2019-01-28,75000,A,NORM,Normal,0,2026-04-26,Platinum Credit Card,500,300,11568.23,63298.65,14158.06,2026-04-08,1940.55,F,1994-03-24,Amazon Egypt,Primary,100962,,0.0,88,MC-OLD,,,NORM
6,Assiut,2024-07-30,5000,A,30DD,30 Days Delinquent,30,2026-04-18,Platinum Credit Card,100,300,4271.59,336.61,1333.52,2026-04-25,606.42,F,1981-11-26,Edita Food Industries,Primary,100963,,1136.65,21,,VISA-OLD2,,30DD
10,Suez,2022-06-19,10000,A,NORM,Normal,0,2026-04-26,Platinum Credit Card,500,150,6266.94,3388.4,2098.08,2026-04-07,570.76,M,1993-09-19,El Sewedy Electric,Primary,100964,,0.0,47,,,,NORM
7,Luxor,2020-01-07,75000,A,NORM,Normal,0,2026-04-23,World Elite Card,500,500,65594.74,9206.34,19063.13,2026-04-26,52.33,M,1989-05-03,Talaat Moustafa Group,Secondary,100965,,0.0,76,VISA-OLD,,,NORM
3,Alexandria,2023-10-21,10000,A,LOST,Lost,0,2026-04-24,Gold Credit Card,200,0,3762.27,5883.81,829.34,2026-04-19,1858.2,F,1977-11-11,Vodafone Egypt,Primary,100966,,0.0,30,,VISA-OLD2,,LOST
9,Ismailia,2023-02-06,5000,A,30DD,30 Days Delinquent,30,2026-04-26,Travel Rewards Card,500,0,3818.26,779.17,977.01,2026-04-06,904.41,F,1977-03-23,Amazon Egypt,Primary,100967,,1500.41,39,,VISA-OLD2,,30DD
8,Zagazig,2022-03-08,100000,A,WROF,Write Off,180,2026-04-28,Cashback Card,100,500,94530.55,5217.89,17051.72,2026-04-13,330.93,F,1982-07-09,National Bank of Egypt,Primary,100968,2026-04-12,11027.22,50,,VISA-OLD2,,WROF
8,Zagazig,2022-03-08,100000,A,SUSP,Profit Suspended,120,2026-04-30,Classic Credit Card,100,500,70768.45,29036.65,26511.66,2026-04-06,1210.89,F,1982-07-09,National Bank of Egypt,Primary,100968,,56176.88,50,,VISA-OLD2,,SUSP
5,Tanta,2023-10-11,200000,A,NORM,Normal,0,2026-05-01,Business Credit Card,0,500,13893.41,185802.6,50523.89,2026-04-12,1214.79,F,1968-11-11,Orange Egypt,Primary,100969,,0.0,31,VISA-OLD,,,NORM
5,Tanta,2023-10-11,200000,A,30DD,30 Days Delinquent,30,2026-04-29,Titanium Credit Card,0,500,55169.15,144373.93,41177.32,2026-04-11,149.6,F,1968-11-11,Orange Egypt,Primary,100969,,99806.67,31,VISA-OLD,,,30DD
6,Assiut,2024-09-20,50000,A,NORM,Normal,0,2026-04-20,Cashback Card,200,0,6194.3,43747.05,823.13,2026-04-09,1790.62,F,1962-03-31,Orascom,Primary,100970,,0.0,19,VISA-OLD,,,NORM
8,Zagazig,2021-05-04,5000,A,NORM,Normal,0,2026-04-24,Cashback Card,0,1000,2642.43,2356.72,583.91,2026-04-21,935.42,F,1974-07-24,Elsewedy Capital,Primary,100971,,0.0,60,MC-OLD,,,NORM
3,Alexandria,2019-08-16,100000,A,NORM,Normal,0,2026-04-17,World Elite Card,200,500,26286.51,73483.11,23059.33,2026-04-24,172.83,M,1992-08-07,Government,Primary,100972,,0.0,81,,,,NORM
7,Luxor,2020-01-24,30000,A,NORM,Normal,0,2026-05-01,Gold Credit Card,500,0,18566.52,11271.81,2161.14,2026-04-30,399.4,M,1961-01-01,Cairo University,Primary,100974,,0.0,76,,VISA-OLD2,,NORM
7,Luxor,2020-01-24,30000,I,CLSC,Closed by Customer,0,2026-04-23,Travel Rewards Card,500,0,7604.94,22203.66,8214.55,2026-04-17,890.08,M,1961-01-01,Cairo University,Primary,100974,2026-04-15,0.0,76,,VISA-OLD2,,CLSC
9,Ismailia,2020-09-25,5000,I,CLSC,Closed by Customer,0,2026-04-28,Business Credit Card,100,500,-147.46,4390.56,353.84,2026-04-01,713.56,F,1984-03-08,Orascom,Primary,100975,2026-03-24,0.0,68,,VISA-OLD2,,CLSC
7,Luxor,2021-03-13,30000,A,NORM,Normal,0,2026-04-22,Titanium Credit Card,0,500,4144.28,25710.38,4854.46,2026-04-05,315.77,M,1968-02-17,Talaat Moustafa Group,Primary,100976,,0.0,62,MC-OLD,,,NORM
2,Giza,2020-07-09,5000,A,NORM,Normal,0,2026-05-01,Titanium Credit Card,200,1000,1769.88,3186.66,453.95,2026-04-24,1186.01,F,1969-12-05,Cairo University,Primary,100977,,0.0,70,MC-OLD,,,NORM
2,Giza,2020-07-09,5000,I,CLSB,Closed by Bank,0,2026-04-28,Classic Credit Card,200,1000,-345.89,4550.94,1444.77,2026-04-21,493.53,F,1969-12-05,Cairo University,Primary,100977,2026-04-09,0.0,70,MC-OLD,,,CLSB
9,Ismailia,2023-05-03,150000,A,WROF,Write Off,180,2026-04-29,Cashback Card,200,300,85893.42,64008.59,17062.34,2026-04-15,414.31,F,1977-06-14,Banque Misr,Primary,100978,2026-04-12,73874.14,36,VISA-OLD,,,WROF
9,Ismailia,2019-11-28,75000,A,NORM,Normal,0,2026-04-22,Classic Credit Card,0,500,63922.37,10979.75,1878.06,2026-04-01,649.64,F,1991-04-19,National Bank of Egypt,Primary,100979,,0.0,78,MC-OLD,,,NORM
5,Tanta,2021-07-15,100000,A,NORM,Normal,0,2026-04-25,Classic Credit Card,100,1000,69261.01,30671.15,4176.17,2026-04-20,1661.44,M,1973-02-02,Military,Primary,100980,,0.0,58,VISA-OLD,,,NORM
10,Suez,2020-01-02,15000,A,NORM,Normal,0,2026-04-25,Travel Rewards Card,500,300,3555.67,11350.85,3225.12,2026-04-16,1424.07,M,1972-12-23,Amazon Egypt,Secondary,100982,,0.0,77,,,,NORM
10,Suez,2020-01-02,15000,A,NEW,New,0,2026-04-24,World Elite Card,500,300,4899.69,9613.55,2052.34,2026-04-13,1997.05,M,1972-12-23,Amazon Egypt,Secondary,100982,,0.0,77,,,,NEW
6,Assiut,2019-03-09,50000,A,NORM,Normal,0,2026-04-19,Travel Rewards Card,100,500,4254.92,45410.57,7442.97,2026-04-09,588.4,F,1988-04-09,Freelancer,Primary,100983,,0.0,87,VISA-OLD,,,NORM
3,Alexandria,2021-03-27,5000,A,LOST,Lost,0,2026-04-29,Cashback Card,500,150,1014.23,3913.94,1394.45,2026-04-05,646.93,M,1977-12-11,Microsoft Egypt,Primary,100984,,0.0,62,VISA-OLD,,,LOST
7,Luxor,2018-04-29,200000,A,NORM,Normal,0,2026-04-17,Gold Credit Card,500,0,44715.89,154794.13,30182.19,2026-04-30,1779.95,F,1968-06-21,Military,Primary,100985,,0.0,97,MC-OLD,,,NORM
2,Giza,2018-04-04,200000,A,NORM,Normal,0,2026-04-23,Travel Rewards Card,100,150,63974.7,135954.43,38063.67,2026-04-24,1142.25,F,1976-08-10,IBM Egypt,Primary,100986,,0.0,98,,,,NORM
2,Giza,2018-04-04,200000,A,NORM,Normal,0,2026-04-19,World Elite Card,100,150,161788.14,37873.98,7522.16,2026-04-11,402.01,F,1976-08-10,IBM Egypt,Primary,100986,,0.0,98,,,,NORM
8,Zagazig,2020-03-29,50000,I,CLSD,Closed,0,2026-04-29,Gold Credit Card,0,150,44052.84,5863.59,13988.43,2026-04-07,374.99,F,1991-12-22,Freelancer,Primary,100987,2026-03-07,0.0,74,MC-OLD,,,CLSD
4,Mansoura,2019-12-26,100000,A,NORM,Normal,0,2026-04-19,Gold Credit Card,200,150,89392.28,10265.61,28234.28,2026-04-24,972.9,M,1995-09-28,Freelancer,Primary,100988,,0.0,77,,,,NORM
1,Cairo Main,2022-07-23,150000,A,NORM,Normal,0,2026-04-22,Travel Rewards Card,200,1000,133740.65,16018.82,43031.19,2026-04-15,779.74,M,1990-08-05,Military,Primary,100989,,0.0,45,MC-OLD,,,NORM
1,Cairo Main,2022-07-23,150000,A,NEW,New,0,2026-04-25,Classic Credit Card,200,1000,131002.02,18804.78,23122.0,2026-04-08,9.53,M,1990-08-05,Military,Primary,100989,,0.0,45,MC-OLD,,,NEW
1,Cairo Main,2022-07-23,150000,A,SUSP,Profit Suspended,120,2026-04-27,Titanium Credit Card,200,1000,93819.8,56077.14,27677.21,2026-04-13,1623.57,M,1990-08-05,Military,Primary,100989,,12366.94,45,MC-OLD,,,SUSP
8,Zagazig,2018-09-02,30000,I,CLSB,Closed by Bank,0,2026-04-16,Classic Credit Card,500,1000,-2963.24,26716.27,3753.3,2026-04-03,241.25,F,1981-07-26,Amazon Egypt,Primary,100990,2026-03-26,0.0,93,,,,CLSB
8,Zagazig,2018-09-02,30000,A,NORM,Normal,0,2026-04-20,Platinum Credit Card,500,1000,6343.23,23355.31,5607.82,2026-04-03,239.26,F,1981-07-26,Amazon Egypt,Primary,100990,,0.0,93,,,,NORM
5,Tanta,2024-07-02,10000,A,60DA,60 Days Delinquent,60,2026-04-25,Cashback Card,200,150,2724.21,6800.35,2217.05,2026-04-05,1089.45,M,1993-12-31,Self Employed,Primary,100991,,5860.69,22,,,,60DA
5,Tanta,2024-07-02,10000,A,NEW,New,0,2026-04-18,Titanium Credit Card,200,150,2425.94,7228.54,1194.98,2026-04-04,1030.87,M,1993-12-31,Self Employed,Primary,100991,,0.0,22,,,,NEW
2,Giza,2023-07-07,20000,A,NORM,Normal,0,2026-04-19,Cashback Card,500,300,1311.5,18437.64,3397.86,2026-04-08,143.26,F,1980-07-21,Talaat Moustafa Group,Primary,100992,,0.0,34,MC-OLD,,,NORM
2,Giza,2023-07-07,20000,A,SUSP,Profit Suspended,120,2026-04-20,Platinum Credit Card,500,300,13819.81,5897.39,419.61,2026-04-01,1230.03,F,1980-07-21,Talaat Moustafa Group,Primary,100992,,4874.17,34,MC-OLD,,,SUSP
3,Alexandria,2023-11-08,30000,A,NEW,New,0,2026-04-30,Cashback Card,200,300,2984.68,26649.46,8578.66,2026-04-16,1822.2,F,1966-08-22,Orascom,Primary,100993,,0.0,30,,,,NEW
8,Zagazig,2021-04-22,15000,A,NORM,Normal,0,2026-04-30,Platinum Credit Card,200,500,11050.48,3927.88,2558.04,2026-04-24,1627.91,F,1990-03-14,Elsewedy Capital,Primary,100994,,0.0,61,,VISA-OLD2,,NORM
8,Zagazig,2021-04-22,15000,I,CLSC,Closed by Customer,0,2026-04-29,Gold Credit Card,200,500,2005.53,12626.51,4300.69,2026-04-07,156.7,F,1990-03-14,Elsewedy Capital,Primary,100994,2026-04-28,0.0,61,,VISA-OLD2,,CLSC
5,Tanta,2024-07-21,5000,A,NORM,Normal,0,2026-04-24,Travel Rewards Card,500,1000,616.0,3968.29,974.96,2026-04-02,1746.54,M,1966-08-27,IBM Egypt,Primary,100995,,0.0,21,MC-OLD,VISA-OLD2,,NORM
6,Assiut,2022-03-14,75000,A,NEW,New,0,2026-04-28,Business Credit Card,100,1000,68071.07,6609.71,18728.96,2026-04-08,1388.46,F,1983-06-23,Orascom,Primary,100996,,0.0,50,VISA-OLD,,,NEW
6,Assiut,2022-03-14,75000,A,NORM,Normal,0,2026-04-27,Cashback Card,100,1000,41807.54,32701.68,791.84,2026-04-26,394.0,F,1983-06-23,Orascom,Primary,100996,,0.0,50,VISA-OLD,,,NORM
2,Giza,2020-07-09,30000,A,SUSP,Profit Suspended,120,2026-04-20,Platinum Credit Card,200,1000,4639.48,24992.53,2018.78,2026-04-13,135.24,M,1975-05-11,El Sewedy Electric,Primary,100997,,3126.7,70,VISA-OLD,VISA-OLD2,,SUSP
1,Cairo Main,2023-11-17,20000,A,30DD,30 Days Delinquent,30,2026-04-16,Cashback Card,0,500,18103.45,1583.31,3495.38,2026-04-06,1838.7,M,1997-09-05,Edita Food Industries,Primary,100998,,11906.63,29,,VISA-OLD2,,30DD
1,Cairo Main,2023-11-17,20000,A,NORM,Normal,0,2026-04-17,Business Credit Card,0,500,15297.83,4473.3,944.0,2026-04-13,780.04,M,1997-09-05,Edita Food Industries,Primary,100998,,0.0,29,,VISA-OLD2,,NORM
9,Ismailia,2024-01-12,10000,A,NORM,Normal,0,2026-04-22,Classic Credit Card,100,150,4601.2,5320.61,1174.5,2026-04-10,364.69,F,1997-12-22,Orascom,Primary,100999,,0.0,28,,,,NORM
9,Ismailia,2024-01-12,10000,A,NEW,New,0,2026-04-21,Titanium Credit Card,100,150,3023.51,6540.21,2543.53,2026-04-17,208.1,F,1997-12-22,Orascom,Primary,100999,,0.0,28,,,,NEW
9,Ismailia,2024-01-12,10000,A,NORM,Normal,0,2026-04-25,World Elite Card,100,150,1732.29,8013.22,1016.42,2026-04-22,47.28,F,1997-12-22,Orascom,Primary,100999,,0.0,28,,,,NORM
7,Luxor,2019-07-29,75000,A,NORM,Normal,0,2026-04-22,Cashback Card,0,300,57080.07,17728.87,1453.19,2026-04-09,1618.98,M,1975-03-07,Juhayna,Primary,101000,,0.0,82,VISA-OLD,,,NORM
2,Giza,2022-08-12,5000,A,NEW,New,0,2026-04-26,Cashback Card,200,150,147.65,4599.48,658.56,2026-04-29,1685.93,F,1963-08-31,Edita Food Industries,Primary,101001,,0.0,45,MC-OLD,,,NEW
6,Assiut,2020-02-07,5000,A,NORM,Normal,0,2026-04-24,Gold Credit Card,200,300,-169.51,4825.44,7.06,2026-04-22,1844.18,M,1985-04-15,Government,Primary,101002,,0.0,75,,,,NORM
1,Cairo Main,2019-02-10,75000,A,NORM,Normal,0,2026-04-28,World Elite Card,0,150,1921.68,72933.53,1893.81,2026-04-08,1509.6,M,1996-02-23,Military,Secondary,101003,,0.0,87,VISA-OLD,,,NORM
1,Cairo Main,2019-02-10,75000,A,NORM,Normal,0,2026-04-25,Cashback Card,0,150,68107.73,6673.26,9229.75,2026-04-02,42.29,M,1996-02-23,Military,Secondary,101003,,0.0,87,VISA-OLD,,,NORM
1,Cairo Main,2019-02-10,75000,A,NORM,Normal,0,2026-04-21,Gold Credit Card,0,150,-7397.62,67375.09,21417.76,2026-04-12,105.59,M,1996-02-23,Military,Secondary,101003,,0.0,87,VISA-OLD,,,NORM
5,Tanta,2021-03-22,20000,A,NORM,Normal,0,2026-04-26,Platinum Credit Card,200,300,3019.99,16543.35,2646.11,2026-04-04,1140.76,F,1988-11-09,Government,Primary,101004,,0.0,62,VISA-OLD,,,NORM
1,Cairo Main,2023-04-20,100000,I,CLSC,Closed by Customer,0,2026-04-23,Travel Rewards Card,200,1000,91297.44,8631.52,15602.5,2026-04-10,1524.37,F,1973-03-25,Banque Misr,Primary,101005,2026-04-24,0.0,36,MC-OLD,,,CLSC
5,Tanta,2024-04-24,5000,A,SUSP,Profit Suspended,120,2026-04-26,Gold Credit Card,0,0,1649.13,3013.78,1468.43,2026-04-17,546.02,F,1964-08-10,Ministry of Health,Primary,101006,,1979.76,24,,VISA-OLD2,,SUSP
9,Ismailia,2024-06-29,200000,A,NORM,Normal,0,2026-04-18,Travel Rewards Card,200,150,135605.2,64011.45,58904.89,2026-04-27,465.29,M,1967-05-28,Banque Misr,Primary,101007,,0.0,22,VISA-OLD,,,NORM
9,Ismailia,2024-10-11,100000,A,NORM,Normal,0,2026-04-21,Classic Credit Card,200,1000,895.49,98859.5,29367.93,2026-04-07,965.56,M,1975-08-22,Vodafone Egypt,Primary,101008,,0.0,18,,,,NORM
9,Ismailia,2024-10-11,100000,A,30DD,30 Days Delinquent,30,2026-04-21,Travel Rewards Card,200,1000,-1971.92,97906.63,4762.08,2026-04-17,1201.96,M,1975-08-22,Vodafone Egypt,Primary,101008,,24949.94,18,,,,30DD
9,Ismailia,2024-10-11,100000,A,NORM,Normal,0,2026-04-25,Gold Credit Card,200,1000,24261.76,75558.18,26310.18,2026-04-13,1052.77,M,1975-08-22,Vodafone Egypt,Primary,101008,,0.0,18,,,,NORM
10,Suez,2024-05-15,10000,A,NORM,Normal,0,2026-04-28,World Elite Card,100,300,3532.21,6310.38,1551.07,2026-04-05,822.74,F,1985-09-13,Microsoft Egypt,Primary,101009,,0.0,23,,,,NORM
4,Mansoura,2020-04-17,30000,A,SUSP,Profit Suspended,120,2026-04-28,Business Credit Card,0,1000,5758.23,24024.91,2472.29,2026-04-15,1646.2,M,1972-11-12,Amazon Egypt,Secondary,101010,,14893.94,73,,,,SUSP
4,Mansoura,2021-09-08,200000,A,NORM,Normal,0,2026-04-30,Titanium Credit Card,200,500,171237.25,28733.4,54102.77,2026-04-06,1774.73,F,1986-07-04,Edita Food Industries,Primary,101011,,0.0,56,VISA-OLD,,,NORM
2,Giza,2023-11-13,15000,I,CLSB,Closed by Bank,0,2026-04-21,Gold Credit Card,0,150,8719.91,5810.14,2346.37,2026-04-03,1370.29,F,1966-12-31,Juhayna,Primary,101012,2026-03-09,0.0,30,,VISA-OLD2,,CLSB
2,Giza,2020-11-14,30000,A,NORM,Normal,0,2026-04-28,Titanium Credit Card,500,500,8580.61,21378.78,1086.67,2026-04-29,570.47,M,1974-04-29,Self Employed,Primary,101013,,0.0,66,,,,NORM
2,Giza,2020-11-14,30000,A,NORM,Normal,0,2026-04-19,Travel Rewards Card,500,500,3026.6,26600.63,2249.84,2026-04-20,1018.74,M,1974-04-29,Self Employed,Primary,101013,,0.0,66,,,,NORM
1,Cairo Main,2022-02-28,5000,A,NORM,Normal,0,2026-04-28,Platinum Credit Card,500,150,-422.58,4185.12,1442.77,2026-04-13,1698.22,M,1987-11-21,Freelancer,Primary,101014,,0.0,50,,,,NORM
3,Alexandria,2021-10-02,100000,A,30DD,30 Days Delinquent,30,2026-04-19,Business Credit Card,0,300,25342.65,74543.45,14855.36,2026-04-18,98.13,F,1979-03-04,Orange Egypt,Primary,101015,,5354.03,55,MC-OLD,,,30DD
8,Zagazig,2023-10-20,100000,A,NORM,Normal,0,2026-04-23,Cashback Card,100,150,31689.53,68018.97,13894.91,2026-04-02,1741.64,F,1987-02-08,El Sewedy Electric,Primary,101016,,0.0,30,,VISA-OLD2,,NORM
5,Tanta,2021-02-09,30000,A,NORM,Normal,0,2026-04-25,Titanium Credit Card,200,500,18621.97,11148.09,806.74,2026-04-28,1687.5,M,1976-03-27,Government,Primary,101017,,0.0,63,,VISA-OLD2,,NORM
1,Cairo Main,2022-09-14,50000,A,NEW,New,0,2026-04-20,Cashback Card,100,500,11126.51,38538.74,6654.39,2026-04-29,1949.68,F,1964-07-06,Freelancer,Secondary,101018,,0.0,44,MC-OLD,,,NEW
2,Giza,2021-09-19,20000,A,NORM,Normal,0,2026-05-01,Titanium Credit Card,0,500,15179.15,4449.83,1533.09,2026-04-23,1979.72,M,1976-03-13,National Bank of Egypt,Primary,101019,,0.0,56,,,,NORM
8,Zagazig,2022-04-18,10000,A,NEW,New,0,2026-04-28,Travel Rewards Card,0,500,939.96,8801.46,2824.78,2026-04-24,1408.61,F,1974-10-12,IBM Egypt,Primary,101020,,0.0,49,,,,NEW
1,Cairo Main,2018-03-25,5000,A,30DD,30 Days Delinquent,30,2026-04-22,Travel Rewards Card,200,1000,3902.57,1011.08,1283.63,2026-04-04,1475.93,F,1995-12-19,Government,Primary,101021,,2072.67,98,VISA-OLD,,,30DD
1,Cairo Main,2019-05-10,15000,A,NORM,Normal,0,2026-04-22,Titanium Credit Card,0,500,10473.86,4371.57,2551.88,2026-04-13,293.37,M,1975-09-30,CIB,Primary,101022,,0.0,84,,,,NORM
1,Cairo Main,2019-05-10,15000,A,NORM,Normal,0,2026-05-01,World Elite Card,0,500,5000.0,9849.84,4194.23,2026-04-06,1521.46,M,1975-09-30,CIB,Primary,101022,,0.0,84,,,,NORM
1,Cairo Main,2019-05-10,15000,I,CLSD,Closed,0,2026-04-24,Cashback Card,0,500,7804.23,6985.87,3240.45,2026-04-11,493.49,M,1975-09-30,CIB,Primary,101022,2026-04-08,0.0,84,,,,CLSD
4,Mansoura,2023-07-25,75000,A,NORM,Normal,0,2026-04-25,Titanium Credit Card,500,1000,12842.69,61848.08,2009.01,2026-04-28,1259.25,M,1999-10-17,Self Employed,Primary,101023,,0.0,33,VISA-OLD,,,NORM
4,Mansoura,2023-07-25,75000,A,NORM,Normal,0,2026-05-01,Gold Credit Card,500,1000,27409.39,47396.14,8779.31,2026-04-15,774.19,M,1999-10-17,Self Employed,Primary,101023,,0.0,33,VISA-OLD,,,NORM
4,Mansoura,2023-07-25,75000,I,CLSD,Closed,0,2026-04-18,Cashback Card,500,1000,23035.21,51603.12,12518.07,2026-04-22,621.62,M,1999-10-17,Self Employed,Primary,101023,2026-03-18,0.0,33,VISA-OLD,,,CLSD
3,Alexandria,2023-10-13,200000,A,NEW,New,0,2026-04-16,Titanium Credit Card,0,0,171450.96,28151.08,58432.64,2026-04-01,252.96,F,1977-09-23,Orascom,Primary,101024,,0.0,31,,VISA-OLD2,,NEW
8,Zagazig,2018-04-18,100000,A,NORM,Normal,0,2026-04-19,Titanium Credit Card,0,300,44942.46,54640.88,2125.72,2026-04-27,1148.19,F,1966-01-04,Talaat Moustafa Group,Primary,101025,,0.0,97,,,,NORM
10,Suez,2024-05-01,75000,A,NEW,New,0,2026-04-21,Cashback Card,500,150,10323.04,64536.57,20177.61,2026-04-29,739.77,F,1991-09-09,El Sewedy Electric,Primary,101026,,0.0,24,,VISA-OLD2,,NEW
3,Alexandria,2023-07-13,100000,A,NORM,Normal,0,2026-04-24,Gold Credit Card,500,150,87010.26,12740.51,13836.2,2026-04-28,1561.05,F,1994-05-27,Government,Primary,101027,,0.0,34,VISA-OLD,,,NORM
3,Alexandria,2023-07-13,100000,A,NORM,Normal,0,2026-04-29,Travel Rewards Card,500,150,10583.15,88934.32,4581.52,2026-04-08,816.33,F,1994-05-27,Government,Primary,101027,,0.0,34,VISA-OLD,,,NORM
3,Alexandria,2023-07-13,100000,A,LOST,Lost,0,2026-04-16,Platinum Credit Card,500,150,91698.24,8009.65,27642.47,2026-04-27,1471.21,F,1994-05-27,Government,Primary,101027,,0.0,34,VISA-OLD,,,LOST
6,Assiut,2019-03-26,150000,A,NORM,Normal,0,2026-04-30,Gold Credit Card,0,0,15510.75,134042.11,1285.99,2026-04-16,1397.51,M,1990-03-25,National Bank of Egypt,Primary,101028,,0.0,86,VISA-OLD,,,NORM
3,Alexandria,2023-05-08,50000,A,NORM,Normal,0,2026-04-17,World Elite Card,200,300,46904.44,2832.05,5638.49,2026-04-04,268.35,F,1960-11-06,Amazon Egypt,Secondary,101029,,0.0,36,,VISA-OLD2,,NORM
7,Luxor,2022-07-07,100000,A,30DD,30 Days Delinquent,30,2026-04-23,Classic Credit Card,0,300,73345.72,26260.94,25269.14,2026-04-14,1453.29,M,1996-02-26,Talaat Moustafa Group,Primary,101030,,34769.76,46,,,,30DD
1,Cairo Main,2022-05-26,50000,I,CLSD,Closed,0,2026-04-20,Travel Rewards Card,200,500,29398.68,20197.98,4570.88,2026-04-29,1387.67,F,1968-04-25,Amazon Egypt,Secondary,101031,2026-04-26,0.0,47,VISA-OLD,,,CLSD
8,Zagazig,2020-02-28,15000,A,WROF,Write Off,180,2026-04-23,Business Credit Card,500,300,11163.46,3420.69,4326.36,2026-04-18,201.68,M,1999-08-01,Orange Egypt,Primary,101032,2026-04-04,3199.85,75,VISA-OLD,VISA-OLD2,,WROF
6,Assiut,2018-03-28,15000,A,NORM,Normal,0,2026-04-28,Classic Credit Card,200,500,4638.66,10132.56,1508.27,2026-04-06,1942.28,M,1987-07-22,CIB,Primary,101033,,0.0,98,VISA-OLD,,,NORM
7,Luxor,2019-02-05,75000,A,WROF,Write Off,180,2026-05-01,Cashback Card,100,0,3552.42,70978.98,11751.96,2026-04-09,1385.17,F,1997-08-01,El Sewedy Electric,Primary,101034,2026-03-22,1298.73,88,,,,WROF
7,Luxor,2019-02-05,75000,A,NEW,New,0,2026-04-26,Gold Credit Card,100,0,37129.01,37488.39,12817.76,2026-04-15,1608.01,F,1997-08-01,El Sewedy Electric,Primary,101034,,0.0,88,,,,NEW
7,Luxor,2019-02-05,75000,I,CLSC,Closed by Customer,0,2026-04-17,Titanium Credit Card,100,0,6865.64,67773.64,7629.14,2026-04-19,842.06,F,1997-08-01,El Sewedy Electric,Primary,101034,2026-04-09,0.0,88,,,,CLSC
9,Ismailia,2018-01-01,100000,A,NORM,Normal,0,2026-04-20,Gold Credit Card,500,150,64798.76,34777.89,26313.89,2026-04-24,1743.51,M,1986-10-02,Orange Egypt,Secondary,101035,,0.0,101,VISA-OLD,,,NORM
9,Ismailia,2018-01-01,100000,A,NEW,New,0,2026-04-18,Cashback Card,500,150,55948.93,43728.26,16065.38,2026-04-04,131.16,M,1986-10-02,Orange Egypt,Secondary,101035,,0.0,101,VISA-OLD,,,NEW
6,Assiut,2018-08-19,100000,A,NORM,Normal,0,2026-05-01,Classic Credit Card,500,500,69799.91,29854.49,15495.93,2026-04-24,1638.25,M,1998-12-02,Microsoft Egypt,Primary,101036,,0.0,93,,,,NORM
8,Zagazig,2021-09-20,200000,A,NORM,Normal,0,2026-04-16,Gold Credit Card,0,500,180285.01,19634.46,36174.98,2026-04-09,1080.37,F,1962-08-03,Freelancer,Primary,101037,,0.0,56,,,,NORM
10,Suez,2021-03-13,75000,A,NORM,Normal,0,2026-04-24,Travel Rewards Card,0,1000,57562.12,17375.94,15523.5,2026-04-28,438.0,F,1985-10-20,Talaat Moustafa Group,Primary,101038,,0.0,62,,,,NORM
3,Alexandria,2023-09-26,20000,A,NEW,New,0,2026-05-01,Business Credit Card,200,500,9870.0,10021.39,3390.6,2026-04-22,94.88,F,1987-02-21,Cairo University,Primary,101039,,0.0,31,MC-OLD,,,NEW
5,Tanta,2020-06-06,100000,A,NORM,Normal,0,2026-05-01,Travel Rewards Card,500,1000,75389.97,24399.85,16624.35,2026-04-04,212.07,F,1994-11-19,Orascom,Primary,101040,,0.0,71,,VISA-OLD2,,NORM
3,Alexandria,2020-08-17,5000,A,NORM,Normal,0,2026-04-20,Classic Credit Card,500,0,4097.1,686.57,1103.67,2026-04-26,900.21,F,1991-03-22,Talaat Moustafa Group,Primary,101041,,0.0,69,,VISA-OLD2,,NORM
3,Alexandria,2020-08-17,5000,A,NORM,Normal,0,2026-04-21,World Elite Card,500,0,3031.01,1560.56,896.68,2026-04-11,1221.17,F,1991-03-22,Talaat Moustafa Group,Primary,101041,,0.0,69,,VISA-OLD2,,NORM
6,Assiut,2019-04-19,20000,A,NORM,Normal,0,2026-04-19,Titanium Credit Card,500,150,17258.68,2373.59,3381.77,2026-04-22,385.81,M,1960-09-18,National Bank of Egypt,Secondary,101042,,0.0,85,VISA-OLD,,,NORM
6,Assiut,2019-04-19,20000,A,NEW,New,0,2026-04-25,Business Credit Card,500,150,-572.0,19130.56,3452.11,2026-04-27,1536.72,M,1960-09-18,National Bank of Egypt,Secondary,101042,,0.0,85,VISA-OLD,,,NEW
9,Ismailia,2021-02-08,5000,A,NORM,Normal,0,2026-04-18,Platinum Credit Card,200,500,900.29,3722.62,281.53,2026-04-26,1173.5,F,1962-12-19,Military,Primary,101043,,0.0,63,,,,NORM
8,Zagazig,2022-09-17,50000,A,LOST,Lost,0,2026-04-16,World Elite Card,100,150,-824.96,48824.8,5832.79,2026-04-16,1770.93,M,1963-07-30,IBM Egypt,Secondary,101044,,0.0,44,VISA-OLD,,,LOST
8,Zagazig,2018-12-18,20000,A,NORM,Normal,0,2026-04-22,Gold Credit Card,200,0,12896.72,6944.14,3586.36,2026-04-08,1866.74,M,1984-02-29,Elsewedy Capital,Primary,101045,,0.0,89,MC-OLD,,,NORM
1,Cairo Main,2022-12-08,200000,A,SUSP,Profit Suspended,120,2026-04-17,Travel Rewards Card,200,300,124676.7,75011.91,16323.8,2026-04-13,1850.27,F,1972-05-15,Orange Egypt,Primary,101046,,43223.11,41,MC-OLD,,,SUSP
6,Assiut,2024-10-13,20000,A,NEW,New,0,2026-04-23,Platinum Credit Card,500,1000,-153.48,19528.25,577.74,2026-04-26,655.77,M,1964-05-28,National Bank of Egypt,Primary,101047,,0.0,18,,,,NEW
9,Ismailia,2018-08-11,5000,A,NORM,Normal,0,2026-04-16,Travel Rewards Card,0,500,1834.44,2754.27,53.17,2026-04-29,675.69,M,1986-10-04,Juhayna,Primary,101048,,0.0,94,,,,NORM
7,Luxor,2022-05-12,10000,A,NORM,Normal,0,2026-04-29,Business Credit Card,100,1000,2382.12,7536.36,885.88,2026-04-04,1086.95,F,1999-01-27,Orascom,Secondary,101049,,0.0,48,VISA-OLD,,,NORM
1,Cairo Main,2018-05-03,50000,A,LOST,Lost,0,2026-04-19,Cashback Card,100,300,40617.81,8944.79,14695.82,2026-04-13,883.81,M,1984-12-27,Talaat Moustafa Group,Primary,101050,,0.0,97,VISA-OLD,,,LOST
1,Cairo Main,2018-05-03,50000,I,CNCD,Cancelled,0,2026-04-28,World Elite Card,100,300,32570.44,16997.59,1521.33,2026-04-02,1840.29,M,1984-12-27,Talaat Moustafa Group,Primary,101050,,0.0,97,VISA-OLD,,,CNCD
10,Suez,2021-08-13,100000,A,NORM,Normal,0,2026-04-29,Classic Credit Card,0,150,38436.61,61344.27,8351.4,2026-04-08,597.61,M,1991-07-02,El Sewedy Electric,Primary,101051,,0.0,57,,VISA-OLD2,,NORM
7,Luxor,2023-01-07,50000,A,NORM,Normal,0,2026-04-22,Travel Rewards Card,100,150,314.7,49547.06,9351.29,2026-04-09,423.59,F,1964-02-22,Military,Primary,101052,,0.0,40,VISA-OLD,,,NORM
5,Tanta,2019-02-16,200000,I,CNCD,Cancelled,0,2026-04-22,Cashback Card,100,150,136900.72,62826.37,45856.01,2026-04-28,33.3,F,1988-12-11,National Bank of Egypt,Primary,101053,,0.0,87,,,,CNCD
1,Cairo Main,2022-07-11,20000,A,NORM,Normal,0,2026-04-20,Platinum Credit Card,100,500,4551.16,15182.37,4123.97,2026-04-24,1681.37,F,1966-02-10,Self Employed,Primary,101054,,0.0,46,,VISA-OLD2,,NORM
5,Tanta,2019-11-09,75000,I,CLSD,Closed,0,2026-04-24,Titanium Credit Card,200,300,7065.87,67728.85,3657.56,2026-04-01,465.2,F,1998-02-21,El Sewedy Electric,Primary,101055,2026-03-30,0.0,78,,VISA-OLD2,,CLSD
3,Alexandria,2020-09-14,150000,A,30DD,30 Days Delinquent,30,2026-04-22,Gold Credit Card,0,300,-13187.24,136659.86,13944.88,2026-04-10,1606.97,F,1964-02-06,Self Employed,Primary,101056,,70002.83,68,,,,30DD
6,Assiut,2019-02-25,20000,A,NORM,Normal,0,2026-04-21,Cashback Card,200,150,13986.29,5596.16,5859.21,2026-04-29,591.83,M,1999-01-11,El Sewedy Electric,Primary,101057,,0.0,87,,VISA-OLD2,,NORM
4,Mansoura,2023-07-21,20000,A,NEW,New,0,2026-04-25,Cashback Card,100,300,9804.67,10144.47,2762.98,2026-04-08,114.48,M,1987-05-09,Elsewedy Capital,Primary,101058,,0.0,33,,,,NEW
3,Alexandria,2020-04-17,200000,I,CLSC,Closed by Customer,0,2026-04-23,Business Credit Card,500,300,98917.79,101080.72,37223.49,2026-04-08,793.59,F,1964-04-21,Orascom,Primary,101059,2026-04-05,0.0,73,VISA-OLD,,,CLSC
4,Mansoura,2018-03-19,5000,A,NORM,Normal,0,2026-04-30,World Elite Card,200,300,-399.25,4313.62,177.15,2026-04-06,430.77,M,1976-10-07,Juhayna,Primary,101060,,0.0,98,,VISA-OLD2,,NORM
5,Tanta,2023-05-04,150000,I,CLSB,Closed by Bank,0,2026-04-19,Travel Rewards Card,100,300,48624.95,100890.28,14333.11,2026-04-08,265.99,F,1961-11-13,Government,Primary,101061,2026-04-28,0.0,36,,VISA-OLD2,,CLSB
4,Mansoura,2023-01-25,5000,I,CNCD,Cancelled,0,2026-04-20,Platinum Credit Card,200,1000,3312.65,1389.81,213.74,2026-04-30,907.26,F,1998-11-26,El Sewedy Electric,Primary,101062,,0.0,39,MC-OLD,,,CNCD
4,Mansoura,2023-01-25,5000,I,CLSC,Closed by Customer,0,2026-04-30,Cashback Card,200,1000,2599.25,2049.26,560.43,2026-04-30,1530.32,F,1998-11-26,El Sewedy Electric,Primary,101062,2026-04-12,0.0,39,MC-OLD,,,CLSC
6,Assiut,2024-01-15,15000,A,NORM,Normal,0,2026-04-24,Platinum Credit Card,100,150,3924.03,10650.25,3750.1,2026-04-18,82.53,M,1975-10-17,Amazon Egypt,Secondary,101063,,0.0,27,,,,NORM
6,Assiut,2024-01-15,15000,I,CLSC,Closed by Customer,0,2026-04-27,Titanium Credit Card,100,150,9951.34,4600.67,2235.93,2026-04-17,1603.89,M,1975-10-17,Amazon Egypt,Secondary,101063,2026-03-05,0.0,27,,,,CLSC
2,Giza,2022-02-24,20000,I,CLSC,Closed by Customer,0,2026-04-26,Business Credit Card,0,150,-1543.41,18399.78,1915.9,2026-04-12,1644.76,F,1963-10-14,CIB,Secondary,101064,2026-03-27,0.0,50,,,,CLSC
2,Giza,2022-02-24,20000,A,NORM,Normal,0,2026-04-24,Cashback Card,0,150,12711.1,7128.69,2756.9,2026-04-27,1284.14,F,1963-10-14,CIB,Secondary,101064,,0.0,50,,,,NORM
8,Zagazig,2022-04-05,150000,A,60DA,60 Days Delinquent,60,2026-04-25,Travel Rewards Card,100,500,95629.41,54356.15,20537.77,2026-04-30,305.31,M,1975-02-20,Elsewedy Capital,Secondary,101065,,84868.06,49,MC-OLD,VISA-OLD2,,60DA
9,Ismailia,2018-02-02,150000,A,60DA,60 Days Delinquent,60,2026-04-17,Cashback Card,100,1000,66807.62,82888.46,6335.11,2026-04-10,1782.34,M,1981-03-13,Ministry of Health,Secondary,101066,,74864.3,100,MC-OLD,,,60DA
3,Alexandria,2019-09-07,20000,A,NORM,Normal,0,2026-04-19,Travel Rewards Card,500,300,5678.88,14075.35,3668.01,2026-04-22,775.94,M,1991-08-07,Self Employed,Primary,101067,,0.0,80,VISA-OLD,,,NORM
3,Alexandria,2019-09-07,20000,A,NEW,New,0,2026-04-22,Business Credit Card,500,300,2294.62,17612.26,700.54,2026-04-06,1010.7,M,1991-08-07,Self Employed,Primary,101067,,0.0,80,VISA-OLD,,,NEW
3,Alexandria,2019-09-07,20000,A,NORM,Normal,0,2026-04-30,Platinum Credit Card,500,300,11640.28,8078.94,3049.75,2026-04-13,1775.02,M,1991-08-07,Self Employed,Primary,101067,,0.0,80,VISA-OLD,,,NORM
5,Tanta,2019-04-12,15000,A,NORM,Normal,0,2026-04-20,Travel Rewards Card,100,150,6001.02,8682.2,1285.99,2026-04-05,1059.31,M,1974-11-25,Vodafone Egypt,Primary,101068,,0.0,85,,,,NORM
7,Luxor,2020-11-16,30000,A,30DD,30 Days Delinquent,30,2026-04-26,Platinum Credit Card,500,0,10828.14,18986.0,3300.18,2026-04-06,554.08,M,1997-04-13,Government,Primary,101069,,14877.73,66,,VISA-OLD2,,30DD
7,Luxor,2020-11-16,30000,A,NORM,Normal,0,2026-04-20,World Elite Card,500,0,4625.4,25181.64,6132.81,2026-04-03,182.4,M,1997-04-13,Government,Primary,101069,,0.0,66,,VISA-OLD2,,NORM
7,Luxor,2022-11-07,200000,A,NORM,Normal,0,2026-04-21,Titanium Credit Card,200,300,18553.84,181185.47,58521.6,2026-04-24,215.73,M,1961-12-27,Orange Egypt,Secondary,101070,,0.0,42,MC-OLD,,,NORM
9,Ismailia,2019-09-15,200000,A,NEW,New,0,2026-04-29,Travel Rewards Card,100,1000,80914.03,118889.32,15575.26,2026-04-10,547.48,F,1992-04-25,Vodafone Egypt,Primary,101071,,0.0,80,,,,NEW
9,Ismailia,2023-07-23,10000,A,NEW,New,0,2026-04-25,Titanium Credit Card,100,0,4023.67,5733.72,901.73,2026-04-17,1168.38,F,1976-09-28,Microsoft Egypt,Primary,101072,,0.0,33,VISA-OLD,,,NEW
9,Ismailia,2023-07-23,10000,A,30DD,30 Days Delinquent,30,2026-04-17,Business Credit Card,100,0,-187.84,9327.69,201.94,2026-04-13,1705.13,F,1976-09-28,Microsoft Egypt,Primary,101072,,600.21,33,VISA-OLD,,,30DD
6,Assiut,2018-05-22,200000,A,FRAD,Fraud,0,2026-04-18,World Elite Card,0,150,180364.26,19546.21,29187.07,2026-04-12,1937.27,M,1988-02-08,Edita Food Industries,Primary,101073,,0.0,96,MC-OLD,VISA-OLD2,,FRAD
10,Suez,2018-01-07,150000,I,CLSC,Closed by Customer,0,2026-04-17,Travel Rewards Card,0,1000,90110.14,59637.1,23487.07,2026-04-18,1335.24,M,1986-02-15,National Bank of Egypt,Secondary,101074,2026-03-12,0.0,101,,,,CLSC
10,Suez,2018-01-07,150000,A,NORM,Normal,0,2026-05-01,Business Credit Card,0,1000,129796.89,19727.29,14873.0,2026-04-08,1329.36,M,1986-02-15,National Bank of Egypt,Secondary,101074,,0.0,101,,,,NORM
2,Giza,2024-09-06,15000,I,CLSB,Closed by Bank,0,2026-04-29,Titanium Credit Card,0,150,5912.98,8603.07,1815.48,2026-04-26,810.5,F,1972-08-30,Government,Primary,101075,2026-04-15,0.0,20,,VISA-OLD2,,CLSB
2,Giza,2024-09-06,15000,A,90DA,90 Days Delinquent,90,2026-04-20,Cashback Card,0,150,3704.73,11029.63,1430.96,2026-04-27,465.43,F,1972-08-30,Government,Primary,101075,,3939.88,20,,VISA-OLD2,,90DA
2,Giza,2024-09-06,15000,A,NORM,Normal,0,2026-04-27,Business Credit Card,0,150,3115.91,11848.22,3863.94,2026-04-08,1257.25,F,1972-08-30,Government,Primary,101075,,0.0,20,,VISA-OLD2,,NORM
9,Ismailia,2020-12-05,30000,A,NORM,Normal,0,2026-04-18,Business Credit Card,100,0,23515.24,6173.0,4784.82,2026-04-04,1321.86,M,1972-11-02,Orascom,Primary,101076,,0.0,65,VISA-OLD,,,NORM
7,Luxor,2024-04-08,20000,A,NORM,Normal,0,2026-04-18,Gold Credit Card,0,1000,14544.63,4995.01,1520.79,2026-04-04,1615.54,M,1969-07-12,Juhayna,Primary,101077,,0.0,25,,,,NORM
7,Luxor,2024-04-08,20000,A,SUSP,Profit Suspended,120,2026-04-18,Cashback Card,0,1000,152.18,19840.78,2099.62,2026-04-23,926.23,M,1969-07-12,Juhayna,Primary,101077,,9311.91,25,,,,SUSP
1,Cairo Main,2024-08-18,100000,A,NORM,Normal,0,2026-04-26,Business Credit Card,200,500,84226.97,15429.17,11087.76,2026-04-03,367.95,F,1994-08-04,Orascom,Primary,101078,,0.0,20,,VISA-OLD2,,NORM
1,Cairo Main,2023-11-23,100000,A,NORM,Normal,0,2026-04-20,Platinum Credit Card,0,150,67486.36,32382.16,11575.29,2026-04-02,669.7,M,1962-12-12,CIB,Primary,101079,,0.0,29,VISA-OLD,,,NORM
